,PLACEKEY,SAFEGRAPH_BRAND_IDS,BRANDS,SPEND_DATE_RANGE_START,SPEND_DATE_RANGE_END,RAW_TOTAL_SPEND,RAW_NUM_TRANSACTIONS,RAW_NUM_CUSTOMERS,MEDIAN_SPEND_PER_TRANSACTION,MEDIAN_SPEND_PER_CUSTOMER,SPEND_PER_TRANSACTION_PERCENTILES,SPEND_BY_DAY,SPEND_PER_TRANSACTION_BY_DAY,SPEND_BY_DAY_OF_WEEK,DAY_COUNTS,SPEND_PCT_CHANGE_VS_PREV_MONTH,SPEND_PCT_CHANGE_VS_PREV_YEAR,ONLINE_TRANSACTIONS,ONLINE_SPEND,TRANSACTION_INTERMEDIARY,SPEND_BY_TRANSACTION_INTERMEDIARY,BUCKETED_CUSTOMER_FREQUENCY,MEAN_SPEND_PER_CUSTOMER_BY_FREQUENCY,BUCKETED_CUSTOMER_INCOMES,MEAN_SPEND_PER_CUSTOMER_BY_INCOME,CUSTOMER_HOME_CITY,RELATED_CROSS_SHOPPING_PHYSICAL_BRANDS_PCT,RELATED_CROSS_SHOPPING_ONLINE_MERCHANTS_PCT,RELATED_CROSS_SHOPPING_SAME_CATEGORY_BRANDS_PCT,RELATED_CROSS_SHOPPING_LOCAL_BRANDS_PCT,RELATED_WIRELESS_CARRIER_PCT,RELATED_STREAMING_CABLE_PCT,RELATED_DELIVERY_SERVICE_PCT,RELATED_RIDESHARE_SERVICE_PCT,RELATED_BUYNOWPAYLATER_SERVICE_PCT,RELATED_PAYMENT_PLATFORM_PCT
163031,224-222@5sy-bxx-rzf,,,2022-07-01,2022-08-01,1835.98,42,27,30.92,50.44,"{""25"":25.69,""75"":45.33}","[579.44,34.60,28.70,0.00,0.00,0.00,264.76,158.88,105.42,0.00,0.00,0.00,0.00,279.04,35.36,0.00,0.00,0.00,0.00,0.00,0.00,37.44,0.00,0.00,0.00,0.00,108.44,0.00,175.20,0.00,28.70]","[64.08,34.60,28.70,null,null,null,30.92,25.22,52.71,null,null,null,null,25.84,17.68,null,null,null,null,null,null,18.72,null,null,null,null,54.22,null,43.80,null,28.70]","{""Monday"":0.00,""Tuesday"":0.00,""Wednesday"":108.44,""Thursday"":543.80,""Friday"":986.32,""Saturday"":140.02,""Sunday"":57.40}","{""Wednesday"":4,""Monday"":4,""Saturday"":5,""Thursday"":4,""Tuesday"":4,""Friday"":5,""Sunday"":5}",92.0,121.0,0,0.0,"{""No intermediary"":42}","{""No intermediary"":1835.98}","{""1"":12,""2"":15,""3"":0,""4"":0,""5-10"":0,"">10"":0}","{""1"":47.55,""2"":84.36,""3"":null,""4"":null,""5-10"":null,"">10"":null}","{""<25k"":2,""25-45k"":2,""45-60k"":2,""60-75k"":2,""75-100k"":5,""100-150k"":8,"">150k"":4}","{""<25k"":30.89,""25-45k"":36.02,""45-60k"":28.70,""60-75k"":49.92,""75-100k"":73.45,""100-150k"":98.59,"">150k"":69.64}","{""Baltimore, MD"":6,""Parker, ID"":3,""Eglon, WA"":3,""Saint George, UT"":2,""Niceville, FL"":2,""Pittsburgh, PA"":2,""Mesa, AZ"":2,""Cypress, TX"":2,""Cody, WY"":2,""Damascus, OH"":2,""Solana Beach, CA"":2,""Denver, CO"":2,""Etna, ME"":2,""Clifton, ID"":2,""Bakersfield, CA"":2,""Erda, UT"":2,""Englewood, CO"":2,""Huntersville, NC"":2,""Daly City, CA"":2}","{""Walmart"":71,""Albertsons"":49,""Maverik"":49,""McDonald's"":49,""Exxon Mobil"":49,""ConocoPhillips"":45,""Pilot Flying J"":45,""Shell Oil"":41,""Chevron"":38,""Target"":30,""Starbucks"":26,""Love's Travel Stops and Country Stores"":26,""Costco"":26,""Verizon Wireless"":23,""Safeway"":23,""Chick-fil-A"":23,""Walgreens"":23,""Phillips 66"":23,""BP"":19,""King Soopers"":19}","{""Amazon"":41,""Apple"":38,""Spotify"":26,""Netflix"":23,""T-Mobile"":15,""Verizon Wireless"":12,""Chipotle Mexican Grill"":12,""Planet Fitness"":12,""Maverik"":12,""Amazon Digital Services"":12,""Comcast"":12,""Amazon Marketplace"":12,""Walmart"":8,""Lyft"":8,""Target"":8,""Chevron"":8,""Gap"":8,""Uber"":8,""Paramount"":8,""Albertsons"":8}","{""McDonald's"":49,""Starbucks"":26,""Wendy's"":23,""Chick-fil-A"":23,""Chipotle Mexican Grill"":19,""Dairy Queen"":19,""Jack in the Box"":15,""Panera Bread"":15,""In-N-Out Burger"":15,""Subway"":15,""Arby's"":15,""Chili's Grill & Bar"":12,""Dunkin'"":12,""Jimmy John's"":8,""Olive Garden"":8,""Freddy's Frozen Custard"":8,""Taco Bell"":8,""Taco John's"":8,""Krispy Kreme Doughnuts"":8,""Denny's"":8}","{""Walmart"":34,""Albertsons"":15,""McDonald's"":15,""Boot Barn"":12,""Walgreens"":12,""Dairy Queen"":12,""Wendy's"":8,""Holiday Inn"":4,""Maverik"":4,""Arby's"":4}","{""Verizon Wireless"":34,""T-Mobile"":15,""AT&T"":12,""Sprint"":4}","{""Netflix"":23,""Fubo"":8,""Dish Network"":8,""Redbox"":8,""YouTube TV"":4,""Vudu"":4,""Hulu"":4,""Amazon Prime"":4,""Amazon Prime Video"":4}","{""Uber Eats"":4}","{""Lyft"":8,""Uber"":8}","{""Afterpay"":8,""Affirm.com"":4,""Klarna"":4,""Zip Company"":4}","{""PayPal"":8,""Apple Cash"":4}"
163033,zzw-223@5sy-bxt-2c5,SG_BRAND_43bdfa786f5809e475a7382797eae3fd,Super 8,2022-07-01,2022-08-01,2722.87,9,9,233.75,233.75,"{""25"":203.78,""75"":416.89}","[0.00,0.00,0.00,0.00,594.38,198.78,0.00,0.00,0.00,0.00,0.00,220.88,441.86,0.00,0.00,0.00,0.00,233.75,0.00,0.00,0.00,233.75,208.77,0.00,0.00,0.00,0.00,590.70,0.00,0.00,0.00]","[null,null,null,null,594.38,198.78,null,null,null,null,null,220.88,220.93,null,null,null,null,233.75,null,null,null,233.75,208.77,null,null,null,null,590.70,null,null,null]","{""Monday"":233.75,""Tuesday"":815.26,""Wednesday"":640.64,""Thursday"":590.70,""Friday"":233.75,""Saturday"":208.77,""Sunday"":0.00}","{""Wednesday"":4,""Monday"":4,""Saturday"":5,""Thursday"":4,""Tuesday"":4,""Friday"":5,""Sunday"":5}",482.0,-69.0,1,243.08,"{""No intermediary"":9}","{""No intermediary"":2722.87}","{""1"":9,""2"":0,""3"":0,""4"":0,""5-10"":0,"">10"":0}","{""1"":302.54,""2"":null,""3"":null,""4"":null,""5-10"":null,"">10"":null}","{""25-45k"":3,""60-75k"":4,""100-150k"":2,"">150k"":4}","{""25-45k"":468.65,""60-75k"":225.20,""100-150k"":233.75,"">150k"":203.78}","{""Carson City, NV"":2,""Clarksville, TN"":2,""Grovetown, GA"":2,""Cheyenne, WY"":2,""Wapwallopen, PA"":2,""Creswell, OR"":2,""Albany, OR"":2}","{""McDonald's"":78,""ConocoPhillips"":56,""Love's Travel Stops and Country Stores"":56,""Walmart"":45,""Exxon Mobil"":45,""Verizon Wireless"":34,""Chevron"":34,""Taco Bell"":34,""Lowe's"":34,""Dollar General"":34,""Starbucks"":34,""Maverik"":34,""Pilot Flying J"":34,""Spectrum"":34,""Shell Oil"":34,""Advance Auto Parts"":23,""Econo Lodge"":23,""Marco's Pizza"":23,""The Home Depot"":23,""Speedway"":23}","{""Amazon"":56,""Spotify"":45,""Apple"":34,""Netflix"":34,""Walmart"":23,""Lowe's"":23,""eBay"":23,""Amazon Digital Services"":23,""Lyft"":12,""Roku"":12,""Uber"":12,""Olive Garden"":12,""Dutch Bros. Coffee"":12,""Loaf 'N Jug"":12,""Sirius XM"":12,""Albertsons"":12,""Expedia"":12,""Experian"":12,""Youtube"":12,""Hulu"":12}","{""Econo Lodge"":23,""Hampton"":12,""Motel 6"":12,""Days Inn"":12,""Country Inn & Suites By Radisson"":12,""MGM Resorts"":12,""La Quinta Inns & Suites"":12}","{""ConocoPhillips"":23,""McDonald's"":23,""Walmart"":12,""Taco John's"":12,""Boot Barn"":12,""Dairy Queen"":12}","{""Verizon Wireless"":34,""Sprint"":23,""AT&T"":12,""T-Mobile"":12}","{""Netflix"":34,""Peacock"":23,""Roku"":12,""Youtube"":12,""Hulu"":12}",{},"{""Lyft"":12,""Uber"":12}",{},{}
163052,223-222@5sy-bxx-rrk,,,2022-07-01,2022-08-01,6336.99,29,19,198.69,264.18,"{""25"":132.09,""75"":243.09}","[617.16,126.54,816.96,562.77,728.16,375.18,165.39,0.00,0.00,286.38,970.14,219.78,0.00,0.00,0.00,0.00,0.00,0.00,0.00,0.00,210.90,264.18,0.00,0.00,0.00,0.00,0.00,540.57,0.00,452.88,0.00]","[308.58,126.54,198.69,562.77,182.04,375.18,165.39,null,null,143.19,242.54,109.89,null,null,null,null,null,null,null,null,105.45,132.09,null,null,null,null,null,209.79,null,452.88,null]","{""Monday"":1532.91,""Tuesday"":947.94,""Wednesday"":375.18,""Thursday"":916.86,""Friday"":881.34,""Saturday"":579.42,""Sunday"":1103.34}","{""Wednesday"":4,""Monday"":4,""Saturday"":5,""Thursday"":4,""Tuesday"":4,""Friday"":5,""Sunday"":5}",42.0,-33.0,1,562.77,"{""No intermediary"":29}","{""No intermediary"":6336.99}","{""1"":11,""2"":7,""3"":0,""4"":1,""5-10"":0,"">10"":0}","{""1"":267.31,""2"":352.98,""3"":null,""4"":925.74,""5-10"":null,"">10"":null}","{""<25k"":2,""25-45k"":5,""60-75k"":3,""75-100k"":2,""100-150k"":4,"">150k"":5}","{""<25k"":298.59,""25-45k"":277.50,""60-75k"":330.78,""75-100k"":248.09,""100-150k"":268.25,"">150k"":603.10}","{""Dover, DE"":3,""Limestone, OK"":3,""Bozeman, MT"":3,""Sherwood, OR"":2,""Mesa, AZ"":2,""Roseboro, NC"":2,""Harrisville, UT"":2,""Sarasota, FL"":2,""Temecula, CA"":2,""Armbrust, PA"":2,""Nampa, ID"":2,""San Antonio, TX"":2,""Covington, TN"":2,""Cuyahoga Falls, OH"":2,""Santiago, MN"":2,""Chelsea, MI"":2,""Waterville, OH"":2}","{""Walmart"":79,""McDonald's"":69,""ConocoPhillips"":43,""Chevron"":32,""Chick-fil-A"":32,""Target"":27,""The Home Depot"":27,""Circle K"":27,""Maverik"":27,""Dairy Queen"":27,""Shell Oil"":27,""Verizon Wireless"":22,""Casey's General Stores"":22,""BP"":22,""Albertsons"":22,""Domino's Pizza"":22,""Speedway"":22,""7-Eleven"":22,""Dollar General"":22,""Starbucks"":22}","{""Amazon"":74,""Apple"":43,""Netflix"":37,""Hulu"":27,""Amazon Digital Services"":27,""Spotify"":22,""Amazon Marketplace"":22,""Hotels.com"":16,""Billie Inc"":16,""Comcast"":16,""Walmart"":11,""Target"":11,""Verizon Wireless"":11,""Roku"":11,""Instant Ink"":11,""Goodwill"":11,""E-ZPass"":11,""Google Storage"":11,""Sprint"":11,""AT&T"":11}","{""Holiday Inn"":22,""Rodeway Inn"":11,""Hampton"":11,""Embassy Suites Hotels"":6,""Microtel Inn and Suites"":6,""Super 8"":6,""Motel 6"":6,""Residence Inn by Marriott"":6,""DoubleTree by Hilton"":6,""La Quinta Inns & Suites"":6,""Quality Inn"":6}","{""Walmart"":53,""McDonald's"":16,""Taco John's"":11,""Dairy Queen"":11,""SmartStyle Family Hair Salons"":6,""Albertsons"":6,""Domino's Pizza"":6,""Boot Barn"":6,""Maverik"":6,""AutoZone"":6,""Arby's"":6}","{""Verizon Wireless"":32,""Sprint"":11,""AT&T"":11,""T-Mobile"":11,""Disney Mobile"":6}","{""Netflix"":37,""Hulu"":27,""Roku"":11,""HBO Max"":6,""YouTube TV"":6,""Youtube"":6,""Dish Network"":6,""Amazon Prime"":6,""Disney Plus"":6}","{""Dashpass"":6,""DoorDash"":6}",{},{},"{""PayPal"":6,""Apple Cash"":6}"
163071,222-224@5sy-bxt-f75,SG_BRAND_de80593878cb1673c62a7f338dc7e4e1,Subway,2022-07-01,2022-08-01,609.21,31,27,11.84,14.64,"{""25"":8.10,""75"":20.26}","[10.63,19.51,51.90,0.00,210.10,0.00,0.00,0.00,19.50,0.00,19.34,0.00,13.84,7.84,7.86,0.00,0.00,24.30,10.63,0.00,16.87,0.00,0.00,33.64,45.15,32.50,0.00,23.18,0.00,40.52,21.90]","[10.63,19.51,51.90,null,100.75,null,null,null,19.50,null,9.67,null,13.84,7.84,7.86,null,null,8.10,10.63,null,8.43,null,null,16.82,11.84,16.25,null,23.18,null,20.26,21.90]","{""Monday"":88.79,""Tuesday"":253.23,""Wednesday"":13.84,""Thursday"":47.89,""Friday"":18.49,""Saturday"":79.53,""Sunday"":107.44}","{""Wednesday"":4,""Monday"":4,""Saturday"":5,""Thursday"":4,""Tuesday"":4,""Friday"":5,""Sunday"":5}",-63.0,-29.0,0,0.0,"{""No intermediary"":31}","{""No intermediary"":609.21}","{""1"":24,""2"":2,""3"":1,""4"":0,""5-10"":0,"">10"":0}","{""1"":22.25,""2"":14.64,""3"":45.97,""4"":null,""5-10"":null,"">10"":null}","{""<25k"":5,""25-45k"":8,""45-60k"":2,""75-100k"":3,""100-150k"":2,"">150k"":7}","{""<25k"":12.49,""25-45k"":21.69,""45-60k"":14.25,""75-100k"":16.63,""100-150k"":21.90,"">150k"":37.68}","{""Colorado Springs, CO"":3,""Bozeman, MT"":3,""Richmond, KY"":3,""Flagstaff, AZ"":2,""Cody, WY"":2,""Louisville, KY"":2,""The Villages, FL"":2,""Keller, GA"":2,""Appomattox, VA"":2,""Mount Washington, KY"":2,""Henderson, NV"":2,""Aurora, CO"":2,""Acme, WY"":2,""Pantano, AZ"":2,""Ellensburg, WA"":2,""Skagway, AK"":2,""Wake Forest, NC"":2}","{""Walmart"":100,""McDonald's"":63,""Arby's"":49,""Dairy Queen"":45,""Panda Express"":38,""Albertsons"":34,""Wendy's"":34,""Maverik"":34,""ConocoPhillips"":30,""Burger King"":30,""Exxon Mobil"":30,""United States Postal Service (USPS)"":26,""Shell Oil"":26,""Target"":23,""Chevron"":23,""Taco Bell"":23,""Lowe's"":23,""Costco"":23,""Chick-fil-A"":23,""Walgreens"":23}","{""Amazon"":52,""Apple"":45,""Amazon Marketplace"":38,""Walmart"":26,""Amazon Digital Services"":26,""Hulu"":23,""Netflix"":19,""Verizon Wireless"":15,""Sirius XM"":15,""Nintendo"":15,""Maverik"":15,""Spotify"":15,""Taco Bell"":12,""Google"":12,""Papa John's Pizza"":12,""Dutch Bros. Coffee"":8,""Goodwill"":8,""Roblox"":8,""Walgreens"":8,""Costa Vida"":8}","{""McDonald's"":63,""Arby's"":49,""Dairy Queen"":45,""Panda Express"":38,""Wendy's"":34,""Burger King"":30,""Taco Bell"":23,""Chick-fil-A"":23,""Sonic"":19,""Domino's Pizza"":12,""Taco John's"":12,""Whataburger"":12,""Papa John's"":12,""Carl's Jr."":12,""Cold Stone Creamery"":12,""Little Caesars"":8,""Jimmy John's"":8,""Chipotle Mexican Grill"":8,""Olive Garden"":8,""KFC"":8}","{""Walmart"":89,""Wendy's"":26,""Albertsons"":23,""Dairy Queen"":23,""Arby's"":19,""Burger King"":15,""Sierra"":12,""Maverik"":12,""McDonald's"":12,""Tractor Supply Co."":12,""Taco John's"":8,""Walgreens"":8,""AutoZone"":8,""Cellular Plus"":4,""Domino's Pizza"":4,""CARQUEST Auto Parts"":4,""ConocoPhillips"":4,""O'Reilly Auto Parts"":4,""Dollar Tree"":4}","{""Verizon Wireless"":34,""T-Mobile"":12,""AT&T"":8,""Cricket Wireless"":8}","{""Hulu"":23,""Netflix"":19,""Amazon Prime Video"":8,""Funimation"":4,""Peacock"":4,""Amazon Prime"":4}",{},{},"{""Afterpay"":4}","{""Apple Card"":4}"
163093,222-222@5sy-dws-p5f,,,2022-07-01,2022-08-01,179.95,5,3,36.0,72.0,"{""25"":35.98,""75"":36.00}","[0.00,0.00,0.00,0.00,0.00,0.00,0.00,0.00,0.00,0.00,0.00,0.00,0.00,0.00,0.00,0.00,0.00,144.00,0.00,35.95,0.00,0.00,0.00,0.00,0.00,0.00,0.00,0.00,0.00,0.00,0.00]","[null,null,null,null,null,null,null,null,null,null,null,null,null,null,null,null,null,36.00,null,35.95,null,null,null,null,null,null,null,null,null,null,null]","{""Monday"":144.00,""Tuesday"":0.00,""Wednesday"":35.95,""Thursday"":0.00,""Friday"":0.00,""Saturday"":0.00,""Sunday"":0.00}","{""Wednesday"":4,""Monday"":4,""Saturday"":5,""Thursday"":4,""Tuesday"":4,""Friday"":5,""Sunday"":5}",,,0,0.0,"{""No intermediary"":5}","{""No intermediary"":179.95}","{""1"":1,""2"":2,""3"":0,""4"":0,""5-10"":0,"">10"":0}","{""1"":35.95,""2"":72.00,""3"":null,""4"":null,""5-10"":null,"">10"":null}","{""75-100k"":2,""100-150k"":2,"">150k"":2}","{""75-100k"":72.00,""100-150k"":72.00,"">150k"":35.95}","{""Ankeny, IA"":2,""Hagerstown, MD"":2}","{""Target"":100,""Kwik Trip"":100,""ALDI"":100,""Love's Travel Stops and Country Stores"":100,""Sam's Club"":100,""IHOP"":67,""Walmart"":67,""Little Caesars"":67,""Martin's Foods"":67,""Ramada"":67,""Fairfield Inn & Suites by Marriott"":67,""Roy Rogers"":67,""Domino's Pizza"":67,""Taco Bell"":67,""Safeway"":67,""Wendy's"":67,""ConocoPhillips"":67,""Sheetz"":67,""Harley Davidson"":67,""Circle K"":67}","{""Honda"":67,""Verizon Wireless"":67,""Amazon"":67,""Lowe's"":67,""Netflix"":67,""Applebee's"":67,""Spotify"":67,""Best Buy"":67,""MediaCom"":34,""Apple"":34,""PayPal"":34}","{""Ramada"":67,""Fairfield Inn & Suites by Marriott"":67,""Residence Inn by Marriott"":67,""Renaissance Hotels"":67,""Courtyard by Marriott"":67,""Quality Inn"":67}",{},"{""Verizon Wireless"":100}","{""Netflix"":67}",{},{},{},"{""PayPal"":34}"
163123,227-222@5sy-bzg-qzz,,,2022-07-01,2022-08-01,3750.22,49,33,67.6,85.18,"{""25"":35.31,""75"":88.40}","[484.44,48.83,72.75,446.68,733.74,141.29,337.67,0.00,0.00,0.00,135.30,0.00,0.00,0.00,0.00,0.00,0.00,145.50,0.00,114.35,0.00,22.78,0.00,15.55,245.34,0.00,0.00,188.39,540.70,14.56,62.35]","[242.22,48.83,36.38,65.31,67.60,70.65,168.83,null,null,null,33.83,null,null,null,null,null,null,72.75,null,114.35,null,11.39,null,15.55,122.67,null,null,28.03,88.40,14.56,62.35]","{""Monday"":972.82,""Tuesday"":733.74,""Wednesday"":255.64,""Thursday"":526.06,""Friday"":1047.92,""Saturday"":63.39,""Sunday"":150.65}","{""Wednesday"":4,""Monday"":4,""Saturday"":5,""Thursday"":4,""Tuesday"":4,""Friday"":5,""Sunday"":5}",,,0,0.0,"{""No intermediary"":49}","{""No intermediary"":3750.22}","{""1"":19,""2"":13,""3"":0,""4"":1,""5-10"":0,"">10"":0}","{""1"":75.92,""2"":161.53,""3"":null,""4"":207.90,""5-10"":null,"">10"":null}","{""<25k"":5,""25-45k"":3,""45-60k"":2,""75-100k"":5,""100-150k"":3,"">150k"":10}","{""<25k"":133.94,""25-45k"":154.86,""45-60k"":22.78,""75-100k"":51.10,""100-150k"":137.90,"">150k"":123.32}","{""Cody, WY"":4,""Wilmington, NC"":3,""Custer, SD"":3,""Alexandria, VA"":2,""Shorewood, IL"":2,""Key West, FL"":2,""Harvey, MI"":2,""Millbury, MA"":2,""Saint Helens, OR"":2,""Lincoln, NE"":2,""Gilbert, AZ"":2,""Cypress, TX"":2,""Whitefish, MT"":2,""Emmett, ID"":2,""Bryan, TX"":2,""Denver, CO"":2,""Clark, WY"":2,""Boise, ID"":2,""Reidsville, NC"":2,""Bates City, MO"":2,""Kingston, TN"":2,""Bozeman, MT"":2,""Lakewood, WA"":2,""Newark, DE"":2,""Malmstrom Afb, MT"":2,""North Scituate, RI"":2}","{""Walmart"":79,""McDonald's"":58,""Exxon Mobil"":52,""Albertsons"":40,""ConocoPhillips"":34,""Dairy Queen"":31,""Target"":28,""Verizon Wireless"":28,""Walgreens"":28,""CVS"":28,""Shell Oil"":28,""The Home Depot"":25,""PetSmart"":25,""Starbucks"":25,""Maverik"":25,""Jimmy John's"":22,""BP"":22,""Wendy's"":22,""Costco"":22,""Subway"":22}","{""Amazon"":79,""Apple"":58,""Netflix"":43,""Amazon Digital Services"":28,""Hulu"":25,""Audible"":19,""Amazon Marketplace"":19,""Verizon Wireless"":16,""Spotify"":16,""Amazon Prime Video"":16,""Walmart"":13,""Adobe Systems"":13,""AT&T"":13,""Comcast"":13,""Etsy"":10,""Planet Fitness"":10,""Dutch Bros. Coffee"":10,""Chewy"":10,""Goodwill"":10,""New York Times"":10}","{""Academy Sports + Outdoors"":13,""Sierra"":10,""Learning Express Toys"":7,""Dick's Sporting Goods"":7,""Sportsman's Warehouse"":7,""Cabela's"":4,""Scheels"":4,""GameStop"":4,""prAna"":4,""Jo-Ann Fabric and Craft Stores"":4}","{""Walmart"":58,""Albertsons"":28,""Wendy's"":16,""Walgreens"":16,""Maverik"":13,""Dairy Queen"":10,""Boot Barn"":7,""Sierra"":7,""McDonald's"":7,""Tractor Supply Co."":7,""Smoker Friendly"":4,""Domino's Pizza"":4,""Ace Hardware"":4,""Sherwin-Williams"":4,""Pizza Hut"":4}","{""Verizon Wireless"":40,""AT&T"":13,""Sprint"":4,""T-Mobile"":4}","{""Netflix"":43,""Hulu"":25,""Amazon Prime Video"":16,""Sling TV"":7,""YouTube TV"":7,""Peacock"":7,""Disney Plus"":7,""HBO Max"":4,""Fubo"":4,""Time Warner Cable"":4,""Amazon Prime"":4}","{""HelloFresh"":7}","{""Uber"":7}","{""Afterpay"":4,""Klarna"":4}","{""PayPal"":7,""Apple Cash"":7}"
163181,223-222@5sy-bzh-4jv,SG_BRAND_857fcc0687933d1589554945329fe236,Maverik,2022-07-01,2022-08-01,12977.96,406,179,17.67,50.01,"{""25"":7.67,""75"":50.80}","[678.75,76.77,341.25,295.70,672.03,450.17,407.52,598.81,217.09,280.29,513.72,37.61,413.99,435.89,701.49,153.50,114.50,253.41,525.64,506.50,134.55,556.59,133.24,256.33,799.66,382.23,552.23,808.30,976.48,341.87,361.85]","[16.65,13.03,9.97,17.51,10.99,13.44,11.81,23.69,58.14,55.97,13.96,7.77,20.72,46.61,26.17,35.17,50.77,9.15,15.89,16.34,11.82,48.76,27.56,14.68,32.68,17.09,15.07,20.00,24.58,18.45,24.19]","{""Monday"":1862.49,""Tuesday"":1617.51,""Wednesday"":1922.89,""Thursday"":1786.26,""Friday"":3512.12,""Saturday"":922.47,""Sunday"":1354.22}","{""Wednesday"":4,""Monday"":4,""Saturday"":5,""Thursday"":4,""Tuesday"":4,""Friday"":5,""Sunday"":5}",24.0,38.0,14,527.6,"{""No intermediary"":405,""Visa"":1}","{""No intermediary"":12972.27,""Visa"":5.69}","{""1"":106,""2"":32,""3"":15,""4"":10,""5-10"":11,"">10"":5}","{""1"":37.67,""2"":61.12,""3"":76.89,""4"":126.77,""5-10"":224.84,"">10"":426.93}","{""<25k"":13,""25-45k"":29,""45-60k"":16,""60-75k"":7,""75-100k"":15,""100-150k"":26,"">150k"":60}","{""<25k"":68.69,""25-45k"":61.75,""45-60k"":45.74,""60-75k"":36.56,""75-100k"":74.27,""100-150k"":58.82,"">150k"":102.79}","{""Cody, WY"":39,""Clark, WY"":12,""Lovell, WY"":5,""Nampa, ID"":4,""Beavercreek, OH"":3,""Queen Creek, AZ"":3,""Provo, UT"":3,""Pocatello, ID"":3,""Littleton, CO"":3,""Boise, ID"":3,""Cedar City, UT"":3,""Allentown, PA"":3,""Charleston, UT"":3,""Wake Forest, NC"":3,""Los Gatos, CA"":2,""Hauser, ID"":2,""Arlington, VA"":2,""Saint George, UT"":2,""Driggs, ID"":2,""Lake Havasu City, AZ"":2,""Canyon Lake, TX"":2,""Roy, UT"":2,""Sandy, UT"":2,""Chicago, IL"":2,""Kensington, MD"":2,""Bowers, PA"":2,""Troy, MN"":2,""Pekin, NY"":2,""Thermopolis, WY"":2,""Morgan, UT"":2,""Enoch, UT"":2,""Springville, UT"":2,""Montrose, CO"":2,""Mesa, AZ"":2,""Gilbert, AZ"":2,""Devon, KY"":2,""Phoenix, AZ"":2,""Homer, AK"":2,""Meridian, ID"":2,""Appleton, WI"":2,""Avondale, AZ"":2,""Lakewood, CO"":2,""Hyrum, UT"":2,""Basin, WY"":2,""Ogden, UT"":2,""Loveland, CO"":2,""Denver, CO"":2,""Leavenworth, KS"":2,""Genola, UT"":2,""Hollywood, FL"":2,""Thatcher, AZ"":2,""Ammon, ID"":2,""Mcdonald, WA"":2,""Northglenn, CO"":2,""Bellevue, WA"":2,""Martinsburg, WV"":2,""Lagrange, GA"":2,""Rexburg, ID"":2,""Erda, UT"":2,""Carrolls, WA"":2,""Kalispell, MT"":2,""Almy, WY"":2,""Billings, MT"":2,""Cowley, WY"":2,""Ladentown, NY"":2,""Lewiston, ID"":2,""Casper, WY"":2,""Acme, WY"":2,""River Falls, WI"":2,""Camp Pendleton, CA"":2,""Fort Collins, CO"":2,""Chamblee, GA"":2,""Peachtree City, GA"":2,""Idaho Falls, ID"":2,""Star, ID"":2,""Creswell, OR"":2,""Bryans Road, MD"":2,""Worley, ID"":2}","{""Walmart"":78,""McDonald's"":59,""Albertsons"":50,""Exxon Mobil"":35,""Wendy's"":30,""Chevron"":28,""Walgreens"":27,""ConocoPhillips"":27,""Costco"":26,""Dairy Queen"":26,""Verizon Wireless"":25,""Shell Oil"":25,""Subway"":22,""Target"":21,""The Home Depot"":20,""Taco Bell"":19,""Chick-fil-A"":19,""Domino's Pizza"":18,""Ace Hardware"":18,""Taco John's"":17}","{""Maverik"":100,""Amazon"":52,""Apple"":42,""Netflix"":31,""Walmart"":20,""Hulu"":17,""Spotify"":17,""Amazon Digital Services"":16,""Amazon Marketplace"":15,""AT&T"":13,""Verizon Wireless"":11,""Audible"":11,""Sirius XM"":9,""Amazon Prime Video"":8,""Google Storage"":7,""Target"":6,""Adobe Systems"":6,""Google"":6,""The Home Depot"":6,""Comcast"":6}","{""Big D"":4}","{""Walmart"":52,""Albertsons"":41,""McDonald's"":16,""Dairy Queen"":15,""Wendy's"":14,""Walgreens"":14,""Sierra"":9,""Domino's Pizza"":8,""Ace Hardware"":8,""Taco John's"":8,""ConocoPhillips"":7,""Arby's"":7,""Tractor Supply Co."":6,""Subway"":6,""Bomgaars"":4,""Boot Barn"":4,""Burger King"":4,""United States Postal Service (USPS)"":4,""maurices"":3,""Good 2 Go Stores"":3}","{""Verizon Wireless"":35,""AT&T"":16,""T-Mobile"":6,""Straight Talk"":3,""Disney Mobile"":1,""Cricket Wireless"":1,""MetroPCS"":1,""TracFone Wireless"":1,""Sprint"":1}","{""Netflix"":31,""Hulu"":17,""Disney Plus"":8,""Amazon Prime Video"":8,""HBO Max"":3,""YouTube TV"":3,""Youtube"":3,""Dish Network"":3,""DirecTV"":3,""Youtube Premium"":3,""Peacock"":2,""Redbox"":2,""Fubo"":1,""Funimation"":1,""Vudu"":1,""Crunchyroll"":1,""Amazon Prime"":1}","{""Dashpass"":4,""DoorDash"":3,""HelloFresh"":2,""Postmates"":1,""Uber Eats"":1}","{""Uber"":4,""Lyft"":2}","{""Affirm.com"":2,""Sezzle"":1,""Afterpay"":1}","{""Apple Cash"":4,""PayPal"":2,""Apple Card"":2,""Venmo"":2}"
164377,222-222@5sy-bzg-psq,SG_BRAND_63ea689e38887d2a25b1f57a6f86748f,Walgreens,2022-05-01,2022-06-01,4381.06,148,96,20.77,23.89,"{""25"":10.17,""75"":37.82}","[100.20,131.67,62.67,250.84,51.23,267.20,0.64,23.57,110.37,10.86,58.43,552.92,243.01,147.24,0.00,175.19,46.40,164.85,127.37,89.77,80.21,148.44,81.52,171.24,327.78,528.78,88.03,34.52,66.00,53.55,186.56]","[25.05,20.77,20.79,25.26,25.62,28.67,0.64,23.57,8.14,5.43,23.00,38.66,12.99,25.98,null,14.00,17.44,34.26,28.05,14.54,40.11,36.46,20.01,42.23,17.67,88.38,44.02,5.00,66.00,26.78,9.60]","{""Monday"":552.30,""Tuesday"":477.73,""Wednesday"":801.90,""Thursday"":1260.30,""Friday"":688.01,""Saturday"":262.61,""Sunday"":338.21}","{""Wednesday"":4,""Monday"":5,""Saturday"":4,""Thursday"":4,""Tuesday"":5,""Friday"":4,""Sunday"":5}",49.0,38.0,5,307.7,"{""No intermediary"":148}","{""No intermediary"":4381.06}","{""1"":68,""2"":15,""3"":10,""4"":1,""5-10"":2,"">10"":0}","{""1"":31.83,""2"":48.26,""3"":109.17,""4"":100.20,""5-10"":150.56,"">10"":null}","{""<25k"":11,""25-45k"":14,""45-60k"":6,""60-75k"":9,""75-100k"":13,""100-150k"":9,"">150k"":26}","{""<25k"":30.82,""25-45k"":48.43,""45-60k"":42.91,""60-75k"":48.52,""75-100k"":35.46,""100-150k"":69.61,"">150k"":50.92}","{""Cody, WY"":15,""Provo, UT"":6,""Ankeny, IA"":6,""Providence, RI"":4,""South Windsor, CT"":3,""Rochester, NY"":3,""Lilburn, GA"":3,""Hagerstown, MD"":3,""Cobleskill, NY"":3,""Aptakisic, IL"":2,""Anderson, SC"":2,""Eastlake, CO"":2,""Batesville, IN"":2,""San Diego, CA"":2,""Columbus, IN"":2,""Marysvale, UT"":2,""Pittsburgh, PA"":2,""Georgetown, MA"":2,""Vernal, UT"":2,""Bryan, WY"":2,""Mesa, AZ"":2,""Auburn, WA"":2,""Farmville, VA"":2,""Houston, TX"":2,""Benjamin, UT"":2,""Meridian, ID"":2,""Roanoke, VA"":2,""Sterling, VA"":2,""Loveland, CO"":2,""Payson, AZ"":2,""Morgantown, WV"":2,""Littleton, CO"":2,""Dunedin, FL"":2,""Portland, OR"":2,""Allegany, NY"":2,""Kibler, AR"":2,""Haleiwa, HI"":2,""Conroe, TX"":2,""Gainesville, MO"":2,""Clark, WY"":2,""La Crosse, WI"":2,""Cedar City, UT"":2,""Worland, WY"":2,""Grand Junction, CO"":2,""Bakersfield, CA"":2,""Gibraltar, MI"":2,""Chubbuck, ID"":2,""Medford, OR"":2,""Whetstone, AZ"":2,""Erda, UT"":2,""Kennewick, WA"":2,""Nampa, ID"":2,""Billings, MT"":2,""Madison, NJ"":2,""Charleston, WV"":2,""Idaho Falls, ID"":2,""Huckabay, TX"":2,""Boston, MA"":2,""Albuquerque, NM"":2}","{""Walmart"":68,""McDonald's"":46,""Albertsons"":44,""Maverik"":40,""Exxon Mobil"":39,""Target"":28,""Wendy's"":28,""Verizon Wireless"":25,""ConocoPhillips"":25,""Subway"":23,""Starbucks"":22,""Dairy Queen"":21,""The Home Depot"":20,""Arby's"":20,""Chevron"":19,""Ace Hardware"":19,""Shell Oil"":19,""Costco"":18,""Lowe's"":17,""Taco Bell"":16}","{""Amazon"":57,""Apple"":41,""Netflix"":25,""Amazon Digital Services"":20,""Spotify"":15,""Walmart"":14,""Verizon Wireless"":14,""AT&T"":13,""Hulu"":12,""Audible"":12,""Amazon Marketplace"":12,""Etsy"":8,""Google"":8,""Uber"":7,""Sirius XM"":7,""Dish Network"":7,""New York Times"":7,""Anytime Fitness"":6,""Maverik"":6,""T-Mobile"":6}","{""CVS"":9,""ULTA Beauty"":4,""Savers"":3,""Davis Food & Drug"":3,""The Body Shop"":2,""Sephora"":2,""GNC (General Nutrition Centers)"":2,""Ray-Ban"":2,""Bath & Body Works"":2,""Sally Beauty Supply"":2,""Medicap Pharmacy"":2}","{""Walmart"":37,""Albertsons"":35,""McDonald's"":19,""Dairy Queen"":16,""Wendy's"":14,""Maverik"":10,""Arby's"":10,""Sierra"":8,""Ace Hardware"":7,""Tractor Supply Co."":7,""Domino's Pizza"":5,""Taco John's"":5,""ConocoPhillips"":5,""Boot Barn"":5,""O'Reilly Auto Parts"":5,""Papa Murphy's"":4,""Dollar Tree"":4,""Holiday Inn"":3,""AutoZone"":3,""Smoker Friendly"":2}","{""Verizon Wireless"":37,""AT&T"":14,""T-Mobile"":7,""Sprint"":3,""Straight Talk"":2}","{""Netflix"":25,""Disney Plus"":13,""Hulu"":12,""Dish Network"":7,""YouTube TV"":4,""Youtube"":3,""Roku"":2,""HBO Max"":2,""Vudu"":2,""Peacock"":2,""Redbox"":2,""DirecTV"":2,""Youtube Premium"":2}","{""HelloFresh"":4,""Instacart"":3,""Uber Eats"":2}","{""Uber"":7}","{""Klarna"":4,""Afterpay"":3,""Zip Company"":2}","{""Apple Card"":5,""PayPal"":3,""Apple Cash"":3}"
164564,zzw-222@5sy-bxt-fpv,SG_BRAND_6b1e006c89aa3f8b054a05fa90581501,Dollar Tree,2022-05-01,2022-06-01,536.68,29,22,11.55,18.33,"{""25"":6.50,""75"":28.94}","[0.00,0.00,9.10,0.00,13.00,42.12,27.00,0.00,0.00,0.00,3.38,0.00,128.62,13.10,33.00,40.97,7.54,0.00,3.80,29.60,0.00,0.00,7.80,0.00,0.00,28.84,31.62,3.25,9.89,11.55,92.50]","[null,null,9.10,null,6.50,6.50,27.00,null,null,null,3.38,null,29.65,13.10,33.00,20.49,3.77,null,3.80,29.60,null,null,7.80,null,null,14.42,31.62,3.25,9.89,11.55,46.25]","{""Monday"":60.32,""Tuesday"":109.14,""Wednesday"":3.38,""Thursday"":45.64,""Friday"":231.96,""Saturday"":43.35,""Sunday"":42.89}","{""Wednesday"":4,""Monday"":5,""Saturday"":4,""Thursday"":4,""Tuesday"":5,""Friday"":4,""Sunday"":5}",5.0,11.0,0,0.0,"{""No intermediary"":29}","{""No intermediary"":536.68}","{""1"":18,""2"":2,""3"":1,""4"":1,""5-10"":0,"">10"":0}","{""1"":23.15,""2"":24.49,""3"":20.78,""4"":50.18,""5-10"":null,"">10"":null}","{""<25k"":2,""25-45k"":6,""60-75k"":4,""75-100k"":2,""100-150k"":2,"">150k"":2}","{""<25k"":14.39,""25-45k"":21.21,""60-75k"":16.46,""75-100k"":57.10,""100-150k"":7.80,"">150k"":31.58}","{""Lovell, WY"":3,""Cody, WY"":3,""Tacoma, WA"":2,""Irvine, CA"":2,""Thermopolis, WY"":2,""Clearwater, FL"":2,""Tempe, AZ"":2,""Basin, WY"":2,""Clearfield, UT"":2,""Magna, UT"":2,""Conroe, TX"":2,""Clark, WY"":2,""Worland, WY"":2,""Adrian, MI"":2,""Gallup, NM"":2,""Cumming, GA"":2,""Kulpsville, PA"":2}","{""Walmart"":82,""McDonald's"":69,""Albertsons"":55,""Maverik"":41,""Taco Bell"":28,""Wendy's"":28,""Blair's"":28,""Family Dollar Stores"":28,""ConocoPhillips"":23,""Boot Barn"":23,""United States Postal Service (USPS)"":23,""Tractor Supply Co."":23,""Verizon Wireless"":19,""Bomgaars"":19,""Domino's Pizza"":19,""Ace Hardware"":19,""Walgreens"":19,""Pilot Flying J"":19,""Exxon Mobil"":19,""Subway"":19}","{""Apple"":55,""Amazon"":50,""Amazon Digital Services"":41,""Walmart"":28,""Netflix"":28,""Hulu"":14,""Amazon Marketplace"":14,""ADT Security Services"":10,""Sirius XM"":10,""Google"":10,""eBay"":10,""Costco"":10,""ExxonMobil"":10,""JCPenney"":10,""Spotify"":10,""Comcast"":10,""Etsy"":5,""Sling TV"":5,""Bank of America Merchant Services"":5,""Verizon Wireless"":5}","{""Walmart"":87,""Family Dollar Stores"":28,""Costco"":19,""Dollar General"":14,""Target"":10,""Five Below"":10,""Ollie's Bargain Outlet"":5,""FYE"":5}","{""Walmart"":69,""Albertsons"":50,""McDonald's"":28,""Tractor Supply Co."":23,""Boot Barn"":19,""Domino's Pizza"":14,""Wendy's"":14,""Sierra"":14,""Walgreens"":14,""ConocoPhillips"":10,""Ace Hardware"":10,""Maverik"":10,""United States Postal Service (USPS)"":10,""Pizza Hut"":10,""Papa Murphy's"":5,""O'Reilly Auto Parts"":5,""Dairy Queen"":5,""Burger King"":5,""Sherwin-Williams"":5,""AutoZone"":5}","{""Verizon Wireless"":23,""AT&T"":10}","{""Netflix"":28,""Hulu"":14,""Sling TV"":5,""Roku"":5,""YouTube TV"":5,""Dish Network"":5,""Redbox"":5,""Disney Plus"":5,""DirecTV"":5,""Youtube Premium"":5}","{""HelloFresh"":5}","{""Uber"":5}","{""Afterpay"":5,""Klarna"":5}","{""Apple Card"":5}"
164580,223-222@5sy-bzg-gx5,SG_BRAND_981160b245cef646e73a24fb0f042968,Harley Davidson,2022-05-01,2022-06-01,168.38,2,2,84.19,84.19,"{""25"":84.19,""75"":84.19}","[0.00,0.00,0.00,0.00,0.00,0.00,0.00,0.00,0.00,0.00,0.00,0.00,0.00,0.00,0.00,0.00,0.00,168.38,0.00,0.00,0.00,0.00,0.00,0.00,0.00,0.00,0.00,0.00,0.00,0.00,0.00]","[null,null,null,null,null,null,null,null,null,null,null,null,null,null,null,null,null,84.19,null,null,null,null,null,null,null,null,null,null,null,null,null]","{""Monday"":0.00,""Tuesday"":0.00,""Wednesday"":168.38,""Thursday"":0.00,""Friday"":0.00,""Saturday"":0.00,""Sunday"":0.00}","{""Wednesday"":4,""Monday"":5,""Saturday"":4,""Thursday"":4,""Tuesday"":5,""Friday"":4,""Sunday"":5}",,,0,0.0,"{""No intermediary"":2}","{""No intermediary"":168.38}","{""1"":2,""2"":0,""3"":0,""4"":0,""5-10"":0,"">10"":0}","{""1"":84.19,""2"":null,""3"":null,""4"":null,""5-10"":null,"">10"":null}","{""60-75k"":2,"">150k"":2}","{""60-75k"":84.19,"">150k"":84.19}","{""Lisbon, MD"":2}","{""Rita's Italian Ice"":100,""Walmart"":100,""Auntie Anne's"":100,""High's"":100,""Jersey Mike's"":100,""Safeway"":100,""Sheplers"":100,""Apple Retail Store"":100,""Sheetz"":100,""Maverik"":100,""Bed Bath & Beyond"":100,""LabCorp"":100,""Tractor Supply Co."":100,""Dunkin'"":100,""Weis Markets"":50,""T.J. Maxx"":50,""The UPS Store"":50,""7-Eleven"":50,""LEDO Pizza"":50,""Costco"":50}","{""Amazon"":100,""Apple"":100,""T-Mobile"":100,""Anytime Fitness"":50,""Steam"":50,""Youtube"":50,""Crunchyroll"":50,""Hulu"":50,""Spotify"":50,""Disney Plus"":50}",{},"{""Walmart"":100}","{""T-Mobile"":100}","{""Hulu"":50,""Disney Plus"":50,""Crunchyroll"":50,""Youtube"":50}",{},{},{},{}
164658,22b-222@5sy-bzg-qzz,,,2022-05-01,2022-06-01,145.57,2,2,72.79,72.79,"{""25"":55.10,""75"":90.47}","[0.00,0.00,0.00,0.00,0.00,55.10,0.00,0.00,0.00,0.00,0.00,0.00,0.00,0.00,0.00,0.00,0.00,0.00,0.00,0.00,0.00,90.47,0.00,0.00,0.00,0.00,0.00,0.00,0.00,0.00,0.00]","[null,null,null,null,null,55.10,null,null,null,null,null,null,null,null,null,null,null,null,null,null,null,90.47,null,null,null,null,null,null,null,null,null]","{""Monday"":0.00,""Tuesday"":0.00,""Wednesday"":0.00,""Thursday"":0.00,""Friday"":55.10,""Saturday"":0.00,""Sunday"":90.47}","{""Wednesday"":4,""Monday"":5,""Saturday"":4,""Thursday"":4,""Tuesday"":5,""Friday"":4,""Sunday"":5}",-86.0,17.0,0,0.0,"{""No intermediary"":2}","{""No intermediary"":145.57}","{""1"":2,""2"":0,""3"":0,""4"":0,""5-10"":0,"">10"":0}","{""1"":72.79,""2"":null,""3"":null,""4"":null,""5-10"":null,"">10"":null}","{""25-45k"":2,""60-75k"":2}","{""25-45k"":90.47,""60-75k"":55.10}","{""Ballard, UT"":3,""Dixon, CA"":2}","{""Walmart"":100,""BevMo"":50,""Chevron"":50,""Taco Bell"":50,""Starbucks"":50,""Wendy's"":50,""Jack in the Box"":50,""Ace Hardware"":50,""Kohl's"":50,""The Habit Burger Grill"":50,""Microsoft Store"":50,""Stewart's Shops"":50,""Carl's Jr."":50,""Murdoch's Ranch & Home Supply"":50,""McDonald's"":50,""Tractor Supply Co."":50,""Sportsman's Warehouse"":50,""Sam's Club"":50}","{""Steam"":50,""Amazon"":50,""Apple"":50,""Jamba Juice"":50,""Maverik"":50,""McDonald's"":50,""Cold Stone Creamery"":50}",{},{},{},{},{},{},{},{}
164689,226-222@5sy-bzg-c89,,,2022-05-01,2022-06-01,488.51,2,2,244.26,244.26,"{""25"":221.78,""75"":266.73}","[0.00,0.00,0.00,0.00,221.78,0.00,0.00,0.00,0.00,0.00,0.00,0.00,0.00,0.00,0.00,0.00,0.00,0.00,266.73,0.00,0.00,0.00,0.00,0.00,0.00,0.00,0.00,0.00,0.00,0.00,0.00]","[null,null,null,null,221.78,null,null,null,null,null,null,null,null,null,null,null,null,null,266.73,null,null,null,null,null,null,null,null,null,null,null,null]","{""Monday"":0.00,""Tuesday"":0.00,""Wednesday"":0.00,""Thursday"":488.51,""Friday"":0.00,""Saturday"":0.00,""Sunday"":0.00}","{""Wednesday"":4,""Monday"":5,""Saturday"":4,""Thursday"":4,""Tuesday"":5,""Friday"":4,""Sunday"":5}",,74.0,0,0.0,"{""No intermediary"":2}","{""No intermediary"":488.51}","{""1"":2,""2"":0,""3"":0,""4"":0,""5-10"":0,"">10"":0}","{""1"":244.26,""2"":null,""3"":null,""4"":null,""5-10"":null,"">10"":null}","{"">150k"":2}","{"">150k"":244.26}","{""Saint Petersburg, FL"":2,""Whitefish, MT"":2}","{""Walmart"":100,""Target"":100,""Taco Bell"":100,""PetSmart"":100,""Costco"":100,""Dairy Queen"":100,""Petco"":50,""Sonic"":50,""Jimmy John's"":50,""Trader Joe's"":50,""Verizon Wireless"":50,""Chipotle Mexican Grill"":50,""CosmoProf"":50,""Harbor Freight Tools"":50,""Lowe's"":50,""The Home Depot"":50,""Safeway"":50,""BJ's Restaurants"":50,""The UPS Store"":50,""7-Eleven"":50}","{""Walmart"":50,""Target"":50,""Dropbox"":50,""Steam"":50,""Amazon"":50,""YouTube TV"":50,""Sirius XM"":50,""Youtube"":50,""Google"":50,""Netflix"":50,""Facebook"":50,""Ulta Beauty"":50,""Norton AntiVirus"":50,""Hulu"":50,""ParkMobile"":50,""Spotify"":50,""Uber Eats"":50,""Amazon Digital Services"":50,""SunPass Operations"":50,""REI"":50}","{""Renaissance Hotels"":50,""Holiday Inn"":50}","{""Dairy Queen"":50}","{""Verizon Wireless"":50,""TracFone Wireless"":50}","{""YouTube TV"":50,""Hulu"":50,""Youtube"":50,""Netflix"":50}","{""Uber Eats"":50}",{},{},{}
164762,222-222@5sy-bzg-nyv,SG_BRAND_27ee73cd1fb6f5e432852fea401eacce,United States Postal Service (USPS),2022-05-01,2022-06-01,192.82,17,15,10.85,9.85,"{""25"":7.25,""75"":14.44}","[0.00,0.00,23.20,0.00,25.46,0.00,16.10,0.00,0.00,28.88,10.85,1.96,0.00,0.00,0.00,0.00,19.70,0.00,0.00,8.95,0.00,0.00,0.00,4.45,16.11,35.60,1.56,0.00,0.00,0.00,0.00]","[null,null,11.60,null,8.95,null,16.10,null,null,14.44,10.85,1.96,null,null,null,null,9.85,null,null,8.95,null,null,null,4.45,16.11,35.60,1.56,null,null,null,null]","{""Monday"":0.00,""Tuesday"":76.23,""Wednesday"":26.96,""Thursday"":63.02,""Friday"":10.51,""Saturday"":16.10,""Sunday"":0.00}","{""Wednesday"":4,""Monday"":5,""Saturday"":4,""Thursday"":4,""Tuesday"":5,""Friday"":4,""Sunday"":5}",-69.0,58.0,0,0.0,"{""No intermediary"":17}","{""No intermediary"":192.82}","{""1"":13,""2"":2,""3"":0,""4"":0,""5-10"":0,"">10"":0}","{""1"":10.83,""2"":26.04,""3"":null,""4"":null,""5-10"":null,"">10"":null}","{""<25k"":4,""25-45k"":4,""75-100k"":2,""100-150k"":2,"">150k"":7}","{""<25k"":6.70,""25-45k"":7.74,""75-100k"":16.10,""100-150k"":1.96,"">150k"":17.27}","{""Cody, WY"":8,""San Diego, CA"":3,""Rehoboth Beach, DE"":2,""Clark, WY"":2,""Albuquerque, NM"":2,""Louisville, CO"":2}","{""Walmart"":94,""Albertsons"":74,""Bomgaars"":54,""Exxon Mobil"":47,""Maverik"":34,""Domino's Pizza"":27,""Apple Retail Store"":27,""Ace Hardware"":27,""Costco"":27,""Tractor Supply Co."":27,""Wendy's"":20,""ConocoPhillips"":20,""Walgreens"":20,""Dairy Queen"":20,""Blair's"":20,""McDonald's"":20,""Regal Entertainment Group"":20,""Dollar Tree"":20,""Big D"":14,""Chevron"":14}","{""Amazon"":74,""Apple"":47,""Amazon Digital Services"":40,""Walmart"":27,""eBay"":20,""Etsy"":14,""Jimmy John's"":14,""Verizon Wireless"":14,""Chipotle Mexican Grill"":14,""Airbnb"":14,""Sirius XM"":14,""Adobe Systems"":14,""Netflix"":14,""Hulu"":14,""REI"":14,""AT&T"":14,""Disney Plus"":14,""Sam's Club"":14,""Lyft"":7,""Target"":7}",{},"{""Walmart"":87,""Albertsons"":74,""Domino's Pizza"":27,""Tractor Supply Co."":27,""Wendy's"":20,""Ace Hardware"":20,""Dairy Queen"":20,""Taco John's"":14,""ConocoPhillips"":14,""Boot Barn"":14,""Maverik"":14,""Sherwin-Williams"":14,""McDonald's"":14,""Subway"":14,""Dollar Tree"":14,""CARQUEST Auto Parts"":7,""Sierra"":7,""O'Reilly Auto Parts"":7,""Walgreens"":7,""Pizza Hut"":7}","{""AT&T"":20,""Verizon Wireless"":20}","{""Netflix"":14,""Hulu"":14,""Disney Plus"":14,""Dish Network"":7,""Amazon Prime"":7,""Youtube Premium"":7}","{""HelloFresh"":7,""Uber Eats"":7}","{""Lyft"":7,""Uber"":7}",{},{}
164812,222-222@5sy-bzc-qpv,SG_BRAND_739edde2613c107f7930d838af736899,Sherwin-Williams,2022-05-01,2022-06-01,289.96,2,2,144.98,144.98,"{""25"":76.81,""75"":213.15}","[0.00,0.00,0.00,0.00,0.00,0.00,0.00,0.00,0.00,0.00,0.00,0.00,0.00,0.00,0.00,213.15,0.00,0.00,0.00,0.00,0.00,0.00,0.00,0.00,0.00,0.00,76.81,0.00,0.00,0.00,0.00]","[null,null,null,null,null,null,null,null,null,null,null,null,null,null,null,213.15,null,null,null,null,null,null,null,null,null,null,76.81,null,null,null,null]","{""Monday"":213.15,""Tuesday"":0.00,""Wednesday"":0.00,""Thursday"":0.00,""Friday"":76.81,""Saturday"":0.00,""Sunday"":0.00}","{""Wednesday"":4,""Monday"":5,""Saturday"":4,""Thursday"":4,""Tuesday"":5,""Friday"":4,""Sunday"":5}",-4.0,3.0,0,0.0,"{""No intermediary"":2}","{""No intermediary"":289.96}","{""1"":2,""2"":0,""3"":0,""4"":0,""5-10"":0,"">10"":0}","{""1"":144.98,""2"":null,""3"":null,""4"":null,""5-10"":null,"">10"":null}","{"">150k"":2}","{"">150k"":144.98}","{""Cody, WY"":2}","{""Walmart"":100,""Albertsons"":100,""Bomgaars"":100,""Maverik"":100,""United States Postal Service (USPS)"":100,""Lowe's"":50,""The Home Depot"":50,""Apple Retail Store"":50,""Wendy's"":50,""ConocoPhillips"":50,""Ace Hardware"":50,""Sheetz"":50,""Boot Barn"":50,""Costco"":50,""Microsoft Store"":50,""Spectrum"":50,""Blair's"":50,""McDonald's"":50,""Tractor Supply Co."":50,""Regal Entertainment Group"":50}","{""Amazon"":100,""Apple"":100,""Lyft"":50,""Uber"":50,""CenturyLink"":50,""Chewy"":50,""Adobe Systems"":50,""Dish Network"":50,""Compassion International"":50,""OnStar"":50,""Uber Eats"":50,""Amazon Digital Services"":50,""AT&T"":50}","{""Tractor Supply Co."":50,""Ace Hardware"":50,""Lowe's"":50,""The Home Depot"":50}","{""Walmart"":100,""Albertsons"":100,""United States Postal Service (USPS)"":100,""Wendy's"":50,""ConocoPhillips"":50,""Ace Hardware"":50,""Boot Barn"":50,""Maverik"":50,""McDonald's"":50,""Tractor Supply Co."":50,""Dollar Tree"":50}","{""AT&T"":50}","{""Dish Network"":50}","{""Uber Eats"":50}","{""Lyft"":50,""Uber"":50}",{},{}
164816,zzw-222@5sy-f3z-ch5,,,2022-05-01,2022-06-01,1049.45,4,2,179.24,524.73,"{""25"":30.15,""75"":577.71}","[0.00,0.00,0.00,0.00,0.00,0.00,0.00,0.00,0.00,0.00,0.00,0.00,0.00,0.00,0.00,0.00,0.00,0.00,0.00,0.00,0.00,0.00,0.00,803.57,0.00,243.88,2.00,0.00,0.00,0.00,0.00]","[null,null,null,null,null,null,null,null,null,null,null,null,null,null,null,null,null,null,null,null,null,null,null,401.78,null,243.88,2.00,null,null,null,null]","{""Monday"":0.00,""Tuesday"":803.57,""Wednesday"":0.00,""Thursday"":243.88,""Friday"":2.00,""Saturday"":0.00,""Sunday"":0.00}","{""Wednesday"":4,""Monday"":5,""Saturday"":4,""Thursday"":4,""Tuesday"":5,""Friday"":4,""Sunday"":5}",,,0,0.0,"{""Square"":3,""No intermediary"":1}","{""Square"":1047.45,""No intermediary"":2.00}","{""1"":1,""2"":0,""3"":1,""4"":0,""5-10"":0,"">10"":0}","{""1"":2.00,""2"":null,""3"":1047.45,""4"":null,""5-10"":null,"">10"":null}","{""45-60k"":2,"">150k"":2}","{""45-60k"":2.00,"">150k"":1047.45}","{""Clark, WY"":3,""Litchfield Park, AZ"":2}","{""Walmart"":100,""Sonic"":50,""Target"":50,""Verizon Wireless"":50,""CenturyLink"":50,""Barnes and Noble"":50,""Albertsons"":50,""Taco John's"":50,""Safeway"":50,""Hertz"":50,""Wendy's"":50,""Ace Hardware"":50,""Leslie's Swimming Pool Supplies"":50,""Maverik"":50,""Dutch Bros Coffee"":50,""Chick-fil-A"":50,""99 Cents Only Stores"":50,""Walgreens"":50,""Dairy Queen"":50,""Blair's"":50}","{""Amazon"":100,""Hulu"":100,""Target"":50,""Chipotle Mexican Grill"":50,""Athleta"":50,""Macy's"":50,""Apple"":50,""Google"":50,""Pandora"":50,""ExxonMobil"":50,""Papa John's Pizza"":50,""The Human Bean"":50,""Sam's Club"":50,""T-Mobile"":50}",{},"{""Walmart"":100,""Albertsons"":50,""Taco John's"":50,""Wendy's"":50,""Maverik"":50,""Dairy Queen"":50,""McDonald's"":50,""Good 2 Go Stores"":50}","{""T-Mobile"":50,""Verizon Wireless"":50}","{""Hulu"":100}",{},{},{},{}
164829,zzw-225@5sy-bxw-3kf,SG_BRAND_0042ddcf1dfda78309cac2609a8e56e0,Ace Hardware,2022-05-01,2022-06-01,3652.33,65,36,28.07,49.64,"{""25"":14.45,""75"":54.89}","[79.62,48.37,70.94,55.60,180.95,131.18,124.09,0.00,829.42,428.98,0.00,0.00,33.01,138.36,69.23,34.64,370.55,28.68,25.42,110.46,35.38,0.00,360.69,92.49,55.10,0.00,65.81,46.35,93.74,12.59,130.68]","[39.81,24.19,70.94,27.80,90.48,15.59,124.09,null,54.36,55.47,null,null,7.89,26.34,34.61,17.32,370.55,14.34,7.30,23.86,35.38,null,28.07,19.61,55.10,null,32.91,23.18,93.74,12.59,38.99]","{""Monday"":1285.71,""Tuesday"":1093.64,""Wednesday"":139.38,""Thursday"":206.37,""Friday"":340.46,""Saturday"":344.18,""Sunday"":242.59}","{""Wednesday"":4,""Monday"":5,""Saturday"":4,""Thursday"":4,""Tuesday"":5,""Friday"":4,""Sunday"":5}",200.0,-34.0,1,23.86,"{""No intermediary"":65}","{""No intermediary"":3652.33}","{""1"":22,""2"":8,""3"":4,""4"":1,""5-10"":0,"">10"":1}","{""1"":83.42,""2"":73.90,""3"":87.63,""4"":94.81,""5-10"":null,"">10"":780.52}","{""<25k"":2,""25-45k"":5,""60-75k"":3,""75-100k"":4,""100-150k"":8,"">150k"":12}","{""<25k"":50.41,""25-45k"":61.83,""60-75k"":284.77,""75-100k"":48.85,""100-150k"":38.17,"">150k"":144.12}","{""Cody, WY"":14,""Medford, OR"":8,""Ballard, UT"":3,""Bloomfield Hills, MI"":3,""Lovell, WY"":2,""San Diego, CA"":2,""Tampa, FL"":2,""Cortland, NY"":2,""Bakersfield, CA"":2,""Kailua, HI"":2,""Erda, UT"":2,""Scottsdale, AZ"":2,""Encampment, WY"":2,""Louisville, CO"":2}","{""Walmart"":87,""Albertsons"":67,""Exxon Mobil"":64,""McDonald's"":45,""Maverik"":39,""Tractor Supply Co."":34,""Bomgaars"":31,""Costco"":31,""Verizon Wireless"":28,""ConocoPhillips"":28,""Walgreens"":28,""Dairy Queen"":28,""Domino's Pizza"":23,""The Home Depot"":23,""Wendy's"":23,""Lowe's"":20,""Shell Oil"":17,""Subway"":17,""Scheels"":14,""The UPS Store"":14}","{""Amazon"":64,""Apple"":48,""Netflix"":39,""Amazon Digital Services"":37,""Amazon Marketplace"":28,""Verizon Wireless"":25,""Walmart"":23,""Chewy"":17,""Hulu"":14,""YouTube TV"":12,""AT&T"":12,""Target"":9,""Uber"":9,""Airbnb"":9,""Apple Card"":9,""Kohl's"":9,""Maverik"":9,""Spotify"":9,""Microsoft Ultimate"":9,""Charter Communications"":9}","{""Tractor Supply Co."":37,""The Home Depot"":23,""Lowe's"":20,""Harbor Freight Tools"":3,""Sherwin-Williams"":3,""Menard's"":3}","{""Walmart"":84,""Albertsons"":67,""McDonald's"":34,""Dairy Queen"":28,""Maverik"":25,""Tractor Supply Co."":25,""Wendy's"":20,""Walgreens"":17,""Taco John's"":12,""Sierra"":12,""AutoZone"":12,""Domino's Pizza"":9,""ConocoPhillips"":9,""O'Reilly Auto Parts"":9,""United States Postal Service (USPS)"":9,""CARQUEST Auto Parts"":6,""The UPS Store"":6,""Pizza Hut"":6,""Good 2 Go Stores"":6,""Subway"":6}","{""Verizon Wireless"":53,""AT&T"":14,""T-Mobile"":6}","{""Netflix"":39,""Hulu"":14,""YouTube TV"":12,""Youtube"":6,""Funimation"":6,""Dish Network"":6,""Peacock"":6,""Youtube Premium"":6,""Redbox"":3,""Disney Plus"":3}","{""Uber Eats"":6,""HelloFresh"":3}","{""Uber"":9,""Lyft"":6}",{},"{""Apple Card"":9,""PayPal"":6}"
164886,22k-222@5sy-bzg-qzz,,,2022-05-01,2022-06-01,110.11,2,2,55.06,55.06,"{""25"":43.66,""75"":66.45}","[0.00,0.00,0.00,0.00,0.00,0.00,0.00,0.00,0.00,0.00,0.00,0.00,0.00,0.00,0.00,43.66,0.00,0.00,0.00,0.00,0.00,0.00,0.00,0.00,0.00,66.45,0.00,0.00,0.00,0.00,0.00]","[null,null,null,null,null,null,null,null,null,null,null,null,null,null,null,43.66,null,null,null,null,null,null,null,null,null,66.45,null,null,null,null,null]","{""Monday"":43.66,""Tuesday"":0.00,""Wednesday"":0.00,""Thursday"":66.45,""Friday"":0.00,""Saturday"":0.00,""Sunday"":0.00}","{""Wednesday"":4,""Monday"":5,""Saturday"":4,""Thursday"":4,""Tuesday"":5,""Friday"":4,""Sunday"":5}",,-34.0,0,0.0,"{""No intermediary"":2}","{""No intermediary"":110.11}","{""1"":2,""2"":0,""3"":0,""4"":0,""5-10"":0,"">10"":0}","{""1"":55.06,""2"":null,""3"":null,""4"":null,""5-10"":null,"">10"":null}","{""25-45k"":3,""100-150k"":2}","{""25-45k"":43.66,""100-150k"":66.45}","{""Mount Airy, MD"":3,""Racine, WI"":2}","{""Walmart"":100,""Target"":50,""Kwik Trip"":50,""High's"":50,""Jersey Mike's"":50,""ALDI"":50,""Pick 'n Save"":50,""Safeway"":50,""The UPS Store"":50,""Dollar General"":50,""Aramark Uniform & Career Apparel"":50,""Chick-fil-A"":50,""The Great American Bagel"":50,""DoubleTree by Hilton"":50,""United States Postal Service (USPS)"":50,""Spectrum"":50,""Bob's Big Boy"":50,""A&W Restaurants"":50,""Food Lion"":50,""CITGO"":50}","{""Amazon"":100,""Target"":50,""Planet Fitness"":50,""U.S. Cellular"":50,""Netflix"":50,""Five Guys"":50,""TJX Companies"":50,""Hulu"":50,""Spotify"":50,""Amazon Digital Services"":50,""Subway"":50}",{},{},"{""U.S. Cellular"":50}","{""Hulu"":50,""Netflix"":50}",{},{},{},{}
164933,zzw-223@5sy-bxt-2c5,SG_BRAND_43bdfa786f5809e475a7382797eae3fd,Super 8,2022-05-01,2022-06-01,918.41,6,5,148.83,148.83,"{""25"":147.70,""75"":156.32}","[0.00,0.00,0.00,0.00,0.00,0.00,0.00,0.00,0.00,0.00,0.00,0.00,0.00,144.29,0.00,0.00,0.00,0.00,0.00,0.00,148.83,0.00,0.00,0.00,0.00,0.00,148.83,0.00,0.00,0.00,476.46]","[null,null,null,null,null,null,null,null,null,null,null,null,null,144.29,null,null,null,null,null,null,148.83,null,null,null,null,null,148.83,null,null,null,148.83]","{""Monday"":0.00,""Tuesday"":476.46,""Wednesday"":0.00,""Thursday"":0.00,""Friday"":148.83,""Saturday"":293.12,""Sunday"":0.00}","{""Wednesday"":4,""Monday"":5,""Saturday"":4,""Thursday"":4,""Tuesday"":5,""Friday"":4,""Sunday"":5}",,-47.0,1,144.29,"{""No intermediary"":6}","{""No intermediary"":918.41}","{""1"":4,""2"":1,""3"":0,""4"":0,""5-10"":0,"">10"":0}","{""1"":155.19,""2"":297.66,""3"":null,""4"":null,""5-10"":null,"">10"":null}","{""45-60k"":2,""75-100k"":2,"">150k"":2}","{""45-60k"":223.25,""75-100k"":178.80,"">150k"":146.56}","{""Mount Prospect, IL"":2,""Venice, FL"":2,""Jacksonville, FL"":2,""Bend, OR"":2}","{""Walmart"":100,""Shell Oil"":80,""Safeway"":60,""McDonald's"":60,""WinCo Foods"":40,""T.J. Maxx"":40,""The Home Depot"":40,""Winn Dixie"":40,""ConocoPhillips"":40,""Maverik"":40,""Pilot Flying J"":40,""Imo's Pizza"":20,""ULTA Beauty"":20,""Golden Corral"":20,""Chipotle Mexican Grill"":20,""Kwik Trip"":20,""Chevron"":20,""Common Cents"":20,""Casey's General Stores"":20,""Olive Garden"":20}","{""Netflix"":60,""Comcast"":60,""Amazon"":40,""Etsy"":20,""Verizon Wireless"":20,""Nayax"":20,""King"":20,""Uber"":20,""Apple"":20,""Tropical Smoothie Cafe"":20,""ConocoPhillips"":20,""Google"":20,""Chick-fil-A"":20,""Norton AntiVirus"":20,""Hulu"":20,""Uber Eats"":20,""Amazon Digital Services"":20,""REI"":20,""Audible"":20,""iTunes"":20}","{""La Quinta Inns & Suites"":20,""Motel 6"":20,""Travelodge"":20}",{},"{""AT&T"":20,""T-Mobile"":20,""Verizon Wireless"":20}","{""Netflix"":60,""Hulu"":20}","{""Uber Eats"":20}","{""Uber"":20}",{},{}
165122,223-223@5sy-bxt-3kf,SG_BRAND_87681bc51c663efbbf7272e0f1262e9b,AutoZone,2022-05-01,2022-06-01,1333.53,17,15,41.59,41.59,"{""25"":19.61,""75"":99.71}","[0.00,0.00,342.16,0.00,0.00,62.30,0.00,0.00,0.00,54.58,83.18,57.42,0.00,0.00,0.00,0.00,95.44,253.95,0.00,0.00,0.00,0.00,0.00,0.00,6.23,5.61,0.00,34.60,229.62,108.44,0.00]","[null,null,342.16,null,null,62.30,null,null,null,54.58,41.59,28.71,null,null,null,null,95.44,253.95,null,null,null,null,null,null,6.23,5.61,null,34.60,81.08,54.22,null]","{""Monday"":108.44,""Tuesday"":492.18,""Wednesday"":343.36,""Thursday"":63.03,""Friday"":62.30,""Saturday"":34.60,""Sunday"":229.62}","{""Wednesday"":4,""Monday"":5,""Saturday"":4,""Thursday"":4,""Tuesday"":5,""Friday"":4,""Sunday"":5}",1177.0,5.0,1,4.46,"{""No intermediary"":17}","{""No intermediary"":1333.53}","{""1"":14,""2"":0,""3"":1,""4"":0,""5-10"":0,"">10"":0}","{""1"":71.25,""2"":null,""3"":336.02,""4"":null,""5-10"":null,"">10"":null}","{""<25k"":2,""25-45k"":2,""45-60k"":2,""60-75k"":2,""75-100k"":3,""100-150k"":4,"">150k"":3}","{""<25k"":27.27,""25-45k"":8.78,""45-60k"":158.13,""60-75k"":342.16,""75-100k"":208.55,""100-150k"":34.83,"">150k"":19.53}","{""Medford, OR"":4,""Jackson, WY"":4,""Cody, WY"":3,""Eagle Mountain, UT"":3,""Eastlake, CO"":2,""Irvine, CA"":2,""Tampa, FL"":2,""Bakersfield, CA"":2,""Newbury Park, CA"":2,""Logan, UT"":2}","{""Walmart"":80,""Albertsons"":74,""McDonald's"":54,""Maverik"":47,""Walgreens"":47,""Exxon Mobil"":47,""ConocoPhillips"":40,""Ace Hardware"":40,""O'Reilly Auto Parts"":40,""Costco"":40,""Dairy Queen"":40,""Verizon Wireless"":34,""Bomgaars"":34,""Sierra"":34,""Tractor Supply Co."":34,""Dollar Tree"":34,""Olive Garden"":27,""Starbucks"":27,""Wendy's"":27,""United States Postal Service (USPS)"":27}","{""Amazon"":47,""Netflix"":34,""Apple"":27,""Amazon Digital Services"":27,""Walmart"":20,""Kohl's"":20,""Hulu"":20,""Spotify"":20,""Amazon Marketplace"":20,""Target"":14,""Verizon Wireless"":14,""Planet Fitness"":14,""Dutch Bros. Coffee"":14,""Funimation"":14,""Jamba Juice"":14,""Rite Aid"":14,""Microsoft Ultimate"":14,""AT&T"":14,""Anytime Fitness"":7,""Dollar Shave Club"":7}","{""O'Reilly Auto Parts"":40,""CARQUEST Auto Parts"":14}","{""Albertsons"":60,""Walmart"":54,""Dairy Queen"":40,""O'Reilly Auto Parts"":34,""Ace Hardware"":27,""Tractor Supply Co."":20,""Arby's"":20,""Domino's Pizza"":14,""CARQUEST Auto Parts"":14,""Sierra"":14,""Maverik"":14,""Walgreens"":14,""McDonald's"":14,""Pizza Hut"":14,""Good 2 Go Stores"":14,""Taco John's"":7,""Davi Nails"":7,""Wendy's"":7,""Boot Barn"":7,""United States Postal Service (USPS)"":7}","{""Verizon Wireless"":47,""AT&T"":14,""T-Mobile"":14}","{""Netflix"":34,""Hulu"":20,""Funimation"":14,""YouTube TV"":7,""Youtube"":7,""Dish Network"":7,""DirecTV"":7}",{},"{""Uber"":7}",{},"{""Apple Card"":7}"
165189,228-222@5sy-bzg-pjv,,,2022-05-01,2022-06-01,1721.59,58,37,20.25,31.55,"{""25"":12.63,""75"":43.06}","[17.00,29.25,20.50,34.02,16.00,144.02,73.72,210.30,44.00,31.55,0.00,5.50,131.98,146.94,24.25,23.50,94.54,23.00,0.00,60.00,60.00,18.00,18.47,0.00,13.50,59.51,98.00,97.55,0.00,0.00,226.49]","[17.00,29.25,20.50,34.02,16.00,17.13,16.11,52.53,44.00,31.55,null,5.50,20.00,41.85,24.25,11.75,47.27,11.50,null,60.00,6.00,18.00,18.47,null,6.75,59.51,16.00,19.00,null,null,31.85]","{""Monday"":115.22,""Tuesday"":373.08,""Wednesday"":70.52,""Thursday"":81.01,""Friday"":434.00,""Saturday"":378.21,""Sunday"":269.55}","{""Wednesday"":4,""Monday"":5,""Saturday"":4,""Thursday"":4,""Tuesday"":5,""Friday"":4,""Sunday"":5}",110.0,-16.0,11,287.76,"{""No intermediary"":58}","{""No intermediary"":1721.59}","{""1"":28,""2"":7,""3"":0,""4"":0,""5-10"":1,"">10"":1}","{""1"":33.32,""2"":53.18,""3"":null,""4"":null,""5-10"":90.25,"">10"":326.10}","{""<25k"":2,""25-45k"":11,""45-60k"":2,""60-75k"":2,""75-100k"":3,""100-150k"":5,"">150k"":10}","{""<25k"":20.67,""25-45k"":36.89,""45-60k"":37.23,""60-75k"":175.18,""75-100k"":43.03,""100-150k"":31.39,"">150k"":53.03}","{""West Chester, PA"":4,""Billings, MT"":4,""Pittsburgh, PA"":3,""Vernal, UT"":3,""Cody, WY"":3,""Arlington, VA"":2,""Lake Oswego, OR"":2,""Stevensville, MD"":2,""West Mifflin, PA"":2,""Hagerstown, MD"":2,""Cypress, TX"":2,""Pueblo, CO"":2,""Basin, WY"":2,""Littleton, CO"":2,""Keller, TX"":2,""Rehoboth Beach, DE"":2,""Clark, WY"":2,""Boise, ID"":2,""Swannanoa, NC"":2,""Post, OR"":2,""Greer, SC"":2,""Venice, FL"":2,""Belleville, IL"":2,""Scotts Mills, OR"":2,""Luther, MT"":2,""Shawsville, MD"":2,""Frederick, MD"":2}","{""Walmart"":60,""Maverik"":49,""Exxon Mobil"":49,""Albertsons"":44,""McDonald's"":41,""Shell Oil"":38,""ConocoPhillips"":33,""Safeway"":28,""Walgreens"":28,""Taco Bell"":25,""Subway"":25,""Arby's"":22,""Starbucks"":19,""Wawa"":19,""Love's Travel Stops and Country Stores"":19,""Target"":17,""Casey's General Stores"":17,""BP"":17,""Holiday Station"":17,""Wendy's"":17}","{""Amazon"":52,""Apple"":38,""Netflix"":36,""Spotify"":36,""Sirius XM"":22,""Amazon Marketplace"":22,""Verizon Wireless"":17,""Patreon"":17,""Amazon Digital Services"":17,""Lyft"":14,""Uber"":14,""AT&T"":14,""TouchTunes"":11,""Audible"":11,""Comcast"":11,""Etsy"":9,""Apple Card"":9,""U-Haul"":9,""Amazon Kindle"":9,""Target"":6}",{},"{""Walmart"":38,""Maverik"":36,""Albertsons"":33,""ConocoPhillips"":17,""Wendy's"":11,""Arby's"":11,""Ace Hardware"":9,""Walgreens"":9,""McDonald's"":9,""Tractor Supply Co."":9,""Smoker Friendly"":6,""Domino's Pizza"":6,""Papa Murphy's"":3,""The UPS Store"":3,""Super 8"":3,""Dairy Queen"":3,""United States Postal Service (USPS)"":3}","{""Verizon Wireless"":25,""AT&T"":14,""Straight Talk"":6,""T-Mobile"":6,""Disney Mobile"":3}","{""Netflix"":36,""Hulu"":6,""HBO Max"":3,""YouTube TV"":3,""Youtube"":3,""Dish Network"":3,""Redbox"":3,""Disney Plus"":3}","{""Uber Eats"":6,""HelloFresh"":3,""DoorDash"":3}","{""Lyft"":14,""Uber"":14}",{},"{""Apple Card"":9}"
165207,22g-222@5sy-bzg-pn5,SG_BRAND_d100d4d8528c773aac249aa76b9eed07,The UPS Store,2022-05-01,2022-06-01,1277.63,20,19,22.33,22.61,"{""25"":16.06,""75"":59.28}","[0.00,14.56,67.79,44.08,22.61,16.28,0.00,0.00,0.00,72.96,77.65,0.00,61.68,0.00,0.00,52.09,546.96,0.00,177.21,28.60,0.00,0.00,95.16,0.00,0.00,0.00,0.00,0.00,0.00,0.00,0.00]","[null,14.56,18.65,22.04,22.61,16.28,null,null,null,72.96,77.65,null,61.68,null,null,52.09,546.96,null,177.21,28.60,null,null,15.98,null,null,null,null,null,null,null,null]","{""Monday"":161.81,""Tuesday"":687.71,""Wednesday"":121.73,""Thursday"":199.82,""Friday"":106.56,""Saturday"":0.00,""Sunday"":0.00}","{""Wednesday"":4,""Monday"":5,""Saturday"":4,""Thursday"":4,""Tuesday"":5,""Friday"":4,""Sunday"":5}",101.0,204.0,0,0.0,"{""No intermediary"":20}","{""No intermediary"":1277.63}","{""1"":18,""2"":1,""3"":0,""4"":0,""5-10"":0,"">10"":0}","{""1"":69.73,""2"":22.56,""3"":null,""4"":null,""5-10"":null,"">10"":null}","{""25-45k"":3,""45-60k"":4,""60-75k"":2,""75-100k"":6,""100-150k"":2,"">150k"":3}","{""25-45k"":155.95,""45-60k"":46.97,""60-75k"":17.72,""75-100k"":44.47,""100-150k"":90.74,"">150k"":18.89}","{""Cody, WY"":8,""Medford, OR"":6,""Titusville, FL"":4,""Raleigh, NC"":2,""Cora, WY"":2,""Sandy, UT"":2,""Troy, MI"":2,""Cedar Lake, IN"":2}","{""Walmart"":79,""Albertsons"":64,""Maverik"":53,""ConocoPhillips"":48,""Walgreens"":48,""McDonald's"":48,""Wendy's"":43,""Exxon Mobil"":43,""Ace Hardware"":37,""Love's Travel Stops and Country Stores"":32,""Target"":27,""Bomgaars"":27,""Domino's Pizza"":27,""The Home Depot"":27,""Dollar Tree"":27,""WinCo Foods"":22,""Chick-fil-A"":22,""JCPenney"":22,""Pilot Flying J"":22,""Shell Oil"":22}","{""Amazon"":74,""Apple"":37,""Amazon Marketplace"":37,""Netflix"":32,""Audible"":27,""Walmart"":22,""Spotify"":22,""Amazon Digital Services"":22,""Etsy"":16,""Hulu"":16,""Anytime Fitness"":11,""Lyft"":11,""Target"":11,""Verizon Wireless"":11,""Chipotle Mexican Grill"":11,""Nayax"":11,""Planet Fitness"":11,""Chewy"":11,""Airbnb"":11,""Sirius XM"":11}",{},"{""Albertsons"":53,""Walmart"":48,""McDonald's"":16,""Domino's Pizza"":11,""ConocoPhillips"":11,""Ace Hardware"":11,""Avis Rent A Car"":11,""Dairy Queen"":11,""Arby's"":11,""Wendy's"":6,""Maverik"":6,""Walgreens"":6}","{""AT&T"":27,""Verizon Wireless"":22}","{""Netflix"":32,""Hulu"":16,""Disney Plus"":6,""Fubo"":6}","{""DoorDash"":6}","{""Lyft"":11}","{""Afterpay"":6}",{}
165233,223-222@5sy-bxx-rrk,,,2022-05-01,2022-06-01,1233.1,9,6,132.09,204.19,"{""25"":115.44,""75"":149.24}","[0.00,0.00,0.00,0.00,0.00,0.00,0.00,0.00,0.00,98.79,0.00,0.00,0.00,0.00,0.00,0.00,0.00,120.99,166.39,0.00,0.00,120.99,0.00,0.00,219.78,0.00,109.89,0.00,132.09,0.00,264.18]","[null,null,null,null,null,null,null,null,null,98.79,null,null,null,null,null,null,null,120.99,166.39,null,null,120.99,null,null,219.78,null,109.89,null,132.09,null,132.09]","{""Monday"":0.00,""Tuesday"":362.97,""Wednesday"":340.77,""Thursday"":166.39,""Friday"":109.89,""Saturday"":0.00,""Sunday"":253.08}","{""Wednesday"":4,""Monday"":5,""Saturday"":4,""Thursday"":4,""Tuesday"":5,""Friday"":4,""Sunday"":5}",,-8.0,0,0.0,"{""No intermediary"":9}","{""No intermediary"":1233.10}","{""1"":3,""2"":3,""3"":0,""4"":0,""5-10"":0,"">10"":0}","{""1"":132.42,""2"":278.61,""3"":null,""4"":null,""5-10"":null,"">10"":null}","{""25-45k"":2,""60-75k"":2,""100-150k"":2,"">150k"":2}","{""25-45k"":329.67,""60-75k"":132.09,""100-150k"":132.59,"">150k"":253.08}","{""Raleigh, NC"":2,""Montvale, NJ"":2,""Oceanside, CA"":2,""Pittsburgh, PA"":2,""Benjamin, UT"":2,""Marsing, ID"":2}","{""Target"":67,""Maverik"":67,""Exxon Mobil"":67,""Shell Oil"":67,""Walmart"":50,""Chevron"":50,""BP"":50,""Starbucks"":50,""Holiday Inn"":50,""McDonald's"":50,""Trader Joe's"":34,""Verizon Wireless"":34,""Casey's General Stores"":34,""Albertsons"":34,""Lowe's"":34,""The Home Depot"":34,""ConocoPhillips"":34,""Love's Travel Stops and Country Stores"":34,""Smith's Food & Drug Stores"":34,""Chick-fil-A"":34}","{""Apple"":50,""Amazon"":34,""Airbnb"":34,""Costco"":34,""ExxonMobil"":34,""Audible"":34,""Etsy"":17,""Target"":17,""Verizon Wireless"":17,""Gap"":17,""DoorDash"":17,""Barclaycard US"":17,""Nintendo"":17,""Adobe Systems"":17,""HelloFresh"":17,""Regal Cinemas"":17,""Google"":17,""Netflix"":17,""Hulu"":17,""Spotify"":17}","{""Holiday Inn"":50,""Quality Inn"":34,""Sheraton Hotels & Resorts"":17,""Super 8"":17,""Home2 Suites"":17,""Days Inn"":17,""Sleep Inn"":17,""Courtyard by Marriott"":17,""Marriott Hotels"":17,""Best Western"":17}","{""Walgreens"":34,""McDonald's"":34,""Walmart"":17,""Maverik"":17,""Dairy Queen"":17}","{""Verizon Wireless"":34,""Sprint"":17,""AT&T"":17,""T-Mobile"":17}","{""Hulu"":17,""Disney Plus"":17,""Netflix"":17}","{""HelloFresh"":17,""DoorDash"":17}",{},{},{}
165264,224-222@5sy-bxv-zmk,SG_BRAND_7f36ad7dd2100921,Cellular Plus,2022-05-01,2022-06-01,252.22,3,3,32.0,32.0,"{""25"":25.99,""75"":194.23}","[0.00,0.00,0.00,0.00,0.00,0.00,0.00,0.00,0.00,25.99,0.00,0.00,0.00,0.00,32.00,0.00,0.00,0.00,0.00,194.23,0.00,0.00,0.00,0.00,0.00,0.00,0.00,0.00,0.00,0.00,0.00]","[null,null,null,null,null,null,null,null,null,25.99,null,null,null,null,32.00,null,null,null,null,194.23,null,null,null,null,null,null,null,null,null,null,null]","{""Monday"":0.00,""Tuesday"":25.99,""Wednesday"":0.00,""Thursday"":0.00,""Friday"":194.23,""Saturday"":0.00,""Sunday"":32.00}","{""Wednesday"":4,""Monday"":5,""Saturday"":4,""Thursday"":4,""Tuesday"":5,""Friday"":4,""Sunday"":5}",,-41.0,0,0.0,"{""No intermediary"":3}","{""No intermediary"":252.22}","{""1"":3,""2"":0,""3"":0,""4"":0,""5-10"":0,"">10"":0}","{""1"":84.07,""2"":null,""3"":null,""4"":null,""5-10"":null,"">10"":null}","{""<25k"":2,""45-60k"":2,""60-75k"":2}","{""<25k"":25.99,""45-60k"":32.00,""60-75k"":194.23}","{""Cody, WY"":3,""Antioch, IL"":2}","{""Walmart"":67,""Maverik"":67,""McDonald's"":67,""Petco"":34,""Little Caesars"":34,""Winners"":34,""Chipotle Mexican Grill"":34,""Papa Murphy's"":34,""London Drugs"":34,""Albertsons"":34,""IGA"":34,""WinCo Foods"":34,""The Home Depot"":34,""CARQUEST Auto Parts"":34,""GameStop"":34,""Holiday Station"":34,""Save on Foods"":34,""Wendy's"":34,""Ace Hardware"":34,""Staples"":34}","{""Amazon"":67,""Verizon Wireless"":34,""Roku"":34,""Apple"":34,""Netflix"":34,""Hulu"":34,""Amazon Marketplace"":34,""Xbox"":34}","{""Verizon Wireless"":34}","{""Walmart"":67,""Papa Murphy's"":34,""CARQUEST Auto Parts"":34,""Wendy's"":34,""Maverik"":34}","{""Verizon Wireless"":34}","{""Hulu"":34,""Roku"":34,""Netflix"":34,""Redbox"":34}",{},{},{},{}
165290,22h-222@5sy-bzg-qzz,,,2022-05-01,2022-06-01,2448.22,28,27,60.99,63.0,"{""25"":44.66,""75"":97.19}","[0.00,152.30,0.00,51.25,0.00,0.00,0.00,0.00,136.83,0.00,102.26,0.00,0.00,0.00,63.00,324.96,47.56,774.36,131.79,24.49,0.00,0.00,0.00,0.00,278.86,0.00,0.00,0.00,0.00,147.63,212.93]","[null,53.59,null,51.25,null,null,null,null,57.32,null,102.26,null,null,null,63.00,77.26,23.78,387.18,44.51,24.49,null,null,null,null,139.43,null,null,null,null,73.82,60.00]","{""Monday"":761.72,""Tuesday"":260.49,""Wednesday"":1206.73,""Thursday"":131.79,""Friday"":24.49,""Saturday"":0.00,""Sunday"":63.00}","{""Wednesday"":4,""Monday"":5,""Saturday"":4,""Thursday"":4,""Tuesday"":5,""Friday"":4,""Sunday"":5}",104.0,-1.0,20,1990.21,"{""No intermediary"":28}","{""No intermediary"":2448.22}","{""1"":26,""2"":1,""3"":0,""4"":0,""5-10"":0,"">10"":0}","{""1"":90.02,""2"":107.82,""3"":null,""4"":null,""5-10"":null,"">10"":null}","{""<25k"":2,""25-45k"":5,""60-75k"":2,""75-100k"":5,""100-150k"":2,"">150k"":9}","{""<25k"":65.80,""25-45k"":59.24,""60-75k"":74.43,""75-100k"":51.21,""100-150k"":56.50,"">150k"":145.40}","{""Littleton, CO"":3,""Saint George, UT"":2,""Melville, RI"":2,""Cutler Bay, FL"":2,""Farmville, VA"":2,""Shreveport, LA"":2,""Crouch, ID"":2,""Cody, WY"":2,""Redding, CA"":2,""Magnolia, TX"":2,""Rehoboth Beach, DE"":2,""Banida, ID"":2,""Hollywood, FL"":2,""Mount Airy, MD"":2,""Colorado Springs, CO"":2,""Horsham, PA"":2,""Shelby, NC"":2,""Northfield, OH"":2,""Scottsdale, AZ"":2,""Caroleen, NC"":2,""Encampment, WY"":2,""Britton, TX"":2,""Wake Forest, NC"":2}","{""Walmart"":67,""McDonald's"":60,""Exxon Mobil"":52,""Shell Oil"":45,""Maverik"":38,""Costco"":38,""Chick-fil-A"":38,""Albertsons"":34,""Walgreens"":34,""Safeway"":30,""Circle K"":30,""Sonic"":26,""Chevron"":26,""Lowe's"":26,""The Home Depot"":26,""ConocoPhillips"":26,""Kum & Go"":26,""Verizon Wireless"":23,""Starbucks"":23,""Tractor Supply Co."":23}","{""Amazon"":71,""Apple"":45,""Netflix"":38,""Verizon Wireless"":34,""Hulu"":26,""Spotify"":26,""Amazon Digital Services"":26,""Amazon Marketplace"":26,""Airbnb"":19,""Sirius XM"":19,""AT&T"":19,""Costco"":15,""Audible"":15,""Steam"":12,""Chewy"":12,""Expedia"":12,""Goodwill"":12,""Google"":12,""Walgreens"":12,""New York Times"":12}","{""McDonald's"":60,""Chick-fil-A"":38,""Sonic"":26,""Starbucks"":23,""Subway"":23,""Arby's"":23,""Dunkin'"":19,""Domino's Pizza"":15,""Wendy's"":15,""Dairy Queen"":15,""Noodles & Company"":15,""Firehouse Subs"":15,""Taco Bell"":12,""Raising Cane's"":12,""Jimmy John's"":8,""Olive Garden"":8,""Jersey Mike's"":8,""Einstein Brothers"":8,""Popeyes Louisiana Kitchen"":8,""Papa John's"":8}","{""Walmart"":30,""Albertsons"":23,""McDonald's"":19,""Ace Hardware"":15,""Walgreens"":15,""Maverik"":12,""Dairy Queen"":12,""Tractor Supply Co."":12,""The UPS Store"":4,""Wendy's"":4,""Boot Barn"":4,""Sierra"":4,""O'Reilly Auto Parts"":4,""United States Postal Service (USPS)"":4}","{""Verizon Wireless"":45,""AT&T"":23,""MetroPCS"":4,""T-Mobile"":4}","{""Netflix"":38,""Hulu"":26,""YouTube TV"":8,""Dish Network"":8,""Youtube Premium"":8,""Sling TV"":4,""Roku"":4,""Peacock"":4,""Amazon Prime"":4,""DirecTV"":4}","{""Postmates"":4,""Uber Eats"":4,""DoorDash"":4}","{""Lyft"":8,""Uber"":4}",{},"{""PayPal"":4,""Apple Cash"":4}"
165307,222-222@5sy-bxt-fvf,,,2022-05-01,2022-06-01,20.0,2,2,10.0,10.0,"{""25"":5.00,""75"":15.00}","[0.00,0.00,5.00,0.00,0.00,0.00,0.00,0.00,0.00,0.00,0.00,15.00,0.00,0.00,0.00,0.00,0.00,0.00,0.00,0.00,0.00,0.00,0.00,0.00,0.00,0.00,0.00,0.00,0.00,0.00,0.00]","[null,null,5.00,null,null,null,null,null,null,null,null,15.00,null,null,null,null,null,null,null,null,null,null,null,null,null,null,null,null,null,null,null]","{""Monday"":0.00,""Tuesday"":5.00,""Wednesday"":0.00,""Thursday"":15.00,""Friday"":0.00,""Saturday"":0.00,""Sunday"":0.00}","{""Wednesday"":4,""Monday"":5,""Saturday"":4,""Thursday"":4,""Tuesday"":5,""Friday"":4,""Sunday"":5}",,-56.0,0,0.0,"{""No intermediary"":2}","{""No intermediary"":20.00}","{""1"":2,""2"":0,""3"":0,""4"":0,""5-10"":0,"">10"":0}","{""1"":10.00,""2"":null,""3"":null,""4"":null,""5-10"":null,"">10"":null}","{""45-60k"":2}","{""45-60k"":15.00}","{""Cody, WY"":2}","{""Walmart"":100,""Bomgaars"":50,""Maverik"":50,""Blair's"":50,""McDonald's"":50,""Phillips 66"":50,""Exxon Mobil"":50}","{""Walmart"":50,""Amazon"":50,""Sirius XM"":50,""Netflix"":50,""Pandora"":50,""TJX Companies"":50,""Spotify"":50,""Best Buy"":50,""Affirm.com"":50}",{},"{""Walmart"":100,""Maverik"":50}",{},"{""Netflix"":50}",{},{},"{""Affirm.com"":50}",{}
165308,222-222@5sy-c5g-nwk,,,2022-05-01,2022-06-01,57.06,4,3,9.08,11.96,"{""25"":5.45,""75"":28.27}","[0.00,0.00,11.96,0.00,0.00,0.00,0.00,0.00,0.00,0.00,0.00,0.00,6.20,0.00,0.00,0.00,0.00,0.00,0.00,0.00,0.00,0.00,5.20,0.00,0.00,0.00,33.70,0.00,0.00,0.00,0.00]","[null,null,11.96,null,null,null,null,null,null,null,null,null,6.20,null,null,null,null,null,null,null,null,null,5.20,null,null,null,33.70,null,null,null,null]","{""Monday"":5.20,""Tuesday"":11.96,""Wednesday"":0.00,""Thursday"":0.00,""Friday"":39.90,""Saturday"":0.00,""Sunday"":0.00}","{""Wednesday"":4,""Monday"":5,""Saturday"":4,""Thursday"":4,""Tuesday"":5,""Friday"":4,""Sunday"":5}",-27.0,-88.0,2,11.4,"{""No intermediary"":3,""Square"":1}","{""Square"":33.70,""No intermediary"":23.36}","{""1"":2,""2"":1,""3"":0,""4"":0,""5-10"":0,"">10"":0}","{""1"":22.83,""2"":11.40,""3"":null,""4"":null,""5-10"":null,"">10"":null}","{""25-45k"":2,""60-75k"":2,""75-100k"":2}","{""25-45k"":11.96,""60-75k"":11.40,""75-100k"":33.70}","{""Waco, TX"":2,""Cody, WY"":2,""Kibler, AR"":2}","{""Exxon Mobil"":100,""Walmart"":67,""Albertsons"":67,""ConocoPhillips"":67,""Walgreens"":67,""Smoker Friendly"":34,""Verizon Wireless"":34,""Papa Murphy's"":34,""Chevron"":34,""Olive Garden"":34,""Murphy USA"":34,""Taco Bell"":34,""Speedway"":34,""BJ's Restaurants"":34,""The UPS Store"":34,""Dollar General"":34,""Caribou Coffee"":34,""Color Me Mine"":34,""Starbucks"":34,""Wendy's"":34}","{""Apple"":100,""Spotify"":67,""Lyft"":34,""Planet Fitness"":34,""Uber"":34,""Amazon"":34,""Airbnb"":34,""Hotels.com"":34,""ConocoPhillips"":34,""Netflix"":34,""Phillips 66"":34}","{""Papa Murphy's"":34,""Olive Garden"":34,""Taco Bell"":34,""BJ's Restaurants"":34,""Caribou Coffee"":34,""Starbucks"":34,""Wendy's"":34,""Panera Bread"":34,""Dairy Queen"":34,""McDonald's"":34,""Smashburger"":34,""Subway"":34,""Arby's"":34}","{""Albertsons"":67,""Walgreens"":67,""Smoker Friendly"":34,""Walmart"":34,""Papa Murphy's"":34,""Wendy's"":34,""ConocoPhillips"":34,""Ace Hardware"":34,""Boot Barn"":34,""Maverik"":34,""Dairy Queen"":34}","{""Verizon Wireless"":34}","{""Netflix"":34}",{},"{""Lyft"":34,""Uber"":34}",{},{}
165524,22c-222@5sy-bzg-gp9,,,2022-05-01,2022-06-01,436.21,11,10,36.84,36.84,"{""25"":23.72,""75"":40.00}","[105.04,0.00,0.00,37.00,0.00,0.00,0.00,23.72,107.15,0.00,21.58,0.00,0.00,0.00,0.00,0.00,0.00,0.00,0.00,0.00,0.00,0.00,104.22,0.00,0.00,37.50,0.00,0.00,0.00,0.00,0.00]","[105.04,null,null,37.00,null,null,null,23.72,40.00,null,21.58,null,null,null,null,null,null,null,null,null,null,null,36.84,null,null,37.50,null,null,null,null,null]","{""Monday"":211.37,""Tuesday"":0.00,""Wednesday"":58.58,""Thursday"":37.50,""Friday"":0.00,""Saturday"":0.00,""Sunday"":128.76}","{""Wednesday"":4,""Monday"":5,""Saturday"":4,""Thursday"":4,""Tuesday"":5,""Friday"":4,""Sunday"":5}",-38.0,-71.0,0,0.0,"{""No intermediary"":11}","{""No intermediary"":436.21}","{""1"":9,""2"":1,""3"":0,""4"":0,""5-10"":0,"">10"":0}","{""1"":39.91,""2"":77.00,""3"":null,""4"":null,""5-10"":null,"">10"":null}","{""<25k"":4,""25-45k"":2,""45-60k"":2,""75-100k"":3,""100-150k"":2,"">150k"":2}","{""<25k"":22.65,""25-45k"":17.08,""45-60k"":41.25,""75-100k"":71.27,""100-150k"":30.54,"">150k"":77.00}","{""Eden, WY"":4,""Saint George, UT"":2,""Calera, AL"":2,""Cody, WY"":2,""Conroe, TX"":2,""Clark, WY"":2,""Granby, CO"":2,""Louisville, CO"":2}","{""Walmart"":90,""McDonald's"":60,""Albertsons"":50,""Subway"":50,""Arby's"":50,""Lowe's"":40,""Taco John's"":40,""The Home Depot"":40,""Maverik"":40,""Walgreens"":40,""Chevron"":30,""Domino's Pizza"":30,""Taco Bell"":30,""WinCo Foods"":30,""PetSmart"":30,""Ace Hardware"":30,""Blair's"":30,""Texas Roadhouse"":30,""Sportsman's Warehouse"":30,""Exxon Mobil"":30}","{""Netflix"":60,""Amazon"":50,""Verizon Wireless"":30,""Maverik"":30,""AT&T"":30,""Petco"":20,""Michaels"":20,""Nintendo"":20,""Jiffy Lube"":20,""Spotify"":20,""Xbox"":20,""Etsy"":10,""Venmo"":10,""Belk"":10,""Walmart"":10,""Little Caesars"":10,""Family Dollar"":10,""Barclaycard US"":10,""Fingerhut"":10,""The Home Depot"":10}","{""McDonald's"":60,""Subway"":50,""Arby's"":50,""Taco John's"":40,""Domino's Pizza"":30,""Taco Bell"":30,""Texas Roadhouse"":30,""Jimmy John's"":20,""Chipotle Mexican Grill"":20,""Olive Garden"":20,""Jersey Mike's"":20,""Popeyes Louisiana Kitchen"":20,""Wendy's"":20,""Five Guys"":20,""Chick-fil-A"":20,""Swig"":20,""Tropical Smoothie Café"":20,""FiiZ Drinks"":20,""Cold Stone Creamery"":20,""Little Caesars"":10}","{""Walmart"":60,""Albertsons"":30,""Domino's Pizza"":20,""Subway"":20,""Arby's"":20,""Smoker Friendly"":10,""Taco John's"":10,""CARQUEST Auto Parts"":10,""ConocoPhillips"":10,""Ace Hardware"":10,""Sierra"":10,""Walgreens"":10,""Dairy Queen"":10,""United States Postal Service (USPS)"":10,""McDonald's"":10,""Tractor Supply Co."":10,""Dollar Tree"":10}","{""AT&T"":40,""Verizon Wireless"":30}","{""Netflix"":60,""Peacock"":20,""Disney Plus"":10,""Dish Network"":10}","{""HelloFresh"":10}",{},{},"{""Venmo"":10}"
165676,226-222@5sy-bzg-qj9,,,2022-05-01,2022-06-01,1120.4,38,33,27.69,28.36,"{""25"":19.06,""75"":40.02}","[0.00,115.58,0.00,12.91,24.00,40.58,105.00,92.62,69.00,0.00,0.00,0.00,28.37,0.00,34.37,107.53,0.00,44.81,24.39,16.02,84.74,67.90,21.09,10.91,0.00,34.36,0.00,79.79,49.15,0.00,57.28]","[null,57.79,null,12.91,24.00,20.29,40.00,46.31,69.00,null,null,null,28.37,null,34.37,22.83,null,22.41,24.39,16.02,22.34,26.17,21.09,10.91,null,17.18,null,28.57,49.15,null,28.64]","{""Monday"":313.20,""Tuesday"":68.19,""Wednesday"":57.72,""Thursday"":82.75,""Friday"":84.97,""Saturday"":269.53,""Sunday"":244.04}","{""Wednesday"":4,""Monday"":5,""Saturday"":4,""Thursday"":4,""Tuesday"":5,""Friday"":4,""Sunday"":5}",81.0,-49.0,2,44.68,"{""No intermediary"":38}","{""No intermediary"":1120.40}","{""1"":28,""2"":5,""3"":0,""4"":0,""5-10"":0,"">10"":0}","{""1"":30.92,""2"":50.94,""3"":null,""4"":null,""5-10"":null,"">10"":null}","{""<25k"":4,""25-45k"":5,""45-60k"":7,""60-75k"":2,""75-100k"":7,""100-150k"":2,"">150k"":8}","{""<25k"":22.83,""25-45k"":30.13,""45-60k"":30.11,""60-75k"":27.67,""75-100k"":29.58,""100-150k"":48.57,"">150k"":45.75}","{""Philadelphia, PA"":5,""Troy, MI"":3,""Surprise, AZ"":3,""Erda, UT"":3,""Fort Myers, FL"":2,""Ballard, UT"":2,""Pittsburgh, PA"":2,""Rochester, NY"":2,""Providence, RI"":2,""Staunton, VA"":2,""Calera, AL"":2,""Pleasant Grove, UT"":2,""Cody, WY"":2,""Maricopa, AZ"":2,""Wappingers Falls, NY"":2,""Vicksburg, MS"":2,""Grizzly, OR"":2,""West Palm Beach, FL"":2,""Conroe, TX"":2,""Clark, WY"":2,""Boise, ID"":2,""Granby, CO"":2,""Bakersfield, CA"":2,""Colorado Springs, CO"":2,""Medford, OR"":2,""Nampa, ID"":2,""Billings, MT"":2,""Wake Forest, NC"":2}","{""Walmart"":70,""Albertsons"":40,""Exxon Mobil"":37,""Maverik"":34,""McDonald's"":31,""The Home Depot"":28,""Walgreens"":28,""Verizon Wireless"":25,""Wendy's"":25,""ConocoPhillips"":25,""Subway"":25,""Chevron"":22,""Safeway"":22,""Shell Oil"":22,""Target"":19,""Lowe's"":19,""Love's Travel Stops and Country Stores"":19,""Dairy Queen"":19,""Pilot Flying J"":19,""CVS"":19}","{""Amazon"":58,""Apple"":31,""Netflix"":31,""Verizon Wireless"":28,""Spotify"":19,""Hulu"":16,""Amazon Digital Services"":16,""Sirius XM"":13,""ExxonMobil"":10,""E-ZPass"":10,""AT&T"":10,""Comcast"":10,""Etsy"":7,""Walmart"":7,""Jimmy John's"":7,""Planet Fitness"":7,""Steam"":7,""CenturyLink"":7,""Fandango"":7,""Barclaycard US"":7}","{""McDonald's"":34,""Wendy's"":25,""Subway"":25,""Dairy Queen"":19,""Domino's Pizza"":16,""Panera Bread"":16,""Taco Bell"":13,""Starbucks"":13,""Arby's"":13,""Applebee's"":10,""Burger King"":10,""Cracker Barrel"":10,""Texas Roadhouse"":10,""Jimmy John's"":7,""Chili's Grill & Bar"":7,""Einstein Brothers"":7,""Ruby Tuesday"":7,""KFC"":7,""Buffalo Wild Wings"":7,""Jack in the Box"":7}","{""Walmart"":40,""Albertsons"":28,""Walgreens"":16,""Dairy Queen"":13,""Wendy's"":10,""Sierra"":10,""ConocoPhillips"":7,""Ace Hardware"":7,""Maverik"":7,""McDonald's"":7,""Subway"":7,""Arby's"":7,""Papa Murphy's"":4,""Domino's Pizza"":4,""The UPS Store"":4,""Wells Fargo"":4,""Dollar Tree"":4}","{""Verizon Wireless"":49,""AT&T"":10,""T-Mobile"":7}","{""Netflix"":31,""Hulu"":16,""Peacock"":10,""Disney Plus"":10,""Dish Network"":7,""Redbox"":7,""DirecTV"":4}",{},"{""Uber"":4}","{""Afterpay"":4,""Klarna"":4}","{""Apple Card"":7}"
165782,225-222@5sy-bxw-5fz,SG_BRAND_a0ccd5fb65a3df0d5a340321693f0a16,ConocoPhillips,2022-05-01,2022-06-01,4511.0,103,76,36.94,40.89,"{""25"":9.62,""75"":69.81}","[0.00,143.23,4.00,91.48,440.36,107.79,92.76,0.00,282.09,77.51,191.02,241.55,55.97,83.80,23.01,397.41,33.47,185.74,45.42,250.83,50.05,81.00,378.84,85.06,19.43,101.48,27.74,0.00,117.42,230.70,671.84]","[null,71.62,4.00,45.74,100.00,53.89,92.76,null,69.81,11.28,50.61,41.41,7.96,38.94,23.01,60.18,33.47,52.04,22.71,32.21,50.05,40.50,11.16,42.53,9.72,24.72,13.87,null,33.57,49.05,100.79]","{""Monday"":1432.27,""Tuesday"":871.88,""Wednesday"":487.67,""Thursday"":828.81,""Friday"":442.33,""Saturday"":226.61,""Sunday"":221.43}","{""Wednesday"":4,""Monday"":5,""Saturday"":4,""Thursday"":4,""Tuesday"":5,""Friday"":4,""Sunday"":5}",155.0,12.0,6,255.65,"{""No intermediary"":103}","{""No intermediary"":4511.00}","{""1"":60,""2"":9,""3"":4,""4"":2,""5-10"":1,"">10"":0}","{""1"":39.41,""2"":86.80,""3"":183.54,""4"":212.60,""5-10"":205.60,"">10"":null}","{""<25k"":9,""25-45k"":8,""45-60k"":11,""60-75k"":7,""75-100k"":11,""100-150k"":6,"">150k"":19}","{""<25k"":27.51,""25-45k"":24.31,""45-60k"":83.34,""60-75k"":58.46,""75-100k"":65.89,""100-150k"":64.96,"">150k"":69.30}","{""Cody, WY"":10,""New York, NY"":6,""Troy, MI"":3,""Gainesville, FL"":3,""Renton, WA"":2,""Youngstown, OH"":2,""Monell, WY"":2,""Saint George, UT"":2,""Salt Lake City, UT"":2,""Arlington, TX"":2,""Thermopolis, WY"":2,""Vernal, UT"":2,""Shelley, ID"":2,""Pontiac, IL"":2,""Cooke City, MT"":2,""Gillette, WY"":2,""Basin, WY"":2,""Ogden, UT"":2,""Loveland, CO"":2,""Pocatello, ID"":2,""Hopwood, PA"":2,""Fox, MN"":2,""Cockeysville, MD"":2,""Clark, WY"":2,""Eden, WY"":2,""Cedar City, UT"":2,""Swannanoa, NC"":2,""Columbus, OH"":2,""Bay City, MI"":2,""Emigrant, MT"":2,""Worland, WY"":2,""Hermitage, PA"":2,""Colorado Springs, CO"":2,""Whetstone, AZ"":2,""Chugwater, WY"":2,""Berkeley, CA"":2,""Erda, UT"":2,""Bozeman, MT"":2,""Nampa, ID"":2,""Indianapolis, IN"":2,""Anaheim, CA"":2,""Acme, WY"":2,""Orem, UT"":2,""Scotts Mills, OR"":2,""Cheyenne, WY"":2,""Idaho Falls, ID"":2,""Correctionville, IA"":2,""Cumming, GA"":2,""Albuquerque, NM"":2,""Logan, UT"":2}","{""Walmart"":68,""Maverik"":56,""Albertsons"":48,""McDonald's"":40,""Exxon Mobil"":39,""Shell Oil"":36,""Taco Bell"":35,""Chevron"":33,""Pilot Flying J"":25,""Costco"":24,""Wendy's"":22,""Burger King"":20,""Subway"":20,""The Home Depot"":19,""Starbucks"":19,""Walgreens"":19,""Love's Travel Stops and Country Stores"":18,""Arby's"":18,""Family Dollar Stores"":18,""Target"":15}","{""Amazon"":47,""Apple"":47,""Netflix"":24,""Spotify"":24,""Verizon Wireless"":15,""Walmart"":14,""Maverik"":12,""Hulu"":12,""Amazon Digital Services"":12,""Airbnb"":11,""Google"":11,""AT&T"":11,""Etsy"":8,""Chewy"":7,""eBay"":7,""Family Dollar"":6,""Uber"":6,""Fandango"":6,""Sirius XM"":6,""Adobe Systems"":6}","{""Exxon Mobil"":39,""Shell Oil"":36,""Chevron"":33,""Pilot Flying J"":25,""Love's Travel Stops and Country Stores"":18,""Phillips 66"":14,""Loaf 'N Jug"":10,""Good 2 Go Stores"":10,""BP"":8,""Speedway"":8,""Kum & Go"":8,""ARCO"":8,""Holiday Station"":7,""Sheetz"":7,""Mobil"":6,""Sunoco"":6,""Holiday Oil"":4,""Jet Food Store"":3,""Murphy USA"":3,""Buc-ee's"":3}","{""Albertsons"":39,""Walmart"":37,""Maverik"":15,""McDonald's"":12,""Wendy's"":10,""Domino's Pizza"":8,""Sierra"":7,""Tractor Supply Co."":7,""Taco John's"":6,""Walgreens"":6,""Dairy Queen"":6,""Burger King"":6,""Arby's"":6,""Ace Hardware"":4,""Smoker Friendly"":3,""Papa Murphy's"":3,""The UPS Store"":3,""Boot Barn"":3,""United States Postal Service (USPS)"":3,""Dollar Tree"":3}","{""Verizon Wireless"":27,""AT&T"":18,""T-Mobile"":7,""Google Fi"":2,""Disney Mobile"":2,""Straight Talk"":2}","{""Netflix"":24,""Hulu"":12,""Disney Plus"":10,""YouTube TV"":4,""Youtube"":4,""Dish Network"":4,""Sling TV"":3,""Roku"":3,""Redbox"":3,""Fubo"":2,""Peacock"":2,""Amazon Prime"":2}","{""Instacart"":4,""Uber Eats"":3,""HelloFresh"":2,""Grubhub"":2,""Dashpass"":2}","{""Uber"":6,""Lyft"":4}","{""Afterpay"":2,""Klarna"":2}","{""Apple Card"":6,""Apple Cash"":6,""PayPal"":2}"
165794,zzw-222@5sy-bxv-zmk,SG_BRAND_c84f3e1418c1e4a400bc97e55dd04c31,Papa Murphy's,2022-05-01,2022-06-01,405.85,17,12,21.85,24.08,"{""25"":19.10,""75"":28.18}","[0.00,35.20,0.00,0.00,50.25,0.00,17.60,20.90,36.00,0.00,0.00,0.00,21.00,49.60,0.00,0.00,24.00,0.00,0.00,0.00,37.25,19.00,19.20,0.00,0.00,0.00,0.00,0.00,52.75,0.00,23.10]","[null,35.20,null,null,25.13,null,17.60,20.90,36.00,null,null,null,21.00,24.80,null,null,24.00,null,null,null,18.63,19.00,19.20,null,null,null,null,null,26.38,null,23.10]","{""Monday"":90.40,""Tuesday"":47.10,""Wednesday"":0.00,""Thursday"":50.25,""Friday"":21.00,""Saturday"":104.45,""Sunday"":92.65}","{""Wednesday"":4,""Monday"":5,""Saturday"":4,""Thursday"":4,""Tuesday"":5,""Friday"":4,""Sunday"":5}",135.0,19.0,2,62.95,"{""No intermediary"":16,""Olo"":1}","{""No intermediary"":378.10,""Olo"":27.75}","{""1"":10,""2"":1,""3"":0,""4"":0,""5-10"":1,"">10"":0}","{""1"":24.67,""2"":50.25,""3"":null,""4"":null,""5-10"":108.90,"">10"":null}","{""<25k"":2,""25-45k"":2,""45-60k"":4,""60-75k"":2,""75-100k"":2,"">150k"":8}","{""<25k"":30.00,""25-45k"":18.50,""45-60k"":108.90,""60-75k"":42.73,""75-100k"":23.10,"">150k"":24.30}","{""Cody, WY"":5,""Surprise, AZ"":2,""Las Cruces, NM"":2,""Tempe, AZ"":2,""Loveland, CO"":2,""Fayetteville, NC"":2,""Medford, OR"":2}","{""Walmart"":100,""Albertsons"":75,""McDonald's"":67,""Maverik"":50,""Exxon Mobil"":50,""Wendy's"":34,""Walgreens"":34,""Bomgaars"":25,""Domino's Pizza"":25,""ConocoPhillips"":25,""Ace Hardware"":25,""Costco"":25,""Pilot Flying J"":25,""United States Postal Service (USPS)"":25,""Subway"":25,""Arby's"":25,""Smoker Friendly"":17,""ULTA Beauty"":17,""Target"":17,""Taco Bell"":17}","{""Amazon"":50,""Apple"":50,""Netflix"":42,""Amazon Digital Services"":42,""Walmart"":25,""Verizon Wireless"":17,""Papa Murphy's"":17,""Sirius XM"":17,""Apple Card"":17,""Spectrum"":17,""Bank of America Merchant Services"":9,""ADT Security Services"":9,""Anytime Fitness"":9,""Zoom Video Communications"":9,""Target"":9,""King"":9,""Uber"":9,""Chewy"":9,""Old Navy"":9,""Hotels.com"":9}","{""McDonald's"":67,""Wendy's"":34,""Arby's"":34,""Domino's Pizza"":25,""Subway"":25,""Taco Bell"":17,""Red Robin Gourmet Burgers"":17,""Dairy Queen"":17,""Little Caesars"":9,""Jim's Restaurants"":9,""Baldinos Giant Jersey Subs"":9,""Krystal"":9,""MOD Pizza"":9,""Taco John's"":9,""KFC"":9,""Whataburger"":9,""Starbucks"":9,""Chick-fil-A"":9,""Hardee's"":9,""Panda Express"":9}","{""Walmart"":100,""Albertsons"":67,""Maverik"":34,""McDonald's"":34,""Wendy's"":25,""Walgreens"":25,""Smoker Friendly"":17,""Domino's Pizza"":17,""ConocoPhillips"":17,""Dairy Queen"":17,""Arby's"":17,""Cellular Plus"":9,""Taco John's"":9,""Ace Hardware"":9,""Boot Barn"":9,""Sierra"":9,""Pizza Hut"":9,""Subway"":9,""Dollar Tree"":9}","{""Verizon Wireless"":25,""AT&T"":9,""T-Mobile"":9}","{""Netflix"":42,""Redbox"":17,""Disney Plus"":9,""Peacock"":9}",{},"{""Uber"":9}",{},"{""Apple Card"":17}"
165807,zzw-224@5sy-bzh-389,,,2022-05-01,2022-06-01,122.7,4,4,31.2,31.2,"{""25"":3.63,""75"":57.20}","[0.00,0.00,0.00,0.00,0.00,0.00,0.00,0.00,0.00,0.00,0.00,0.00,0.00,0.00,0.00,5.19,0.00,0.00,0.00,0.00,0.00,0.00,0.00,0.00,0.00,0.00,0.00,0.00,114.40,0.00,3.11]","[null,null,null,null,null,null,null,null,null,null,null,null,null,null,null,5.19,null,null,null,null,null,null,null,null,null,null,null,null,57.20,null,3.11]","{""Monday"":5.19,""Tuesday"":3.11,""Wednesday"":0.00,""Thursday"":0.00,""Friday"":0.00,""Saturday"":0.00,""Sunday"":114.40}","{""Wednesday"":4,""Monday"":5,""Saturday"":4,""Thursday"":4,""Tuesday"":5,""Friday"":4,""Sunday"":5}",,-56.0,0,0.0,"{""No intermediary"":4}","{""No intermediary"":122.70}","{""1"":4,""2"":0,""3"":0,""4"":0,""5-10"":0,"">10"":0}","{""1"":30.68,""2"":null,""3"":null,""4"":null,""5-10"":null,"">10"":null}","{""25-45k"":3,""60-75k"":2,""75-100k"":2,""100-150k"":2}","{""25-45k"":3.11,""60-75k"":57.20,""75-100k"":5.19,""100-150k"":57.20}","{""Salt Lake City, UT"":2,""Cody, WY"":2,""Billings, MT"":2}","{""Walmart"":100,""Taco John's"":75,""McDonald's"":75,""Vasa Fitness"":50,""Chevron"":50,""Albertsons"":50,""7-Eleven"":50,""Jiffy Lube"":50,""Macy's"":50,""Wendy's"":50,""Zumiez"":50,""Express"":50,""Love's Travel Stops and Country Stores"":50,""Smith's Food & Drug Stores"":50,""Maverik"":50,""Costco"":50,""The Habit Burger Grill"":50,""Raising Cane's"":50,""Pilot Flying J"":50,""Microsoft Store"":50}","{""Amazon"":75,""Steam"":50,""Youtube"":50,""Costco"":50,""Disney Plus"":50,""Sony Playstation Networks"":50,""Walmart"":25,""Jimmy John's"":25,""Planet Fitness"":25,""CosmoProf"":25,""Sirius XM"":25,""Hulu"":25,""Spotify"":25,""Amazon Digital Services"":25,""Costa Vida"":25,""AT&T"":25,""In-N-Out Burger"":25}",{},"{""Walmart"":75,""Taco John's"":50,""Maverik"":50,""Albertsons"":25,""Boot Barn"":25}","{""AT&T"":25}","{""Disney Plus"":50,""Youtube"":50,""Hulu"":25}",{},{},{},{}
165862,zzy-222@5sy-bxv-zs5,,,2022-05-01,2022-06-01,487.34,11,5,39.4,74.0,"{""25"":28.20,""75"":74.00}","[0.00,0.00,0.00,74.00,0.00,0.00,0.00,0.00,31.90,0.00,0.00,104.87,0.00,0.00,0.00,0.00,0.00,39.40,0.00,74.00,0.00,0.00,0.00,0.00,103.20,32.44,0.00,0.00,0.00,0.00,27.53]","[null,null,null,74.00,null,null,null,null,31.90,null,null,39.61,null,null,null,null,null,39.40,null,74.00,null,null,null,null,51.60,32.44,null,null,null,null,27.53]","{""Monday"":31.90,""Tuesday"":27.53,""Wednesday"":216.60,""Thursday"":137.31,""Friday"":74.00,""Saturday"":0.00,""Sunday"":0.00}","{""Wednesday"":4,""Monday"":5,""Saturday"":4,""Thursday"":4,""Tuesday"":5,""Friday"":4,""Sunday"":5}",302.0,44.0,0,0.0,"{""No intermediary"":11}","{""No intermediary"":487.34}","{""1"":4,""2"":0,""3"":0,""4"":0,""5-10"":1,"">10"":0}","{""1"":57.06,""2"":null,""3"":null,""4"":null,""5-10"":259.12,"">10"":null}","{""<25k"":2,""100-150k"":2,"">150k"":2}","{""<25k"":39.61,""100-150k"":166.56,"">150k"":57.31}","{""Nampa, ID"":2,""Chubbuck, ID"":2,""Grant, ID"":2,""Eagle, ID"":2}","{""Walmart"":80,""Albertsons"":80,""Fred Meyer"":80,""Lowe's"":40,""WinCo Foods"":40,""The Home Depot"":40,""The UPS Store"":40,""Jack in the Box"":40,""Sierra"":40,""Maverik"":40,""Walgreens"":40,""McDonald's"":40,""Tractor Supply Co."":40,""Stinker Stores"":40,""Exxon Mobil"":40,""Dollar Tree"":40,""IHOP"":20,""Sonic"":20,""Jimmy John's"":20,""Target"":20}","{""Amazon"":80,""Apple"":60,""Netflix"":40,""Jimmy John's"":20,""AMC Theatres"":20,""Klarna"":20,""Zip Company"":20,""Holiday Inn"":20,""Apple Card"":20,""TJX Companies"":20,""Amazon Digital Services"":20,""U-Haul"":20,""Amazon Marketplace"":20}","{""Stinker Stores"":40,""Exxon Mobil"":40,""Chevron"":20,""Mobil"":20,""ConocoPhillips"":20,""Pilot Flying J"":20,""Good 2 Go Stores"":20,""Phillips 66"":20}","{""Walmart"":60,""Albertsons"":60,""Sierra"":40,""Walgreens"":40,""Holiday Inn"":20,""Dairy Queen"":20,""Arby's"":20}","{""Verizon Wireless"":20}","{""Netflix"":40,""Disney Plus"":20}",{},{},"{""Klarna"":20,""Zip Company"":20}","{""Apple Card"":20}"
165933,227-222@5sy-bzg-gx5,,,2022-05-01,2022-06-01,2112.38,19,18,60.53,73.9,"{""25"":34.27,""75"":124.80}","[0.00,0.00,0.00,188.01,0.00,0.00,0.00,36.40,36.40,0.00,0.00,274.40,10.38,0.00,354.49,445.12,24.76,0.00,0.00,106.07,0.00,259.99,0.00,91.46,0.00,124.80,57.14,102.96,0.00,0.00,0.00]","[null,null,null,94.01,null,null,null,36.40,36.40,null,null,274.40,10.38,null,177.25,445.12,12.38,null,null,106.07,null,259.99,null,45.73,null,124.80,28.57,102.96,null,null,null]","{""Monday"":481.52,""Tuesday"":116.22,""Wednesday"":188.01,""Thursday"":399.20,""Friday"":173.59,""Saturday"":102.96,""Sunday"":650.88}","{""Wednesday"":4,""Monday"":5,""Saturday"":4,""Thursday"":4,""Tuesday"":5,""Friday"":4,""Sunday"":5}",23.0,4.0,0,0.0,"{""No intermediary"":19}","{""No intermediary"":2112.38}","{""1"":17,""2"":1,""3"":0,""4"":0,""5-10"":0,"">10"":0}","{""1"":107.51,""2"":284.78,""3"":null,""4"":null,""5-10"":null,"">10"":null}","{""<25k"":8,""25-45k"":2,""45-60k"":2,""60-75k"":2,""100-150k"":2,"">150k"":4}","{""<25k"":29.25,""25-45k"":259.99,""45-60k"":34.27,""60-75k"":124.80,""100-150k"":211.78,"">150k"":119.54}","{""Maple Heights, OH"":2,""Staunton, VA"":2,""Cody, WY"":2,""Leavenworth, WA"":2,""Sarasota, FL"":2,""Clark, WY"":2,""Swannanoa, NC"":2,""Kenwood, CA"":2,""Nampa, ID"":2,""Luther, MT"":2,""Cumming, GA"":2}","{""Walmart"":67,""McDonald's"":56,""Albertsons"":50,""ConocoPhillips"":45,""Exxon Mobil"":39,""Tractor Supply Co."":34,""Shell Oil"":34,""Subway"":34,""Dairy Queen"":28,""Verizon Wireless"":23,""Chevron"":23,""Holiday Station"":23,""Starbucks"":23,""Love's Travel Stops and Country Stores"":23,""Maverik"":23,""Pilot Flying J"":23,""Taco Bell"":17,""Lowe's"":17,""The Home Depot"":17,""Speedway"":17}","{""Amazon"":39,""Apple"":39,""Netflix"":34,""Spotify"":28,""Patreon"":23,""Amazon Digital Services"":17,""Amazon Kindle"":17,""Uber"":12,""TouchTunes"":12,""Airbnb"":12,""Sirius XM"":12,""Goodwill"":12,""Hotels.com"":12,""Facebook"":12,""Hulu"":12,""AT&T"":12,""Sling TV"":6,""Toyota"":6,""Walmart"":6,""Jimmy John's"":6}","{""Sierra"":17,""REI"":17,""Scheels"":6,""Dick's Sporting Goods"":6,""Sportsman's Warehouse"":6}","{""Walmart"":56,""Albertsons"":45,""ConocoPhillips"":17,""Sierra"":17,""Ace Hardware"":12,""Walgreens"":12,""McDonald's"":12,""Tractor Supply Co."":12,""Subway"":12,""Smoker Friendly"":6,""Papa Murphy's"":6,""Sears Hometown Store"":6,""Domino's Pizza"":6,""Maverik"":6,""Dairy Queen"":6,""Pizza Hut"":6,""Dollar Tree"":6}","{""Verizon Wireless"":28,""AT&T"":17,""T-Mobile"":6}","{""Netflix"":34,""Redbox"":12,""Hulu"":12,""Disney Plus"":12,""Sling TV"":6,""Dish Network"":6,""Peacock"":6,""Amazon Prime"":6}","{""Uber Eats"":6,""DoorDash"":6}","{""Uber"":12}",{},"{""Apple Card"":6}"
165956,222-222@5sy-bzg-45f,SG_BRAND_e2c9f71790c5253598b8bd87e981ffe9,Holiday Inn,2022-05-01,2022-06-01,2507.04,16,14,154.21,157.37,"{""25"":42.17,""75"":267.92}","[0.00,0.00,0.00,0.00,0.00,0.00,156.58,0.00,0.00,0.00,316.32,0.00,0.00,158.16,5.75,0.00,177.59,151.84,0.00,0.00,606.16,0.00,297.48,145.41,324.66,7.50,151.84,0.00,0.00,7.75,0.00]","[null,null,null,null,null,null,156.58,null,null,null,316.32,null,null,158.16,5.75,null,177.59,151.84,null,null,303.08,null,297.48,145.41,162.33,3.75,151.84,null,null,7.75,null]","{""Monday"":305.23,""Tuesday"":323.00,""Wednesday"":792.82,""Thursday"":7.50,""Friday"":151.84,""Saturday"":920.90,""Sunday"":5.75}","{""Wednesday"":4,""Monday"":5,""Saturday"":4,""Thursday"":4,""Tuesday"":5,""Friday"":4,""Sunday"":5}",21.0,-56.0,2,495.57,"{""No intermediary"":16}","{""No intermediary"":2507.04}","{""1"":12,""2"":2,""3"":0,""4"":0,""5-10"":0,"">10"":0}","{""1"":142.32,""2"":399.63,""3"":null,""4"":null,""5-10"":null,"">10"":null}","{""25-45k"":4,""60-75k"":2,""75-100k"":4,""100-150k"":2,"">150k"":3}","{""25-45k"":192.98,""60-75k"":7.75,""75-100k"":189.33,""100-150k"":297.48,"">150k"":161.50}","{""Commerce City, CO"":4,""Cheyenne, WY"":3,""Blackfoot, ID"":2,""Pocatello, ID"":2,""Allegany, NY"":2,""Boise, ID"":2,""Colorado Springs, CO"":2,""Chubbuck, ID"":2,""Farmington, UT"":2,""Erda, UT"":2,""Bozeman, MT"":2}","{""Walmart"":79,""McDonald's"":79,""Walgreens"":65,""Albertsons"":43,""Starbucks"":43,""Costco"":43,""Target"":36,""Wendy's"":36,""Maverik"":36,""Verizon Wireless"":29,""Taco Bell"":29,""T.J. Maxx"":29,""King Soopers"":29,""ConocoPhillips"":29,""Panda Express"":29,""Chevron"":22,""WinCo Foods"":22,""Hobby Lobby Stores"":22,""7-Eleven"":22,""Smith's Food & Drug Stores"":22}","{""Holiday Inn"":100,""Amazon"":50,""Netflix"":50,""Spotify"":36,""Hulu"":29,""AT&T"":29,""Planet Fitness"":22,""Apple"":22,""TJX Companies"":22,""Amazon Digital Services"":22,""Audible"":22,""Sony Playstation Networks"":22,""Etsy"":15,""KFC"":15,""Papa John's Pizza"":15,""CVS"":15,""Comcast"":15,""Amazon Marketplace"":15,""Target"":8,""Verizon Wireless"":8}","{""SpringHill Suites by Marriott"":15,""Hampton"":8,""Super 8"":8,""Hilton Garden Inn"":8,""Courtyard by Marriott"":8,""Marriott Hotels"":8}","{""Walmart"":15,""Walgreens"":15,""Albertsons"":8,""Wendy's"":8,""ConocoPhillips"":8,""Sierra"":8,""McDonald's"":8,""Arby's"":8}","{""Verizon Wireless"":36,""AT&T"":29,""Sprint"":8}","{""Netflix"":50,""Hulu"":29,""Dish Network"":8,""Redbox"":8,""Disney Plus"":8,""DirecTV"":8}","{""Instacart"":8}","{""Uber"":8}","{""Klarna"":8,""Zip Company"":8}","{""Apple Card"":8}"
165971,224-222@5sy-bxt-3dv,SG_BRAND_1f2a4b730dc533366115ba7f5168b074,Pizza Hut,2022-05-01,2022-06-01,317.64,15,12,26.38,18.11,"{""25"":13.47,""75"":28.71}","[0.00,0.00,0.00,0.00,0.00,0.00,0.00,0.00,0.00,16.21,41.82,15.57,28.06,28.71,0.00,30.43,31.70,0.00,0.00,0.00,16.32,0.00,26.38,0.00,0.00,0.00,19.89,0.00,0.00,0.00,62.55]","[null,null,null,null,null,null,null,null,null,16.21,20.91,5.19,28.06,28.71,null,30.43,31.70,null,null,null,16.32,null,26.38,null,null,null,19.89,null,null,null,31.28]","{""Monday"":56.81,""Tuesday"":110.46,""Wednesday"":41.82,""Thursday"":15.57,""Friday"":47.95,""Saturday"":45.03,""Sunday"":0.00}","{""Wednesday"":4,""Monday"":5,""Saturday"":4,""Thursday"":4,""Tuesday"":5,""Friday"":4,""Sunday"":5}",83.0,-11.0,0,0.0,"{""No intermediary"":15}","{""No intermediary"":317.64}","{""1"":10,""2"":1,""3"":1,""4"":0,""5-10"":0,"">10"":0}","{""1"":16.99,""2"":62.55,""3"":85.16,""4"":null,""5-10"":null,"">10"":null}","{""<25k"":4,""45-60k"":5,""60-75k"":2,""100-150k"":2,"">150k"":2}","{""<25k"":45.95,""45-60k"":15.57,""60-75k"":31.70,""100-150k"":5.19,"">150k"":22.52}","{""Bakersfield, CA"":5,""Meridian, ID"":4,""Cody, WY"":2,""Sheridan, CO"":2,""Milton, FL"":2,""Medford, OR"":2,""Oro Valley, AZ"":2,""Acme, WY"":2,""Cumming, GA"":2,""Kulpsville, PA"":2}","{""Walmart"":92,""McDonald's"":67,""Albertsons"":59,""Exxon Mobil"":59,""The Home Depot"":50,""Shell Oil"":50,""Starbucks"":42,""7-Eleven"":34,""ConocoPhillips"":34,""Maverik"":34,""Dollar Tree"":34,""Target"":25,""Chevron"":25,""Cellular Plus"":25,""Five Below"":25,""Wendy's"":25,""Jack in the Box"":25,""Sierra"":25,""Walgreens"":25,""Panera Bread"":25}","{""Walmart"":59,""Amazon"":50,""Netflix"":42,""Apple"":34,""Hulu"":25,""Amazon Digital Services"":25,""Target"":17,""Verizon Wireless"":17,""Dutch Bros. Coffee"":17,""Funimation"":17,""Jamba Juice"":17,""Google"":17,""Kohl's"":17,""Rite Aid"":17,""Microsoft Ultimate"":17,""ADT Security Services"":9,""Planet Fitness"":9,""King"":9,""CenturyLink"":9,""Airbnb"":9}","{""McDonald's"":67,""Starbucks"":42,""Wendy's"":25,""Jack in the Box"":25,""Panera Bread"":25,""Dairy Queen"":25,""Wetzel's Pretzels"":25,""Burger King"":25,""In-N-Out Burger"":25,""Subway"":25,""Papa Murphy's"":17,""Jamba"":17,""Olive Garden"":17,""Taco Bell"":17,""KFC"":17,""Del Taco"":17,""Dutch Bros Coffee"":17,""Chick-fil-A"":17,""Black Bear Diner"":17,""Raising Cane's"":17}","{""Walmart"":75,""Albertsons"":42,""Sierra"":25,""Dairy Queen"":25,""Subway"":25,""Ace Hardware"":17,""Maverik"":17,""Good 2 Go Stores"":17,""AutoZone"":17,""Dollar Tree"":17,""Smoker Friendly"":9,""Papa Murphy's"":9,""Wendy's"":9,""Burger King"":9,""United States Postal Service (USPS)"":9,""McDonald's"":9,""Arby's"":9}","{""Verizon Wireless"":34,""AT&T"":17,""T-Mobile"":17}","{""Netflix"":42,""Hulu"":25,""Funimation"":17,""Youtube"":9}",{},{},{},{}
165984,223-222@5sy-bzg-r6k,,,2022-05-01,2022-06-01,2825.34,17,16,86.66,75.31,"{""25"":43.28,""75"":266.40}","[0.00,0.00,0.00,15.91,0.00,27.87,0.00,0.00,1201.04,0.00,0.00,0.00,317.56,0.00,0.00,653.79,0.00,0.00,0.00,0.00,0.00,0.00,404.99,7.25,0.00,0.00,145.99,0.00,0.00,0.00,50.94]","[null,null,null,15.91,null,27.87,null,null,266.40,null,null,null,56.23,null,null,326.90,null,null,null,null,null,null,202.50,7.25,null,null,73.00,null,null,null,50.94]","{""Monday"":2259.82,""Tuesday"":58.19,""Wednesday"":15.91,""Thursday"":0.00,""Friday"":491.42,""Saturday"":0.00,""Sunday"":0.00}","{""Wednesday"":4,""Monday"":5,""Saturday"":4,""Thursday"":4,""Tuesday"":5,""Friday"":4,""Sunday"":5}",88.0,16.0,0,0.0,"{""No intermediary"":17}","{""No intermediary"":2825.34}","{""1"":15,""2"":1,""3"":0,""4"":0,""5-10"":0,"">10"":0}","{""1"":152.84,""2"":532.80,""3"":null,""4"":null,""5-10"":null,"">10"":null}","{""<25k"":6,""25-45k"":2,""45-60k"":4,""60-75k"":2,""75-100k"":2,""100-150k"":5,"">150k"":2}","{""<25k"":273.38,""25-45k"":86.66,""45-60k"":253.35,""60-75k"":38.05,""75-100k"":80.11,""100-150k"":167.06,"">150k"":82.14}","{""Placerville, ID"":7,""Morgan, UT"":4,""Rexburg, ID"":4,""Dover, DE"":2,""Sahuarita, AZ"":2,""Silsbee, TX"":2,""Cody, WY"":2,""Magnolia, TX"":2,""Sarasota, FL"":2,""Littleton, CO"":2,""Midvale, UT"":2,""Gibraltar, MI"":2,""Cheyenne, WY"":2,""Mentor, OH"":2}","{""Walmart"":69,""McDonald's"":50,""Exxon Mobil"":44,""Chevron"":38,""Taco Bell"":32,""Subway"":32,""Maverik"":25,""Costco"":25,""Pilot Flying J"":25,""United States Postal Service (USPS)"":25,""Sam's Club"":25,""Arby's"":25,""Jimmy John's"":19,""Verizon Wireless"":19,""Albertsons"":19,""Lowe's"":19,""Wendy's"":19,""Dairy Queen"":19,""Best Western"":19,""Shell Oil"":19}","{""Amazon"":44,""Sirius XM"":25,""Apple"":25,""Netflix"":25,""Barclaycard US"":19,""Verizon Wireless"":13,""Instant Ink"":13,""Chewy"":13,""eBay"":13,""Kohl's"":13,""Norton AntiVirus"":13,""Hulu"":13,""Amazon Digital Services"":13,""Best Buy"":13,""Walmart"":7,""Lyft"":7,""Target"":7,""Planet Fitness"":7,""Family Dollar"":7,""Uber"":7}","{""Best Western"":19,""Fairfield Inn & Suites by Marriott"":7,""Hyatt Hotels & Resorts"":7,""Homewood Suites by Hilton"":7,""Hampton"":7,""Red Roof Inn"":7,""Courtyard by Marriott"":7}","{""Walmart"":32,""Maverik"":13,""Albertsons"":7,""Sierra"":7,""Walgreens"":7,""Dairy Queen"":7,""United States Postal Service (USPS)"":7,""McDonald's"":7,""Tractor Supply Co."":7}","{""Verizon Wireless"":32,""T-Mobile"":7,""Cricket Wireless"":7}","{""Netflix"":25,""Redbox"":13,""Hulu"":13,""YouTube TV"":7,""Youtube"":7,""Peacock"":7,""Amazon Prime"":7,""Amazon Prime Video"":7}",{},"{""Lyft"":7,""Uber"":7}",{},{}
166029,224-222@5sy-bzg-cnq,SG_BRAND_764ff6f1443f4f0c067b43a0934dc9dc,Builders FirstSource,2022-05-01,2022-06-01,2118.21,2,2,1059.11,1059.11,"{""25"":41.02,""75"":2077.19}","[0.00,0.00,0.00,0.00,0.00,0.00,0.00,0.00,0.00,0.00,0.00,0.00,0.00,0.00,0.00,0.00,0.00,0.00,0.00,0.00,0.00,0.00,0.00,2077.19,41.02,0.00,0.00,0.00,0.00,0.00,0.00]","[null,null,null,null,null,null,null,null,null,null,null,null,null,null,null,null,null,null,null,null,null,null,null,2077.19,41.02,null,null,null,null,null,null]","{""Monday"":0.00,""Tuesday"":2077.19,""Wednesday"":41.02,""Thursday"":0.00,""Friday"":0.00,""Saturday"":0.00,""Sunday"":0.00}","{""Wednesday"":4,""Monday"":5,""Saturday"":4,""Thursday"":4,""Tuesday"":5,""Friday"":4,""Sunday"":5}",,,0,0.0,"{""No intermediary"":2}","{""No intermediary"":2118.21}","{""1"":2,""2"":0,""3"":0,""4"":0,""5-10"":0,"">10"":0}","{""1"":1059.11,""2"":null,""3"":null,""4"":null,""5-10"":null,"">10"":null}","{""<25k"":2,"">150k"":4}","{""<25k"":41.02,"">150k"":2077.19}","{""Cody, WY"":2}","{""Walmart"":100,""Maverik"":100,""Albertsons"":50,""Bomgaars"":50,""Scheels"":50,""Wendy's"":50,""ConocoPhillips"":50,""Ace Hardware"":50,""O'Reilly Auto Parts"":50,""Walgreens"":50,""Dairy Queen"":50,""McDonald's"":50,""Tractor Supply Co."":50,""Exxon Mobil"":50,""Subway"":50}","{""Verizon Wireless"":50,""Amazon"":50,""YouTube TV"":50,""HelloFresh"":50,""Apple"":50,""Apple Card"":50,""Microsoft"":50,""Dick's Sporting Goods"":50,""Amazon Digital Services"":50,""PayPal"":50}",{},"{""Walmart"":100,""Albertsons"":50,""Wendy's"":50,""Ace Hardware"":50,""Maverik"":50,""O'Reilly Auto Parts"":50,""Walgreens"":50,""Dairy Queen"":50,""McDonald's"":50,""Subway"":50}","{""Verizon Wireless"":50}","{""YouTube TV"":50}","{""HelloFresh"":50}",{},{},"{""PayPal"":50,""Apple Card"":50}"
166041,226-222@5sy-bzg-cnq,,,2022-05-01,2022-06-01,549.84,12,6,36.32,67.66,"{""25"":22.42,""75"":59.06}","[0.00,0.00,0.00,81.86,14.00,0.00,0.00,0.00,0.00,0.00,88.86,0.00,34.76,0.00,0.00,0.00,0.00,39.73,0.00,36.32,0.00,27.91,0.00,0.00,64.73,0.00,36.32,0.00,0.00,0.00,125.35]","[null,null,null,40.93,14.00,null,null,null,null,null,88.86,null,34.76,null,null,null,null,39.73,null,36.32,null,27.91,null,null,32.37,null,36.32,null,null,null,125.35]","{""Monday"":0.00,""Tuesday"":125.35,""Wednesday"":275.18,""Thursday"":14.00,""Friday"":107.40,""Saturday"":0.00,""Sunday"":27.91}","{""Wednesday"":4,""Monday"":5,""Saturday"":4,""Thursday"":4,""Tuesday"":5,""Friday"":4,""Sunday"":5}",-9.0,-38.0,0,0.0,"{""No intermediary"":12}","{""No intermediary"":549.84}","{""1"":3,""2"":1,""3"":1,""4"":1,""5-10"":0,"">10"":0}","{""1"":57.95,""2"":26.31,""3"":107.40,""4"":242.28,""5-10"":null,"">10"":null}","{""25-45k"":2,""45-60k"":2,""100-150k"":4,"">150k"":2}","{""25-45k"":107.40,""45-60k"":27.91,""100-150k"":183.82,"">150k"":26.31}","{""Weatherford, TX"":2,""Cody, WY"":2,""Dallas, TX"":2}","{""Walmart"":100,""Albertsons"":50,""Bomgaars"":34,""McDonald's"":34,""Exxon Mobil"":34,""Belk"":17,""Schlotzsky's"":17,""Weis Markets"":17,""Verizon Wireless"":17,""Chevron"":17,""Brookshire's Grocery Company"":17,""Sears Hometown Store"":17,""Murphy USA"":17,""Domino's Pizza"":17,""CEFCO"":17,""Lowe's"":17,""KFC"":17,""Whataburger"":17,""The Home Depot"":17,""Speedway"":17}","{""Amazon"":50,""Walmart"":34,""AT&T"":34,""YouTube TV"":17,""Sirius XM"":17,""Snap Finance"":17,""The Home Depot"":17,""Apple"":17,""Google"":17,""Pandora"":17,""Kohl's"":17,""TJX Companies"":17,""JCPenney"":17,""Amazon Digital Services"":17,""Best Buy"":17,""Affirm.com"":17}",{},"{""Walmart"":100,""Albertsons"":50,""Sears Hometown Store"":17,""Domino's Pizza"":17,""Wendy's"":17,""O'Reilly Auto Parts"":17}","{""AT&T"":50,""Verizon Wireless"":17}","{""YouTube TV"":17}",{},{},"{""Affirm.com"":17}","{""Apple Cash"":17}"
166055,223-222@5sy-bzh-4jv,SG_BRAND_857fcc0687933d1589554945329fe236,Maverik,2022-05-01,2022-06-01,7413.58,233,111,15.51,38.0,"{""25"":7.28,""75"":49.94}","[58.00,40.76,581.36,189.77,278.83,609.75,184.83,77.30,282.04,238.36,185.52,126.48,192.91,84.78,370.85,227.65,151.72,401.04,439.09,198.25,82.97,0.00,181.58,457.87,391.49,118.20,220.18,361.44,116.05,24.18,540.33]","[58.00,11.56,8.53,10.11,9.59,46.83,12.57,9.31,13.84,11.36,10.06,8.49,13.37,25.00,18.61,12.97,8.25,9.59,58.01,7.93,82.97,null,11.42,20.04,34.09,30.02,27.58,71.26,36.27,24.18,24.99]","{""Monday"":756.21,""Tuesday"":1969.64,""Wednesday"":1167.82,""Thursday"":962.60,""Friday"":1221.09,""Saturday"":714.02,""Sunday"":622.20}","{""Wednesday"":4,""Monday"":5,""Saturday"":4,""Thursday"":4,""Tuesday"":5,""Friday"":4,""Sunday"":5}",23.0,40.0,6,383.26,"{""No intermediary"":233}","{""No intermediary"":7413.58}","{""1"":73,""2"":19,""3"":4,""4"":7,""5-10"":4,"">10"":4}","{""1"":40.50,""2"":74.68,""3"":40.50,""4"":141.57,""5-10"":124.44,"">10"":346.87}","{""<25k"":20,""25-45k"":12,""45-60k"":9,""60-75k"":4,""75-100k"":17,""100-150k"":19,"">150k"":30}","{""<25k"":41.95,""25-45k"":35.22,""45-60k"":53.74,""60-75k"":111.23,""75-100k"":65.35,""100-150k"":57.24,"">150k"":96.41}","{""Cody, WY"":16,""Clark, WY"":11,""Boise, ID"":6,""Medford, OR"":5,""Provo, UT"":4,""Newbury Park, CA"":4,""Afton, WY"":3,""Burley, ID"":3,""Saint George, UT"":2,""Bovill, ID"":2,""Lovell, WY"":2,""Durango, CO"":2,""Sandy, UT"":2,""Marysvale, UT"":2,""Bowling Green, KY"":2,""Vernal, UT"":2,""Brewerton, NY"":2,""Bryan, WY"":2,""Pontiac, IL"":2,""Mesa, AZ"":2,""Silsbee, TX"":2,""Cypress, TX"":2,""Gillette, WY"":2,""Overland Park, KS"":2,""Basin, WY"":2,""Ogden, UT"":2,""Pocatello, ID"":2,""Clearfield, UT"":2,""Lamont, WY"":2,""Denver, CO"":2,""Williamsville, NY"":2,""Grand Junction, CO"":2,""Dover, IL"":2,""Draper, UT"":2,""Erda, UT"":2,""Nampa, ID"":2,""Benson, NC"":2,""Salem, OR"":2,""Gastonia, NC"":2,""Cowley, WY"":2,""Acme, WY"":2,""Belleville, IL"":2,""Luther, MT"":2,""Cheyenne, WY"":2,""Basin, ID"":2,""Wake Forest, NC"":2,""Bloomfield Hills, MI"":2}","{""Walmart"":73,""McDonald's"":54,""Albertsons"":44,""Exxon Mobil"":33,""Wendy's"":32,""ConocoPhillips"":28,""Chevron"":27,""Costco"":26,""Ace Hardware"":25,""Shell Oil"":25,""Bomgaars"":24,""Subway"":19,""Dairy Queen"":19,""Smith's Food & Drug Stores"":18,""Blair's"":18,""Arby's"":18,""Verizon Wireless"":17,""Tractor Supply Co."":17,""Family Dollar Stores"":17,""Taco John's"":16}","{""Amazon"":56,""Apple"":44,""Netflix"":28,""Spotify"":27,""Amazon Digital Services"":18,""Amazon Marketplace"":17,""AT&T"":16,""Sirius XM"":11,""Walmart"":10,""Hulu"":10,""Verizon Wireless"":10,""Google"":9,""Maverik"":9,""Steam"":7,""Costco"":7,""Audible"":7,""Comcast"":7,""T-Mobile"":7,""YouTube TV"":5,""Nintendo"":5}","{""Big D"":5}","{""Walmart"":40,""Albertsons"":37,""McDonald's"":22,""Wendy's"":14,""Dairy Queen"":13,""Arby's"":13,""ConocoPhillips"":9,""Walgreens"":8,""Tractor Supply Co."":8,""Taco John's"":7,""Ace Hardware"":7,""Domino's Pizza"":6,""Subway"":5,""Papa Murphy's"":4,""O'Reilly Auto Parts"":4,""Smoker Friendly"":3,""CARQUEST Auto Parts"":2,""Boot Barn"":2,""Sierra"":2,""United States Postal Service (USPS)"":2}","{""Verizon Wireless"":25,""AT&T"":19,""T-Mobile"":8,""Straight Talk"":4,""Cricket Wireless"":2,""Sprint"":1}","{""Netflix"":28,""Hulu"":10,""Redbox"":9,""Disney Plus"":9,""YouTube TV"":5,""Dish Network"":5,""Peacock"":5,""Roku"":4,""Vudu"":4,""Crunchyroll"":3,""Amazon Prime"":3,""Youtube Premium"":3,""DirecTV"":2,""Amazon Prime Video"":2,""HBO Max"":1,""Starz"":1}","{""Uber Eats"":2,""DoorDash"":2,""Dashpass"":1,""HelloFresh"":1}","{""Uber"":4,""Lyft"":2}","{""Afterpay"":1,""Affirm.com"":1,""Klarna"":1}","{""PayPal"":4,""Apple Card"":4,""Apple Cash"":1,""Venmo"":1}"
166062,zzw-222@5sy-bzg-pgk,SG_BRAND_da46ad6f82825669a56b44d32564dff8,Domino's Pizza,2022-05-01,2022-06-01,4375.07,116,79,35.85,42.24,"{""25"":27.85,""75"":44.97}","[65.67,494.18,182.93,130.44,115.81,57.72,167.03,0.00,431.08,60.86,239.43,95.13,158.48,45.52,84.90,203.13,202.62,169.55,0.00,40.72,30.32,28.29,152.12,42.55,213.81,282.72,321.13,0.00,73.06,121.26,164.61]","[32.84,32.92,37.46,31.58,36.02,57.72,42.64,null,47.87,30.43,44.64,15.00,33.22,22.76,24.30,29.17,33.57,43.41,null,40.72,30.32,28.29,37.73,42.55,43.42,34.75,42.42,null,73.06,32.25,28.42]","{""Monday"":1401.77,""Tuesday"":653.57,""Wednesday"":753.23,""Thursday"":493.66,""Friday"":578.05,""Saturday"":242.87,""Sunday"":251.92}","{""Wednesday"":4,""Monday"":5,""Saturday"":4,""Thursday"":4,""Tuesday"":5,""Friday"":4,""Sunday"":5}",4.0,-43.0,7,246.58,"{""No intermediary"":112,""PayPal"":3,""Visa"":1}","{""No intermediary"":4196.97,""PayPal"":162.52,""Visa"":15.58}","{""1"":58,""2"":12,""3"":7,""4"":1,""5-10"":1,"">10"":0}","{""1"":36.58,""2"":74.03,""3"":135.53,""4"":139.19,""5-10"":277.22,"">10"":null}","{""<25k"":9,""25-45k"":14,""45-60k"":4,""60-75k"":5,""75-100k"":12,""100-150k"":10,"">150k"":16}","{""<25k"":38.92,""25-45k"":75.38,""45-60k"":34.46,""60-75k"":28.69,""75-100k"":69.54,""100-150k"":85.25,"">150k"":37.88}","{""Cody, WY"":16,""Gillette, WY"":8,""Denver, CO"":6,""Clark, WY"":6,""Acme, WY"":6,""Rapid City, SD"":5,""Medford, OR"":4,""Eagle, ID"":4,""Deadwood, SD"":3,""Allen, TX"":2,""Roy, UT"":2,""El Paso, TX"":2,""Farmville, VA"":2,""Mayodan, NC"":2,""Amherst, NY"":2,""Swormville, NY"":2,""Portland, OR"":2,""Fallbrook, CA"":2,""Conroe, TX"":2,""Sioux Falls, SD"":2,""Billings, MT"":2,""Casper, WY"":2,""Erie, PA"":2,""Lockport, NY"":2,""Newbury Park, CA"":2,""Idaho Falls, ID"":2,""Logan, UT"":2,""Lewiston, NY"":2}","{""Walmart"":83,""McDonald's"":61,""Albertsons"":52,""Maverik"":45,""Wendy's"":33,""Walgreens"":28,""Exxon Mobil"":28,""Dairy Queen"":25,""Subway"":25,""Arby's"":25,""ConocoPhillips"":23,""Burger King"":23,""Taco Bell"":22,""Bomgaars"":19,""Taco John's"":18,""Ace Hardware"":18,""Target"":17,""Spectrum"":17,""Tractor Supply Co."":16,""Verizon Wireless"":14}","{""Amazon"":50,""Apple"":36,""Netflix"":35,""Walmart"":23,""Amazon Digital Services"":23,""Hulu"":22,""Spotify"":18,""Sirius XM"":17,""Verizon Wireless"":13,""Amazon Marketplace"":12,""Google"":11,""eBay"":9,""AT&T"":9,""Xbox"":9,""Papa Murphy's"":8,""Amazon Kindle"":8,""Steam"":7,""Comcast"":7,""Etsy"":6,""Target"":6}","{""McDonald's"":63,""Wendy's"":33,""Dairy Queen"":26,""Subway"":26,""Arby's"":25,""Taco Bell"":23,""Burger King"":23,""Taco John's"":18,""Starbucks"":13,""Qdoba Mexican Grill"":13,""Papa Murphy's"":12,""Chick-fil-A"":11,""Jimmy John's"":9,""Olive Garden"":8,""Hardee's"":8,""Pizza Hut"":8,""Sonic"":7,""Buffalo Wild Wings"":7,""Panda Express"":7,""Dunkin'"":7}","{""Albertsons"":32,""Walmart"":28,""McDonald's"":16,""Dairy Queen"":13,""Maverik"":11,""Wendy's"":8,""ConocoPhillips"":8,""Arby's"":8,""Walgreens"":6,""United States Postal Service (USPS)"":6,""Tractor Supply Co."":6,""Subway"":6,""Taco John's"":4,""Ace Hardware"":4,""Dollar Tree"":4,""Papa Murphy's"":3,""The UPS Store"":3,""Boot Barn"":3,""Sierra"":3,""Burger King"":3}","{""Verizon Wireless"":27,""AT&T"":14,""T-Mobile"":4,""Cricket Wireless"":3,""Straight Talk"":3,""Boost Mobile"":2,""Sprint"":2}","{""Netflix"":35,""Hulu"":22,""Disney Plus"":7,""Peacock"":6,""Fubo"":4,""Redbox"":4,""Starz"":4,""Roku"":3,""YouTube TV"":3,""Dish Network"":3,""Vudu"":3,""DirecTV"":3,""Youtube Premium"":3,""Sling TV"":2,""Youtube"":2,""Amazon Prime"":2}","{""Uber Eats"":3,""Dashpass"":2,""HelloFresh"":2,""DoorDash"":2}","{""Lyft"":2,""Uber"":2}","{""Klarna"":6,""Afterpay"":2}","{""Apple Cash"":6,""Apple Card"":3,""PayPal"":2}"
166074,222-222@5sy-bxt-f75,SG_BRAND_d4ad991c2ae24f7c,Davi Nails,2022-05-01,2022-06-01,260.0,2,2,130.0,130.0,"{""25"":60.00,""75"":200.00}","[0.00,0.00,0.00,0.00,0.00,0.00,0.00,0.00,60.00,0.00,0.00,0.00,200.00,0.00,0.00,0.00,0.00,0.00,0.00,0.00,0.00,0.00,0.00,0.00,0.00,0.00,0.00,0.00,0.00,0.00,0.00]","[null,null,null,null,null,null,null,null,60.00,null,null,null,200.00,null,null,null,null,null,null,null,null,null,null,null,null,null,null,null,null,null,null]","{""Monday"":60.00,""Tuesday"":0.00,""Wednesday"":0.00,""Thursday"":0.00,""Friday"":200.00,""Saturday"":0.00,""Sunday"":0.00}","{""Wednesday"":4,""Monday"":5,""Saturday"":4,""Thursday"":4,""Tuesday"":5,""Friday"":4,""Sunday"":5}",,-24.0,0,0.0,"{""No intermediary"":2}","{""No intermediary"":260.00}","{""1"":2,""2"":0,""3"":0,""4"":0,""5-10"":0,"">10"":0}","{""1"":130.00,""2"":null,""3"":null,""4"":null,""5-10"":null,"">10"":null}","{""<25k"":2,"">150k"":2}","{""<25k"":60.00,"">150k"":200.00}",{},"{""Walmart"":50,""Target"":50,""Albertsons"":50,""CARQUEST Auto Parts"":50,""Holiday Station"":50,""ConocoPhillips"":50,""Sierra"":50,""Kohl's"":50,""Maverik"":50,""Bed Bath & Beyond"":50,""O'Reilly Auto Parts"":50,""Costco"":50,""Walgreens"":50,""Tractor Supply Co."":50,""AutoZone"":50,""Arby's"":50}","{""AT&T"":50}",{},"{""Walmart"":50,""Albertsons"":50,""CARQUEST Auto Parts"":50,""Maverik"":50,""O'Reilly Auto Parts"":50,""Walgreens"":50,""Tractor Supply Co."":50,""AutoZone"":50,""Arby's"":50}","{""AT&T"":50}",{},{},{},{},{}
166080,zzw-224@5sy-bzg-pgk,,,2022-05-01,2022-06-01,762.28,11,10,55.12,58.3,"{""25"":42.25,""75"":80.52}","[0.00,0.00,42.25,0.00,0.00,0.00,0.00,0.00,0.00,0.00,200.88,0.00,0.00,0.00,0.00,0.00,0.00,41.40,0.00,0.00,0.00,0.00,73.67,0.00,0.00,115.60,73.36,0.00,0.00,0.00,215.12]","[null,null,42.25,null,null,null,null,null,null,null,100.44,null,null,null,null,null,null,41.40,null,null,null,null,36.84,null,null,57.80,73.36,null,null,null,107.56]","{""Monday"":73.67,""Tuesday"":257.37,""Wednesday"":242.28,""Thursday"":115.60,""Friday"":73.36,""Saturday"":0.00,""Sunday"":0.00}","{""Wednesday"":4,""Monday"":5,""Saturday"":4,""Thursday"":4,""Tuesday"":5,""Friday"":4,""Sunday"":5}",230.0,121.0,0,0.0,"{""No intermediary"":11}","{""No intermediary"":762.28}","{""1"":9,""2"":1,""3"":0,""4"":0,""5-10"":0,"">10"":0}","{""1"":66.72,""2"":161.76,""3"":null,""4"":null,""5-10"":null,"">10"":null}","{""25-45k"":2,""45-60k"":3,""60-75k"":4,""75-100k"":2,""100-150k"":3,"">150k"":2}","{""25-45k"":36.84,""45-60k"":48.69,""60-75k"":161.76,""75-100k"":80.52,""100-150k"":62.99,"">150k"":160.00}","{""Champaign, IL"":4,""Columbus, IN"":2,""Pontiac, IL"":2,""Cody, WY"":2,""Gainesville, MO"":2,""Emigrant, MT"":2,""Benson, NC"":2,""Billings, MT"":2,""Luther, MT"":2,""Kulpsville, PA"":2}","{""Walmart"":60,""Maverik"":40,""McDonald's"":40,""Target"":30,""Albertsons"":30,""Costco"":30,""Walgreens"":30,""Subway"":30,""Verizon Wireless"":20,""Taco John's"":20,""Starbucks"":20,""ConocoPhillips"":20,""Ace Hardware"":20,""Pilot Flying J"":20,""United States Postal Service (USPS)"":20,""Marshalls"":20,""Microsoft Store"":20,""Blair's"":20,""Sonic"":10,""Hallmark Cards"":10}","{""Amazon"":60,""Apple"":50,""Netflix"":40,""Hulu"":30,""Spotify"":30,""Google"":20,""Patreon"":20,""Comcast"":20,""Amazon Marketplace"":20,""Bank of America Merchant Services"":10,""ADT Security Services"":10,""Verizon Wireless"":10,""Uber"":10,""Paramount"":10,""TouchTunes"":10,""Chewy"":10,""Airbnb"":10,""Nintendo"":10,""Scheels"":10,""Youtube"":10}","{""McDonald's"":40,""Subway"":30,""Taco John's"":20,""Starbucks"":20,""Sonic"":10,""Old Chicago Pizza and Taproom"":10,""Corner Bakery Cafe"":10,""Auntie Anne's"":10,""Heidi's Brooklyn Deli"":10,""Blue Sushi Sake Grill"":10,""Wingstop"":10,""Del Taco"":10,""Wendy's"":10,""Qdoba Mexican Grill"":10,""Hardee's"":10,""Dairy Queen"":10,""Burger King"":10,""Pizza Hut"":10,""In-N-Out Burger"":10,""Hurts Donut"":10}","{""Walmart"":50,""Albertsons"":30,""Maverik"":30,""Walgreens"":30,""McDonald's"":20,""Taco John's"":10,""Wendy's"":10,""ConocoPhillips"":10,""Ace Hardware"":10,""Sierra"":10,""Burger King"":10,""Pizza Hut"":10,""Subway"":10,""Dollar Tree"":10}","{""Verizon Wireless"":30}","{""Netflix"":40,""Hulu"":30,""Disney Plus"":10,""Youtube"":10}",{},"{""Uber"":10}",{},"{""Apple Card"":10}"
166242,22b-222@5sy-bzg-m8v,,,2022-05-01,2022-06-01,2967.09,33,24,65.59,93.67,"{""25"":25.74,""75"":116.07}","[0.00,0.00,0.00,0.00,12.13,102.39,263.96,0.00,11.60,87.64,10.53,0.00,36.10,181.93,21.52,613.38,125.20,69.88,0.00,202.17,30.08,0.00,0.00,0.00,140.42,152.82,638.19,96.17,0.00,0.00,170.98]","[null,null,null,null,6.06,102.39,263.96,null,11.60,87.64,10.53,null,36.10,90.97,21.52,306.69,125.20,69.88,null,19.51,30.08,null,null,null,70.21,152.82,99.22,48.09,null,null,39.25]","{""Monday"":624.98,""Tuesday"":383.82,""Wednesday"":220.83,""Thursday"":164.95,""Friday"":978.85,""Saturday"":572.14,""Sunday"":21.52}","{""Wednesday"":4,""Monday"":5,""Saturday"":4,""Thursday"":4,""Tuesday"":5,""Friday"":4,""Sunday"":5}",25.0,604.0,0,0.0,"{""No intermediary"":33}","{""No intermediary"":2967.09}","{""1"":21,""2"":0,""3"":1,""4"":1,""5-10"":1,"">10"":0}","{""1"":112.11,""2"":null,""3"":48.23,""4"":148.42,""5-10"":416.07,"">10"":null}","{""<25k"":3,""25-45k"":2,""60-75k"":2,""75-100k"":2,""100-150k"":2,"">150k"":8}","{""<25k"":73.70,""25-45k"":71.62,""60-75k"":166.53,""75-100k"":58.92,""100-150k"":43.74,"">150k"":196.51}","{""Cody, WY"":4,""Okay, OK"":2,""Incline Village, NV"":2,""Blackfoot, ID"":2,""Silsbee, TX"":2,""Sterling, VA"":2,""Pocatello, ID"":2,""Haleiwa, HI"":2,""Clark, WY"":2,""Bellevue, WA"":2,""Ellicott, NY"":2,""Torrance, CA"":2,""Luther, MT"":2}","{""Walmart"":75,""Albertsons"":46,""Walgreens"":46,""Maverik"":42,""McDonald's"":38,""Wendy's"":34,""Shell Oil"":34,""Verizon Wireless"":30,""United States Postal Service (USPS)"":30,""Subway"":30,""Starbucks"":25,""Exxon Mobil"":25,""Chevron"":21,""Bomgaars"":21,""Domino's Pizza"":21,""Costco"":21,""Chick-fil-A"":21,""Target"":17,""The Home Depot"":17,""7-Eleven"":17}","{""Amazon"":67,""Apple"":42,""Netflix"":38,""Hulu"":25,""Amazon Digital Services"":25,""Etsy"":17,""Audible"":17,""Verizon Wireless"":13,""Apple Card"":13,""Google"":13,""Spotify"":13,""AT&T"":13,""New York Times"":13,""Wegmans"":9,""Sirius XM"":9,""Nintendo"":9,""HelloFresh"":9,""Holiday Inn"":9,""Patreon"":9,""Disney Plus"":9}","{""McDonald's"":38,""Wendy's"":34,""Subway"":30,""Starbucks"":25,""Domino's Pizza"":21,""Chick-fil-A"":21,""Dairy Queen"":17,""Arby's"":17,""Chili's Grill & Bar"":9,""Jack in the Box"":9,""Taco Time Northwest"":9,""Burger King"":9,""Sonic"":5,""Schlotzsky's"":5,""Little Caesars"":5,""Chipotle Mexican Grill"":5,""Auntie Anne's"":5,""Olive Garden"":5,""Elmer's Restaurants"":5,""Freddy's Frozen Custard"":5}","{""Walmart"":50,""Albertsons"":38,""Maverik"":21,""Walgreens"":21,""United States Postal Service (USPS)"":17,""Wendy's"":13,""Tractor Supply Co."":13,""Holiday Inn"":9,""Boot Barn"":9,""Arby's"":9,""Smoker Friendly"":5,""Domino's Pizza"":5,""The UPS Store"":5,""ConocoPhillips"":5,""Ace Hardware"":5,""Sherwin-Williams"":5,""McDonald's"":5,""Dollar Tree"":5}","{""Verizon Wireless"":38,""AT&T"":21,""Cricket Wireless"":5,""Sprint"":5,""T-Mobile"":5}","{""Netflix"":38,""Hulu"":25,""Disney Plus"":13,""Roku"":5,""HBO Max"":5,""Redbox"":5,""Amazon Prime"":5,""DirecTV"":5}","{""HelloFresh"":9,""Uber Eats"":5}",{},"{""Afterpay"":5}","{""Apple Card"":13}"
166265,22p-222@5sy-bzg-qzz,,,2022-05-01,2022-06-01,70.83,5,5,16.27,16.27,"{""25"":5.18,""75"":22.10}","[0.00,6.20,0.00,16.27,0.00,0.00,0.00,0.00,0.00,4.16,0.00,0.00,0.00,0.00,0.00,0.00,21.82,0.00,0.00,0.00,0.00,0.00,0.00,0.00,0.00,0.00,0.00,0.00,0.00,0.00,22.38]","[null,6.20,null,16.27,null,null,null,null,null,4.16,null,null,null,null,null,null,21.82,null,null,null,null,null,null,null,null,null,null,null,null,null,22.38]","{""Monday"":6.20,""Tuesday"":48.36,""Wednesday"":16.27,""Thursday"":0.00,""Friday"":0.00,""Saturday"":0.00,""Sunday"":0.00}","{""Wednesday"":4,""Monday"":5,""Saturday"":4,""Thursday"":4,""Tuesday"":5,""Friday"":4,""Sunday"":5}",114.0,,0,0.0,"{""No intermediary"":5}","{""No intermediary"":70.83}","{""1"":5,""2"":0,""3"":0,""4"":0,""5-10"":0,"">10"":0}","{""1"":14.17,""2"":null,""3"":null,""4"":null,""5-10"":null,"">10"":null}","{""45-60k"":2,""60-75k"":2,"">150k"":6}","{""45-60k"":4.16,""60-75k"":6.20,"">150k"":20.16}","{""Allen, TX"":2,""Salt Lake City, UT"":2,""Cody, WY"":2,""Cooke City, MT"":2,""Clark, WY"":2}","{""Walmart"":60,""ConocoPhillips"":60,""Bomgaars"":40,""Hobby Lobby Stores"":40,""Wendy's"":40,""Circle K"":40,""Maverik"":40,""Kum & Go"":40,""McDonald's"":40,""Tractor Supply Co."":40,""Exxon Mobil"":40,""Shell Oil"":40,""Big D"":20,""ULTA Beauty"":20,""Kwik Trip"":20,""BP"":20,""Total Wine & More"":20,""Barnes and Noble"":20,""Hannaford Supermarkets"":20,""ALDI"":20}","{""Amazon"":40,""Verizon Wireless"":20,""Chewy"":20,""Lowe's"":20,""KFC"":20,""Macy's"":20,""Apple"":20,""Netflix"":20,""Kohl's"":20,""Peacock"":20,""Amazon Digital Services"":20,""Best Buy"":20,""New York Times"":20,""Xbox"":20}","{""Wendy's"":40,""McDonald's"":40,""Taco Bueno"":20,""Domino's Pizza"":20,""Taco John's"":20,""KFC"":20,""Whataburger"":20,""Starbucks"":20,""Denny's"":20,""Chick-fil-A"":20,""Cracker Barrel"":20,""Pizza Hut"":20,""Beans & Brews Coffeehouse"":20,""Subway"":20,""Arby's"":20}","{""Walmart"":40,""ConocoPhillips"":40,""Tractor Supply Co."":40,""Albertsons"":20,""Domino's Pizza"":20,""Wendy's"":20,""Boot Barn"":20,""McDonald's"":20,""Dollar Tree"":20,""Arby's"":20}","{""T-Mobile"":20,""Verizon Wireless"":20}","{""Peacock"":20,""Netflix"":20}",{},{},{},{}
166622,224-222@5sy-bzg-r49,,,2022-06-01,2022-07-01,374.83,10,8,26.11,51.94,"{""25"":21.64,""75"":55.28}","[0.00,0.00,0.00,0.00,0.00,0.00,0.00,0.00,55.00,0.00,0.00,0.00,0.00,0.00,0.00,0.00,0.00,0.00,0.00,0.00,43.28,0.00,0.00,21.52,50.22,53.65,124.05,0.00,0.00,27.11]","[null,null,null,null,null,null,null,null,55.00,null,null,null,null,null,null,null,null,null,null,null,21.64,null,null,21.52,25.11,53.65,62.03,null,null,27.11]","{""Monday"":124.05,""Tuesday"":43.28,""Wednesday"":0.00,""Thursday"":82.11,""Friday"":21.52,""Saturday"":50.22,""Sunday"":53.65}","{""Wednesday"":5,""Monday"":4,""Saturday"":4,""Thursday"":5,""Tuesday"":4,""Friday"":4,""Sunday"":4}",33.0,-63.0,0,0.0,"{""No intermediary"":10}","{""No intermediary"":374.83}","{""1"":6,""2"":2,""3"":0,""4"":0,""5-10"":0,"">10"":0}","{""1"":46.89,""2"":46.75,""3"":null,""4"":null,""5-10"":null,"">10"":null}","{""<25k"":2,""25-45k"":2,""100-150k"":2,"">150k"":3}","{""<25k"":55.00,""25-45k"":53.65,""100-150k"":42.61,"">150k"":46.11}","{""Newbury Park, CA"":5,""Cody, WY"":2,""Baltimore, MD"":2,""Kimberton, PA"":2}","{""Walmart"":75,""Albertsons"":63,""McDonald's"":63,""ConocoPhillips"":50,""Walgreens"":50,""Starbucks"":38,""Maverik"":38,""United States Postal Service (USPS)"":38,""Target"":25,""Loaf 'N Jug"":25,""Bomgaars"":25,""Domino's Pizza"":25,""Wendy's"":25,""Costco"":25,""Wegmans Food Markets"":25,""Whole Foods Market"":25,""Giant Food"":25,""Dairy Queen"":25,""Pilot Flying J"":25,""Burger King"":25}","{""Amazon"":50,""Netflix"":38,""Amazon Marketplace"":38,""Verizon Wireless"":25,""Apple"":25,""Kohl's"":25,""Venmo"":13,""Walmart"":13,""Lyft"":13,""DoorDash"":13,""CenturyLink"":13,""Barclaycard US"":13,""Peloton Cycles"":13,""Adobe Systems"":13,""KFC"":13,""The Home Depot"":13,""HelloFresh"":13,""Goodwill"":13,""Macy's"":13,""Wendy's"":13}","{""McDonald's"":63,""Starbucks"":38,""Domino's Pizza"":25,""Wendy's"":25,""Dairy Queen"":25,""Burger King"":25,""Arby's"":25,""Chipotle Mexican Grill"":13,""Heidi's Brooklyn Deli"":13,""Shake Shack"":13,""Taco Bell"":13,""KFC"":13,""Mackenzie River"":13,""Le Pain Quotidien"":13,""Pizza Hut"":13,""In-N-Out Burger"":13,""Subway"":13}","{""Walmart"":63,""Albertsons"":63,""McDonald's"":50,""Walgreens"":38,""ConocoPhillips"":25,""Dairy Queen"":25,""Arby's"":25,""Bomgaars"":13,""Domino's Pizza"":13,""The UPS Store"":13,""Wendy's"":13,""Ace Hardware"":13,""Maverik"":13,""Burger King"":13,""Tractor Supply Co."":13,""Pizza Hut"":13,""AutoZone"":13}","{""Verizon Wireless"":38,""Sprint"":13,""AT&T"":13}","{""Netflix"":38}","{""HelloFresh"":13,""DoorDash"":13}","{""Lyft"":13}",{},"{""Venmo"":13}"
166677,zzw-222@5sy-bxw-2ff,SG_BRAND_145c1489fa573d560d97e55303667793,Bomgaars,2022-06-01,2022-07-01,18959.17,302,181,34.22,50.42,"{""25"":15.59,""75"":64.25}","[169.71,136.63,210.29,517.69,519.44,647.66,493.12,217.52,145.05,758.65,217.06,733.14,1058.73,224.70,15.99,1049.02,770.09,225.14,2988.45,671.04,1541.45,342.94,500.64,532.17,1272.04,333.54,1185.53,246.80,677.18,557.76]","[9.62,37.85,58.87,43.63,38.53,42.32,40.39,38.34,34.72,25.80,16.08,65.30,27.40,19.23,15.99,39.99,40.89,24.06,43.85,60.93,30.96,25.57,33.47,46.03,120.46,32.07,40.78,123.40,42.35,43.68]","{""Monday"":3562.96,""Tuesday"":2506.07,""Wednesday"":1423.34,""Thursday"":2389.10,""Friday"":2271.20,""Saturday"":2231.93,""Sunday"":4574.57}","{""Wednesday"":5,""Monday"":4,""Saturday"":4,""Thursday"":5,""Tuesday"":4,""Friday"":4,""Sunday"":4}",,,0,0.0,"{""No intermediary"":302}","{""No intermediary"":18959.17}","{""1"":123,""2"":29,""3"":18,""4"":2,""5-10"":9,"">10"":0}","{""1"":51.57,""2"":221.33,""3"":124.24,""4"":142.97,""5-10"":408.33,"">10"":null}","{""<25k"":5,""25-45k"":22,""45-60k"":20,""60-75k"":21,""75-100k"":35,""100-150k"":34,"">150k"":44}","{""<25k"":31.59,""25-45k"":51.35,""45-60k"":169.79,""60-75k"":75.59,""75-100k"":73.48,""100-150k"":94.93,"">150k"":155.96}","{""Boone, IA"":39,""Newbury Park, CA"":29,""Ames, IA"":11,""Ankeny, IA"":10,""Grimes, IA"":7,""Luther, IA"":7,""Des Moines, IA"":7,""Bakersfield, CA"":6,""Dayton, IA"":6,""Fernald, IA"":4,""Woodward, IA"":4,""Fort Mill, SC"":3,""Fort Myers, FL"":3,""Eastlake, CO"":2,""Plano, TX"":2,""Lovell, WY"":2,""Carroll, IA"":2,""Washington, IL"":2,""Troy, MI"":2,""Sheldahl, IA"":2,""Alleman, IA"":2,""Fayetteville, AR"":2,""Lake View, IA"":2,""Palm Harbor, FL"":2,""Pine Apple, AL"":2,""Topeka, KS"":2,""Cody, WY"":2,""Adel, IA"":2,""Coalville, IA"":2,""Garden Grove, CA"":2,""Sioux Falls, SD"":2,""Beaver, IA"":2,""Vollmar, CO"":2,""Dawson, MO"":2,""Waterloo, IA"":2,""Eagleville, MO"":2,""Waukee, IA"":2,""Port Byron, IL"":2,""Aurora, CO"":2,""Huxley, IA"":2,""Berkley, IA"":2,""Glendale, AZ"":2,""Loughman, FL"":2,""Jackson, WY"":2,""Arco, ID"":2,""Long Lake, WI"":2,""Wake Forest, NC"":2,""Springfield, MO"":2}","{""Walmart"":91,""Casey's General Stores"":67,""McDonald's"":61,""Hy-Vee"":58,""Fareway Stores"":37,""Walgreens"":36,""Kwik Trip"":35,""Target"":34,""Dollar General"":29,""Dairy Queen"":28,""Subway"":27,""Ace Hardware"":26,""Menard's"":26,""Verizon Wireless"":26,""Wendy's"":25,""Sam's Club"":24,""Albertsons"":23,""Lowe's"":23,""Taco John's"":21,""Maverik"":20}","{""Amazon"":60,""Amazon Marketplace"":45,""Apple"":36,""Netflix"":34,""Walmart"":18,""Hulu"":17,""Sirius XM"":15,""Spotify"":15,""Amazon Digital Services"":14,""MediaCom"":12,""Target"":11,""Verizon Wireless"":11,""Etsy"":9,""Google"":9,""Audible"":9,""YouTube TV"":7,""Sam's Club"":7,""Amazon Kindle"":7,""Adobe Systems"":6,""The Home Depot"":6}","{""Kohl's"":12,""T.J. Maxx"":9,""Ross Stores"":5,""JCPenney"":4,""Dillard's"":2,""Bi-Mart"":1}","{""Albertsons"":20,""Walmart"":20,""McDonald's"":14,""Wendy's"":11,""Dairy Queen"":10,""Ace Hardware"":10,""Domino's Pizza"":8,""ConocoPhillips"":7,""Arby's"":6,""Maverik"":5,""Taco John's"":5,""Sierra"":5,""Subway"":4,""Walgreens"":3,""The UPS Store"":2,""Burger King"":2,""AutoZone"":2,""maurices"":2,""CARQUEST Auto Parts"":2,""O'Reilly Auto Parts"":2}","{""Verizon Wireless"":35,""AT&T"":10,""U.S. Cellular"":7,""T-Mobile"":3,""Straight Talk"":3,""Sprint"":2,""Cricket Wireless"":2,""Disney Mobile"":1,""TracFone Wireless"":1}","{""Netflix"":34,""Hulu"":17,""Disney Plus"":8,""YouTube TV"":7,""Fubo"":6,""Peacock"":4,""Youtube"":4,""Dish Network"":4,""Roku"":3,""Amazon Prime Video"":3,""Starz"":3,""Redbox"":2,""Sling TV"":2,""HBO Max"":1,""Funimation"":1,""Vudu"":1}","{""DoorDash"":5,""Dashpass"":3,""Postmates"":2,""Instacart"":2,""Uber Eats"":2,""HelloFresh"":1}","{""Uber"":3}","{""Acima Credit"":3,""Afterpay"":3,""Affirm.com"":3,""Klarna"":2,""Sezzle"":1}","{""PayPal"":3,""Apple Card"":2,""Apple Cash"":1}"
166680,224-222@5sy-bzg-cnq,SG_BRAND_764ff6f1443f4f0c067b43a0934dc9dc,Builders FirstSource,2022-06-01,2022-07-01,85.15,2,2,42.58,42.58,"{""25"":41.59,""75"":43.56}","[0.00,43.56,0.00,0.00,0.00,0.00,0.00,0.00,0.00,0.00,0.00,0.00,0.00,0.00,0.00,41.59,0.00,0.00,0.00,0.00,0.00,0.00,0.00,0.00,0.00,0.00,0.00,0.00,0.00,0.00]","[null,43.56,null,null,null,null,null,null,null,null,null,null,null,null,null,41.59,null,null,null,null,null,null,null,null,null,null,null,null,null,null]","{""Monday"":0.00,""Tuesday"":0.00,""Wednesday"":0.00,""Thursday"":85.15,""Friday"":0.00,""Saturday"":0.00,""Sunday"":0.00}","{""Wednesday"":5,""Monday"":4,""Saturday"":4,""Thursday"":5,""Tuesday"":4,""Friday"":4,""Sunday"":4}",-96.0,-34.0,0,0.0,"{""No intermediary"":2}","{""No intermediary"":85.15}","{""1"":2,""2"":0,""3"":0,""4"":0,""5-10"":0,"">10"":0}","{""1"":42.58,""2"":null,""3"":null,""4"":null,""5-10"":null,"">10"":null}","{""<25k"":2,""60-75k"":4}","{""<25k"":43.56,""60-75k"":41.59}","{""Newbury Park, CA"":2,""Cody, WY"":2}","{""Walmart"":100,""Albertsons"":100,""Bomgaars"":100,""Ace Hardware"":100,""Maverik"":100,""Verizon Wireless"":50,""Papa Murphy's"":50,""Domino's Pizza"":50,""Taco Bell"":50,""Taco John's"":50,""Hobby Lobby Stores"":50,""Wendy's"":50,""Sierra"":50,""O'Reilly Auto Parts"":50,""Tracfone"":50,""Dairy Queen"":50,""Blair's"":50,""McDonald's"":50,""Tractor Supply Co."":50,""Exxon Mobil"":50}","{""Amazon Marketplace"":50,""Disney Mobile"":50,""Anytime Fitness"":50,""Audible"":50}",{},"{""Walmart"":100,""Albertsons"":100,""Papa Murphy's"":50,""Domino's Pizza"":50,""Wendy's"":50,""Ace Hardware"":50,""Dairy Queen"":50,""Tractor Supply Co."":50,""Arby's"":50}","{""Disney Mobile"":50,""Verizon Wireless"":50,""TracFone Wireless"":50}",{},{},{},{},{}
166701,226-222@5sy-bzg-cnq,,,2022-06-01,2022-07-01,937.37,19,7,40.06,36.2,"{""25"":18.10,""75"":67.02}","[104.48,40.06,0.00,0.00,0.00,0.00,0.00,72.40,0.00,40.06,0.00,0.00,242.64,0.00,105.25,40.06,0.00,0.00,0.00,17.49,0.00,52.00,0.00,40.06,0.00,0.00,67.02,0.00,115.85,0.00]","[104.48,40.06,null,null,null,null,null,72.40,null,40.06,null,null,18.10,null,105.25,40.06,null,null,null,17.49,null,52.00,null,40.06,null,null,67.02,null,115.85,null]","{""Monday"":327.15,""Tuesday"":0.00,""Wednesday"":449.98,""Thursday"":80.12,""Friday"":80.12,""Saturday"":0.00,""Sunday"":0.00}","{""Wednesday"":5,""Monday"":4,""Saturday"":4,""Thursday"":5,""Tuesday"":4,""Friday"":4,""Sunday"":4}",70.0,19.0,0,0.0,"{""No intermediary"":19}","{""No intermediary"":937.37}","{""1"":1,""2"":3,""3"":1,""4"":1,""5-10"":1,"">10"":0}","{""1"":17.49,""2"":36.20,""3"":201.06,""4"":160.24,""5-10"":449.98,"">10"":null}","{""25-45k"":2,""60-75k"":2,""75-100k"":2,""100-150k"":2}","{""25-45k"":160.24,""60-75k"":201.06,""75-100k"":17.49,""100-150k"":449.98}","{""Newbury Park, CA"":2,""Troy, MI"":2,""Cody, WY"":2,""Dallas, TX"":2}","{""Walmart"":86,""McDonald's"":72,""Sierra"":58,""Dairy Queen"":58,""Albertsons"":43,""Wendy's"":43,""Waffle House"":43,""Shell Oil"":43,""Dollar General"":29,""Ace Hardware"":29,""Maverik"":29,""Exxon Mobil"":29,""Subway"":29,""Weis Markets"":15,""Golden Corral"":15,""Verizon Wireless"":15,""Chevron"":15,""Bomgaars"":15,""Domino's Pizza"":15,""Whataburger"":15}","{""Sirius XM"":43,""Amazon"":29,""Pizza Hut"":29,""Chili's"":15,""Verizon Wireless"":15,""Chewy"":15,""GoDaddy"":15,""Goodwill"":15,""7-Eleven"":15,""Apple"":15,""Netflix"":15,""ExxonMobil"":15,""AT&T"":15,""U-Haul"":15,""Aaron's"":15}",{},"{""Walmart"":58,""Sierra"":58,""Albertsons"":43,""Dairy Queen"":43,""Wendy's"":29,""Ace Hardware"":29,""Bomgaars"":15,""Domino's Pizza"":15,""McDonald's"":15,""Subway"":15}","{""AT&T"":29,""Verizon Wireless"":29}","{""Netflix"":15}",{},{},{},{}
166728,zzw-222@5sy-bzg-pgk,SG_BRAND_da46ad6f82825669a56b44d32564dff8,Domino's Pizza,2022-06-01,2022-07-01,8685.23,221,166,37.06,41.21,"{""25"":25.43,""75"":47.11}","[198.46,269.76,142.06,272.88,12.64,649.71,180.37,286.71,152.34,316.94,255.54,142.79,573.58,275.02,298.93,280.38,128.25,111.63,376.14,73.04,1016.32,239.02,255.48,193.86,174.24,122.56,596.75,394.10,452.91,242.82]","[37.05,37.93,29.49,41.47,12.64,37.51,33.37,31.34,22.86,35.64,37.51,38.75,35.30,48.32,47.67,34.73,64.13,21.61,51.25,25.98,39.39,39.13,39.68,27.40,42.62,30.21,40.01,40.96,47.11,32.41]","{""Monday"":1893.08,""Tuesday"":1865.81,""Wednesday"":1476.03,""Thursday"":1200.78,""Friday"":781.11,""Saturday"":814.29,""Sunday"":654.13}","{""Wednesday"":5,""Monday"":4,""Saturday"":4,""Thursday"":5,""Tuesday"":4,""Friday"":4,""Sunday"":4}",99.0,-7.0,5,185.98,"{""No intermediary"":220,""PayPal"":1}","{""No intermediary"":8643.32,""PayPal"":41.91}","{""1"":128,""2"":30,""3"":3,""4"":2,""5-10"":3,"">10"":0}","{""1"":39.60,""2"":80.26,""3"":101.50,""4"":181.07,""5-10"":180.56,"">10"":null}","{""<25k"":14,""25-45k"":23,""45-60k"":18,""60-75k"":9,""75-100k"":26,""100-150k"":39,"">150k"":30}","{""<25k"":34.41,""25-45k"":43.57,""45-60k"":39.04,""60-75k"":60.18,""75-100k"":44.49,""100-150k"":60.49,"">150k"":67.76}","{""Newbury Park, CA"":42,""Cody, WY"":11,""Acme, WY"":10,""Clark, WY"":7,""Gillette, WY"":5,""Miami, FL"":4,""Lockport, NY"":4,""Mobile, AL"":3,""Grants, NM"":3,""Smyrna, GA"":2,""Renton, WA"":2,""West Wendover, NV"":2,""Saint George, UT"":2,""Simi Valley, CA"":2,""Lovell, WY"":2,""Troy, MI"":2,""Ballard, UT"":2,""Salt Lake City, UT"":2,""Alameda, CA"":2,""Flagstaff, AZ"":2,""Clearwater, FL"":2,""Laramie, WY"":2,""Lapoint, UT"":2,""Cleveland, ND"":2,""East Thetford, VT"":2,""Hagerstown, MD"":2,""Buford, GA"":2,""Pine Apple, AL"":2,""Biscay, MN"":2,""Machesney Park, IL"":2,""Louisville, KY"":2,""Hyrum, UT"":2,""Amherst, NY"":2,""Cheektowaga, NY"":2,""Clovis, NM"":2,""Swormville, NY"":2,""Lamont, WY"":2,""Spring, TX"":2,""Madison, OH"":2,""Greenwood, SC"":2,""Cockeysville, MD"":2,""Rapid City, SD"":2,""Cortland, NY"":2,""Killeen, TX"":2,""Waite Park, MN"":2,""Columbus, MT"":2,""Colorado Springs, CO"":2,""Monument, CO"":2,""Francis, UT"":2,""Madison, NC"":2,""Dover, OH"":2,""Como, CO"":2,""Rexburg, ID"":2,""Grantsdale, MT"":2,""Waukee, IA"":2,""Billings, MT"":2,""Aurora, CO"":2,""Oklahoma City, OK"":2,""Dublin, GA"":2,""Glendale, AZ"":2,""Idaho Falls, ID"":2,""Albuquerque, NM"":2,""Rensselaer, NY"":2,""Wake Forest, NC"":2,""Bloomfield Hills, MI"":2}","{""Walmart"":88,""McDonald's"":67,""Albertsons"":57,""Maverik"":51,""Wendy's"":43,""Walgreens"":37,""Subway"":34,""Exxon Mobil"":30,""Taco Bell"":29,""ConocoPhillips"":27,""Arby's"":26,""Dairy Queen"":25,""Spectrum"":24,""The Home Depot"":22,""Verizon Wireless"":22,""Bomgaars"":20,""Taco John's"":20,""Holiday Station"":19,""Ace Hardware"":18,""Shell Oil"":17}","{""Amazon"":57,""Apple"":40,""Netflix"":40,""Amazon Marketplace"":29,""Hulu"":26,""Walmart"":24,""Amazon Digital Services"":23,""Spotify"":21,""Sirius XM"":19,""Verizon Wireless"":16,""AT&T"":14,""Target"":11,""Etsy"":10,""Audible"":9,""Xbox"":9,""Steam"":8,""Google"":8,""McDonald's"":8,""Pizza Hut"":8,""Affirm.com"":8}","{""McDonald's"":70,""Wendy's"":43,""Subway"":37,""Taco Bell"":31,""Arby's"":26,""Dairy Queen"":25,""Taco John's"":20,""Burger King"":16,""Starbucks"":15,""Qdoba Mexican Grill"":15,""Papa Murphy's"":13,""Pizza Hut"":13,""Jimmy John's"":11,""Panda Express"":10,""Old Chicago Pizza and Taproom"":9,""Chick-fil-A"":9,""Sonic"":7,""KFC"":7,""Hardee's"":7,""Texas Roadhouse"":7}","{""Walmart"":32,""Albertsons"":30,""Maverik"":17,""McDonald's"":17,""Wendy's"":14,""Dairy Queen"":14,""Subway"":11,""Bomgaars"":9,""ConocoPhillips"":8,""Ace Hardware"":8,""Taco John's"":7,""Sierra"":5,""Walgreens"":5,""Arby's"":5,""Boot Barn"":4,""Burger King"":4,""CARQUEST Auto Parts"":3,""The UPS Store"":3,""Tractor Supply Co."":3,""AutoZone"":3}","{""Verizon Wireless"":36,""AT&T"":16,""Straight Talk"":5,""T-Mobile"":5,""Cricket Wireless"":3,""Disney Mobile"":2,""Sprint"":2,""U.S. Cellular"":1,""TracFone Wireless"":1,""Boost Mobile"":1}","{""Netflix"":40,""Hulu"":26,""Disney Plus"":16,""Amazon Prime Video"":7,""Roku"":6,""Peacock"":5,""Redbox"":4,""Youtube"":4,""Starz"":4,""HBO Max"":2,""YouTube TV"":2,""Dish Network"":2,""Fubo"":2,""Vudu"":2,""Youtube Premium"":2,""Funimation"":1,""Crunchyroll"":1,""Time Warner Cable"":1,""Amazon Prime"":1,""DirecTV"":1}","{""DoorDash"":4,""Dashpass"":4,""Instacart"":3,""HelloFresh"":2,""Uber Eats"":2}","{""Uber"":6,""Lyft"":1}","{""Affirm.com"":8,""Klarna"":5,""Afterpay"":5,""Sezzle"":2,""Zip Company"":1,""Progressive Leasing"":1}","{""Apple Card"":7,""Apple Cash"":3,""PayPal"":1}"
166758,zzw-224@5sy-bzg-pgk,,,2022-06-01,2022-07-01,606.84,14,12,37.92,46.8,"{""25"":29.34,""75"":54.85}","[0.00,92.16,12.48,0.00,0.00,0.00,0.00,0.00,0.00,0.00,73.36,93.36,64.00,31.20,0.00,0.00,0.00,0.00,61.00,0.00,47.52,0.00,0.00,0.00,0.00,35.28,96.48,0.00,0.00,0.00]","[null,46.08,12.48,null,null,null,null,null,null,null,73.36,46.68,32.00,31.20,null,null,null,null,61.00,null,23.76,null,null,null,null,35.28,96.48,null,null,null]","{""Monday"":160.48,""Tuesday"":78.72,""Wednesday"":0.00,""Thursday"":92.16,""Friday"":12.48,""Saturday"":73.36,""Sunday"":189.64}","{""Wednesday"":5,""Monday"":4,""Saturday"":4,""Thursday"":5,""Tuesday"":4,""Friday"":4,""Sunday"":4}",-20.0,-59.0,0,0.0,"{""No intermediary"":14}","{""No intermediary"":606.84}","{""1"":10,""2"":2,""3"":0,""4"":0,""5-10"":0,"">10"":0}","{""1"":49.53,""2"":55.76,""3"":null,""4"":null,""5-10"":null,"">10"":null}","{""25-45k"":2,""75-100k"":2,"">150k"":5}","{""25-45k"":42.92,""75-100k"":51.49,"">150k"":62.14}","{""Chandler, AZ"":2,""Palm Harbor, FL"":2,""Cody, WY"":2,""Greenwood, SC"":2,""Southwick, MA"":2,""San Antonio, TX"":2,""Jackson, WY"":2,""Wake Forest, NC"":2}","{""Walmart"":75,""Walgreens"":67,""Albertsons"":59,""Wendy's"":59,""Exxon Mobil"":59,""Maverik"":50,""Target"":34,""Bomgaars"":34,""McDonald's"":34,""Jimmy John's"":25,""Lowe's"":25,""The UPS Store"":25,""Starbucks"":25,""Costco"":25,""Whole Foods Market"":25,""United States Postal Service (USPS)"":25,""Dollar Tree"":25,""Family Dollar Stores"":25,""ULTA Beauty"":17,""Chipotle Mexican Grill"":17}","{""Amazon"":42,""Apple"":34,""Netflix"":34,""Amazon Digital Services"":34,""Spotify"":25,""AT&T"":25,""Petco"":17,""Ticketmaster"":17,""Verizon Wireless"":17,""Planet Fitness"":17,""Steam"":17,""Fubo"":17,""Nintendo"":17,""GoDaddy"":17,""Coinbase"":17,""The Home Depot"":17,""Google"":17,""Audible"":17,""Amazon Marketplace"":17,""ADT Security Services"":9}","{""Wendy's"":59,""McDonald's"":34,""Jimmy John's"":25,""Starbucks"":25,""Chipotle Mexican Grill"":17,""Domino's Pizza"":17,""Taco Bell"":17,""Chick-fil-A"":17,""Dairy Queen"":17,""Burger King"":17,""Pizza Hut"":17,""Subway"":17,""Old Chicago Pizza and Taproom"":9,""Papa Murphy's"":9,""Charleston's"":9,""Potbelly Sandwich Works"":9,""Bill Miller Bar-B-Q"":9,""Whataburger"":9,""Ben & Jerry's"":9,""PJ's Coffee"":9}","{""Albertsons"":50,""Walgreens"":50,""Walmart"":42,""Wendy's"":25,""McDonald's"":25,""Bomgaars"":17,""The UPS Store"":17,""Boot Barn"":17,""Maverik"":17,""Dairy Queen"":17,""Smoker Friendly"":9,""Papa Murphy's"":9,""Domino's Pizza"":9,""O'Reilly Auto Parts"":9,""Burger King"":9,""United States Postal Service (USPS)"":9,""Tractor Supply Co."":9,""Pizza Hut"":9,""Subway"":9,""Dollar Tree"":9}","{""AT&T"":34,""Verizon Wireless"":25,""Straight Talk"":17}","{""Netflix"":34,""Fubo"":17,""Amazon Prime"":9,""DirecTV"":9}",{},{},{},"{""Apple Card"":9}"
166771,222-222@5sy-bxw-2tv,SG_BRAND_5179b21fc1d50950b99b4eecaa48c614,McDonald's,2022-06-01,2022-07-01,4787.99,342,221,11.34,15.34,"{""25"":7.26,""75"":19.03}","[157.87,92.86,147.52,149.56,53.92,595.52,147.47,89.90,178.50,272.91,29.84,65.05,403.28,175.84,200.93,169.96,306.50,68.18,0.00,98.34,252.83,72.50,87.19,133.67,58.71,31.15,355.94,93.90,169.92,128.23]","[21.27,11.86,12.98,21.48,15.86,12.06,6.76,8.97,18.04,10.22,14.92,12.82,12.01,11.03,8.32,8.87,14.12,17.03,null,13.18,9.36,10.69,10.17,12.22,6.76,31.15,14.15,9.17,16.22,10.66]","{""Monday"":1453.08,""Tuesday"":670.04,""Wednesday"":691.12,""Thursday"":656.74,""Friday"":860.60,""Saturday"":306.29,""Sunday"":150.12}","{""Wednesday"":5,""Monday"":4,""Saturday"":4,""Thursday"":5,""Tuesday"":4,""Friday"":4,""Sunday"":4}",41.0,-16.0,12,173.67,"{""No intermediary"":342}","{""No intermediary"":4787.99}","{""1"":169,""2"":28,""3"":7,""4"":8,""5-10"":8,"">10"":1}","{""1"":14.62,""2"":29.37,""3"":48.24,""4"":53.22,""5-10"":74.89,"">10"":132.01}","{""<25k"":28,""25-45k"":24,""45-60k"":24,""60-75k"":15,""75-100k"":20,""100-150k"":42,"">150k"":63}","{""<25k"":16.46,""25-45k"":17.29,""45-60k"":19.75,""60-75k"":23.03,""75-100k"":36.16,""100-150k"":21.42,"">150k"":22.53}","{""Newbury Park, CA"":25,""Cody, WY"":18,""Ogden, UT"":6,""Aurora, CO"":5,""Topeka, KS"":4,""Seattle, WA"":4,""Castle Rock, CO"":4,""Kensington, MD"":3,""Miami, FL"":3,""Worland, WY"":3,""Colorado Springs, CO"":3,""River Falls, WI"":3,""Idaho Falls, ID"":3,""New Florence, MO"":3,""Plano, TX"":2,""Saint George, UT"":2,""Joliet, MT"":2,""Altoona, PA"":2,""Raleigh, NC"":2,""Lovell, WY"":2,""Frisco, TX"":2,""Brigham City, UT"":2,""Fort Myers, FL"":2,""Syracuse, UT"":2,""Island Park, ID"":2,""Troy, MI"":2,""Chicago, IL"":2,""Salina, KS"":2,""Danville, KY"":2,""Taylorsville, UT"":2,""Saint Petersburg, FL"":2,""North Salt Lake, UT"":2,""Carlisle, IA"":2,""Wichita, KS"":2,""Vernal, UT"":2,""Ocala, FL"":2,""San Francisco, CA"":2,""Cornelius, NC"":2,""Chandler, AZ"":2,""Blackfoot, ID"":2,""Collins, OH"":2,""Springville, UT"":2,""Clearwater, FL"":2,""Birmingham, AL"":2,""Evesboro, NJ"":2,""Benjamin, UT"":2,""Boone, IA"":2,""Baltimore, MD"":2,""Pine Apple, AL"":2,""Pueblo, CO"":2,""Bridgeland, UT"":2,""Elberta, AL"":2,""Mechanicsville, VA"":2,""Omaha, NE"":2,""Brandon, FL"":2,""East Helena, MT"":2,""Portland, OR"":2,""Madison, OH"":2,""Altamont, UT"":2,""Twin Falls, ID"":2,""Cockeysville, MD"":2,""Denver, CO"":2,""Fishers, IN"":2,""Savannah, GA"":2,""New York, NY"":2,""Vero Beach, FL"":2,""Killeen, TX"":2,""Clark, WY"":2,""Boise, ID"":2,""Port Richey, FL"":2,""Ankeny, IA"":2,""Fayetteville, NC"":2,""Lake, WY"":2,""La Vernia, TX"":2,""Macks Inn, ID"":2,""Cicero, NY"":2,""Spokane, WA"":2,""Hermiston, OR"":2,""Castro Valley, CA"":2,""Lexington, KY"":2,""Orlando, FL"":2,""Idaho Springs, CO"":2,""Missouri City, TX"":2,""Draper, UT"":2,""Rexburg, ID"":2,""Bozeman, MT"":2,""Layton, UT"":2,""San Antonio, TX"":2,""Granite, CO"":2,""Paris, KY"":2,""Billings, MT"":2,""Torrance, CA"":2,""Conover, WI"":2,""Indianapolis, IN"":2,""Heglar, ID"":2,""Saratoga Springs, UT"":2,""Lynchburg, VA"":2,""Orem, UT"":2,""Cherryville, PA"":2,""Atlanta, GA"":2,""Mishawaka, IN"":2,""Caulksville, AR"":2,""Eagle, ID"":2,""Glendale, AZ"":2,""Corvallis, OR"":2,""Daniels, ID"":2,""Luther, MT"":2,""Fort Collins, CO"":2,""Gardendale, AL"":2,""Arco, ID"":2,""Hageman, OH"":2,""Green Bay, WI"":2}","{""Walmart"":84,""Maverik"":55,""Albertsons"":49,""Wendy's"":42,""Subway"":37,""Exxon Mobil"":34,""Walgreens"":34,""Dairy Queen"":33,""ConocoPhillips"":31,""Shell Oil"":29,""Arby's"":27,""Target"":25,""Domino's Pizza"":24,""Taco Bell"":24,""Burger King"":24,""Chevron"":23,""Chick-fil-A"":22,""Verizon Wireless"":20,""Starbucks"":20,""Love's Travel Stops and Country Stores"":20}","{""Amazon"":57,""Apple"":48,""Netflix"":35,""Amazon Marketplace"":28,""Amazon Digital Services"":23,""Hulu"":20,""Spotify"":18,""AT&T"":17,""Walmart"":16,""Google"":12,""Verizon Wireless"":11,""Audible"":10,""Sirius XM"":9,""Etsy"":9,""Steam"":7,""Target"":7,""Kohl's"":7,""Chewy"":6,""McDonald's"":6,""Disney Plus"":6}","{""Wendy's"":43,""Subway"":37,""Dairy Queen"":33,""Arby's"":27,""Domino's Pizza"":25,""Burger King"":24,""Taco Bell"":24,""Chick-fil-A"":24,""Starbucks"":20,""Taco John's"":16,""Pizza Hut"":15,""Jimmy John's"":13,""Little Caesars"":12,""Sonic"":11,""KFC"":11,""Panda Express"":10,""Papa Murphy's"":9,""Dunkin'"":9,""Chipotle Mexican Grill"":8,""Culver's"":8}","{""Walmart"":51,""Albertsons"":39,""Dairy Queen"":23,""Wendy's"":20,""Maverik"":17,""Domino's Pizza"":13,""Subway"":12,""Arby's"":12,""Bomgaars"":11,""Taco John's"":11,""ConocoPhillips"":10,""Walgreens"":10,""Ace Hardware"":9,""Burger King"":6,""Sierra"":6,""Tractor Supply Co."":5,""Pizza Hut"":4,""CARQUEST Auto Parts"":3,""Boot Barn"":3,""AutoZone"":3}","{""Verizon Wireless"":31,""AT&T"":20,""T-Mobile"":5,""Straight Talk"":5,""Cricket Wireless"":3,""Disney Mobile"":2,""Sprint"":1,""MetroPCS"":1,""U.S. Cellular"":1,""Boost Mobile"":1}","{""Netflix"":35,""Hulu"":20,""Disney Plus"":12,""Peacock"":5,""Dish Network"":5,""Amazon Prime Video"":5,""Roku"":4,""YouTube TV"":3,""Redbox"":3,""Youtube Premium"":3,""HBO Max"":2,""Youtube"":2,""Amazon Prime"":2,""Sling TV"":2,""Fubo"":2,""Funimation"":2,""Vudu"":1,""Crunchyroll"":1,""Time Warner Cable"":1,""Starz"":1}","{""DoorDash"":5,""Uber Eats"":4,""HelloFresh"":2,""Dashpass"":2,""Grubhub"":1,""Shipt"":1,""Instacart"":1}","{""Uber"":4,""Lyft"":3}","{""Affirm.com"":4,""Afterpay"":3,""Klarna"":1}","{""Apple Cash"":4,""Apple Card"":4,""PayPal"":2,""Venmo"":1,""Cash App"":1}"
166852,228-222@5sy-bzg-pjv,,,2022-06-01,2022-07-01,4737.71,115,82,30.0,39.75,"{""25"":18.00,""75"":54.50}","[28.75,59.00,92.51,0.00,69.86,0.00,0.00,182.47,83.74,158.66,49.00,56.94,162.52,51.29,287.87,239.32,288.73,384.71,24.00,0.00,563.22,116.99,212.99,299.43,167.90,32.76,537.48,142.30,259.02,186.25]","[28.75,59.00,23.26,null,34.93,null,null,91.24,37.76,38.00,24.50,28.47,19.25,25.65,75.97,40.56,83.49,71.17,24.00,null,22.25,41.48,20.92,35.91,26.46,16.38,29.50,22.00,59.02,52.25]","{""Monday"":700.00,""Tuesday"":756.81,""Wednesday"":875.10,""Thursday"":781.30,""Friday"":839.33,""Saturday"":601.61,""Sunday"":183.56}","{""Wednesday"":5,""Monday"":4,""Saturday"":4,""Thursday"":5,""Tuesday"":4,""Friday"":4,""Sunday"":4}",175.0,-20.0,8,216.97,"{""No intermediary"":115}","{""No intermediary"":4737.71}","{""1"":64,""2"":10,""3"":3,""4"":4,""5-10"":1,"">10"":0}","{""1"":47.58,""2"":61.43,""3"":76.65,""4"":151.53,""5-10"":242.47,"">10"":null}","{""<25k"":8,""25-45k"":14,""45-60k"":5,""60-75k"":14,""75-100k"":4,""100-150k"":7,"">150k"":21}","{""<25k"":26.45,""25-45k"":52.39,""45-60k"":34.53,""60-75k"":62.30,""75-100k"":78.48,""100-150k"":77.65,"">150k"":64.83}","{""Cody, WY"":10,""Alexandria, VA"":7,""Newbury Park, CA"":6,""Danville, KY"":3,""Weatherford, TX"":3,""Youngstown, OH"":2,""West Wendover, NV"":2,""Macedonia, OH"":2,""Minneapolis, MN"":2,""Broadview Heights, OH"":2,""Maple Heights, OH"":2,""Twentynine Palms, CA"":2,""Roy, UT"":2,""Nashville, TN"":2,""Boulder, CO"":2,""Bowling Green, KY"":2,""Mulino, OR"":2,""Stratford, NJ"":2,""Dover, DE"":2,""Vernal, UT"":2,""Prince Frederick, MD"":2,""Gaylord, MI"":2,""Alamo, NV"":2,""Bristow, VA"":2,""Spring, TX"":2,""Brady, TX"":2,""Las Vegas, NV"":2,""Clark, WY"":2,""Boise, ID"":2,""Cedar City, UT"":2,""Fayetteville, NC"":2,""Santa Monica, CA"":2,""Greensboro, GA"":2,""Mcmillan, MI"":2,""Fairhope, AL"":2,""Mcallen, TX"":2,""Bozeman, MT"":2,""Kalispell, MT"":2,""Almy, WY"":2,""Auburn, ME"":2,""Glendale, AZ"":2,""Highlandville, MO"":2,""Brooklyn, NY"":2,""Lander, WY"":2,""Idaho Falls, ID"":2,""Hayden, CO"":2,""Caldwell, ID"":2,""Austin, TX"":2,""Albuquerque, NM"":2,""Colville, WA"":2,""Logan, UT"":2}","{""Walmart"":74,""McDonald's"":54,""Albertsons"":52,""Maverik"":43,""Walgreens"":35,""Exxon Mobil"":32,""Starbucks"":29,""Subway"":26,""ConocoPhillips"":25,""Target"":24,""Pilot Flying J"":22,""Lowe's"":21,""Shell Oil"":21,""Chick-fil-A"":20,""Safeway"":19,""Wendy's"":19,""The Home Depot"":18,""T.J. Maxx"":16,""Verizon Wireless"":15,""Ace Hardware"":15}","{""Amazon"":47,""Apple"":47,""Netflix"":29,""Spotify"":26,""Hulu"":19,""Amazon Digital Services"":19,""AT&T"":15,""Verizon Wireless"":13,""Uber"":13,""Amazon Marketplace"":13,""Etsy"":9,""Audible"":9,""Starbucks"":8,""Kohl's"":8,""Maverik"":8,""Airbnb"":7,""Costco"":7,""Microsoft"":7,""Uber Eats"":7,""Comcast"":7}",{},"{""Albertsons"":40,""Walmart"":37,""Maverik"":19,""McDonald's"":14,""Walgreens"":11,""Domino's Pizza"":8,""Taco John's"":8,""Dairy Queen"":8,""Subway"":8,""Wendy's"":7,""ConocoPhillips"":7,""Ace Hardware"":7,""Bomgaars"":5,""Boot Barn"":4,""Sierra"":4,""United States Postal Service (USPS)"":4,""Tractor Supply Co."":4,""Smoker Friendly"":2,""Anytime Fitness"":2,""maurices"":2}","{""Verizon Wireless"":25,""AT&T"":18,""Straight Talk"":4,""Cricket Wireless"":3,""T-Mobile"":3,""Sprint"":2}","{""Netflix"":29,""Hulu"":19,""Disney Plus"":9,""Dish Network"":4,""Starz"":4,""Fubo"":3,""Peacock"":3,""Crunchyroll"":3,""Amazon Prime"":3,""Roku"":2,""Youtube"":2,""Redbox"":2,""Time Warner Cable"":2,""DirecTV"":2,""Youtube Premium"":2}","{""Uber Eats"":7,""HelloFresh"":3,""DoorDash"":3}","{""Uber"":13,""Lyft"":3}","{""Affirm.com"":5,""Afterpay"":3,""Klarna"":3}","{""Apple Card"":4,""Apple Cash"":2}"
166981,222-222@5sy-c5g-nwk,,,2022-06-01,2022-07-01,724.9,26,14,17.0,33.23,"{""25"":7.79,""75"":48.39}","[0.00,170.90,0.00,0.00,0.00,17.94,0.00,0.00,38.87,36.00,0.00,0.00,275.08,0.00,0.00,0.00,25.20,0.00,0.00,0.00,34.00,3.60,61.42,25.84,0.00,0.00,0.00,0.00,36.05,0.00]","[null,77.74,null,null,null,17.94,null,null,19.44,18.00,null,null,68.77,null,null,null,10.80,null,null,null,17.00,3.60,16.22,8.32,null,null,null,null,18.03,null]","{""Monday"":293.02,""Tuesday"":34.00,""Wednesday"":39.65,""Thursday"":271.19,""Friday"":87.04,""Saturday"":0.00,""Sunday"":0.00}","{""Wednesday"":5,""Monday"":4,""Saturday"":4,""Thursday"":5,""Tuesday"":4,""Friday"":4,""Sunday"":4}",1170.0,-23.0,3,99.36,"{""Square"":22,""No intermediary"":4}","{""Square"":687.04,""No intermediary"":37.86}","{""1"":4,""2"":9,""3"":0,""4"":1,""5-10"":0,"">10"":0}","{""1"":54.29,""2"":54.81,""3"":null,""4"":14.40,""5-10"":null,"">10"":null}","{""25-45k"":2,""45-60k"":2,""60-75k"":2,""75-100k"":3,""100-150k"":2,"">150k"":5}","{""25-45k"":23.43,""45-60k"":38.87,""60-75k"":10.32,""75-100k"":38.73,""100-150k"":28.80,"">150k"":82.30}","{""Rocklin, CA"":3,""Newbury Park, CA"":3,""Norfolk, VA"":2,""Laramie, WY"":2,""Duck, NC"":2,""Lavallette, NJ"":2,""Cody, WY"":2,""Riverton, WY"":2,""Honolulu, HI"":2,""Grantsdale, MT"":2,""Idaho Falls, ID"":2}","{""Walmart"":79,""Albertsons"":65,""Maverik"":65,""Walgreens"":65,""ConocoPhillips"":50,""Starbucks"":43,""Ace Hardware"":36,""AutoZone"":36,""Exxon Mobil"":36,""Target"":29,""Papa Murphy's"":29,""Bomgaars"":29,""The Home Depot"":29,""Safeway"":29,""Love's Travel Stops and Country Stores"":29,""Chick-fil-A"":29,""CVS"":29,""Chevron"":22,""BP"":22,""Domino's Pizza"":22}","{""Amazon"":58,""Apple"":58,""Netflix"":36,""Amazon Marketplace"":36,""Walmart"":29,""Uber"":22,""Adobe Systems"":22,""Hulu"":22,""Etsy"":15,""Target"":15,""Verizon Wireless"":15,""Chewy"":15,""Barclaycard US"":15,""Experian"":15,""Google Storage"":15,""Spotify"":15,""AT&T"":15,""Audible"":15,""Lyft"":8,""Chipotle Mexican Grill"":8}","{""Starbucks"":43,""Papa Murphy's"":29,""Chick-fil-A"":29,""Domino's Pizza"":22,""Taco Bell"":22,""Wendy's"":22,""Dairy Queen"":22,""Taco John's"":15,""Franks Diner"":15,""McDonald's"":15,""In-N-Out Burger"":15,""Subway"":15,""Dunkin'"":15,""Arby's"":15,""Little Caesars"":8,""Chipotle Mexican Grill"":8,""Jamba"":8,""Olive Garden"":8,""Jersey Mike's"":8,""The Cheesecake Factory"":8}","{""Albertsons"":50,""Maverik"":43,""Walmart"":36,""ConocoPhillips"":29,""Bomgaars"":22,""Ace Hardware"":22,""maurices"":15,""Domino's Pizza"":15,""Taco John's"":15,""Wendy's"":15,""Walgreens"":15,""AutoZone"":15,""Arby's"":15,""CARQUEST Auto Parts"":8,""Sierra"":8}","{""AT&T"":29,""Verizon Wireless"":22,""T-Mobile"":8}","{""Netflix"":36,""Hulu"":22,""HBO Max"":8,""Youtube"":8,""Disney Plus"":8}","{""Dashpass"":8,""Instacart"":8,""Uber Eats"":8}","{""Uber"":22,""Lyft"":8}",{},{}
167030,zzy-222@5sy-bxt-dvz,SG_BRAND_f004042e34f9a89a218a216365ccd2c4,Arby's,2022-06-01,2022-07-01,1725.46,105,89,14.84,17.19,"{""25"":9.14,""75"":21.27}","[99.83,38.11,70.65,0.00,80.42,137.79,42.98,14.19,160.62,58.88,38.85,0.00,30.27,24.71,42.96,77.78,53.72,0.00,17.50,0.00,143.56,36.97,73.34,48.32,37.64,21.30,81.70,94.94,23.77,174.66]","[10.85,38.11,11.62,null,15.16,15.26,21.49,14.19,16.30,19.83,9.97,null,8.52,12.36,21.48,18.60,12.63,null,17.50,null,10.16,18.49,17.45,9.14,37.64,10.65,19.72,13.71,11.89,19.42]","{""Monday"":249.76,""Tuesday"":306.19,""Wednesday"":217.72,""Thursday"":524.51,""Friday"":231.57,""Saturday"":76.49,""Sunday"":119.22}","{""Wednesday"":5,""Monday"":4,""Saturday"":4,""Thursday"":5,""Tuesday"":4,""Friday"":4,""Sunday"":4}",8.0,-46.0,3,44.62,"{""No intermediary"":105}","{""No intermediary"":1725.46}","{""1"":74,""2"":14,""3"":1,""4"":0,""5-10"":0,"">10"":0}","{""1"":17.44,""2"":25.96,""3"":71.54,""4"":null,""5-10"":null,"">10"":null}","{""<25k"":4,""25-45k"":14,""45-60k"":10,""60-75k"":4,""75-100k"":7,""100-150k"":21,"">150k"":23}","{""<25k"":19.01,""25-45k"":16.93,""45-60k"":16.75,""60-75k"":21.16,""75-100k"":13.42,""100-150k"":20.06,"">150k"":23.32}","{""Newbury Park, CA"":13,""Cody, WY"":8,""Grayling, MT"":3,""Winston Salem, NC"":3,""Killeen, TX"":3,""Clark, WY"":3,""Plano, TX"":2,""Fort Myers, FL"":2,""Tucson, AZ"":2,""Wahiawa, HI"":2,""Newcastle, WY"":2,""Ekalaka, MT"":2,""Carlisle, IA"":2,""Murfreesboro, TN"":2,""Wichita, KS"":2,""Chandler, AZ"":2,""Lincoln, NE"":2,""Clearwater, FL"":2,""Dallas, OR"":2,""Benjamin, UT"":2,""Pueblo, CO"":2,""Oakland, CA"":2,""Highland, UT"":2,""Roanoke, VA"":2,""Basin, WY"":2,""Ogden, UT"":2,""Georgetown, KY"":2,""Kanab, UT"":2,""Savannah, GA"":2,""Jacksonville, FL"":2,""Ankeny, IA"":2,""Cedar City, UT"":2,""Colorado Springs, CO"":2,""Francis, UT"":2,""Farmington, UT"":2,""Anderson, IN"":2,""Paris, KY"":2,""Brickerville, PA"":2,""Fernald, OH"":2,""Auburn, IN"":2,""Aurora, CO"":2,""Glendale, AZ"":2,""Russellville, AL"":2,""Luther, MT"":2,""Idaho Falls, ID"":2,""Gardendale, AL"":2,""Castle Rock, CO"":2,""Logan, UT"":2,""Miami Beach, FL"":2}","{""Walmart"":89,""McDonald's"":62,""Maverik"":56,""Albertsons"":47,""Wendy's"":45,""Dairy Queen"":40,""ConocoPhillips"":30,""Exxon Mobil"":30,""Taco Bell"":29,""Taco John's"":29,""Verizon Wireless"":27,""Walgreens"":26,""Subway"":25,""Burger King"":23,""Chevron"":22,""Pilot Flying J"":22,""Target"":21,""Bomgaars"":21,""Domino's Pizza"":21,""Tractor Supply Co."":21}","{""Amazon"":61,""Apple"":42,""Amazon Marketplace"":36,""Netflix"":34,""Walmart"":21,""Hulu"":21,""Amazon Digital Services"":18,""AT&T"":18,""Spotify"":17,""Audible"":14,""Sirius XM"":13,""Google"":13,""Verizon Wireless"":9,""Amazon Kindle"":8,""Expedia"":7,""Sam's Club"":7,""Anytime Fitness"":6,""Steam"":6,""Amazon Prime Video"":6,""Playrix"":6}","{""McDonald's"":62,""Wendy's"":45,""Dairy Queen"":40,""Taco Bell"":30,""Taco John's"":29,""Subway"":25,""Burger King"":24,""Domino's Pizza"":21,""Chick-fil-A"":15,""KFC"":12,""Starbucks"":11,""Panda Express"":9,""Pizza Hut"":9,""Sonic"":8,""Papa Murphy's"":8,""Culver's"":8,""Jimmy John's"":7,""Denny's"":6,""Carl's Jr."":6,""Dunkin'"":6}","{""Walmart"":59,""Albertsons"":39,""Wendy's"":31,""Dairy Queen"":30,""McDonald's"":29,""Maverik"":21,""ConocoPhillips"":14,""Bomgaars"":12,""Taco John's"":12,""Walgreens"":11,""Burger King"":11,""Domino's Pizza"":9,""Subway"":9,""Ace Hardware"":8,""Sierra"":8,""Boot Barn"":6,""Pizza Hut"":6,""maurices"":5,""Tractor Supply Co."":5,""Sherwin-Williams"":4}","{""Verizon Wireless"":36,""AT&T"":23,""T-Mobile"":5,""Straight Talk"":3,""Sprint"":3,""Disney Mobile"":2,""TracFone Wireless"":2}","{""Netflix"":34,""Hulu"":21,""Disney Plus"":8,""Amazon Prime Video"":6,""YouTube TV"":5,""Peacock"":5,""Dish Network"":4,""Redbox"":4,""Roku"":3,""Youtube"":3,""Amazon Prime"":3,""Youtube Premium"":3,""HBO Max"":2,""Fubo"":2,""Funimation"":2,""Vudu"":2,""Time Warner Cable"":2}","{""Dashpass"":3,""DoorDash"":3,""Uber Eats"":2,""Grubhub"":2}","{""Lyft"":3,""Uber"":3}","{""Klarna"":5,""Affirm.com"":4,""Afterpay"":3}","{""Apple Card"":3,""Apple Cash"":3}"
167067,223-222@5sy-bxx-rzf,,,2022-06-01,2022-07-01,10133.07,30,12,142.02,142.26,"{""25"":80.06,""75"":567.84}","[1805.30,0.00,0.00,0.00,0.00,0.00,0.00,3352.84,35.00,0.00,0.00,0.00,0.00,331.31,112.51,0.00,103.47,0.00,0.00,1358.04,1032.40,103.96,0.00,0.00,0.00,0.00,1313.00,439.20,146.04,0.00]","[451.33,null,null,null,null,null,null,838.21,35.00,null,null,null,null,68.11,112.51,null,103.47,null,null,339.51,258.10,51.98,null,null,null,null,587.50,439.20,146.04,null]","{""Monday"":2671.04,""Tuesday"":1802.91,""Wednesday"":5520.65,""Thursday"":35.00,""Friday"":103.47,""Saturday"":0.00,""Sunday"":0.00}","{""Wednesday"":5,""Monday"":4,""Saturday"":4,""Thursday"":5,""Tuesday"":4,""Friday"":4,""Sunday"":4}",471.0,432.0,0,0.0,"{""No intermediary"":30}","{""No intermediary"":10133.07}","{""1"":6,""2"":4,""3"":0,""4"":0,""5-10"":2,"">10"":0}","{""1"":185.16,""2"":306.75,""3"":null,""4"":null,""5-10"":3897.57,"">10"":null}","{""25-45k"":6,""75-100k"":2,""100-150k"":2,"">150k"":7}","{""25-45k"":2017.79,""75-100k"":79.71,""100-150k"":120.95,"">150k"":949.37}","{""Alexandria, VA"":3,""Carlisle, IA"":3,""Cody, WY"":2,""Spring, TX"":2,""Butler, PA"":2,""Orlando, FL"":2,""Newbury Park, CA"":2,""Campbell, CA"":2,""Castle Rock, CO"":2}","{""Walmart"":92,""Walgreens"":59,""McDonald's"":59,""Exxon Mobil"":59,""Albertsons"":50,""ConocoPhillips"":42,""Dairy Queen"":42,""Arby's"":42,""Target"":34,""Costco"":34,""Chick-fil-A"":34,""Pilot Flying J"":34,""Shell Oil"":34,""Domino's Pizza"":25,""Lowe's"":25,""Wendy's"":25,""Ace Hardware"":25,""Maverik"":25,""Petco"":17,""IHOP"":17}","{""Amazon"":75,""Apple"":59,""Netflix"":59,""Hulu"":59,""AT&T"":42,""Amazon Marketplace"":42,""Amazon Digital Services"":34,""Youtube Premium"":34,""Amazon Kindle"":25,""Papa Murphy's"":17,""Uber"":17,""DoorDash"":17,""Chewy"":17,""Airbnb"":17,""The Home Depot"":17,""Google Play"":17,""Google"":17,""Spotify"":17,""Comcast"":17,""Xbox"":17}","{""Anytime Fitness"":9,""Genesis Health Clubs"":9}","{""Walmart"":75,""Albertsons"":50,""Walgreens"":25,""Dairy Queen"":25,""McDonald's"":25,""Arby's"":25,""Domino's Pizza"":17,""Ace Hardware"":17,""Taco John's"":9,""CARQUEST Auto Parts"":9,""Wendy's"":9,""ConocoPhillips"":9,""Boot Barn"":9,""Sierra"":9,""Burger King"":9,""Tractor Supply Co."":9,""Pizza Hut"":9}","{""AT&T"":42,""Verizon Wireless"":17,""T-Mobile"":9}","{""Netflix"":59,""Hulu"":59,""Youtube Premium"":34,""Youtube"":9,""Funimation"":9}","{""DoorDash"":17,""Dashpass"":9,""Postmates"":9}","{""Uber"":17}",{},"{""PayPal"":9,""Apple Card"":9}"
167089,228-222@5sy-bzg-ffz,,,2022-06-01,2022-07-01,1008.18,3,2,66.0,504.09,"{""25"":12.00,""75"":930.18}","[0.00,0.00,930.18,0.00,0.00,0.00,66.00,0.00,12.00,0.00,0.00,0.00,0.00,0.00,0.00,0.00,0.00,0.00,0.00,0.00,0.00,0.00,0.00,0.00,0.00,0.00,0.00,0.00,0.00,0.00]","[null,null,930.18,null,null,null,66.00,null,12.00,null,null,null,null,null,null,null,null,null,null,null,null,null,null,null,null,null,null,null,null,null]","{""Monday"":0.00,""Tuesday"":66.00,""Wednesday"":0.00,""Thursday"":12.00,""Friday"":930.18,""Saturday"":0.00,""Sunday"":0.00}","{""Wednesday"":5,""Monday"":4,""Saturday"":4,""Thursday"":5,""Tuesday"":4,""Friday"":4,""Sunday"":4}",,-70.0,0,0.0,"{""No intermediary"":3}","{""No intermediary"":1008.18}","{""1"":1,""2"":1,""3"":0,""4"":0,""5-10"":0,"">10"":0}","{""1"":930.18,""2"":78.00,""3"":null,""4"":null,""5-10"":null,"">10"":null}","{""100-150k"":2,"">150k"":2}","{""100-150k"":930.18,"">150k"":78.00}","{""Castle Rock, CO"":2,""Laramie, WY"":2}","{""Walmart"":100,""McDonald's"":100,""Little Caesars"":50,""Pei Wei Asian Diner"":50,""Trader Joe's"":50,""Verizon Wireless"":50,""Grease Monkey"":50,""Jersey Mike's"":50,""The Cheesecake Factory"":50,""Loaf 'N Jug"":50,""Albertsons"":50,""Domino's Pizza"":50,""Taco Bell"":50,""WinCo Foods"":50,""T.J. Maxx"":50,""Safeway"":50,""Fred Meyer"":50,""Macy's"":50,""Starbucks"":50,""Wendy's"":50}","{""Verizon Wireless"":100,""Amazon"":100,""Netflix"":100,""YouTube TV"":50,""Barnes & Noble"":50,""Adobe Systems"":50,""Athleta"":50,""Apple"":50,""Google"":50,""Hulu"":50,""Amazon Marketplace"":50,""Stitch Fix"":50}",{},"{""Walgreens"":50,""Domino's Pizza"":50}","{""Verizon Wireless"":100}","{""Disney Plus"":100,""Netflix"":100,""YouTube TV"":50,""Hulu"":50}",{},{},{},{}
167119,222-222@5sy-bxw-3kf,SG_BRAND_f92cba702cf7f997b776d807b54cbe79,Taco John's,2022-06-01,2022-07-01,1246.52,85,73,12.86,14.96,"{""25"":7.79,""75"":18.85}","[0.00,0.00,47.27,0.00,18.79,0.00,20.07,74.50,27.09,34.04,0.00,0.00,30.22,105.03,88.33,13.17,69.78,0.00,0.00,16.29,139.97,74.94,61.19,145.26,10.29,0.00,133.26,82.00,26.68,28.35]","[null,null,13.31,null,18.79,null,20.07,20.56,10.27,17.02,null,null,7.78,7.48,18.49,6.59,16.61,null,null,8.15,9.18,15.04,14.30,23.24,10.29,null,32.82,12.40,13.34,7.58]","{""Monday"":179.77,""Tuesday"":347.07,""Wednesday"":264.45,""Thursday"":129.80,""Friday"":296.35,""Saturday"":10.29,""Sunday"":18.79}","{""Wednesday"":5,""Monday"":4,""Saturday"":4,""Thursday"":5,""Tuesday"":4,""Friday"":4,""Sunday"":4}",181.0,-34.0,0,0.0,"{""No intermediary"":85}","{""No intermediary"":1246.52}","{""1"":65,""2"":4,""3"":4,""4"":0,""5-10"":0,"">10"":0}","{""1"":15.31,""2"":27.07,""3"":35.77,""4"":null,""5-10"":null,"">10"":null}","{""<25k"":4,""25-45k"":14,""45-60k"":4,""60-75k"":6,""75-100k"":5,""100-150k"":10,"">150k"":17}","{""<25k"":12.85,""25-45k"":10.68,""45-60k"":18.96,""60-75k"":21.41,""75-100k"":24.15,""100-150k"":17.03,"">150k"":19.41}","{""Newbury Park, CA"":8,""Cody, WY"":5,""Grayling, MT"":3,""Richmond, KY"":3,""Tacoma, WA"":2,""Saint George, UT"":2,""Mesquite, NV"":2,""Maple Heights, OH"":2,""Salina, KS"":2,""Tulsa, OK"":2,""Clarksville, IN"":2,""Greybull, WY"":2,""Vernal, UT"":2,""San Francisco, CA"":2,""Benjamin, UT"":2,""Charlotte, NC"":2,""Hagerstown, MD"":2,""Gunnison, CO"":2,""Elberta, AL"":2,""Mechanicsville, VA"":2,""Louisville, KY"":2,""Basin, WY"":2,""Harmon, ND"":2,""Winston Salem, NC"":2,""Miami, FL"":2,""Broken Arrow, OK"":2,""Savannah, GA"":2,""Garden Grove, CA"":2,""Boise, ID"":2,""Ankeny, IA"":2,""La Vernia, TX"":2,""Columbus, MT"":2,""Spokane, WA"":2,""Ludington, MI"":2,""Butte, MT"":2,""Andrew, LA"":2,""Dawson, MO"":2,""Cleveland, OH"":2,""Paris, KY"":2,""Chesterfield, MO"":2,""New Albany, IN"":2,""Conover, WI"":2,""Aurora, CO"":2,""Syracuse, NY"":2,""Castle Rock, CO"":2}","{""Walmart"":88,""McDonald's"":61,""Albertsons"":46,""Maverik"":43,""Dairy Queen"":37,""Wendy's"":35,""ConocoPhillips"":32,""Walgreens"":32,""Exxon Mobil"":32,""Arby's"":28,""Domino's Pizza"":27,""Subway"":27,""Ace Hardware"":25,""Starbucks"":22,""Burger King"":22,""Shell Oil"":22,""Target"":21,""Bomgaars"":21,""United States Postal Service (USPS)"":20,""Dollar Tree"":20}","{""Amazon"":50,""Apple"":44,""Netflix"":31,""Amazon Marketplace"":24,""AT&T"":20,""Hulu"":17,""Walmart"":16,""Spotify"":16,""Verizon Wireless"":13,""Google"":11,""Amazon Digital Services"":11,""Sirius XM"":10,""Hotels.com"":9,""Audible"":9,""Etsy"":7,""Planet Fitness"":7,""Chewy"":7,""Barclaycard US"":7,""Comcast"":7,""Xbox"":7}","{""McDonald's"":64,""Dairy Queen"":37,""Wendy's"":35,""Arby's"":28,""Domino's Pizza"":27,""Subway"":27,""Starbucks"":22,""Burger King"":22,""Taco Bell"":17,""Sonic"":11,""KFC"":11,""Del Taco"":11,""Chick-fil-A"":10,""Panda Express"":10,""Dunkin'"":10,""Jack in the Box"":9,""Little Caesars"":7,""Papa Murphy's"":7,""Panera Bread"":7,""Pizza Hut"":7}","{""Walmart"":57,""Albertsons"":43,""McDonald's"":32,""Dairy Queen"":24,""Wendy's"":20,""Ace Hardware"":17,""Domino's Pizza"":16,""ConocoPhillips"":14,""Subway"":14,""Arby's"":14,""Maverik"":13,""Bomgaars"":11,""Sierra"":11,""Burger King"":10,""Walgreens"":7,""maurices"":5,""The UPS Store"":5,""Pizza Hut"":5,""CARQUEST Auto Parts"":3,""Boot Barn"":3}","{""Verizon Wireless"":29,""AT&T"":27,""Straight Talk"":9,""T-Mobile"":5,""Disney Mobile"":3,""Google Fi"":2,""TracFone Wireless"":2,""Sprint"":2}","{""Netflix"":31,""Hulu"":17,""Disney Plus"":14,""Peacock"":7,""YouTube TV"":5,""Youtube"":5,""Redbox"":5,""Amazon Prime Video"":5,""Fubo"":3,""Dish Network"":3,""Starz"":3,""Funimation"":2,""Amazon Prime"":2,""DirecTV"":2}","{""Uber Eats"":5,""HelloFresh"":3,""Dashpass"":3,""Grubhub"":2,""Shipt"":2}","{""Uber"":6,""Lyft"":2}","{""Affirm.com"":6,""Sezzle"":5,""Afterpay"":2}","{""Apple Card"":2}"
167167,zzw-223@5sy-bxv-zmk,SG_BRAND_857fcc0687933d1589554945329fe236,Maverik,2022-06-01,2022-07-01,6652.56,211,144,20.93,37.93,"{""25"":7.37,""75"":51.42}","[80.34,320.91,387.71,143.33,405.44,253.42,364.56,293.50,281.22,183.71,18.16,97.55,208.55,339.00,249.09,22.36,272.85,152.89,63.28,320.78,346.85,228.19,163.92,272.29,111.12,268.75,269.32,106.38,138.96,288.13]","[20.63,43.42,53.07,32.48,45.79,21.42,22.24,100.00,12.58,44.43,2.99,48.78,36.84,45.01,28.00,9.26,16.53,10.27,10.59,43.50,13.11,62.97,11.40,25.74,55.56,8.22,7.52,15.32,13.50,40.68]","{""Monday"":1052.07,""Tuesday"":1156.79,""Wednesday"":990.08,""Thursday"":1076.54,""Friday"":1116.56,""Saturday"":425.50,""Sunday"":835.02}","{""Wednesday"":5,""Monday"":4,""Saturday"":4,""Thursday"":5,""Tuesday"":4,""Friday"":4,""Sunday"":4}",194.0,-11.0,8,262.12,"{""No intermediary"":211}","{""No intermediary"":6652.56}","{""1"":103,""2"":31,""3"":5,""4"":1,""5-10"":4,"">10"":0}","{""1"":37.54,""2"":67.61,""3"":63.84,""4"":17.23,""5-10"":88.44,"">10"":null}","{""<25k"":17,""25-45k"":15,""45-60k"":10,""60-75k"":10,""75-100k"":15,""100-150k"":29,"">150k"":33}","{""<25k"":33.06,""25-45k"":35.35,""45-60k"":49.76,""60-75k"":48.97,""75-100k"":39.09,""100-150k"":54.17,"">150k"":52.06}","{""Cody, WY"":14,""Santa Maria, CA"":7,""Idaho Falls, ID"":7,""Newbury Park, CA"":6,""Glasco, NY"":5,""Nampa, ID"":5,""Lander, WY"":5,""Springville, UT"":4,""Twin Falls, ID"":4,""Fort Myers, FL"":3,""Sandy, UT"":3,""Taylorsville, UT"":3,""Ocala, FL"":3,""Colstrip, MT"":3,""Loveland, CO"":3,""Bliss, ID"":3,""Midvale, UT"":3,""Erda, UT"":3,""Cincinnati, OH"":3,""Saint Paul, MN"":2,""West Jordan, UT"":2,""Saint George, UT"":2,""Lovell, WY"":2,""San Diego, CA"":2,""Bountiful, UT"":2,""Syracuse, UT"":2,""Island Park, ID"":2,""Harker Heights, TX"":2,""Saint Petersburg, FL"":2,""Mount Vernon, IL"":2,""Durham, NC"":2,""Vernal, UT"":2,""San Francisco, CA"":2,""Mobile, AL"":2,""Montpelier, ID"":2,""Blackfoot, ID"":2,""Flagstaff, AZ"":2,""Rosamond, CA"":2,""Powell, TN"":2,""California, PA"":2,""Benjamin, UT"":2,""Gunnison, CO"":2,""Blaine, MN"":2,""Olympia, WA"":2,""Bridgeland, UT"":2,""Lavallette, NJ"":2,""Memphis, TN"":2,""Rome, IA"":2,""Highland, UT"":2,""Lakewood, CO"":2,""Emmett, ID"":2,""Louisville, KY"":2,""Alamo, NV"":2,""Champaign, IL"":2,""Crystal, MN"":2,""Wenatchee, WA"":2,""Brandon, FL"":2,""Charleston, SC"":2,""Portland, OR"":2,""Kinston, NC"":2,""Las Vegas, NV"":2,""Seattle, WA"":2,""Clark, WY"":2,""Boise, ID"":2,""Port Richey, FL"":2,""Cedar City, UT"":2,""Ammon, ID"":2,""La Vernia, TX"":2,""Newnan, GA"":2,""Norman, OK"":2,""Georgetown, TX"":2,""Ludington, MI"":2,""Worland, WY"":2,""Grand Junction, CO"":2,""Athens, GA"":2,""Orland Park, IL"":2,""Francis, UT"":2,""Rexburg, ID"":2,""Alma, TX"":2,""Eagle Mountain, UT"":2,""Grantsdale, MT"":2,""Oneonta, NY"":2,""Lynchburg, VA"":2,""Casper, WY"":2,""Mooresville, NC"":2,""Eagle, ID"":2,""Brooklyn, NY"":2,""Star, ID"":2,""Castle Rock, CO"":2,""Albuquerque, NM"":2,""Colville, WA"":2,""Logan, UT"":2,""Wake Forest, NC"":2,""New Florence, MO"":2}","{""Walmart"":75,""McDonald's"":57,""Exxon Mobil"":48,""Albertsons"":47,""ConocoPhillips"":34,""Subway"":34,""Shell Oil"":33,""Chevron"":32,""Wendy's"":28,""Pilot Flying J"":27,""Target"":23,""Walgreens"":23,""Phillips 66"":23,""Starbucks"":22,""Dairy Queen"":22,""Arby's"":22,""Love's Travel Stops and Country Stores"":21,""Costco"":20,""Burger King"":20,""Domino's Pizza"":19}","{""Amazon"":61,""Apple"":50,""Netflix"":28,""Spotify"":21,""Amazon Marketplace"":19,""Walmart"":18,""Amazon Digital Services"":17,""Maverik"":14,""Hulu"":14,""Steam"":12,""Target"":12,""Verizon Wireless"":12,""Chewy"":10,""Google"":9,""AT&T"":9,""Etsy"":8,""Audible"":8,""Sirius XM"":7,""Nintendo"":7,""eBay"":7}","{""Big D"":7,""Good To Go"":1}","{""Walmart"":41,""Albertsons"":31,""McDonald's"":17,""Dairy Queen"":15,""Domino's Pizza"":10,""Wendy's"":8,""ConocoPhillips"":7,""Sierra"":7,""Arby's"":7,""Subway"":6,""Taco John's"":5,""Walgreens"":5,""Ace Hardware"":5,""Boot Barn"":5,""Burger King"":4,""Pizza Hut"":4,""AutoZone"":4,""Bomgaars"":3,""Cellular Plus"":2,""O'Reilly Auto Parts"":2}","{""Verizon Wireless"":25,""AT&T"":12,""T-Mobile"":10,""Straight Talk"":3,""Disney Mobile"":1,""Boost Mobile"":1,""Sprint"":1}","{""Netflix"":28,""Disney Plus"":16,""Hulu"":14,""Redbox"":7,""Amazon Prime Video"":5,""Youtube"":4,""Youtube Premium"":4,""HBO Max"":3,""Dish Network"":3,""Vudu"":3,""Amazon Prime"":3,""Roku"":2,""YouTube TV"":2,""Fubo"":2,""Sling TV"":1,""Funimation"":1,""Peacock"":1,""Crunchyroll"":1,""Time Warner Cable"":1}","{""Uber Eats"":5,""DoorDash"":3,""HelloFresh"":3,""Dashpass"":2,""Grubhub"":1,""Instacart"":1}","{""Uber"":5,""Lyft"":1}","{""Affirm.com"":2}","{""Apple Card"":3,""Apple Cash"":3,""PayPal"":2,""Venmo"":2}"
167185,223-222@5sy-bzg-gx5,SG_BRAND_981160b245cef646e73a24fb0f042968,Harley Davidson,2022-06-01,2022-07-01,346.96,5,5,83.1,83.1,"{""25"":48.83,""75"":83.10}","[0.00,0.00,0.00,0.00,0.00,97.66,0.00,0.00,0.00,0.00,0.00,0.00,0.00,0.00,0.00,83.10,0.00,0.00,0.00,0.00,0.00,0.00,0.00,0.00,0.00,0.00,0.00,0.00,166.20,0.00]","[null,null,null,null,null,48.83,null,null,null,null,null,null,null,null,null,83.10,null,null,null,null,null,null,null,null,null,null,null,null,83.10,null]","{""Monday"":97.66,""Tuesday"":0.00,""Wednesday"":166.20,""Thursday"":83.10,""Friday"":0.00,""Saturday"":0.00,""Sunday"":0.00}","{""Wednesday"":5,""Monday"":4,""Saturday"":4,""Thursday"":5,""Tuesday"":4,""Friday"":4,""Sunday"":4}",106.0,,0,0.0,"{""No intermediary"":5}","{""No intermediary"":346.96}","{""1"":5,""2"":0,""3"":0,""4"":0,""5-10"":0,"">10"":0}","{""1"":69.39,""2"":null,""3"":null,""4"":null,""5-10"":null,"">10"":null}","{""<25k"":2,""25-45k"":2,""45-60k"":2,""75-100k"":2}","{""<25k"":83.10,""25-45k"":83.10,""45-60k"":51.90,""75-100k"":64.43}","{""Edinboro, PA"":2,""Buffalo, PA"":2,""Waite Park, MN"":2,""Indianapolis, IN"":2}","{""Taco Bell"":80,""McDonald's"":80,""Dollar General"":60,""Dunkin'"":60,""Walmart"":40,""Little Caesars"":40,""Chipotle Mexican Grill"":40,""BP"":40,""The Home Depot"":40,""Apple Retail Store"":40,""Firestone Complete Auto Care"":40,""Sheetz"":40,""Applebee's"":40,""Dairy Queen"":40,""Burger King"":40,""CVS"":40,""Bob Evans"":40,""Shell Oil"":40,""Condado Tacos"":20,""Smoker Friendly"":20}","{""Amazon"":60,""Apple"":40,""YouTube TV"":20,""Sirius XM"":20,""Consumer Cellular, Inc"":20,""GoDaddy"":20,""Experian"":20,""Adobe Systems"":20,""Hotels.com"":20,""LA Fitness"":20,""Afterpay"":20,""Progressive Leasing"":20,""Apple Card"":20,""eBay"":20,""Hulu"":20,""AT&T"":20,""Audible"":20,""LegalShield"":20,""Comcast"":20,""Red Lobster"":20}",{},"{""Walmart"":20,""Smoker Friendly"":20,""Domino's Pizza"":20}","{""AT&T"":20}","{""YouTube TV"":20,""Hulu"":20}",{},{},"{""Afterpay"":20,""Affirm.com"":20,""Progressive Leasing"":20}","{""Apple Card"":20}"
167315,zzw-222@5sy-bxt-fpv,SG_BRAND_6b1e006c89aa3f8b054a05fa90581501,Dollar Tree,2022-06-01,2022-07-01,946.01,30,23,24.23,24.05,"{""25"":13.75,""75"":42.63}","[0.00,0.00,22.10,0.00,0.00,48.80,0.00,0.00,47.29,113.74,0.00,163.59,88.35,0.00,8.43,113.60,33.54,30.55,0.00,0.00,0.00,15.55,67.40,0.00,0.00,0.00,39.70,40.65,0.00,112.72]","[null,null,22.10,null,null,24.40,null,null,16.85,56.87,null,23.50,26.00,null,8.43,56.80,16.77,15.28,null,null,null,15.55,67.40,null,null,null,39.70,3.75,null,56.36]","{""Monday"":176.85,""Tuesday"":40.65,""Wednesday"":23.98,""Thursday"":341.01,""Friday"":169.38,""Saturday"":30.55,""Sunday"":163.59}","{""Wednesday"":5,""Monday"":4,""Saturday"":4,""Thursday"":5,""Tuesday"":4,""Friday"":4,""Sunday"":4}",76.0,42.0,1,48.05,"{""No intermediary"":30}","{""No intermediary"":946.01}","{""1"":21,""2"":0,""3"":1,""4"":0,""5-10"":1,"">10"":0}","{""1"":22.08,""2"":null,""3"":47.12,""4"":null,""5-10"":435.13,"">10"":null}","{""<25k"":5,""25-45k"":5,""60-75k"":2,""75-100k"":2,""100-150k"":3,"">150k"":7}","{""<25k"":20.35,""25-45k"":41.85,""60-75k"":48.05,""75-100k"":17.83,""100-150k"":12.81,"">150k"":77.00}","{""Cody, WY"":5,""Atlanta, GA"":3,""Fayetteville, TN"":2,""Livingston, NY"":2,""Chandler, AZ"":2,""Katy, TX"":2,""Gunnison, CO"":2,""Roanoke, VA"":2,""Clark, WY"":2,""Evergreen, CO"":2,""Fernald, OH"":2,""Idaho Falls, ID"":2,""Wake Forest, NC"":2}","{""Walmart"":83,""Maverik"":57,""McDonald's"":57,""Walgreens"":48,""Albertsons"":40,""Wendy's"":31,""Tractor Supply Co."":31,""Arby's"":31,""Domino's Pizza"":27,""Costco"":27,""Dairy Queen"":27,""Bomgaars"":22,""Dollar General"":22,""Spectrum"":22,""Exxon Mobil"":22,""Subway"":22,""Family Dollar Stores"":22,""Verizon Wireless"":18,""ALDI"":18,""Taco John's"":18}","{""Amazon"":61,""Apple"":31,""Netflix"":27,""Walmart"":18,""Barclaycard US"":18,""Google"":18,""Amazon Digital Services"":18,""Amazon Marketplace"":18,""Hulu"":14,""AT&T"":14,""Target"":9,""Dutch Bros. Coffee"":9,""Old Navy"":9,""Costco"":9,""Spotify"":9,""Amazon Prime Video"":9,""Etsy"":5,""Venmo"":5,""Bank of America Merchant Services"":5,""Nayax"":5}","{""Walmart"":92,""Costco"":35,""Dollar General"":22,""Family Dollar Stores"":22,""Target"":14,""Sam's Club"":14,""BJ's Wholesale Club"":5,""FYE"":5}","{""Walmart"":74,""Albertsons"":40,""Maverik"":31,""Tractor Supply Co."":31,""Wendy's"":27,""Walgreens"":27,""Dairy Queen"":18,""McDonald's"":18,""Domino's Pizza"":14,""Ace Hardware"":14,""Sierra"":14,""Arby's"":14,""Taco John's"":9,""CARQUEST Auto Parts"":9,""The UPS Store"":9,""Boot Barn"":9,""O'Reilly Auto Parts"":9,""Burger King"":9,""Subway"":9,""SmartStyle Family Hair Salons"":5}","{""Verizon Wireless"":18,""AT&T"":18,""T-Mobile"":9,""Straight Talk"":5,""Sprint"":5}","{""Netflix"":27,""Hulu"":14,""Amazon Prime Video"":9,""HBO Max"":5,""YouTube TV"":5,""Youtube"":5,""Dish Network"":5,""Disney Plus"":5}",{},{},"{""Sezzle"":5,""Progressive Leasing"":5}","{""Apple Card"":5,""Venmo"":5}"
167394,226-222@5sy-bzg-qj9,,,2022-06-01,2022-07-01,3290.55,91,72,31.55,33.91,"{""25"":21.12,""75"":47.03}","[104.53,65.91,220.70,45.32,50.60,0.00,66.70,39.19,121.03,296.59,47.98,77.16,395.10,92.15,110.41,31.12,40.65,0.00,69.50,103.22,511.84,0.00,211.98,80.00,24.92,0.00,293.00,80.65,73.52,36.78]","[52.27,32.96,42.20,22.66,25.30,null,66.70,39.19,60.52,33.55,47.98,38.58,38.56,46.08,43.01,15.56,40.65,null,69.50,26.69,27.60,null,34.27,80.00,24.92,null,26.88,26.26,29.59,18.39]","{""Monday"":791.32,""Tuesday"":751.34,""Wednesday"":327.65,""Thursday"":466.82,""Friday"":637.94,""Saturday"":118.22,""Sunday"":197.26}","{""Wednesday"":5,""Monday"":4,""Saturday"":4,""Thursday"":5,""Tuesday"":4,""Friday"":4,""Sunday"":4}",194.0,-13.0,2,59.19,"{""No intermediary"":91}","{""No intermediary"":3290.55}","{""1"":55,""2"":16,""3"":0,""4"":1,""5-10"":0,"">10"":0}","{""1"":34.67,""2"":79.10,""3"":null,""4"":118.30,""5-10"":null,"">10"":null}","{""<25k"":6,""25-45k"":6,""45-60k"":8,""60-75k"":3,""75-100k"":7,""100-150k"":21,"">150k"":20}","{""<25k"":24.16,""25-45k"":34.24,""45-60k"":35.87,""60-75k"":23.27,""75-100k"":42.83,""100-150k"":57.29,"">150k"":54.35}","{""New Albany, IN"":5,""Torrance, CA"":4,""Conifer, CO"":3,""Pueblo, CO"":3,""Star, ID"":3,""Gardendale, AL"":3,""Duluth, MN"":2,""Minneapolis, MN"":2,""Springfield, VA"":2,""Syracuse, UT"":2,""Troy, MI"":2,""Thornton, CO"":2,""Lamar, CO"":2,""Frontenac, MN"":2,""Saint Petersburg, FL"":2,""Centennial, CO"":2,""Vernal, UT"":2,""Birmingham, AL"":2,""Tempe, AZ"":2,""Katy, TX"":2,""Madison, WI"":2,""Phoenix, AZ"":2,""Temple, TX"":2,""Wellington, FL"":2,""Cody, WY"":2,""Harrisville, UT"":2,""Payson, AZ"":2,""Dacula, GA"":2,""Littleton, CO"":2,""Fairview, TX"":2,""Dunedin, FL"":2,""Portland, OR"":2,""Madison, OH"":2,""Edinboro, PA"":2,""Boise, ID"":2,""La Vernia, TX"":2,""Wichita Falls, TX"":2,""Colorado Springs, CO"":2,""Draper, UT"":2,""Bozeman, MT"":2,""Howison, MS"":2,""Oshkosh, WI"":2,""Aurora, NE"":2,""Saratoga Springs, UT"":2,""Oakdale, WI"":2,""Grants, NM"":2,""Meadows, ID"":2,""Newbury Park, CA"":2,""Hoquiam, WA"":2,""Glendale, AZ"":2,""Highlandville, MO"":2,""Hanover, MD"":2,""Idaho Falls, ID"":2,""Logan, UT"":2}","{""Walmart"":71,""McDonald's"":53,""Maverik"":44,""Albertsons"":38,""Walgreens"":38,""ConocoPhillips"":31,""Dairy Queen"":30,""Exxon Mobil"":30,""Shell Oil"":30,""Love's Travel Stops and Country Stores"":28,""Pilot Flying J"":27,""Wendy's"":25,""Taco Bell"":24,""Chick-fil-A"":24,""Target"":23,""Murphy USA"":23,""Starbucks"":23,""Circle K"":23,""Subway"":23,""Phillips 66"":21}","{""Amazon"":50,""Netflix"":34,""Apple"":32,""AT&T"":19,""Amazon Marketplace"":19,""Hulu"":16,""Sirius XM"":14,""Spotify"":13,""Verizon Wireless"":12,""Amazon Digital Services"":12,""Pizza Hut"":12,""Walmart"":10,""Uber"":10,""Etsy"":9,""ADT Security Services"":9,""Chipotle Mexican Grill"":7,""Maverik"":7,""Audible"":7,""Steam"":6,""Expedia"":6}","{""McDonald's"":53,""Dairy Queen"":32,""Wendy's"":27,""Chick-fil-A"":25,""Taco Bell"":24,""Starbucks"":23,""Subway"":23,""Jimmy John's"":19,""Pizza Hut"":19,""Arby's"":19,""Burger King"":17,""Domino's Pizza"":16,""Chipotle Mexican Grill"":14,""Panera Bread"":14,""IHOP"":12,""Whataburger"":12,""Sonic"":10,""Little Caesars"":10,""Chili's Grill & Bar"":10,""Taco John's"":10}","{""Walmart"":32,""Albertsons"":24,""Wendy's"":16,""Maverik"":16,""Walgreens"":14,""McDonald's"":14,""ConocoPhillips"":6,""maurices"":5,""Domino's Pizza"":5,""Taco John's"":5,""Ace Hardware"":5,""Dairy Queen"":5,""Pizza Hut"":5,""Arby's"":5,""Bomgaars"":3,""Sierra"":3,""United States Postal Service (USPS)"":3,""Subway"":3,""Papa Murphy's"":2,""Cellular Plus"":2}","{""Verizon Wireless"":25,""AT&T"":23,""T-Mobile"":7,""Straight Talk"":3,""Sprint"":3,""MetroPCS"":2}","{""Netflix"":34,""Hulu"":16,""Disney Plus"":7,""Dish Network"":5,""Vudu"":3,""HBO Max"":2,""YouTube TV"":2,""Peacock"":2,""Crunchyroll"":2,""Redbox"":2,""Amazon Prime Video"":2,""Youtube Premium"":2}","{""Dashpass"":5,""DoorDash"":3,""HelloFresh"":3,""Uber Eats"":3,""Grubhub"":2,""Instacart"":2}","{""Uber"":10}","{""Afterpay"":2,""Affirm.com"":2,""Progressive Leasing"":2}","{""PayPal"":5,""Apple Card"":3,""Apple Cash"":3}"
167470,224-222@5sy-bxt-3dv,SG_BRAND_1f2a4b730dc533366115ba7f5168b074,Pizza Hut,2022-06-01,2022-07-01,1545.16,42,41,31.43,32.0,"{""25"":18.07,""75"":49.14}","[31.39,50.60,48.12,0.00,16.46,35.03,0.00,32.01,38.40,60.80,293.25,0.00,208.37,0.00,9.55,149.31,53.85,0.00,31.47,0.00,106.50,27.16,0.00,133.68,0.00,0.00,99.33,19.55,60.00,40.33]","[31.39,25.30,24.06,null,16.46,35.03,null,32.01,19.20,60.80,97.75,null,45.94,null,9.55,49.03,53.85,null,31.47,null,38.93,27.16,null,35.48,null,null,14.55,19.55,60.00,20.17]","{""Monday"":342.73,""Tuesday"":126.05,""Wednesday"":160.11,""Thursday"":278.64,""Friday"":296.45,""Saturday"":293.25,""Sunday"":47.93}","{""Wednesday"":5,""Monday"":4,""Saturday"":4,""Thursday"":5,""Tuesday"":4,""Friday"":4,""Sunday"":4}",386.0,-5.0,1,60.0,"{""No intermediary"":42}","{""No intermediary"":1545.16}","{""1"":40,""2"":1,""3"":0,""4"":0,""5-10"":0,"">10"":0}","{""1"":37.62,""2"":40.33,""3"":null,""4"":null,""5-10"":null,"">10"":null}","{""<25k"":4,""25-45k"":6,""45-60k"":2,""60-75k"":4,""75-100k"":4,""100-150k"":7,"">150k"":13}","{""<25k"":13.58,""25-45k"":28.11,""45-60k"":53.85,""60-75k"":59.16,""75-100k"":36.29,""100-150k"":31.42,"">150k"":44.43}","{""Conifer, CO"":3,""Campbell, CA"":3,""Grayling, MT"":2,""Syracuse, UT"":2,""Huntsville, AL"":2,""Coalville, UT"":2,""Saint Petersburg, FL"":2,""Liverpool, NY"":2,""Colstrip, MT"":2,""Charlotte, NC"":2,""Machesney Park, IL"":2,""Santa Clara, CA"":2,""Gaylord, MI"":2,""Alamo, NV"":2,""Clarksville, TN"":2,""Marietta, GA"":2,""Las Vegas, NV"":2,""Colorado Springs, CO"":2,""Nampa, ID"":2,""San Antonio, TX"":2,""Brighton, MI"":2,""Heglar, ID"":2,""Amherst, OH"":2,""Newbury Park, CA"":2,""Glendale, AZ"":2,""Statesville, NC"":2,""Hageman, OH"":2,""Bull Shoals, AR"":2}","{""Walmart"":81,""McDonald's"":52,""Maverik"":40,""Subway"":37,""Shell Oil"":32,""Target"":30,""Chevron"":30,""Albertsons"":30,""Walgreens"":30,""Burger King"":30,""Exxon Mobil"":30,""Wendy's"":27,""Dairy Queen"":27,""Pilot Flying J"":27,""ConocoPhillips"":25,""Taco Bell"":22,""Lowe's"":22,""Chick-fil-A"":22,""Arby's"":22,""Verizon Wireless"":20}","{""Amazon"":42,""Apple"":32,""Netflix"":25,""AT&T"":22,""Google"":20,""Amazon Marketplace"":18,""The Home Depot"":15,""Hulu"":15,""Etsy"":13,""Audible"":13,""ADT Security Services"":10,""Sirius XM"":10,""Barclaycard US"":10,""Lowe's"":10,""Dish Network"":10,""Target"":8,""Verizon Wireless"":8,""Airbnb"":8,""Spotify"":8,""Microsoft Ultimate"":8}","{""McDonald's"":52,""Subway"":37,""Burger King"":30,""Wendy's"":27,""Dairy Queen"":27,""Taco Bell"":22,""Chick-fil-A"":22,""Arby's"":22,""Taco John's"":18,""Starbucks"":18,""Dunkin'"":18,""Chipotle Mexican Grill"":13,""Panera Bread"":13,""Sonic"":10,""Whataburger"":10,""Papa John's"":10,""Hardee's"":10,""Panda Express"":10,""Carl's Jr."":10,""Jimmy John's"":8}","{""Walmart"":57,""Albertsons"":22,""Dairy Queen"":18,""McDonald's"":18,""Maverik"":15,""Walgreens"":13,""Arby's"":13,""Taco John's"":8,""Wendy's"":8,""Burger King"":8,""Bomgaars"":5,""ConocoPhillips"":5,""O'Reilly Auto Parts"":5,""Anytime Fitness"":3,""Holiday Inn"":3,""Ace Hardware"":3,""Boot Barn"":3,""Sierra"":3,""AutoZone"":3,""Subway"":3}","{""Verizon Wireless"":27,""AT&T"":22,""T-Mobile"":13,""Disney Mobile"":5,""U.S. Cellular"":5,""Sprint"":3}","{""Netflix"":25,""Hulu"":15,""Dish Network"":10,""Redbox"":5,""Amazon Prime"":3,""DirecTV"":3,""Amazon Prime Video"":3,""Youtube Premium"":3}","{""Instacart"":5,""Shipt"":5,""Uber Eats"":5,""HelloFresh"":3}","{""Uber"":5}",{},{}
167508,zzw-223@5sy-bxt-5xq,SG_BRAND_04a8ca7bf49e7ecb4a32451676e929f0,Walmart,2022-06-01,2022-07-01,128003.67,1927,846,37.25,72.72,"{""25"":17.00,""75"":82.68}","[3091.82,2632.21,4002.69,2525.68,2444.44,5895.89,5472.41,3711.83,2553.24,4216.16,2640.55,1968.08,9675.73,4489.13,4618.74,3393.27,4641.22,3205.54,2002.47,4601.58,9671.99,5783.77,2367.30,4638.42,1873.74,2722.62,7259.48,5169.66,3143.28,7590.73]","[57.67,45.02,48.13,40.21,66.65,29.66,30.05,35.41,25.46,31.43,47.22,55.19,30.88,33.29,37.96,35.79,46.08,48.67,73.74,53.49,28.18,50.59,33.16,33.75,69.44,64.84,35.25,51.11,34.70,51.14]","{""Monday"":27432.68,""Tuesday"":24803.19,""Wednesday"":20349.44,""Thursday"":18536.75,""Friday"":17498.49,""Saturday"":10245.51,""Sunday"":9137.61}","{""Wednesday"":5,""Monday"":4,""Saturday"":4,""Thursday"":5,""Tuesday"":4,""Friday"":4,""Sunday"":4}",75.0,-14.0,34,2001.68,"{""No intermediary"":1927}","{""No intermediary"":128003.67}","{""1"":498,""2"":151,""3"":66,""4"":50,""5-10"":64,"">10"":17}","{""1"":71.13,""2"":116.67,""3"":187.91,""4"":315.41,""5-10"":435.21,"">10"":1114.02}","{""<25k"":103,""25-45k"":106,""45-60k"":85,""60-75k"":60,""75-100k"":89,""100-150k"":145,"">150k"":240}","{""<25k"":102.17,""25-45k"":131.07,""45-60k"":104.23,""60-75k"":146.20,""75-100k"":211.70,""100-150k"":137.25,"">150k"":188.45}","{""Cody, WY"":62,""Newbury Park, CA"":60,""Clark, WY"":28,""Idaho Falls, ID"":11,""Salt Lake City, UT"":10,""Jacksonville, FL"":8,""Castle Rock, CO"":8,""Marietta, GA"":7,""Boise, ID"":7,""Fort Collins, CO"":7,""Albuquerque, NM"":7,""Kenosha, WI"":6,""Worland, WY"":6,""Colorado Springs, CO"":6,""Aurora, CO"":6,""Charlotte, NC"":5,""Lovell, WY"":4,""Ocala, FL"":4,""Leander, TX"":4,""Garden Grove, CA"":4,""Maryville, TN"":4,""Emigrant, MT"":4,""Coeburn, VA"":4,""Bozeman, MT"":4,""Nampa, ID"":4,""Saratoga Springs, UT"":4,""Center Point, IA"":4,""Highlandville, MO"":4,""Saint George, UT"":3,""Eden Prairie, MN"":3,""San Diego, CA"":3,""Scott Air Force Base, IL"":3,""Chicago, IL"":3,""Lamar, CO"":3,""Carlisle, IA"":3,""Greybull, WY"":3,""Pelham, AL"":3,""Mesa, AZ"":3,""Phoenix, AZ"":3,""Mechanicsville, VA"":3,""Basin, WY"":3,""Georgetown, KY"":3,""Spring, TX"":3,""Miami, FL"":3,""Kinston, NC"":3,""Maeser, UT"":3,""Honolulu, HI"":3,""Cedar City, UT"":3,""Lake, WY"":3,""Estes Park, CO"":3,""Rexburg, ID"":3,""San Antonio, TX"":3,""Billings, MT"":3,""Torrance, CA"":3,""Dallas, TX"":3,""Aurora, NE"":3,""Yadkinville, NC"":3,""Milford, NH"":3,""Cuyahoga Falls, OH"":3,""Salvo, NC"":3,""Glendale, AZ"":3,""Tremonton, UT"":2,""Tacoma, WA"":2,""Buckeye, AZ"":2,""Clayton, OH"":2,""Poquoson, VA"":2,""Monmouth, ME"":2,""Choctaw, OK"":2,""Spring Hill, FL"":2,""Eastlake, CO"":2,""Minneapolis, MN"":2,""Plano, TX"":2,""Broadview Heights, OH"":2,""Altoona, PA"":2,""Middleburgh, NY"":2,""Raleigh, NC"":2,""South Jordan, UT"":2,""Maple Heights, OH"":2,""Lancaster, PA"":2,""Pittsfield, MA"":2,""Grayling, MT"":2,""Papillion, NE"":2,""Milo, IA"":2,""Frisco, TX"":2,""Alexandria, VA"":2,""Balltown, KY"":2,""Fort Myers, FL"":2,""Interlaken, UT"":2,""Huntsville, AL"":2,""Lacomb, OR"":2,""Cora, WY"":2,""Conifer, CO"":2,""Wahiawa, HI"":2,""Sandy, UT"":2,""Orangevale, CA"":2,""Troy, MI"":2,""Nashville, TN"":2,""Clover, SC"":2,""Brunswick, ME"":2,""Ames, IA"":2,""Rothschild, WI"":2,""League City, TX"":2,""Boulder, CO"":2,""Danville, KY"":2,""Taylorsville, UT"":2,""Ballard, UT"":2,""Bellingham, WA"":2,""Madison, AL"":2,""Penfield, PA"":2,""Plymouth Meeting, PA"":2,""Saint Petersburg, FL"":2,""Moscow, ID"":2,""Arlington, WA"":2,""North Salt Lake, UT"":2,""Clarksville, IN"":2,""Pittsburgh, PA"":2,""Fayetteville, TN"":2,""Hudson, MA"":2,""Buffalo Grove, IL"":2,""Granbury, TX"":2,""Wichita, KS"":2,""Dumfries, VA"":2,""Centennial, CO"":2,""Vernal, UT"":2,""La Pine, OR"":2,""Ashland, KY"":2,""Livingston, NY"":2,""Collinsburg, PA"":2,""San Francisco, CA"":2,""Mobile, AL"":2,""Annex, OR"":2,""Cedar Hill, TX"":2,""Lincolnwood, IL"":2,""Cornelius, NC"":2,""Prince Frederick, MD"":2,""Chandler, AZ"":2,""Euless, TX"":2,""Liverpool, NY"":2,""Menifee, CA"":2,""Montpelier, ID"":2,""Alameda, CA"":2,""Puyallup, WA"":2,""Wilberforce, OH"":2,""Blackfoot, ID"":2,""Springville, UT"":2,""Daphne, AL"":2,""Wilkes Barre, PA"":2,""Evans, GA"":2,""Gainesville, FL"":2,""Northbrook, IL"":2,""Chrisney, IN"":2,""Richardson, TX"":2,""Laramie, WY"":2,""Tempe, AZ"":2,""Carson City, NV"":2,""Delmar, DE"":2,""Racine, WI"":2,""Katy, TX"":2,""Auburn, WA"":2,""Cleveland, ND"":2,""California, PA"":2,""Stevensville, MI"":2,""Dayton, OH"":2,""Gilbert, AZ"":2,""Houston, TX"":2,""Dothan, AL"":2,""Benjamin, UT"":2,""Boone, IA"":2,""Baltimore, MD"":2,""Santa Maria, CA"":2,""Gunnison, CO"":2,""Woodridge, IL"":2,""Palm Harbor, FL"":2,""Benson, AZ"":2,""Pine Apple, AL"":2,""Pueblo, CO"":2,""Grand Forks, ND"":2,""Algonquin, MD"":2,""Meridian, ID"":2,""Olympia, WA"":2,""Oakland, CA"":2,""Bridgeland, UT"":2,""South Salt Lake, UT"":2,""Folsom, CA"":2,""Machesney Park, IL"":2,""Adelino, NM"":2,""Endicott, NY"":2,""Roanoke, VA"":2,""Bueyeros, NM"":2,""North Olmsted, OH"":2,""Louisville, KY"":2,""Tampa, FL"":2,""Marysville, WA"":2,""Indian Trail, NC"":2,""Alamo, NV"":2,""Riverton, WY"":2,""Champaign, IL"":2,""Overland Park, KS"":2,""Georgetown, DE"":2,""Missoula, MT"":2,""Ogden, UT"":2,""West Chester, PA"":2,""Loveland, CO"":2,""Payson, AZ"":2,""Garrison, ND"":2,""Saint John, ND"":2,""Clovis, NM"":2,""Des Moines, IA"":2,""Winston Salem, NC"":2,""Spartanburg, SC"":2,""Bannock, OH"":2,""Crestview, FL"":2,""Elkhart, IN"":2,""Brandon, FL"":2,""Dacula, GA"":2,""Edler, CO"":2,""Fairview, TX"":2,""Woodstock, GA"":2,""Sedgwick, KS"":2,""Lewisville, TX"":2,""Greenwood, SC"":2,""Twin Falls, ID"":2,""Coeur D Alene, ID"":2,""Sidney, MT"":2,""Browns Mills, NJ"":2,""Savannah, GA"":2,""Glasco, NY"":2,""New Lenox, IL"":2,""Saint Louis, MO"":2,""Daytona Beach, FL"":2,""Las Vegas, NV"":2,""Bangor, AL"":2,""Vero Beach, FL"":2,""Port Angeles, WA"":2,""Killeen, TX"":2,""Edinboro, PA"":2,""Eagar, AZ"":2,""Homedale, ID"":2,""Port Richey, FL"":2,""Ankeny, IA"":2,""Saint Marys, GA"":2,""Fayetteville, NC"":2,""Wisconsin Rapids, WI"":2,""Riverton, UT"":2,""Dundee, KS"":2,""Ammon, ID"":2,""Hebron, WI"":2,""La Vernia, TX"":2,""Riverbank, CA"":2,""Cicero, NY"":2,""High Point, NC"":2,""Norman, OK"":2,""Midvale, UT"":2,""Spokane, WA"":2,""Newport News, VA"":2,""Brevard, NC"":2,""Butler, PA"":2,""Maumee, OH"":2,""Crystal River, FL"":2,""Clawson, MI"":2,""Murrells Inlet, SC"":2,""Corolla, NC"":2,""Butte, MT"":2,""Saint Augustine, FL"":2,""Lexington, KY"":2,""Mutual, OH"":2,""Evergreen, CO"":2,""Orlando, FL"":2,""Fort Walton Beach, FL"":2,""Bakersfield, CA"":2,""Hilton, NY"":2,""Auburn, CA"":2,""Winters, CA"":2,""Farmington, UT"":2,""Redmond, UT"":2,""Lexington, NC"":2,""Wimberley, TX"":2,""Anderson, IN"":2,""Grant, ID"":2,""Midland, MI"":2,""Dawson, MO"":2,""Cardiff By The Sea, CA"":2,""Erda, UT"":2,""Alma, TX"":2,""Layton, UT"":2,""Apex, NC"":2,""Early, IA"":2,""Ashburn, VA"":2,""Canton, GA"":2,""Lehi, UT"":2,""Diamondhead, MS"":2,""Brighton, MI"":2,""Metairie, LA"":2,""Newport, OR"":2,""Oneonta, NY"":2,""Lebanon, VA"":2,""Yankton, SD"":2,""Nags Head, NC"":2,""Almy, WY"":2,""Eden, NY"":2,""Post, OR"":2,""Reno, NV"":2,""Englewood, CO"":2,""Riverton, VA"":2,""New Albany, IN"":2,""Deadwood, SD"":2,""Pasadena, CA"":2,""Fernald, OH"":2,""Conover, WI"":2,""Helena, MT"":2,""Indianapolis, IN"":2,""Anchorage, AK"":2,""Conway, AR"":2,""Auburn, IN"":2,""Cape Coral, FL"":2,""Lakeland, FL"":2,""Heglar, ID"":2,""Dresden, NY"":2,""Quinhagak, AK"":2,""Hillsboro, VA"":2,""Parkton, MD"":2,""Lynchburg, VA"":2,""Grants, NM"":2,""Springfield, OH"":2,""Casper, WY"":2,""Burley, ID"":2,""Braselton, GA"":2,""Lacey, WA"":2,""Acme, WY"":2,""Death Valley, CA"":2,""Orem, UT"":2,""Scottsdale, AZ"":2,""Oklahoma City, OK"":2,""Diberville, MS"":2,""Westlake, OH"":2,""Conway, KS"":2,""Monolith, CA"":2,""Mooresville, NC"":2,""Crossville, TN"":2,""Denton, TX"":2,""Fairport, IA"":2,""Wolf, WY"":2,""Lander, WY"":2,""Campbell, CA"":2,""Asheville, NC"":2,""Daniels, ID"":2,""Luther, MT"":2,""Cheyenne, WY"":2,""Somerset, KY"":2,""Statesville, NC"":2,""Ault, CO"":2,""Rayne, LA"":2,""Bradenton Beach, FL"":2,""Broaddus, TX"":2,""Boone, NC"":2,""Peoria, AZ"":2,""Veneta, OR"":2,""Muncie, IN"":2,""Kendallville, IN"":2,""Frankfort, KY"":2,""Richmond, KY"":2,""Greeley, CO"":2,""Jackson, WY"":2,""Hayden, CO"":2,""Caldwell, ID"":2,""Evansdale, IA"":2,""Gardendale, AL"":2,""Grandin, ND"":2,""Cumming, GA"":2,""Tunkhannock, PA"":2,""Logan, UT"":2,""Gulfport, MS"":2,""Louisville, CO"":2,""Hageman, OH"":2,""Yakima, WA"":2,""Bull Shoals, AR"":2,""Columbia, SC"":2,""Wake Forest, NC"":2,""Granger, IN"":2,""Bloomfield Hills, MI"":2,""Bonneauville, PA"":2}","{""McDonald's"":51,""Maverik"":43,""Albertsons"":36,""Exxon Mobil"":35,""Wendy's"":28,""Walgreens"":26,""ConocoPhillips"":25,""Dairy Queen"":24,""Shell Oil"":24,""Subway"":22,""Target"":22,""Verizon Wireless"":19,""Pilot Flying J"":19,""Starbucks"":18,""Costco"":18,""Taco Bell"":18,""Love's Travel Stops and Country Stores"":18,""Chevron"":18,""Chick-fil-A"":18,""The Home Depot"":17}","{""Amazon"":55,""Apple"":40,""Netflix"":30,""Amazon Marketplace"":23,""Amazon Digital Services"":18,""Hulu"":18,""Walmart"":15,""Spotify"":15,""AT&T"":14,""Verizon Wireless"":13,""Sirius XM"":12,""Google"":12,""Audible"":9,""Target"":9,""Comcast"":9,""Etsy"":7,""Planet Fitness"":6,""Amazon Kindle"":6,""Chewy"":6,""The Home Depot"":6}","{""Target"":27,""Costco"":19,""Sam's Club"":16,""Dollar Tree"":15,""Family Dollar Stores"":11,""Dollar General"":9,""Five Below"":2,""Big Lots Stores"":2,""BJ's Wholesale Club"":2,""Belk"":2,""Navy Exchange"":1,""Mills Fleet Farm"":1,""FYE"":1,""Ollie's Bargain Outlet"":1,""Christmas Tree Shops"":1,""Tuesday Morning"":1,""Von Maur"":1,""Dirt Cheap"":1,""Ocean State Job Lot"":1,""DAISO"":1}","{""Albertsons"":26,""Dairy Queen"":15,""McDonald's"":14,""Maverik"":13,""Wendy's"":11,""Sierra"":9,""Walgreens"":7,""Domino's Pizza"":7,""Subway"":7,""Arby's"":7,""Ace Hardware"":6,""ConocoPhillips"":6,""Taco John's"":5,""Tractor Supply Co."":5,""Bomgaars"":5,""Pizza Hut"":3,""Burger King"":3,""Boot Barn"":3,""Dollar Tree"":3,""AutoZone"":2}","{""Verizon Wireless"":30,""AT&T"":18,""T-Mobile"":8,""Straight Talk"":3,""Sprint"":2,""Disney Mobile"":1,""Cricket Wireless"":1,""U.S. Cellular"":1,""TracFone Wireless"":1,""Google Fi"":1,""Boost Mobile"":1}","{""Netflix"":30,""Hulu"":18,""Disney Plus"":11,""Dish Network"":4,""Amazon Prime Video"":4,""Youtube"":3,""YouTube TV"":3,""Redbox"":3,""Roku"":3,""Peacock"":3,""HBO Max"":2,""Amazon Prime"":2,""Youtube Premium"":2,""Sling TV"":2,""Vudu"":1,""Crunchyroll"":1,""Time Warner Cable"":1,""Funimation"":1,""Starz"":1,""Fubo"":1}","{""Uber Eats"":4,""DoorDash"":3,""Dashpass"":2,""HelloFresh"":2,""Instacart"":2,""Grubhub"":1,""Postmates"":1,""Shipt"":1,""Go Puff"":1}","{""Uber"":4,""Lyft"":2}","{""Affirm.com"":4,""Klarna"":2,""Afterpay"":2,""Sezzle"":1,""Zip Company"":1,""Progressive Leasing"":1,""Acima Credit"":1}","{""PayPal"":3,""Apple Card"":3,""Apple Cash"":2,""Venmo"":1,""Cash App"":1}"
167516,223-222@5sy-bzg-psq,,,2022-06-01,2022-07-01,5187.92,164,84,23.63,35.22,"{""25"":12.47,""75"":38.24}","[34.66,89.16,41.27,67.25,0.00,136.93,12.73,366.17,116.15,118.65,62.23,253.16,618.06,394.90,101.09,177.72,281.55,259.27,32.01,107.84,320.12,140.31,278.01,199.98,62.51,81.52,197.03,200.41,227.13,210.10]","[34.66,10.00,41.27,16.64,null,41.19,12.73,16.22,26.49,19.02,15.60,57.74,15.01,38.07,26.93,35.14,18.71,29.42,32.01,17.16,29.30,21.14,26.45,26.08,62.51,19.89,12.93,45.94,34.71,28.30]","{""Monday"":1059.86,""Tuesday"":928.16,""Wednesday"":869.36,""Thursday"":871.14,""Friday"":641.45,""Saturday"":451.26,""Sunday"":366.69}","{""Wednesday"":5,""Monday"":4,""Saturday"":4,""Thursday"":5,""Tuesday"":4,""Friday"":4,""Sunday"":4}",102.0,-23.0,0,0.0,"{""No intermediary"":164}","{""No intermediary"":5187.92}","{""1"":59,""2"":7,""3"":7,""4"":4,""5-10"":6,"">10"":1}","{""1"":39.90,""2"":61.76,""3"":74.99,""4"":89.84,""5-10"":197.22,"">10"":333.76}","{""<25k"":15,""25-45k"":9,""45-60k"":11,""60-75k"":9,""75-100k"":8,""100-150k"":12,"">150k"":23}","{""<25k"":60.34,""25-45k"":46.36,""45-60k"":83.66,""60-75k"":76.24,""75-100k"":79.34,""100-150k"":51.72,"">150k"":54.88}","{""Cody, WY"":18,""Newbury Park, CA"":12,""Phoenix, AZ"":5,""Palm Harbor, FL"":4,""Boise, ID"":3,""Logan, UT"":3,""Smyrna, GA"":2,""Clayton, OH"":2,""Monell, WY"":2,""San Diego, CA"":2,""Niceville, FL"":2,""Tucson, AZ"":2,""Sandy, UT"":2,""Onalaska, TX"":2,""Salt Lake City, UT"":2,""Greybull, WY"":2,""Durham, NC"":2,""Dumfries, VA"":2,""Rockwall, TX"":2,""Murrysville, PA"":2,""Baltimore, MD"":2,""Pueblo, CO"":2,""Harrisville, UT"":2,""Indian Trail, NC"":2,""Clovis, NM"":2,""Belleville, RI"":2,""Kanab, UT"":2,""Miami, FL"":2,""Sidney, MT"":2,""Honolulu, HI"":2,""Columbus, MT"":2,""Emigrant, MT"":2,""Colorado Springs, CO"":2,""Dawson, MO"":2,""Custer, SD"":2,""Waterloo, IA"":2,""Bozeman, MT"":2,""Harleysville, PA"":2,""Billings, MT"":2,""Oshkosh, WI"":2,""Conway, AR"":2,""Aurora, CO"":2,""Glendale, AZ"":2,""Castle Rock, CO"":2,""Columbia, SC"":2}","{""Walmart"":78,""Albertsons"":62,""Maverik"":47,""Exxon Mobil"":40,""McDonald's"":37,""Bomgaars"":31,""ConocoPhillips"":28,""Walgreens"":27,""Verizon Wireless"":24,""Domino's Pizza"":23,""Wendy's"":23,""Dairy Queen"":21,""Tractor Supply Co."":20,""Target"":17,""The Home Depot"":17,""Ace Hardware"":17,""Phillips 66"":17,""Sierra"":16,""Shell Oil"":16,""Taco John's"":15}","{""Amazon"":46,""Apple"":41,""Netflix"":33,""Amazon Marketplace"":22,""Amazon Digital Services"":20,""Walmart"":17,""Spotify"":17,""AT&T"":15,""Verizon Wireless"":12,""Hulu"":12,""Chewy"":10,""Sirius XM"":10,""Etsy"":8,""Uber"":8,""Adobe Systems"":8,""Google"":8,""Steam"":6,""Experian"":6,""Uber Eats"":6,""Audible"":6}","{""BevMo"":3}","{""Walmart"":54,""Albertsons"":53,""Maverik"":20,""Bomgaars"":15,""Wendy's"":15,""Dairy Queen"":15,""McDonald's"":15,""Domino's Pizza"":14,""Sierra"":14,""Walgreens"":14,""ConocoPhillips"":12,""Ace Hardware"":12,""Taco John's"":10,""The UPS Store"":10,""Tractor Supply Co."":8,""Subway"":8,""Arby's"":8,""Smoker Friendly"":4,""United States Postal Service (USPS)"":3,""AutoZone"":3}","{""Verizon Wireless"":36,""AT&T"":18,""T-Mobile"":3,""Straight Talk"":2,""MetroPCS"":2,""Sprint"":2}","{""Netflix"":33,""Hulu"":12,""Peacock"":6,""Fubo"":5,""Dish Network"":5,""Roku"":4,""Disney Plus"":4,""Amazon Prime Video"":4,""HBO Max"":3,""Starz"":3,""Sling TV"":2,""Youtube"":2,""Redbox"":2,""Amazon Prime"":2,""DirecTV"":2}","{""Uber Eats"":6,""DoorDash"":2}","{""Uber"":8,""Lyft"":3}","{""Progressive Leasing"":2}","{""Apple Cash"":4,""PayPal"":3,""Apple Card"":2,""Venmo"":2}"
167579,224-222@5sy-bzg-qpv,,,2022-06-01,2022-07-01,80.34,2,2,40.17,40.17,"{""25"":24.44,""75"":55.90}","[0.00,0.00,0.00,0.00,0.00,0.00,0.00,0.00,0.00,0.00,0.00,0.00,0.00,0.00,0.00,0.00,0.00,0.00,0.00,0.00,0.00,0.00,0.00,0.00,0.00,0.00,55.90,24.44,0.00,0.00]","[null,null,null,null,null,null,null,null,null,null,null,null,null,null,null,null,null,null,null,null,null,null,null,null,null,null,55.90,24.44,null,null]","{""Monday"":55.90,""Tuesday"":24.44,""Wednesday"":0.00,""Thursday"":0.00,""Friday"":0.00,""Saturday"":0.00,""Sunday"":0.00}","{""Wednesday"":5,""Monday"":4,""Saturday"":4,""Thursday"":5,""Tuesday"":4,""Friday"":4,""Sunday"":4}",,-35.0,0,0.0,"{""No intermediary"":1,""Square"":1}","{""Square"":55.90,""No intermediary"":24.44}","{""1"":2,""2"":0,""3"":0,""4"":0,""5-10"":0,"">10"":0}","{""1"":40.17,""2"":null,""3"":null,""4"":null,""5-10"":null,"">10"":null}","{""100-150k"":2,"">150k"":2}","{""100-150k"":24.44,"">150k"":55.90}","{""Grimes, IA"":2,""Cody, WY"":2}","{""Walmart"":100,""Walgreens"":100,""Jimmy John's"":50,""Kwik Trip"":50,""Chevron"":50,""Casey's General Stores"":50,""BP"":50,""ALDI"":50,""Albertsons"":50,""Bomgaars"":50,""Harbor Freight Tools"":50,""Lowe's"":50,""KFC"":50,""WinCo Foods"":50,""T.J. Maxx"":50,""Dickey's Barbecue Pit"":50,""The Home Depot"":50,""Safeway"":50,""Wendy's"":50,""Hy-Vee"":50}","{""Amazon"":100,""Amazon Marketplace"":100,""Petco"":50,""Etsy"":50,""Walmart"":50,""Fandango"":50,""Sirius XM"":50,""MediaCom"":50,""The Home Depot"":50,""Netflix"":50,""Maverik"":50,""Spectrum"":50,""Sam's Club"":50}","{""Jimmy John's"":50,""KFC"":50,""Dickey's Barbecue Pit"":50,""Wendy's"":50,""Long John Silver's"":50,""Dairy Queen"":50,""Raising Cane's"":50,""Culver's"":50,""Burger King"":50,""McDonald's"":50,""Pizza Hut"":50,""MOOYAH"":50,""Subway"":50,""Arby's"":50}","{""Walmart"":50,""Albertsons"":50,""Bomgaars"":50,""Wendy's"":50,""Ace Hardware"":50,""O'Reilly Auto Parts"":50}","{""AT&T"":50}","{""Netflix"":50}",{},{},{},{}
167602,zzw-222@5sy-bxt-3qz,SG_BRAND_6daa255524fe5ac244c3bed9cfbde479,Anytime Fitness,2022-06-01,2022-07-01,2182.79,33,31,52.0,58.0,"{""25"":25.50,""75"":95.57}","[70.00,261.59,606.33,0.00,0.00,204.40,644.84,10.00,0.00,0.00,0.00,0.00,0.00,0.00,140.63,0.00,0.00,0.00,0.00,0.00,0.00,25.00,0.00,0.00,0.00,0.00,0.00,0.00,220.00,0.00]","[35.00,46.50,63.21,null,null,42.50,51.00,10.00,null,null,null,null,null,null,140.63,null,null,null,null,null,null,25.00,null,null,null,null,null,null,110.00,null]","{""Monday"":204.40,""Tuesday"":644.84,""Wednesday"":465.63,""Thursday"":261.59,""Friday"":606.33,""Saturday"":0.00,""Sunday"":0.00}","{""Wednesday"":5,""Monday"":4,""Saturday"":4,""Thursday"":5,""Tuesday"":4,""Friday"":4,""Sunday"":4}",,,0,0.0,"{""No intermediary"":33}","{""No intermediary"":2182.79}","{""1"":29,""2"":2,""3"":0,""4"":0,""5-10"":0,"">10"":0}","{""1"":65.08,""2"":147.67,""3"":null,""4"":null,""5-10"":null,"">10"":null}","{""<25k"":2,""25-45k"":2,""45-60k"":2,""60-75k"":2,""75-100k"":2,""100-150k"":2,"">150k"":13}","{""<25k"":110.00,""25-45k"":67.53,""45-60k"":31.00,""60-75k"":64.88,""75-100k"":61.58,""100-150k"":32.97,"">150k"":82.74}","{""Greenwood, SC"":4,""Killeen, TX"":4,""Bloomingdale, IL"":2,""Chattanooga, TN"":2,""Altoona, PA"":2,""Brigham City, UT"":2,""El Paso, TX"":2,""Providence, RI"":2,""Benson, AZ"":2,""Alamo, NV"":2,""Edler, CO"":2,""Miami, FL"":2,""Harvey, LA"":2,""Carolina Beach, NC"":2,""La Vernia, TX"":2,""Milton, FL"":2,""Colorado Springs, CO"":2,""Mechanicsburg, PA"":2,""Valrico, FL"":2,""Warner Robins, GA"":2,""Princeton, WV"":2,""Aurora, CO"":2,""Dublin, GA"":2}","{""Walmart"":78,""McDonald's"":49,""Sonic"":42,""Starbucks"":42,""Chick-fil-A"":33,""Walgreens"":33,""Burger King"":33,""Shell Oil"":33,""Subway"":33,""Target"":30,""7-Eleven"":30,""Wendy's"":30,""Dollar General"":26,""Taco Bell"":23,""Whataburger"":23,""Chevron"":20,""Circle K"":20,""Love's Travel Stops and Country Stores"":20,""United States Postal Service (USPS)"":20,""Dunkin'"":20}","{""Apple"":62,""Amazon Marketplace"":52,""Amazon"":49,""Netflix"":46,""Anytime Fitness"":39,""Spotify"":39,""Hulu"":33,""Amazon Digital Services"":23,""AT&T"":23,""Google"":20,""Audible"":17,""Walmart"":13,""Uber"":13,""Chick-fil-A"":13,""Adobe Creative Cloud"":13,""DoorDash"":10,""Sirius XM"":10,""Experian"":10,""Lowe's"":10,""Csc Serviceworks"":10}","{""Monster Mini Golf"":7,""Planet Fitness"":4,""Sky Zone"":4,""Gold's Gym"":4}","{""Albertsons"":4,""Walmart"":4,""Pizza Hut"":4,""Maverik"":4}","{""T-Mobile"":26,""AT&T"":23,""Verizon Wireless"":13,""Disney Mobile"":7,""Cricket Wireless"":4}","{""Netflix"":46,""Hulu"":33,""Disney Plus"":10,""YouTube TV"":7,""Youtube"":7,""Crunchyroll"":7,""Amazon Prime Video"":7,""Roku"":4,""Funimation"":4,""Redbox"":4,""Time Warner Cable"":4,""DirecTV"":4}","{""DoorDash"":10,""Dashpass"":4,""HelloFresh"":4,""Uber Eats"":4}","{""Uber"":13}","{""Afterpay"":10,""Affirm.com"":7,""Zip Company"":4}","{""Apple Card"":10}"
167640,zzw-222@5sy-bxt-rhq,SG_BRAND_d6fdfe0213b3ad6f7bec024ed7719b7e,Dairy Queen,2022-06-01,2022-07-01,4854.73,289,202,13.49,18.99,"{""25"":8.71,""75"":21.39}","[69.74,70.32,44.22,31.65,148.17,396.46,110.87,29.48,24.30,344.57,54.34,74.55,461.55,153.68,300.80,281.55,9.13,176.43,86.87,155.43,418.92,162.42,17.53,150.90,37.16,56.49,99.74,247.75,380.72,258.99]","[17.44,10.07,11.47,11.84,15.88,17.09,13.55,14.74,12.15,11.43,13.41,12.10,13.45,17.56,23.20,19.62,9.13,18.63,18.82,16.15,12.92,17.44,17.53,13.49,11.73,8.09,13.18,13.90,14.43,6.54]","{""Monday"":1113.18,""Tuesday"":931.22,""Wednesday"":943.16,""Thursday"":652.69,""Friday"":548.82,""Saturday"":299.58,""Sunday"":366.08}","{""Wednesday"":5,""Monday"":4,""Saturday"":4,""Thursday"":5,""Tuesday"":4,""Friday"":4,""Sunday"":4}",80.0,-3.0,11,160.6,"{""No intermediary"":289}","{""No intermediary"":4854.73}","{""1"":156,""2"":34,""3"":5,""4"":3,""5-10"":3,"">10"":1}","{""1"":19.19,""2"":31.85,""3"":37.11,""4"":46.37,""5-10"":130.61,"">10"":61.82}","{""<25k"":25,""25-45k"":27,""45-60k"":9,""60-75k"":14,""75-100k"":15,""100-150k"":34,"">150k"":59}","{""<25k"":14.67,""25-45k"":25.39,""45-60k"":20.63,""60-75k"":20.63,""75-100k"":24.39,""100-150k"":23.68,"">150k"":30.32}","{""Newbury Park, CA"":31,""Cody, WY"":22,""Idaho Falls, ID"":11,""Colorado Springs, CO"":6,""Cedar City, UT"":4,""Ammon, ID"":4,""Cincinnati, OH"":4,""Saint George, UT"":3,""Plainfield, IL"":3,""Olympia, WA"":3,""Spokane, WA"":3,""Worland, WY"":3,""San Antonio, TX"":3,""Paris, KY"":3,""Shelby, NC"":3,""Oklahoma City, OK"":3,""Hostetter, PA"":3,""Somerset, KY"":3,""Hageman, OH"":3,""Greensboro, NC"":2,""Arlington, VA"":2,""Altoona, PA"":2,""Grayling, MT"":2,""San Diego, CA"":2,""Fort Mill, SC"":2,""Island Park, ID"":2,""Troy, MI"":2,""Oceanside, CA"":2,""Greenfield, WI"":2,""Salt Lake City, UT"":2,""North Salt Lake, UT"":2,""Hudson, MA"":2,""Dumfries, VA"":2,""Vernal, UT"":2,""Chandler, AZ"":2,""Wilberforce, OH"":2,""Blackfoot, ID"":2,""Springville, UT"":2,""Comins, MI"":2,""Katy, TX"":2,""Poulsbo, WA"":2,""Benjamin, UT"":2,""Charlotte, NC"":2,""Boone, IA"":2,""Baltimore, MD"":2,""Gunnison, CO"":2,""Brownsburg, IN"":2,""Pine Apple, AL"":2,""Pueblo, CO"":2,""Binghamton, NY"":2,""Machesney Park, IL"":2,""Louisville, KY"":2,""Basin, WY"":2,""Loleta, CA"":2,""Madisonburg, OH"":2,""Olney, MD"":2,""Clovis, NM"":2,""Crestview, FL"":2,""Dacula, GA"":2,""Hopwood, PA"":2,""Brady, TX"":2,""Altamont, UT"":2,""Greenwood, SC"":2,""Miami, FL"":2,""Savannah, GA"":2,""Jacksonville, FL"":2,""Vero Beach, FL"":2,""Clark, WY"":2,""Boise, ID"":2,""Honolulu, HI"":2,""Fayetteville, NC"":2,""Reidsville, NC"":2,""Wisconsin Rapids, WI"":2,""La Vernia, TX"":2,""Macks Inn, ID"":2,""Lexington, KY"":2,""Wilmington, NC"":2,""Grant, ID"":2,""Canton, GA"":2,""Post, OR"":2,""Dallas, TX"":2,""Cape Coral, FL"":2,""West Valley, UT"":2,""Saratoga Springs, UT"":2,""Casper, WY"":2,""Burley, ID"":2,""Braselton, GA"":2,""Aurora, CO"":2,""Monolith, CA"":2,""Mooresville, NC"":2,""Coronado, CA"":2,""Fort Collins, CO"":2,""Greeley, CO"":2,""Jackson, WY"":2,""Gardendale, AL"":2,""Castle Rock, CO"":2,""Brunswick, NC"":2,""Colville, WA"":2,""Logan, UT"":2}","{""Walmart"":91,""McDonald's"":64,""Albertsons"":49,""Maverik"":48,""Wendy's"":39,""Exxon Mobil"":39,""Walgreens"":36,""Subway"":33,""ConocoPhillips"":28,""Arby's"":25,""Taco Bell"":24,""Chick-fil-A"":24,""Domino's Pizza"":23,""Pilot Flying J"":22,""Verizon Wireless"":21,""Shell Oil"":21,""Chevron"":20,""Target"":20,""Taco John's"":20,""The Home Depot"":20}","{""Amazon"":56,""Apple"":45,""Netflix"":31,""Amazon Marketplace"":30,""Amazon Digital Services"":21,""Hulu"":20,""Walmart"":18,""Sirius XM"":15,""Verizon Wireless"":14,""Spotify"":14,""AT&T"":14,""Google"":12,""Audible"":11,""Target"":9,""Uber"":8,""Steam"":7,""Chewy"":7,""Adobe Systems"":7,""Etsy"":7,""Dish Network"":6}","{""McDonald's"":65,""Wendy's"":40,""Subway"":34,""Arby's"":26,""Taco Bell"":25,""Domino's Pizza"":24,""Chick-fil-A"":24,""Taco John's"":20,""Burger King"":20,""Starbucks"":19,""Pizza Hut"":13,""Panda Express"":13,""Dunkin'"":11,""Jimmy John's"":11,""In-N-Out Burger"":10,""Sonic"":10,""KFC"":9,""Papa Murphy's"":8,""Little Caesars"":8,""Culver's"":7}","{""Walmart"":62,""Albertsons"":39,""McDonald's"":25,""Maverik"":20,""Wendy's"":18,""Arby's"":13,""Domino's Pizza"":12,""Walgreens"":11,""ConocoPhillips"":10,""Ace Hardware"":10,""Bomgaars"":9,""Taco John's"":9,""Subway"":8,""Sierra"":6,""Burger King"":6,""Tractor Supply Co."":4,""AutoZone"":4,""Pizza Hut"":4,""O'Reilly Auto Parts"":3,""Boot Barn"":3}","{""Verizon Wireless"":33,""AT&T"":18,""T-Mobile"":7,""Straight Talk"":4,""Disney Mobile"":3,""Cricket Wireless"":2,""Sprint"":2,""U.S. Cellular"":2}","{""Netflix"":31,""Hulu"":20,""Disney Plus"":10,""Dish Network"":6,""Peacock"":5,""Redbox"":4,""Amazon Prime Video"":4,""Roku"":3,""Youtube Premium"":2,""HBO Max"":2,""YouTube TV"":2,""Youtube"":2,""Time Warner Cable"":2,""Amazon Prime"":2,""Starz"":2,""Vudu"":1,""Crunchyroll"":1,""Sling TV"":1,""Fubo"":1,""Funimation"":1}","{""Uber Eats"":5,""Instacart"":3,""HelloFresh"":2,""DoorDash"":2,""Dashpass"":1,""Grubhub"":1}","{""Uber"":8,""Lyft"":2}","{""Affirm.com"":3,""Afterpay"":2,""Sezzle"":1,""Zip Company"":1}","{""Apple Cash"":4,""PayPal"":2,""Apple Card"":1}"
167653,22k-222@5sy-bzg-qzz,,,2022-06-01,2022-07-01,574.53,6,5,68.97,87.24,"{""25"":42.64,""75"":174.10}","[0.00,0.00,0.00,0.00,0.00,0.00,0.00,0.00,0.00,50.69,0.00,27.26,0.00,0.00,0.00,215.18,0.00,0.00,0.00,87.24,0.00,0.00,0.00,0.00,194.16,0.00,0.00,0.00,0.00,0.00]","[null,null,null,null,null,null,null,null,null,50.69,null,27.26,null,null,null,107.59,null,null,null,87.24,null,null,null,null,194.16,null,null,null,null,null]","{""Monday"":87.24,""Tuesday"":0.00,""Wednesday"":0.00,""Thursday"":215.18,""Friday"":50.69,""Saturday"":194.16,""Sunday"":27.26}","{""Wednesday"":5,""Monday"":4,""Saturday"":4,""Thursday"":5,""Tuesday"":4,""Friday"":4,""Sunday"":4}",422.0,-9.0,0,0.0,"{""No intermediary"":6}","{""No intermediary"":574.53}","{""1"":4,""2"":1,""3"":0,""4"":0,""5-10"":0,"">10"":0}","{""1"":89.84,""2"":215.18,""3"":null,""4"":null,""5-10"":null,"">10"":null}","{""<25k"":2,""25-45k"":2,""45-60k"":2,"">150k"":2}","{""<25k"":215.18,""25-45k"":27.26,""45-60k"":194.16,"">150k"":68.97}","{""Castle Rock, CO"":2,""Clark, WY"":2,""Cody, WY"":2,""Penfield, PA"":2}","{""Walmart"":80,""McDonald's"":60,""Albertsons"":40,""Safeway"":40,""Yesway Convenience"":40,""ConocoPhillips"":40,""Ace Hardware"":40,""Maverik"":40,""Pilot Flying J"":40,""Blair's"":40,""Exxon Mobil"":40,""Miller's Ale House"":20,""Kwik Trip"":20,""Chevron"":20,""BP"":20,""Bomgaars"":20,""Pick 'n Save"":20,""Domino's Pizza"":20,""Taco John's"":20,""KFC"":20}","{""Amazon"":40,""Apple"":40,""OnStar"":40,""AT&T"":40,""T-Mobile"":40,""Verizon Wireless"":20,""Uber"":20,""Paramount"":20,""CenturyLink"":20,""Chewy"":20,""Sirius XM"":20,""Consumer Cellular, Inc"":20,""Adobe Systems"":20,""Dish Network"":20,""Netflix"":20,""Patreon"":20,""E-ZPass"":20,""Uber Eats"":20,""Amazon Digital Services"":20,""CVS"":20}",{},"{""Walmart"":80,""Albertsons"":40,""Maverik"":40,""McDonald's"":40,""Domino's Pizza"":20,""Wendy's"":20,""ConocoPhillips"":20,""Ace Hardware"":20,""Dairy Queen"":20,""Tractor Supply Co."":20}","{""AT&T"":40,""T-Mobile"":40,""Verizon Wireless"":20}","{""Disney Plus"":20,""Dish Network"":20,""Netflix"":20}","{""Uber Eats"":20}","{""Uber"":20}",{},"{""Apple Cash"":20}"
167676,226-222@5sy-bxw-5cq,,,2022-06-01,2022-07-01,98.8,6,4,14.79,21.73,"{""25"":12.91,""75"":19.54}","[0.00,16.65,0.00,0.00,0.00,0.00,17.35,0.00,26.11,0.00,0.00,0.00,0.00,0.00,0.00,0.00,0.00,0.00,0.00,0.00,25.86,12.83,0.00,0.00,0.00,0.00,0.00,0.00,0.00,0.00]","[null,16.65,null,null,null,null,17.35,null,26.11,null,null,null,null,null,null,null,null,null,null,null,12.93,12.83,null,null,null,null,null,null,null,null]","{""Monday"":0.00,""Tuesday"":43.21,""Wednesday"":12.83,""Thursday"":42.76,""Friday"":0.00,""Saturday"":0.00,""Sunday"":0.00}","{""Wednesday"":5,""Monday"":4,""Saturday"":4,""Thursday"":5,""Tuesday"":4,""Friday"":4,""Sunday"":4}",27.0,-94.0,0,0.0,"{""No intermediary"":6}","{""No intermediary"":98.80}","{""1"":3,""2"":0,""3"":1,""4"":0,""5-10"":0,"">10"":0}","{""1"":18.76,""2"":null,""3"":42.51,""4"":null,""5-10"":null,"">10"":null}","{""25-45k"":2,""60-75k"":2,""75-100k"":2,""100-150k"":2}","{""25-45k"":17.35,""60-75k"":12.83,""75-100k"":26.11,""100-150k"":42.51}","{""Denver, CO"":3,""Maple Heights, OH"":2,""Tacoma, WA"":2}","{""Walmart"":75,""Albertsons"":75,""Safeway"":75,""Trader Joe's"":50,""Taco John's"":50,""Rocky Mountain Chocolate Factory"":50,""Circle K"":50,""Maverik"":50,""Whole Foods Market"":50,""McDonald's"":50,""Arby's"":50,""Big D"":25,""Corner Store"":25,""Jimmy John's"":25,""Target"":25,""Verizon Wireless"":25,""Chipotle Mexican Grill"":25,""Papa Murphy's"":25,""Great Clips"":25,""Total Wine & More"":25}","{""Amazon"":75,""Apple"":75,""Spotify"":75,""Netflix"":50,""Comcast"":50,""Etsy"":25,""Sling TV"":25,""Planet Fitness"":25,""Fandango"":25,""Chewy"":25,""Sirius XM"":25,""Taco Bell"":25,""Amazon Digital Services"":25,""Nordstrom"":25}","{""Taco John's"":50,""McDonald's"":50,""Arby's"":50,""Jimmy John's"":25,""Chipotle Mexican Grill"":25,""Papa Murphy's"":25,""Jersey Mike's"":25,""Taco Bell"":25,""Starbucks"":25,""Wendy's"":25,""Chick-fil-A"":25,""Taco Time Northwest"":25,""Burger King"":25,""Subway"":25}","{""Albertsons"":75,""Walmart"":50,""Taco John's"":50,""ConocoPhillips"":25,""Sierra"":25,""Burger King"":25,""Sherwin-Williams"":25,""Tractor Supply Co."":25,""Subway"":25,""Arby's"":25}","{""Verizon Wireless"":25}","{""Netflix"":50,""Sling TV"":25}",{},{},{},{}
167796,226-222@5sy-bzg-pd9,SG_BRAND_2a27c695480ef50e,Smoker Friendly,2022-05-01,2022-06-01,561.25,17,16,31.11,31.85,"{""25"":14.16,""75"":43.03}","[0.00,0.00,0.00,0.00,0.00,16.42,0.00,42.40,127.66,0.00,18.71,0.00,0.00,43.66,109.55,0.00,0.00,41.43,0.00,31.11,21.81,0.00,0.00,0.00,51.40,45.20,0.00,0.00,0.00,0.00,11.90]","[null,null,null,null,null,16.42,null,42.40,32.51,null,18.71,null,null,43.66,109.55,null,null,20.72,null,31.11,21.81,null,null,null,51.40,7.27,null,null,null,null,11.90]","{""Monday"":127.66,""Tuesday"":11.90,""Wednesday"":111.54,""Thursday"":45.20,""Friday"":47.53,""Saturday"":65.47,""Sunday"":151.95}","{""Wednesday"":4,""Monday"":5,""Saturday"":4,""Thursday"":4,""Tuesday"":5,""Friday"":4,""Sunday"":5}",137.0,39.0,0,0.0,"{""No intermediary"":17}","{""No intermediary"":561.25}","{""1"":15,""2"":1,""3"":0,""4"":0,""5-10"":0,"">10"":0}","{""1"":34.37,""2"":45.70,""3"":null,""4"":null,""5-10"":null,"">10"":null}","{""<25k"":7,""25-45k"":3,""45-60k"":2,""60-75k"":2,"">150k"":6}","{""<25k"":34.95,""25-45k"":26.59,""45-60k"":70.33,""60-75k"":6.75,"">150k"":32.60}","{""Cody, WY"":4,""Medford, OR"":4,""San Diego, CA"":2,""Brigham City, UT"":2,""Durham, NC"":2,""Gillette, WY"":2,""Monroe, NC"":2,""Eden, WY"":2,""Columbus, MT"":2,""Bakersfield, CA"":2,""Fort Gratiot, MI"":2,""Mooresville, NC"":2,""Luther, MT"":2}","{""Walmart"":88,""Maverik"":44,""ConocoPhillips"":38,""McDonald's"":38,""Exxon Mobil"":38,""Wendy's"":32,""Love's Travel Stops and Country Stores"":25,""Shell Oil"":25,""Subway"":25,""BP"":19,""Albertsons"":19,""Speedway"":19,""Mobil"":19,""CENEX"":19,""Burger King"":19,""Arby's"":19,""Papa Murphy's"":13,""Chevron"":13,""Bomgaars"":13,""Taco Bell"":13}","{""Amazon"":32,""Apple"":25,""Pizza Hut"":25,""Walmart"":19,""Uber"":19,""Netflix"":19,""Hulu"":19,""Spotify"":19,""Amazon Digital Services"":19,""Etsy"":13,""McDonald's"":13,""AT&T"":13,""Verizon Wireless"":7,""Dave Inc"":7,""Family Dollar"":7,""King"":7,""HBO Max"":7,""Expedia"":7,""Domino's Pizza"":7,""7-Eleven"":7}",{},"{""Walmart"":69,""Albertsons"":19,""Maverik"":19,""Arby's"":19,""Papa Murphy's"":13,""Wendy's"":13,""ConocoPhillips"":13,""McDonald's"":13,""Taco John's"":7,""Ace Hardware"":7,""Sierra"":7,""Walgreens"":7,""Dairy Queen"":7,""Tractor Supply Co."":7,""Pizza Hut"":7,""Subway"":7}","{""AT&T"":19,""Verizon Wireless"":13}","{""Netflix"":19,""Hulu"":19,""HBO Max"":7,""Disney Plus"":7,""Youtube Premium"":7}",{},"{""Uber"":19}",{},"{""Cash App"":7}"
167836,zzw-222@5sy-bzg-pd9,,,2022-05-01,2022-06-01,39.33,4,4,9.88,9.88,"{""25"":6.91,""75"":12.71}","[0.00,0.00,0.00,0.00,0.00,0.00,0.00,0.00,6.25,0.00,0.00,0.00,0.00,0.00,0.00,0.00,0.00,0.00,0.00,0.00,0.00,13.33,10.85,0.00,0.00,0.00,0.00,0.00,0.00,0.00,8.90]","[null,null,null,null,null,null,null,null,6.25,null,null,null,null,null,null,null,null,null,null,null,null,13.33,10.85,null,null,null,null,null,null,null,8.90]","{""Monday"":17.10,""Tuesday"":8.90,""Wednesday"":0.00,""Thursday"":0.00,""Friday"":0.00,""Saturday"":0.00,""Sunday"":13.33}","{""Wednesday"":4,""Monday"":5,""Saturday"":4,""Thursday"":4,""Tuesday"":5,""Friday"":4,""Sunday"":5}",,-83.0,0,0.0,"{""No intermediary"":4}","{""No intermediary"":39.33}","{""1"":4,""2"":0,""3"":0,""4"":0,""5-10"":0,"">10"":0}","{""1"":9.83,""2"":null,""3"":null,""4"":null,""5-10"":null,"">10"":null}","{""<25k"":3,""25-45k"":2,""75-100k"":2}","{""<25k"":7.58,""25-45k"":13.33,""75-100k"":10.85}","{""Damascus, OH"":6,""Cody, WY"":2,""Camas, MT"":2,""Albuquerque, NM"":2}","{""Walmart"":100,""Weis Markets"":50,""Chevron"":50,""Albertsons"":50,""Murphy USA"":50,""Apple Retail Store"":50,""Starbucks"":50,""ConocoPhillips"":50,""Exxon Mobil"":50,""Target"":25,""Travelodge"":25,""Bomgaars"":25,""Cricket Wireless"":25,""Taco Bell"":25,""Jiffy Lube"":25,""Dollar General"":25,""Enterprise Rent-A-Car"":25,""Boot Barn"":25,""Denny's"":25,""Circle K"":25}","{""Amazon"":50,""Apple"":50,""Google Storage"":50,""Spotify"":50,""Roku"":25,""Adobe Systems"":25,""Netflix"":25,""Microsoft"":25,""Amazon Digital Services"":25,""PayPal"":25,""AT&T"":25,""CVS"":25,""New York Times"":25,""Twitch Interactive"":25}","{""Starbucks"":50,""Taco Bell"":25,""Denny's"":25,""Cheba Hut"":25,""Panera Bread"":25,""McDonald's"":25,""Tropical Smoothie Café"":25,""Dunkin'"":25}","{""Walmart"":75,""Albertsons"":50,""ConocoPhillips"":25,""Boot Barn"":25,""United States Postal Service (USPS)"":25}","{""AT&T"":25,""Cricket Wireless"":25}","{""Roku"":25,""Netflix"":25}",{},{},{},"{""PayPal"":25}"
167951,22s-222@5sy-bzg-qzz,,,2022-05-01,2022-06-01,75.92,2,2,37.96,37.96,"{""25"":26.00,""75"":49.92}","[0.00,0.00,0.00,0.00,0.00,0.00,0.00,0.00,0.00,0.00,0.00,0.00,0.00,0.00,0.00,0.00,0.00,0.00,0.00,49.92,0.00,0.00,0.00,0.00,0.00,0.00,0.00,0.00,26.00,0.00,0.00]","[null,null,null,null,null,null,null,null,null,null,null,null,null,null,null,null,null,null,null,49.92,null,null,null,null,null,null,null,null,26.00,null,null]","{""Monday"":0.00,""Tuesday"":0.00,""Wednesday"":0.00,""Thursday"":0.00,""Friday"":49.92,""Saturday"":0.00,""Sunday"":26.00}","{""Wednesday"":4,""Monday"":5,""Saturday"":4,""Thursday"":4,""Tuesday"":5,""Friday"":4,""Sunday"":5}",,28.0,0,0.0,"{""No intermediary"":2}","{""No intermediary"":75.92}","{""1"":2,""2"":0,""3"":0,""4"":0,""5-10"":0,"">10"":0}","{""1"":37.96,""2"":null,""3"":null,""4"":null,""5-10"":null,"">10"":null}","{""75-100k"":2,"">150k"":2}","{""75-100k"":49.92,"">150k"":26.00}","{""Grantville, GA"":2,""Tempe, AZ"":2}","{""Walmart"":100,""Albertsons"":100,""Lowe's"":100,""The Home Depot"":100,""Dollar General"":100,""Wendy's"":100,""McDonald's"":100,""Shell Oil"":100,""Advance Auto Parts"":50,""Seaworld Parks and Entertainment"":50,""Papa Murphy's"":50,""Chevron"":50,""Pride"":50,""Jim's Restaurants"":50,""Baldinos Giant Jersey Subs"":50,""Krystal"":50,""Kroger"":50,""Harbor Freight Tools"":50,""Murphy USA"":50,""Taco Bell"":50}","{""Netflix"":100,""ADT Security Services"":50,""Target"":50,""Verizon Wireless"":50,""Paramount"":50,""Amazon"":50,""Ring"":50,""Apple"":50,""Apple Card"":50,""Spectrum"":50,""AT&T"":50,""Twitch Interactive"":50,""Arby's"":50}",{},"{""Walmart"":100,""Albertsons"":100,""McDonald's"":100,""Papa Murphy's"":50,""Wendy's"":50,""Boot Barn"":50,""Sierra"":50,""Dollar Tree"":50}","{""AT&T"":50,""Verizon Wireless"":50}","{""Netflix"":100,""Redbox"":50}",{},{},{},"{""Apple Card"":50}"
167998,223-222@5sy-bzg-pjv,,,2022-05-01,2022-06-01,1229.03,21,20,50.49,49.51,"{""25"":38.07,""75"":76.71}","[52.02,0.00,0.00,128.66,120.90,82.25,0.00,0.00,0.00,0.00,0.00,0.00,36.92,0.00,154.56,18.09,58.84,0.00,94.00,0.00,40.00,88.19,77.51,63.20,0.00,0.00,119.77,94.12,0.00,0.00,0.00]","[26.01,null,null,64.33,60.45,82.25,null,null,null,null,null,null,36.92,null,154.56,18.09,58.84,null,94.00,null,40.00,44.10,38.76,63.20,null,null,59.89,94.12,null,null,null]","{""Monday"":95.60,""Tuesday"":122.04,""Wednesday"":128.66,""Thursday"":214.90,""Friday"":238.94,""Saturday"":134.12,""Sunday"":294.77}","{""Wednesday"":4,""Monday"":5,""Saturday"":4,""Thursday"":4,""Tuesday"":5,""Friday"":4,""Sunday"":5}",212.0,-37.0,0,0.0,"{""No intermediary"":21}","{""No intermediary"":1229.03}","{""1"":19,""2"":1,""3"":0,""4"":0,""5-10"":0,"">10"":0}","{""1"":56.41,""2"":157.32,""3"":null,""4"":null,""5-10"":null,"">10"":null}","{""<25k"":3,""25-45k"":3,""60-75k"":2,""75-100k"":2,""100-150k"":2,"">150k"":10}","{""<25k"":19.54,""25-45k"":93.27,""60-75k"":72.86,""75-100k"":18.09,""100-150k"":45.28,"">150k"":65.76}","{""Cody, WY"":5,""South Jordan, UT"":2,""Lovell, WY"":2,""Fort Myers, FL"":2,""Nashville, TN"":2,""Dover, DE"":2,""Cypress, TX"":2,""Wappingers Falls, NY"":2,""Basin, WY"":2,""Franklin, TN"":2,""Littleton, CO"":2,""Haleiwa, HI"":2,""Clark, WY"":2,""Benson, NC"":2,""Utica, NY"":2,""Frederick, MD"":2}","{""Walmart"":75,""Walgreens"":50,""McDonald's"":50,""Exxon Mobil"":45,""Albertsons"":40,""Maverik"":40,""Verizon Wireless"":30,""Wendy's"":30,""ConocoPhillips"":30,""Costco"":30,""Lowe's"":25,""The Home Depot"":25,""CVS"":25,""7-Eleven"":20,""Ace Hardware"":20,""Dairy Queen"":20,""Pilot Flying J"":20,""Shell Oil"":20,""Subway"":20,""Family Dollar Stores"":20}","{""Amazon"":70,""Apple"":40,""Amazon Digital Services"":30,""Netflix"":20,""Etsy"":15,""Verizon Wireless"":15,""Google"":15,""Walmart"":10,""Uber"":10,""YouTube TV"":10,""Sirius XM"":10,""Costco"":10,""Microsoft"":10,""Dick's Sporting Goods"":10,""PayPal"":10,""AT&T"":10,""Audible"":10,""Delta Dental"":5,""Chili's"":5,""AARP"":5}","{""McDonald's"":50,""Wendy's"":30,""Dairy Queen"":20,""Subway"":20,""Chick-fil-A"":15,""Dunkin'"":15,""Sonic"":10,""Chili's Grill & Bar"":10,""Domino's Pizza"":10,""Taco Bell"":10,""Taco John's"":10,""Whataburger"":10,""Starbucks"":10,""Qdoba Mexican Grill"":10,""Raising Cane's"":10,""Perkins Restaurant & Bakery"":10,""Arby's"":10,""Bahama Breeze"":5,""Jimmy John's"":5,""The Lost Cajun"":5}","{""Walmart"":50,""Albertsons"":35,""Walgreens"":30,""McDonald's"":20,""Wendy's"":15,""Ace Hardware"":15,""Maverik"":15,""Dairy Queen"":15,""Boot Barn"":10,""Smoker Friendly"":5,""Domino's Pizza"":5,""Taco John's"":5,""The UPS Store"":5,""O'Reilly Auto Parts"":5,""Builders FirstSource"":5,""Dollar Tree"":5}","{""Verizon Wireless"":45,""AT&T"":10,""Sprint"":5,""T-Mobile"":5}","{""Netflix"":20,""YouTube TV"":10,""Disney Plus"":10,""Dish Network"":5,""Peacock"":5,""DirecTV"":5,""Amazon Prime Video"":5}","{""HelloFresh"":5}","{""Uber"":10}",{},"{""PayPal"":10,""Apple Card"":5,""Apple Cash"":5}"
168018,zzw-223@5sy-bxv-zmk,SG_BRAND_857fcc0687933d1589554945329fe236,Maverik,2022-05-01,2022-06-01,2264.09,60,50,33.22,40.21,"{""25"":13.96,""75"":56.95}","[13.22,0.00,137.91,43.00,33.76,217.28,0.00,0.00,138.59,0.00,57.33,37.08,142.32,39.92,0.00,56.81,123.92,0.00,0.00,19.32,0.00,0.00,0.00,0.00,56.38,42.57,162.55,104.07,288.54,294.37,255.15]","[13.22,null,68.96,43.00,33.76,40.49,null,null,31.66,null,57.33,37.08,71.16,39.92,null,56.81,61.96,null,null,19.32,null,null,null,null,56.38,42.57,22.82,52.04,45.24,22.50,20.17]","{""Monday"":489.77,""Tuesday"":516.98,""Wednesday"":156.71,""Thursday"":113.41,""Friday"":541.47,""Saturday"":143.99,""Sunday"":301.76}","{""Wednesday"":4,""Monday"":5,""Saturday"":4,""Thursday"":4,""Tuesday"":5,""Friday"":4,""Sunday"":5}",-28.0,-56.0,0,0.0,"{""No intermediary"":60}","{""No intermediary"":2264.09}","{""1"":40,""2"":10,""3"":0,""4"":0,""5-10"":0,"">10"":0}","{""1"":37.92,""2"":74.73,""3"":null,""4"":null,""5-10"":null,"">10"":null}","{""<25k"":8,""25-45k"":7,""45-60k"":2,""60-75k"":3,""75-100k"":6,""100-150k"":6,"">150k"":11}","{""<25k"":24.38,""25-45k"":35.41,""45-60k"":33.19,""60-75k"":59.96,""75-100k"":46.00,""100-150k"":55.54,"">150k"":60.57}","{""Salt Lake City, UT"":8,""Peyton, CO"":4,""Wake Forest, NC"":4,""Cody, WY"":3,""Clark, WY"":3,""Lander, WY"":3,""Raleigh, NC"":2,""Troy, MI"":2,""Ballard, UT"":2,""Moscow, ID"":2,""Hollister, CA"":2,""Greenwood, IN"":2,""Gilbert, AZ"":2,""Pueblo, CO"":2,""Folsom, CA"":2,""Pocatello, ID"":2,""Denver, CO"":2,""Radcliff, KY"":2,""State College, PA"":2,""Boise, ID"":2,""Longview, TX"":2,""Medford, OR"":2,""Draper, UT"":2,""Berkeley, CA"":2,""Mcallen, TX"":2,""Gulnare, KY"":2,""Cowley, WY"":2,""Casper, WY"":2,""Rogersville, AL"":2,""Orem, UT"":2,""Yarmouth, ME"":2,""Kulpsville, PA"":2,""Logan, UT"":2}","{""Walmart"":72,""McDonald's"":54,""Exxon Mobil"":38,""Chevron"":34,""Albertsons"":34,""Wendy's"":32,""ConocoPhillips"":32,""Walgreens"":30,""Shell Oil"":28,""Burger King"":26,""Arby's"":26,""Taco Bell"":24,""Lowe's"":22,""O'Reilly Auto Parts"":22,""Costco"":22,""Dollar Tree"":22,""Target"":20,""The Home Depot"":20,""7-Eleven"":20,""Starbucks"":20}","{""Amazon"":58,""Netflix"":40,""Apple"":38,""Spotify"":24,""Walmart"":22,""Amazon Digital Services"":22,""AT&T"":22,""Hulu"":20,""Amazon Marketplace"":16,""Target"":12,""Costco"":12,""Comcast"":12,""T-Mobile"":12,""Sirius XM"":10,""Etsy"":8,""Verizon Wireless"":8,""Planet Fitness"":8,""Steam"":8,""Adobe Systems"":8,""Youtube"":8}","{""Big D"":10}","{""Walmart"":36,""McDonald's"":24,""Albertsons"":22,""Arby's"":18,""Tractor Supply Co."":10,""Taco John's"":8,""Wendy's"":8,""Subway"":8,""Domino's Pizza"":6,""Ace Hardware"":6,""Sierra"":6,""Dairy Queen"":6,""ConocoPhillips"":4,""Walgreens"":4,""Burger King"":4,""Pizza Hut"":4,""Dollar Tree"":4,""Smoker Friendly"":2,""Papa Murphy's"":2,""CARQUEST Auto Parts"":2}","{""AT&T"":22,""Verizon Wireless"":16,""T-Mobile"":12,""Sprint"":4,""Cricket Wireless"":2}","{""Netflix"":40,""Hulu"":20,""Disney Plus"":14,""Youtube"":8,""Redbox"":6,""Dish Network"":4,""Peacock"":4,""HBO Max"":2,""YouTube TV"":2,""Vudu"":2,""Amazon Prime"":2,""Amazon Prime Video"":2}","{""HelloFresh"":4,""Dashpass"":2,""Uber Eats"":2,""DoorDash"":2}","{""Uber"":6,""Lyft"":4}","{""Afterpay"":2,""Progressive Leasing"":2}","{""Apple Card"":8,""Apple Cash"":2}"
168136,228-222@5sy-bzg-gx5,SG_BRAND_f8f168c7e78af79a796297500e221a15,maurices,2022-05-01,2022-06-01,90.69,2,2,45.35,45.35,"{""25"":25.90,""75"":64.79}","[0.00,0.00,0.00,0.00,0.00,0.00,0.00,0.00,0.00,0.00,0.00,0.00,0.00,0.00,0.00,0.00,0.00,0.00,0.00,0.00,0.00,0.00,64.79,0.00,0.00,0.00,0.00,0.00,25.90,0.00,0.00]","[null,null,null,null,null,null,null,null,null,null,null,null,null,null,null,null,null,null,null,null,null,null,64.79,null,null,null,null,null,25.90,null,null]","{""Monday"":64.79,""Tuesday"":0.00,""Wednesday"":0.00,""Thursday"":0.00,""Friday"":0.00,""Saturday"":0.00,""Sunday"":25.90}","{""Wednesday"":4,""Monday"":5,""Saturday"":4,""Thursday"":4,""Tuesday"":5,""Friday"":4,""Sunday"":5}",-88.0,-94.0,0,0.0,"{""No intermediary"":2}","{""No intermediary"":90.69}","{""1"":2,""2"":0,""3"":0,""4"":0,""5-10"":0,"">10"":0}","{""1"":45.35,""2"":null,""3"":null,""4"":null,""5-10"":null,"">10"":null}","{""<25k"":2,""25-45k"":2}","{""<25k"":25.90,""25-45k"":64.79}","{""Emigrant, MT"":2,""Mesa, AZ"":2}","{""Walmart"":50,""Olive Garden"":50,""Albertsons"":50,""The UPS Store"":50,""Starbucks"":50,""Costco"":50,""Chick-fil-A"":50,""Walgreens"":50,""Bashas' Supermarkets"":50,""Fry's Food & Drug Stores"":50}","{""Target"":50,""Amazon"":50,""Torrid"":50,""HBO Max"":50,""Dutch Bros. Coffee"":50,""Straight Talk"":50,""Progressive Leasing"":50,""Netflix"":50,""eBay"":50,""Earnin"":50,""Bridgecrest.com"":50}","{""Torrid"":50}","{""Walgreens"":50,""Albertsons"":50,""Walmart"":50}","{""Straight Talk"":50}","{""HBO Max"":50,""Netflix"":50}",{},{},"{""Progressive Leasing"":50}",{}
168159,zzw-223@5sy-bxt-5xq,SG_BRAND_04a8ca7bf49e7ecb4a32451676e929f0,Walmart,2022-05-01,2022-06-01,73216.97,1082,477,43.36,83.73,"{""25"":16.95,""75"":87.64}","[1474.29,2935.44,1533.89,1706.16,2130.05,2885.20,1810.78,1197.85,3632.89,2453.71,1138.75,2495.33,2530.33,1635.17,1606.09,3793.14,1910.38,3416.34,1999.25,2203.72,2466.92,2064.76,2479.57,1229.25,2597.06,2687.96,4300.71,2329.93,1478.10,775.32,6318.63]","[54.21,23.31,39.96,54.62,42.72,52.90,34.61,72.64,32.78,43.22,20.03,52.02,47.09,37.92,48.50,39.15,33.86,65.50,51.19,28.26,112.10,78.66,36.03,39.48,54.79,45.62,44.04,62.20,39.42,31.77,46.75]","{""Monday"":13616.36,""Tuesday"":13445.86,""Wednesday"":8858.31,""Thursday"":9312.59,""Friday"":11919.96,""Saturday"":8242.80,""Sunday"":7821.09}","{""Wednesday"":4,""Monday"":5,""Saturday"":4,""Thursday"":4,""Tuesday"":5,""Friday"":4,""Sunday"":5}",8.0,-26.0,18,1798.25,"{""No intermediary"":1082}","{""No intermediary"":73216.97}","{""1"":276,""2"":93,""3"":41,""4"":19,""5-10"":39,"">10"":9}","{""1"":70.68,""2"":146.79,""3"":165.61,""4"":292.34,""5-10"":531.69,"">10"":775.27}","{""<25k"":81,""25-45k"":75,""45-60k"":43,""60-75k"":31,""75-100k"":53,""100-150k"":75,"">150k"":107}","{""<25k"":116.78,""25-45k"":121.33,""45-60k"":145.42,""60-75k"":178.47,""75-100k"":226.04,""100-150k"":172.28,"">150k"":148.04}","{""Cody, WY"":49,""Clark, WY"":27,""Medford, OR"":23,""Portland, OR"":7,""Washington, DC"":7,""Salt Lake City, UT"":6,""Billings, MT"":6,""Clearwater, FL"":5,""Columbia, TN"":5,""Worland, WY"":5,""Greer, SC"":5,""Newbury Park, CA"":5,""Bay Saint Louis, MS"":4,""Lovell, WY"":4,""San Diego, CA"":4,""Loeb, TX"":4,""Nampa, ID"":4,""Gallup, NM"":4,""Lancaster, PA"":3,""Driggs, ID"":3,""El Paso, TX"":3,""Gainesville, FL"":3,""Fort Wayne, IN"":3,""Pocatello, ID"":3,""Spring, TX"":3,""Kanab, UT"":3,""Boise, ID"":3,""Williamsville, NY"":3,""Derby, KS"":3,""Bakersfield, CA"":3,""Layton, UT"":3,""Harrisburg, PA"":3,""Lander, WY"":3,""Tremonton, UT"":2,""Tacoma, WA"":2,""Norwalk, IA"":2,""Okay, OK"":2,""Saint George, UT"":2,""Broadview Heights, OH"":2,""Collierville, TN"":2,""Raleigh, NC"":2,""Maple Heights, OH"":2,""Columbus, IN"":2,""Bountiful, UT"":2,""Scott Air Force Base, IL"":2,""Fort Myers, FL"":2,""Fort Irwin, CA"":2,""Oceanside, CA"":2,""Surprise, AZ"":2,""Effingham, IL"":2,""New Haven, IN"":2,""Lechee, AZ"":2,""Marysvale, UT"":2,""Crosby, MD"":2,""South Windsor, CT"":2,""Stuart, FL"":2,""Gooding, ID"":2,""Bannack, MT"":2,""Dover, DE"":2,""Thermopolis, WY"":2,""Kenosha, WI"":2,""Durham, NC"":2,""Mascoutah, IL"":2,""Vernal, UT"":2,""Brainerd, MN"":2,""Providence, RI"":2,""Brentwood, TN"":2,""Mobile, AL"":2,""Kingwood, TX"":2,""Staunton, VA"":2,""Montpelier, VT"":2,""Lakewood, OH"":2,""Liverpool, NY"":2,""Afton, WY"":2,""Lisbon, MD"":2,""Shelley, ID"":2,""Blackfoot, ID"":2,""Bryan, WY"":2,""Santa Fe, NM"":2,""Pontiac, IL"":2,""Mesa, AZ"":2,""Las Cruces, NM"":2,""Tempe, AZ"":2,""San Luis Obispo, CA"":2,""Wheaton, IL"":2,""Lawrenceville, GA"":2,""Greenwood, IN"":2,""Houston, TX"":2,""Madison, WI"":2,""Edmond, OK"":2,""Baltimore, MD"":2,""Crouch, ID"":2,""Bannertown, NC"":2,""Palm Harbor, FL"":2,""Phoenix, AZ"":2,""Pueblo, CO"":2,""Topeka, KS"":2,""Maricopa, AZ"":2,""New Smyrna Beach, FL"":2,""Highland, UT"":2,""Tampa, FL"":2,""Magnolia, TX"":2,""Herndon, VA"":2,""Basin, WY"":2,""Kokomo, IN"":2,""Loveland, CO"":2,""Sheridan, CO"":2,""Fairbank, IA"":2,""Winston Salem, NC"":2,""Damascus, OH"":2,""Sarasota, FL"":2,""Clearfield, UT"":2,""Princeton, NJ"":2,""Brandon, FL"":2,""Culver City, CA"":2,""Grizzly, OR"":2,""Hazel Park, MI"":2,""Camargo, KY"":2,""Rehoboth Beach, DE"":2,""Fredericksburg, VA"":2,""Largo, FL"":2,""Twin Falls, ID"":2,""Coeur D Alene, ID"":2,""Monroe, NC"":2,""Cockeysville, MD"":2,""Radcliff, KY"":2,""West Palm Beach, FL"":2,""Las Vegas, NV"":2,""Jacksonville, FL"":2,""New York, NY"":2,""Haleiwa, HI"":2,""Cortland, NY"":2,""Conroe, TX"":2,""Hollywood, FL"":2,""Eden, WY"":2,""Ankeny, IA"":2,""Saint Marys, GA"":2,""La Crosse, WI"":2,""Fayetteville, NC"":2,""Swannanoa, NC"":2,""Burnsville, MN"":2,""Riverton, UT"":2,""Hope Hull, AL"":2,""Columbus, OH"":2,""Oldsmar, FL"":2,""Weatherford, TX"":2,""Centerville, SC"":2,""Emigrant, MT"":2,""Midvale, UT"":2,""Spokane, WA"":2,""Brevard, NC"":2,""Mount Airy, MD"":2,""Kuna, ID"":2,""Granby, CO"":2,""Madisonville, TN"":2,""Milton, FL"":2,""Colorado Springs, CO"":2,""Chubbuck, ID"":2,""Wilmington, NC"":2,""Philadelphia, PA"":2,""Antelope, CA"":2,""Whetstone, AZ"":2,""Kailua, HI"":2,""Grant, ID"":2,""Martinsburg, WV"":2,""Ellicott, NY"":2,""New Castle, PA"":2,""Draper, UT"":2,""Chugwater, WY"":2,""Berkeley, CA"":2,""Kummer, WA"":2,""Erda, UT"":2,""Zeeland, MI"":2,""Eagle Mountain, UT"":2,""Kaysville, UT"":2,""San Antonio, TX"":2,""Rainbow City, AL"":2,""Allentown, PA"":2,""Lowville, NY"":2,""Brighton, MI"":2,""Gastonia, NC"":2,""Dallas, TX"":2,""Jbphh, HI"":2,""Fort Gratiot, MI"":2,""South River, NJ"":2,""Columbia, MO"":2,""Pell City, AL"":2,""Grants, NM"":2,""Casper, WY"":2,""Cobleskill, NY"":2,""Aurora, CO"":2,""Acme, WY"":2,""Cullman, AL"":2,""Hartland, MI"":2,""Rogersville, AL"":2,""Orem, UT"":2,""Modesto, CA"":2,""Sundance, WY"":2,""Mooresville, NC"":2,""Norwalk, OH"":2,""Cragsmoor, NY"":2,""Glendale, AZ"":2,""Yarmouth, ME"":2,""Luther, MT"":2,""Cheyenne, WY"":2,""Marion, IN"":2,""Encampment, WY"":2,""Idaho Falls, ID"":2,""Peoria, AZ"":2,""Star, ID"":2,""Milwaukee, WI"":2,""Palm Beach, FL"":2,""Richmond, KY"":2,""Jackson, WY"":2,""Caldwell, ID"":2,""Chinle, AZ"":2,""Grandin, ND"":2,""Centerville, MN"":2,""Grantville, GA"":2,""Cumming, GA"":2,""Litchfield Park, AZ"":2,""Albuquerque, NM"":2,""Kulpsville, PA"":2,""Basin, ID"":2,""Louisville, CO"":2,""Britton, TX"":2,""Wake Forest, NC"":2,""Bloomfield Hills, MI"":2,""Newton, MA"":2}","{""McDonald's"":52,""Maverik"":41,""Albertsons"":39,""Exxon Mobil"":35,""ConocoPhillips"":26,""Subway"":23,""Wendy's"":23,""Shell Oil"":22,""Walgreens"":22,""Dairy Queen"":21,""Ace Hardware"":20,""Costco"":19,""Target"":19,""Chevron"":17,""Verizon Wireless"":17,""Dollar Tree"":17,""Lowe's"":16,""Taco Bell"":16,""Burger King"":16,""Arby's"":15}","{""Amazon"":54,""Apple"":38,""Netflix"":30,""Amazon Digital Services"":17,""Amazon Marketplace"":16,""Hulu"":16,""Spotify"":16,""Verizon Wireless"":14,""Walmart"":13,""AT&T"":11,""Sirius XM"":10,""Google"":8,""Target"":7,""Audible"":7,""Comcast"":6,""eBay"":6,""Airbnb"":5,""Planet Fitness"":5,""Uber"":5,""Disney Plus"":5}","{""Target"":23,""Costco"":21,""Dollar Tree"":18,""Family Dollar Stores"":12,""Sam's Club"":10,""Dollar General"":7,""Five Below"":3,""Belk"":1,""Mills Fleet Farm"":1,""Big Lots Stores"":1,""BJ's Wholesale Club"":1,""FYE"":1,""Tuesday Morning"":1,""99 Cents Only Stores"":1,""Navy Exchange"":1,""Ollie's Bargain Outlet"":1}","{""Albertsons"":30,""McDonald's"":16,""Dairy Queen"":14,""Maverik"":13,""Arby's"":8,""Walgreens"":8,""Tractor Supply Co."":7,""Sierra"":7,""Ace Hardware"":7,""Wendy's"":6,""ConocoPhillips"":6,""Subway"":6,""Domino's Pizza"":5,""Taco John's"":4,""Dollar Tree"":4,""United States Postal Service (USPS)"":3,""Papa Murphy's"":3,""Boot Barn"":3,""Smoker Friendly"":3,""The UPS Store"":2}","{""Verizon Wireless"":30,""AT&T"":15,""T-Mobile"":6,""Straight Talk"":3,""Sprint"":2,""Google Fi"":1,""Cricket Wireless"":1,""U.S. Cellular"":1,""TracFone Wireless"":1,""Boost Mobile"":1,""Disney Mobile"":1,""MetroPCS"":1}","{""Netflix"":30,""Hulu"":16,""Disney Plus"":10,""Youtube"":4,""Dish Network"":4,""Redbox"":4,""Roku"":4,""HBO Max"":4,""YouTube TV"":3,""Peacock"":2,""DirecTV"":2,""Vudu"":2,""Sling TV"":2,""Crunchyroll"":2,""Amazon Prime"":1,""Youtube Premium"":1,""Fubo"":1,""Funimation"":1,""Amazon Prime Video"":1,""Starz"":1}","{""HelloFresh"":2,""Uber Eats"":2,""Instacart"":1,""DoorDash"":1,""Dashpass"":1,""Go Puff"":1,""Shipt"":1}","{""Uber"":5,""Lyft"":3}","{""Klarna"":2,""Afterpay"":1,""Affirm.com"":1,""Progressive Leasing"":1}","{""Apple Card"":3,""PayPal"":2,""Apple Cash"":1,""Venmo"":1,""Cash App"":1,""Zelle"":1}"
168203,zzw-222@5sy-bzg-cbk,,,2022-05-01,2022-06-01,94.22,3,3,26.47,26.47,"{""25"":22.83,""75"":44.92}","[0.00,0.00,0.00,0.00,0.00,26.47,0.00,0.00,0.00,0.00,0.00,0.00,0.00,0.00,0.00,0.00,0.00,0.00,0.00,22.83,0.00,0.00,0.00,0.00,0.00,0.00,0.00,0.00,0.00,0.00,44.92]","[null,null,null,null,null,26.47,null,null,null,null,null,null,null,null,null,null,null,null,null,22.83,null,null,null,null,null,null,null,null,null,null,44.92]","{""Monday"":0.00,""Tuesday"":44.92,""Wednesday"":0.00,""Thursday"":0.00,""Friday"":49.30,""Saturday"":0.00,""Sunday"":0.00}","{""Wednesday"":4,""Monday"":5,""Saturday"":4,""Thursday"":4,""Tuesday"":5,""Friday"":4,""Sunday"":5}",-4.0,,0,0.0,"{""No intermediary"":2,""Square"":1}","{""No intermediary"":71.39,""Square"":22.83}","{""1"":3,""2"":0,""3"":0,""4"":0,""5-10"":0,"">10"":0}","{""1"":31.41,""2"":null,""3"":null,""4"":null,""5-10"":null,"">10"":null}","{""25-45k"":2,""75-100k"":2}","{""25-45k"":26.47,""75-100k"":22.83}","{""Clark, WY"":3,""Grantville, GA"":2}","{""Albertsons"":100,""Walmart"":67,""Wendy's"":67,""Walgreens"":67,""Advance Auto Parts"":34,""Kroger"":34,""Domino's Pizza"":34,""Lowe's"":34,""RaceTrac"":34,""The Home Depot"":34,""Dollar General"":34,""Starbucks"":34,""Maverik"":34,""Chick-fil-A"":34,""Redbox"":34,""Dairy Queen"":34,""Burger King"":34,""Ingles Markets"":34,""Blair's"":34,""Murdoch's Ranch & Home Supply"":34}","{""AT&T"":67,""Target"":34,""Paramount"":34,""Amazon"":34,""HBO Max"":34,""HelloFresh"":34,""Ring"":34,""Netflix"":34,""Spotify"":34,""Twitch Interactive"":34}","{""Tractor Supply Co."":34,""Lowe's"":34,""The Home Depot"":34}","{""Albertsons"":100,""Walmart"":67,""Wendy's"":67,""Maverik"":34,""Walgreens"":34,""Dairy Queen"":34,""McDonald's"":34}","{""AT&T"":67}","{""HBO Max"":34,""Netflix"":34,""Redbox"":34}","{""HelloFresh"":34}",{},{},{}
168204,zzw-222@5sy-c5g-nwk,SG_BRAND_f35a8740b65be2b1aa45f588f2809377,Avis Rent A Car,2022-05-01,2022-06-01,151.3,3,3,60.59,60.59,"{""25"":30.12,""75"":60.59}","[0.00,30.12,0.00,0.00,0.00,0.00,0.00,0.00,0.00,0.00,0.00,0.00,121.18,0.00,0.00,0.00,0.00,0.00,0.00,0.00,0.00,0.00,0.00,0.00,0.00,0.00,0.00,0.00,0.00,0.00,0.00]","[null,30.12,null,null,null,null,null,null,null,null,null,null,60.59,null,null,null,null,null,null,null,null,null,null,null,null,null,null,null,null,null,null]","{""Monday"":30.12,""Tuesday"":0.00,""Wednesday"":0.00,""Thursday"":0.00,""Friday"":121.18,""Saturday"":0.00,""Sunday"":0.00}","{""Wednesday"":4,""Monday"":5,""Saturday"":4,""Thursday"":4,""Tuesday"":5,""Friday"":4,""Sunday"":5}",,,0,0.0,"{""No intermediary"":3}","{""No intermediary"":151.30}","{""1"":3,""2"":0,""3"":0,""4"":0,""5-10"":0,"">10"":0}","{""1"":50.43,""2"":null,""3"":null,""4"":null,""5-10"":null,"">10"":null}","{""60-75k"":3,"">150k"":2}","{""60-75k"":60.59,"">150k"":45.36}","{""Raleigh, NC"":2,""Choate, TX"":2}","{""Murphy USA"":100,""Comfort Suites"":100,""Walmart"":67,""Trader Joe's"":67,""Chevron"":67,""WinCo Foods"":67,""The Home Depot"":67,""Speedway"":67,""Hertz"":67,""The UPS Store"":67,""Starbucks"":67,""Wendy's"":67,""Circle K"":67,""Love's Travel Stops and Country Stores"":67,""REI"":67,""United States Postal Service (USPS)"":67,""Marshalls"":67,""McDonald's"":67,""AT&T"":67,""Harris Teeter"":67}","{""Etsy"":67,""Lyft"":67,""Target"":67,""Chipotle Mexican Grill"":67,""Amazon"":67,""Airbnb"":67,""Apple"":67,""In-N-Out Burger"":67,""Family Dollar"":34,""TouchTunes"":34,""Netflix"":34,""eBay"":34,""Google Storage"":34,""Amazon Digital Services"":34,""Spectrum"":34,""AT&T"":34,""Audible"":34,""Aqua"":34,""Amazon Marketplace"":34,""Subway"":34}","{""Hertz"":67}","{""The UPS Store"":67,""Walmart"":67,""AmericInn"":34,""Albertsons"":34}","{""AT&T"":100}","{""Netflix"":34}",{},"{""Lyft"":67}",{},{}
168216,zzw-223@5sy-bxw-54v,,,2022-05-01,2022-06-01,1290.0,4,2,145.0,645.0,"{""25"":100.00,""75"":722.50}","[0.00,1090.00,0.00,0.00,0.00,0.00,0.00,0.00,0.00,0.00,0.00,0.00,0.00,0.00,0.00,0.00,0.00,0.00,0.00,0.00,0.00,0.00,0.00,200.00,0.00,0.00,0.00,0.00,0.00,0.00,0.00]","[null,545.00,null,null,null,null,null,null,null,null,null,null,null,null,null,null,null,null,null,null,null,null,null,100.00,null,null,null,null,null,null,null]","{""Monday"":1090.00,""Tuesday"":200.00,""Wednesday"":0.00,""Thursday"":0.00,""Friday"":0.00,""Saturday"":0.00,""Sunday"":0.00}","{""Wednesday"":4,""Monday"":5,""Saturday"":4,""Thursday"":4,""Tuesday"":5,""Friday"":4,""Sunday"":5}",-68.0,297.0,0,0.0,"{""No intermediary"":4}","{""No intermediary"":1290.00}","{""1"":1,""2"":0,""3"":1,""4"":0,""5-10"":0,"">10"":0}","{""1"":190.00,""2"":null,""3"":1100.00,""4"":null,""5-10"":null,"">10"":null}","{""75-100k"":2,""100-150k"":2}","{""75-100k"":190.00,""100-150k"":1100.00}","{""Riverton, WY"":5,""Bloomfield Hills, MI"":2}","{""Walmart"":100,""Albertsons"":100,""Maverik"":100,""Target"":50,""Verizon Wireless"":50,""Taco Bell"":50,""Taco John's"":50,""Cleveland Clinic"":50,""Mobil"":50,""Ace Hardware"":50,""Smith's Food & Drug Stores"":50,""Costco"":50,""United States Postal Service (USPS)"":50,""Blair's"":50,""Murdoch's Ranch & Home Supply"":50,""McDonald's"":50,""Exxon Mobil"":50,""Arby's"":50}","{""Etsy"":50,""L.L.Bean"":50,""Chipotle Mexican Grill"":50,""Amazon"":50,""Shutterfly"":50,""Dairy Queen"":50,""Scentsy Fragrance"":50,""AT&T"":50,""Charter Communications"":50}",{},"{""Albertsons"":50,""Walmart"":50,""Ace Hardware"":50,""Maverik"":50}","{""AT&T"":50,""Verizon Wireless"":50}",{},{},{},{},{}
168305,222-222@5sy-f2w-q9f,,,2022-05-01,2022-06-01,119.1,7,5,13.6,21.87,"{""25"":10.24,""75"":25.23}","[0.00,0.00,0.00,0.00,0.00,0.00,0.00,0.00,0.00,0.00,0.00,0.00,0.00,20.48,0.00,0.00,0.00,0.00,0.00,0.00,38.83,52.52,7.27,0.00,0.00,0.00,0.00,0.00,0.00,0.00,0.00]","[null,null,null,null,null,null,null,null,null,null,null,null,null,10.24,null,null,null,null,null,null,19.42,26.26,7.27,null,null,null,null,null,null,null,null]","{""Monday"":7.27,""Tuesday"":0.00,""Wednesday"":0.00,""Thursday"":0.00,""Friday"":0.00,""Saturday"":59.31,""Sunday"":52.52}","{""Wednesday"":4,""Monday"":5,""Saturday"":4,""Thursday"":4,""Tuesday"":5,""Friday"":4,""Sunday"":5}",,82.0,0,0.0,"{""No intermediary"":7}","{""No intermediary"":119.10}","{""1"":4,""2"":0,""3"":1,""4"":0,""5-10"":0,"">10"":0}","{""1"":16.90,""2"":null,""3"":51.52,""4"":null,""5-10"":null,"">10"":null}","{""<25k"":2,""25-45k"":2,""75-100k"":2,""100-150k"":2,"">150k"":2}","{""<25k"":10.24,""25-45k"":25.23,""75-100k"":51.52,""100-150k"":21.87,"">150k"":10.24}","{""Nampa, ID"":2,""Kenosha, WI"":2,""Benton, LA"":2,""Bridgeland, UT"":2}","{""Walmart"":100,""McDonald's"":80,""Subway"":60,""Fairfield Inn & Suites by Marriott"":40,""Chevron"":40,""Albertsons"":40,""Sierra"":40,""Maverik"":40,""Walgreens"":40,""Dairy Queen"":40,""Burger King"":40,""Foodtown"":40,""Tractor Supply Co."":40,""Family Dollar Stores"":40,""Little Caesars"":20,""Francesca's"":20,""Verizon Wireless"":20,""Kwik Trip"":20,""BP"":20,""Ross Stores"":20}","{""Amazon"":100,""Apple"":40,""Netflix"":40,""Jimmy John's"":20,""Chewy"":20,""Airbnb"":20,""Adobe Systems"":20,""KFC"":20,""Ring"":20,""Dish Network"":20,""Hulu"":20,""Amazon Digital Services"":20,""PayPal"":20}",{},"{""Walmart"":60,""Albertsons"":40,""Sierra"":40,""Dairy Queen"":40,""Walgreens"":20}","{""Sprint"":20,""Verizon Wireless"":20}","{""Netflix"":40,""Hulu"":20,""Dish Network"":20}",{},{},{},"{""PayPal"":20}"
168313,224-222@5sy-bzg-r6k,,,2022-05-01,2022-06-01,204.93,4,4,60.25,60.25,"{""25"":17.98,""75"":75.47}","[0.00,0.00,0.00,0.00,0.00,0.00,0.00,0.00,0.00,0.00,0.00,0.00,0.00,0.00,0.00,0.00,0.00,0.00,0.00,0.00,0.00,0.00,45.02,0.00,0.00,8.97,0.00,150.94,0.00,0.00,0.00]","[null,null,null,null,null,null,null,null,null,null,null,null,null,null,null,null,null,null,null,null,null,null,45.02,null,null,8.97,null,75.47,null,null,null]","{""Monday"":45.02,""Tuesday"":0.00,""Wednesday"":0.00,""Thursday"":8.97,""Friday"":0.00,""Saturday"":150.94,""Sunday"":0.00}","{""Wednesday"":4,""Monday"":5,""Saturday"":4,""Thursday"":4,""Tuesday"":5,""Friday"":4,""Sunday"":5}",,58.0,0,0.0,"{""No intermediary"":4}","{""No intermediary"":204.93}","{""1"":4,""2"":0,""3"":0,""4"":0,""5-10"":0,"">10"":0}","{""1"":51.23,""2"":null,""3"":null,""4"":null,""5-10"":null,"">10"":null}","{""<25k"":2,""45-60k"":2,""75-100k"":2,"">150k"":2}","{""<25k"":75.47,""45-60k"":75.47,""75-100k"":8.97,"">150k"":45.02}","{""Benjamin, UT"":2,""Billings, MT"":2,""Sandy, UT"":2}","{""Chevron"":75,""Holiday Station"":75,""Maverik"":75,""Walmart"":50,""Loaf 'N Jug"":50,""Macey's"":50,""Lowe's"":50,""Mobil"":50,""Microsoft Store"":50,""Exxon Mobil"":50,""Jimmy John's"":25,""Target"":25,""Four Points By Sheraton"":25,""Travelodge"":25,""Murphy USA"":25,""Taco Bell"":25,""The Floor Trader Outlet"":25,""WinCo Foods"":25,""The Home Depot"":25,""Safeway"":25}","{""Amazon"":75,""Apple"":75,""Sirius XM"":50,""MOD Pizza"":50,""7-Eleven"":50,""Del Taco"":50,""Wendy's"":50,""Chick-fil-A"":50,""Hulu"":50,""Spotify"":50,""McDonald's"":50,""Xbox"":50,""Verizon Wireless"":25,""Family Dollar"":25,""YouTube TV"":25,""Victoria's Secret"":25,""Ace Hardware"":25,""Google"":25,""Netflix"":25,""Maverik"":25}","{""Wendy's"":75,""McDonald's"":75,""MOD Pizza"":50,""Del Taco"":50,""Chick-fil-A"":50,""Maggiano's Little Italy"":50,""Jimmy John's"":25,""Taco Bell"":25,""Starbucks"":25,""Peet's Coffee and Tea"":25,""Panera Bread"":25,""Burger King"":25,""Roxberry"":25,""Wahoo's Fish Taco"":25,""Subway"":25,""Cafe Rio"":25}","{""Maverik"":25,""Good 2 Go Stores"":25}","{""AT&T"":25,""Verizon Wireless"":25}","{""Hulu"":50,""YouTube TV"":25,""Netflix"":25,""Redbox"":25,""Disney Plus"":25}",{},{},{},{}
168623,zzy-222@5sy-bxt-pjv,SG_BRAND_db6ee5f0ca1c23534e205fe45779f1d9,Sierra,2022-05-01,2022-06-01,3326.92,59,46,48.87,55.72,"{""25"":35.34,""75"":76.94}","[0.00,0.00,119.36,0.00,0.00,98.61,0.00,36.39,114.33,0.00,0.00,161.15,382.51,79.00,231.80,319.32,25.99,0.00,110.50,141.36,172.23,5.20,213.06,190.26,0.00,131.71,155.97,133.96,137.20,239.16,127.85]","[null,null,119.36,null,null,49.31,null,36.39,114.33,null,null,38.46,78.20,39.50,56.13,54.26,25.99,null,55.25,32.23,57.87,5.20,77.95,73.76,null,65.85,51.99,36.39,46.77,119.58,17.68]","{""Monday"":885.87,""Tuesday"":463.46,""Wednesday"":0.00,""Thursday"":403.36,""Friday"":778.45,""Saturday"":385.19,""Sunday"":410.59}","{""Wednesday"":4,""Monday"":5,""Saturday"":4,""Thursday"":4,""Tuesday"":5,""Friday"":4,""Sunday"":5}",58.0,-52.0,1,42.6,"{""No intermediary"":59}","{""No intermediary"":3326.92}","{""1"":35,""2"":9,""3"":2,""4"":0,""5-10"":0,"">10"":0}","{""1"":53.01,""2"":125.61,""3"":170.57,""4"":null,""5-10"":null,"">10"":null}","{""<25k"":7,""25-45k"":8,""45-60k"":5,""60-75k"":2,""75-100k"":2,""100-150k"":6,"">150k"":8}","{""<25k"":46.26,""25-45k"":88.04,""45-60k"":81.08,""60-75k"":93.10,""75-100k"":112.64,""100-150k"":63.18,"">150k"":49.02}","{""Haleiwa, HI"":6,""Cody, WY"":5,""Colorado Springs, CO"":5,""Bakersfield, CA"":4,""Indianapolis, IN"":4,""Clark, WY"":3,""Broadview Heights, OH"":2,""Bay Saint Louis, MS"":2,""Tannersville, PA"":2,""Effingham, IL"":2,""Durham, NC"":2,""Providence, RI"":2,""Mobile, AL"":2,""Staunton, VA"":2,""Leesburg, FL"":2,""Pontiac, IL"":2,""Laramie, WY"":2,""Tempe, AZ"":2,""Ketchum, ID"":2,""Houston, TX"":2,""Roanoke, VA"":2,""Magnolia, TX"":2,""Columbia, TN"":2,""Pembroke, NC"":2,""Ankeny, IA"":2,""Hope Hull, AL"":2,""Worland, WY"":2,""Nampa, ID"":2,""Billings, MT"":2,""Berrien Springs, MI"":2,""Cobleskill, NY"":2,""Cheyenne, WY"":2,""Cement City, MI"":2}","{""Walmart"":83,""McDonald's"":46,""Albertsons"":44,""ConocoPhillips"":40,""Maverik"":40,""Exxon Mobil"":37,""Subway"":35,""Shell Oil"":33,""Walgreens"":27,""Target"":24,""Verizon Wireless"":22,""Tractor Supply Co."":22,""Lowe's"":20,""Starbucks"":20,""Circle K"":20,""Dairy Queen"":20,""Pilot Flying J"":20,""Dollar Tree"":20,""Taco Bell"":18,""Ace Hardware"":18}","{""Amazon"":61,""Apple"":55,""Netflix"":37,""Amazon Digital Services"":24,""Verizon Wireless"":22,""Spotify"":22,""Hulu"":16,""Walmart"":14,""Audible"":14,""Target"":11,""Sirius XM"":11,""AT&T"":11,""Uber"":9,""YouTube TV"":9,""Dutch Bros. Coffee"":7,""Goodwill"":7,""Compassion International"":7,""eBay"":7,""Sony Playstation Networks"":7,""Amazon Kindle"":7}","{""REI"":16,""Scheels"":7,""Hobby Lobby Stores"":5,""Dick's Sporting Goods"":5,""Champs Sports"":3,""Michaels Stores"":3,""Bass Pro Shops"":3,""Sportsman's Warehouse"":3}","{""Walmart"":68,""Albertsons"":37,""Walgreens"":16,""Dairy Queen"":14,""Tractor Supply Co."":14,""ConocoPhillips"":11,""Ace Hardware"":9,""Maverik"":9,""McDonald's"":9,""Subway"":9,""Pizza Hut"":7,""Dollar Tree"":7,""Arby's"":7,""Domino's Pizza"":5,""Taco John's"":5,""Wendy's"":5,""Good 2 Go Stores"":5,""AutoZone"":5,""Smoker Friendly"":3,""Papa Murphy's"":3}","{""Verizon Wireless"":42,""AT&T"":14,""T-Mobile"":7,""TracFone Wireless"":3}","{""Netflix"":37,""Hulu"":16,""YouTube TV"":9,""Disney Plus"":9,""Youtube"":5,""Funimation"":5,""Redbox"":5,""Dish Network"":3,""Peacock"":3}","{""Instacart"":3,""Uber Eats"":3}","{""Uber"":9}","{""Klarna"":3}","{""Apple Card"":5,""PayPal"":3,""Apple Cash"":3}"
168650,zzw-225@5sy-bxt-pn5,,,2022-05-01,2022-06-01,42.12,3,2,13.52,21.06,"{""25"":8.32,""75"":20.28}","[0.00,0.00,0.00,0.00,0.00,0.00,0.00,0.00,0.00,0.00,0.00,0.00,0.00,0.00,0.00,0.00,0.00,0.00,28.60,0.00,0.00,0.00,0.00,0.00,0.00,0.00,0.00,13.52,0.00,0.00,0.00]","[null,null,null,null,null,null,null,null,null,null,null,null,null,null,null,null,null,null,14.30,null,null,null,null,null,null,null,null,13.52,null,null,null]","{""Monday"":0.00,""Tuesday"":0.00,""Wednesday"":0.00,""Thursday"":28.60,""Friday"":0.00,""Saturday"":13.52,""Sunday"":0.00}","{""Wednesday"":4,""Monday"":5,""Saturday"":4,""Thursday"":4,""Tuesday"":5,""Friday"":4,""Sunday"":5}",-56.0,-72.0,3,42.12,"{""No intermediary"":3}","{""No intermediary"":42.12}","{""1"":1,""2"":1,""3"":0,""4"":0,""5-10"":0,"">10"":0}","{""1"":13.52,""2"":28.60,""3"":null,""4"":null,""5-10"":null,"">10"":null}","{""25-45k"":2,""75-100k"":2}","{""25-45k"":28.60,""75-100k"":13.52}","{""Cody, WY"":3}","{""Walmart"":100,""Bomgaars"":100,""Taco John's"":100,""Dairy Queen"":100,""McDonald's"":100,""Smoker Friendly"":50,""Verizon Wireless"":50,""TownPump Convenience Stores"":50,""Domino's Pizza"":50,""Jack in the Box"":50,""Mobil"":50,""Bi-Mart"":50,""ConocoPhillips"":50,""Boot Barn"":50,""Love's Travel Stops and Country Stores"":50,""O'Reilly Auto Parts"":50,""Grocery Outlet"":50,""Walgreens"":50,""CENEX"":50,""United States Postal Service (USPS)"":50}","{""Amazon"":100,""Amazon Digital Services"":100,""Walmart"":50,""Fred Meyer"":50,""AT&T"":50,""Pizza Hut"":50}",{},"{""Walmart"":100,""Taco John's"":100,""Dairy Queen"":100,""McDonald's"":100,""Smoker Friendly"":50,""Domino's Pizza"":50,""Boot Barn"":50,""O'Reilly Auto Parts"":50,""Walgreens"":50,""United States Postal Service (USPS)"":50,""Tractor Supply Co."":50,""AutoZone"":50}","{""AT&T"":50,""Verizon Wireless"":50}",{},{},{},{},{}
168655,zzy-222@5sy-bxt-dvz,SG_BRAND_f004042e34f9a89a218a216365ccd2c4,Arby's,2022-05-01,2022-06-01,1603.44,98,72,14.43,18.13,"{""25"":8.47,""75"":21.72}","[0.00,136.78,36.10,10.18,24.87,11.28,0.00,18.79,90.86,28.97,25.84,49.40,10.12,0.00,43.12,110.36,41.90,39.32,69.42,44.10,17.13,53.96,102.05,33.94,35.84,69.79,138.12,110.14,0.00,44.70,206.36]","[null,10.18,18.05,10.18,12.44,11.28,null,9.40,12.25,28.97,7.27,7.27,10.12,null,21.56,14.33,20.95,12.88,12.11,22.05,17.13,26.98,16.40,8.52,17.92,34.90,21.14,22.34,null,22.35,15.86]","{""Monday"":484.75,""Tuesday"":347.27,""Wednesday"":111.18,""Thursday"":213.48,""Friday"":203.62,""Saturday"":127.27,""Sunday"":115.87}","{""Wednesday"":4,""Monday"":5,""Saturday"":4,""Thursday"":4,""Tuesday"":5,""Friday"":4,""Sunday"":5}",59.0,-9.0,2,43.54,"{""No intermediary"":98}","{""No intermediary"":1603.44}","{""1"":52,""2"":16,""3"":2,""4"":2,""5-10"":0,"">10"":0}","{""1"":19.25,""2"":28.13,""3"":28.98,""4"":47.31,""5-10"":null,"">10"":null}","{""<25k"":5,""25-45k"":10,""45-60k"":11,""60-75k"":8,""75-100k"":12,""100-150k"":8,"">150k"":16}","{""<25k"":20.81,""25-45k"":16.22,""45-60k"":18.19,""60-75k"":23.57,""75-100k"":21.69,""100-150k"":26.25,"">150k"":25.84}","{""Cody, WY"":10,""Medford, OR"":7,""Monell, WY"":3,""Cora, WY"":3,""Fallbrook, CA"":3,""Eastlake, CO"":2,""Broadview Heights, OH"":2,""Scott Air Force Base, IL"":2,""Marysvale, UT"":2,""Salt Lake City, UT"":2,""Pittsburgh, PA"":2,""Afton, WY"":2,""Bridgeport, NY"":2,""Cottonwood, TX"":2,""Baltimore, MD"":2,""Cooke City, MT"":2,""Ogden, UT"":2,""Clearfield, UT"":2,""Spring, TX"":2,""Greenville, SC"":2,""Conroe, TX"":2,""Clark, WY"":2,""Eden, WY"":2,""Riverton, UT"":2,""Ammon, ID"":2,""Chubbuck, ID"":2,""Fort Worth, TX"":2,""Berkeley, CA"":2,""Mcallen, TX"":2,""Casper, WY"":2,""Rogersville, AL"":2,""Orem, UT"":2,""Newbury Park, CA"":2,""Saratoga, WY"":2,""Luther, MT"":2,""Fairfax, VA"":2,""Grandin, ND"":2}","{""Walmart"":89,""McDonald's"":69,""Maverik"":62,""Albertsons"":50,""Dairy Queen"":38,""Wendy's"":37,""Exxon Mobil"":37,""Walgreens"":30,""Tractor Supply Co."":30,""ConocoPhillips"":28,""Subway"":28,""Burger King"":27,""Taco John's"":25,""Target"":24,""Ace Hardware"":24,""Chevron"":23,""Bomgaars"":23,""Taco Bell"":21,""Sierra"":21,""Costco"":21}","{""Amazon"":60,""Apple"":46,""Netflix"":37,""Amazon Marketplace"":37,""Amazon Digital Services"":25,""Walmart"":24,""AT&T"":23,""Hulu"":16,""Verizon Wireless"":14,""Google"":14,""Spotify"":14,""Audible"":10,""Target"":9,""Sirius XM"":9,""Xbox"":9,""Dish Network"":7,""Costco"":7,""Etsy"":6,""GoDaddy"":6,""Adobe Systems"":6}","{""McDonald's"":69,""Dairy Queen"":38,""Wendy's"":37,""Subway"":30,""Burger King"":27,""Taco John's"":25,""Taco Bell"":21,""Domino's Pizza"":19,""Chick-fil-A"":17,""Olive Garden"":16,""Starbucks"":14,""Papa Murphy's"":13,""Panda Express"":13,""Pizza Hut"":13,""Jimmy John's"":9,""Chipotle Mexican Grill"":9,""Cracker Barrel"":9,""KFC"":7,""Panera Bread"":7,""Texas Roadhouse"":7}","{""Walmart"":50,""Albertsons"":46,""McDonald's"":37,""Maverik"":28,""Dairy Queen"":27,""Wendy's"":13,""Walgreens"":13,""Tractor Supply Co."":12,""Subway"":10,""Domino's Pizza"":9,""Taco John's"":7,""ConocoPhillips"":6,""Smoker Friendly"":5,""Sierra"":5,""AutoZone"":5,""Papa Murphy's"":3,""The UPS Store"":3,""Ace Hardware"":3,""O'Reilly Auto Parts"":3,""CARQUEST Auto Parts"":2}","{""Verizon Wireless"":30,""AT&T"":25,""T-Mobile"":9,""Straight Talk"":5,""Sprint"":5,""Disney Mobile"":3,""Google Fi"":2}","{""Netflix"":37,""Hulu"":16,""Disney Plus"":10,""Dish Network"":7,""Redbox"":7,""Roku"":2,""HBO Max"":2,""YouTube TV"":2,""Youtube"":2,""Vudu"":2,""Peacock"":2,""Crunchyroll"":2}","{""DoorDash"":3,""HelloFresh"":2}",{},"{""Afterpay"":2,""Klarna"":2,""Zip Company"":2}","{""Apple Card"":3,""PayPal"":2,""Venmo"":2}"
168663,223-222@5sy-bzg-psq,,,2022-05-01,2022-06-01,2568.0,71,46,23.69,26.66,"{""25"":13.00,""75"":49.14}","[252.80,169.37,0.00,40.38,139.70,55.14,131.89,49.14,5.00,41.21,10.00,34.27,122.50,117.24,148.24,26.74,20.00,140.65,56.46,41.37,0.00,78.87,66.22,44.10,144.46,100.69,70.00,42.47,28.37,94.11,296.61]","[47.30,27.04,null,20.19,45.54,10.00,21.85,49.14,5.00,10.24,10.00,10.29,13.00,58.62,40.23,13.37,20.00,38.94,56.46,41.37,null,39.44,33.11,12.89,67.13,18.98,26.94,42.47,28.37,47.06,57.31]","{""Monday"":361.44,""Tuesday"":401.92,""Wednesday"":335.49,""Thursday"":331.12,""Friday"":289.01,""Saturday"":291.60,""Sunday"":557.42}","{""Wednesday"":4,""Monday"":5,""Saturday"":4,""Thursday"":4,""Tuesday"":5,""Friday"":4,""Sunday"":5}",41.0,-42.0,0,0.0,"{""No intermediary"":71}","{""No intermediary"":2568.00}","{""1"":35,""2"":5,""3"":2,""4"":1,""5-10"":3,"">10"":0}","{""1"":34.60,""2"":28.95,""3"":52.56,""4"":152.72,""5-10"":318.10,"">10"":null}","{""<25k"":7,""25-45k"":11,""45-60k"":2,""60-75k"":2,""75-100k"":2,""100-150k"":6,"">150k"":10}","{""<25k"":44.07,""25-45k"":46.82,""45-60k"":48.09,""60-75k"":86.29,""75-100k"":52.61,""100-150k"":96.34,"">150k"":46.12}","{""Cody, WY"":7,""Bremer, IA"":3,""Clark, WY"":3,""Bloomington, IN"":2,""Stevensville, MD"":2,""Marysvale, UT"":2,""Pittsburgh, PA"":2,""Thermopolis, WY"":2,""San Luis Obispo, CA"":2,""Provo, UT"":2,""Gillette, WY"":2,""Basin, WY"":2,""Winston Salem, NC"":2,""Denver, CO"":2,""Midvale, UT"":2,""Granby, CO"":2,""Philadelphia, PA"":2,""Ellicott, NY"":2,""Wilmington, DE"":2,""Billings, MT"":2,""Neptune Beach, FL"":2,""Danvers, MT"":2,""Ashland, VA"":2,""Peoria, AZ"":2,""Grantville, GA"":2,""Cumming, GA"":2}","{""Walmart"":61,""Albertsons"":57,""McDonald's"":57,""Maverik"":48,""Exxon Mobil"":33,""Walgreens"":31,""Target"":29,""The Home Depot"":24,""Wendy's"":22,""ConocoPhillips"":22,""Bomgaars"":20,""7-Eleven"":20,""Ace Hardware"":20,""Burger King"":20,""Shell Oil"":20,""Domino's Pizza"":18,""Lowe's"":18,""Taco Bell"":16,""Smith's Food & Drug Stores"":16,""Chick-fil-A"":16}","{""Apple"":46,""Amazon"":40,""Netflix"":29,""Spotify"":24,""Verizon Wireless"":22,""AT&T"":18,""Amazon Digital Services"":16,""Uber"":14,""Amazon Marketplace"":14,""Google"":9,""Hulu"":9,""Uber Eats"":9,""Amazon Kindle"":9,""Walmart"":7,""Target"":7,""Roku"":7,""Sirius XM"":7,""The Home Depot"":7,""Ring"":7,""Patreon"":7}","{""Total Wine & More"":3,""MGM Wine & Spirits"":3}","{""Walmart"":46,""Albertsons"":44,""Maverik"":24,""McDonald's"":18,""Domino's Pizza"":16,""Wendy's"":16,""Walgreens"":14,""Dairy Queen"":11,""Tractor Supply Co."":11,""Dollar Tree"":9,""Taco John's"":7,""ConocoPhillips"":7,""Ace Hardware"":7,""Arby's"":7,""Subway"":5,""Sierra"":3,""Pizza Hut"":3}","{""Verizon Wireless"":33,""AT&T"":22,""T-Mobile"":7,""Disney Mobile"":3,""Straight Talk"":3,""Sprint"":3}","{""Netflix"":29,""Hulu"":9,""Roku"":7,""Disney Plus"":7,""HBO Max"":5,""Peacock"":5,""Sling TV"":3,""Redbox"":3}","{""Uber Eats"":9,""HelloFresh"":5,""Go Puff"":5,""Instacart"":3}","{""Uber"":14,""Lyft"":5}",{},"{""Apple Card"":3}"
168671,222-222@5sy-bxw-3kf,SG_BRAND_f92cba702cf7f997b776d807b54cbe79,Taco John's,2022-05-01,2022-06-01,443.97,32,28,12.33,14.84,"{""25"":9.15,""75"":19.12}","[0.00,19.19,9.56,0.00,0.00,32.59,2.28,0.00,37.43,48.80,11.62,31.55,33.15,21.75,28.63,18.89,19.30,18.37,0.00,0.00,17.84,0.00,7.88,0.00,0.00,0.00,21.79,0.00,0.00,0.00,63.35]","[null,19.19,9.56,null,null,16.30,2.28,null,9.15,11.79,11.62,15.78,12.13,21.75,28.63,9.45,19.30,18.37,null,null,17.84,null,7.88,null,null,null,21.79,null,null,null,9.97]","{""Monday"":83.39,""Tuesday"":141.01,""Wednesday"":29.99,""Thursday"":31.55,""Friday"":87.53,""Saturday"":41.87,""Sunday"":28.63}","{""Wednesday"":4,""Monday"":5,""Saturday"":4,""Thursday"":4,""Tuesday"":5,""Friday"":4,""Sunday"":5}",8.0,-69.0,1,9.54,"{""No intermediary"":31,""Visa"":1}","{""No intermediary"":434.43,""Visa"":9.54}","{""1"":25,""2"":2,""3"":1,""4"":0,""5-10"":0,"">10"":0}","{""1"":14.69,""2"":19.83,""3"":37.08,""4"":null,""5-10"":null,"">10"":null}","{""<25k"":4,""25-45k"":3,""45-60k"":5,""60-75k"":2,""75-100k"":4,""100-150k"":2,"">150k"":5}","{""<25k"":10.03,""25-45k"":18.21,""45-60k"":16.85,""60-75k"":7.34,""75-100k"":18.70,""100-150k"":12.98,"">150k"":17.52}","{""Cody, WY"":5,""Coeur D Alene, ID"":3,""Monell, WY"":2,""Lovell, WY"":2,""Columbus, IN"":2,""Salt Lake City, UT"":2,""Afton, WY"":2,""Provo, UT"":2,""Meridian, ID"":2,""Fort Wayne, IN"":2,""Pocatello, ID"":2,""Haleiwa, HI"":2,""Clark, WY"":2,""Kipton, OH"":2,""Cowley, WY"":2,""Louisville, CO"":2}","{""Walmart"":86,""McDonald's"":72,""Wendy's"":61,""Maverik"":58,""Albertsons"":50,""Taco Bell"":36,""Love's Travel Stops and Country Stores"":36,""Exxon Mobil"":36,""ConocoPhillips"":33,""Chevron"":29,""Ace Hardware"":29,""Smith's Food & Drug Stores"":29,""Subway"":29,""Target"":25,""Walgreens"":25,""Bomgaars"":22,""Domino's Pizza"":22,""Dairy Queen"":22,""Burger King"":22,""Cafe Rio"":22}","{""Amazon"":58,""Apple"":40,""Netflix"":29,""Walmart"":25,""Spotify"":22,""Amazon Digital Services"":22,""AT&T"":18,""Nintendo"":15,""ExxonMobil"":15,""Hulu"":15,""Target"":11,""Planet Fitness"":11,""Costco"":11,""Amazon Marketplace"":11,""Jimmy John's"":8,""Verizon Wireless"":8,""Steam"":8,""Sirius XM"":8,""Youtube"":8,""7-Eleven"":8}","{""McDonald's"":72,""Wendy's"":61,""Taco Bell"":36,""Subway"":33,""Cafe Rio"":25,""Domino's Pizza"":22,""Starbucks"":22,""Dairy Queen"":22,""Burger King"":22,""Arby's"":22,""Raising Cane's"":15,""Sonic"":11,""Olive Garden"":11,""KFC"":11,""Red Robin Gourmet Burgers"":11,""Chick-fil-A"":11,""Panda Express"":11,""Little Caesars"":8,""Jimmy John's"":8,""Papa Murphy's"":8}","{""Walmart"":65,""Albertsons"":47,""McDonald's"":40,""Maverik"":36,""Wendy's"":33,""Dairy Queen"":18,""Arby's"":18,""ConocoPhillips"":15,""Ace Hardware"":15,""Walgreens"":15,""Domino's Pizza"":11,""Sierra"":8,""United States Postal Service (USPS)"":8,""Tractor Supply Co."":8,""Subway"":8,""Smoker Friendly"":4,""Papa Murphy's"":4,""CARQUEST Auto Parts"":4,""Boot Barn"":4,""O'Reilly Auto Parts"":4}","{""Verizon Wireless"":25,""AT&T"":22,""T-Mobile"":15}","{""Netflix"":29,""Hulu"":15,""Disney Plus"":15,""Youtube"":8,""Redbox"":8,""Roku"":4,""Amazon Prime"":4}","{""HelloFresh"":4,""Uber Eats"":4}","{""Uber"":4}",{},"{""PayPal"":4,""Apple Cash"":4,""Venmo"":4}"
168726,226-222@5sy-bxt-3qz,SG_BRAND_29a84b46d87cd728,Pet Depot,2022-05-01,2022-06-01,85.92,2,2,42.96,42.96,"{""25"":11.22,""75"":74.70}","[0.00,0.00,0.00,0.00,0.00,0.00,0.00,0.00,0.00,0.00,0.00,0.00,0.00,0.00,0.00,0.00,0.00,0.00,0.00,0.00,0.00,0.00,0.00,0.00,11.22,0.00,0.00,0.00,0.00,0.00,74.70]","[null,null,null,null,null,null,null,null,null,null,null,null,null,null,null,null,null,null,null,null,null,null,null,null,11.22,null,null,null,null,null,74.70]","{""Monday"":0.00,""Tuesday"":74.70,""Wednesday"":11.22,""Thursday"":0.00,""Friday"":0.00,""Saturday"":0.00,""Sunday"":0.00}","{""Wednesday"":4,""Monday"":5,""Saturday"":4,""Thursday"":4,""Tuesday"":5,""Friday"":4,""Sunday"":5}",,-75.0,0,0.0,"{""No intermediary"":2}","{""No intermediary"":85.92}","{""1"":2,""2"":0,""3"":0,""4"":0,""5-10"":0,"">10"":0}","{""1"":42.96,""2"":null,""3"":null,""4"":null,""5-10"":null,"">10"":null}","{""75-100k"":2}","{""75-100k"":42.96}","{""Lovell, WY"":2,""San Antonio, TX"":2}","{""Taco Bell"":100,""McDonald's"":100,""Arby's"":100,""Petco"":50,""Audi"":50,""Walmart"":50,""Corner Store"":50,""Chevrolet"":50,""Trader Joe's"":50,""Target"":50,""Verizon Wireless"":50,""Chipotle Mexican Grill"":50,""Freddy's Frozen Custard"":50,""Loaf 'N Jug"":50,""Ross Stores"":50,""Williams-Sonoma"":50,""Taco Bueno"":50,""Lowe's"":50,""7-Eleven"":50,""Popeyes Louisiana Kitchen"":50}","{""Target"":100,""Amazon"":50,""Sirius XM"":50,""Peloton Cycles"":50,""Apple"":50,""Wendy's"":50,""Netflix"":50,""Norton AntiVirus"":50,""Amazon Digital Services"":50,""AT&T"":50}","{""Petco"":50,""Pet Supplies Plus"":50}","{""Walmart"":50,""Boot Barn"":50}","{""AT&T"":50,""Verizon Wireless"":50}","{""Netflix"":50}",{},{},{},{}
168769,zzw-222@5sy-bxt-rhq,SG_BRAND_d6fdfe0213b3ad6f7bec024ed7719b7e,Dairy Queen,2022-05-01,2022-06-01,2702.82,171,128,12.67,15.58,"{""25"":8.62,""75"":19.30}","[50.04,220.62,24.61,56.80,12.56,36.14,12.14,12.14,120.31,96.21,24.29,66.10,64.78,0.00,53.13,282.90,49.94,148.33,90.92,133.72,48.88,19.48,229.17,84.10,144.98,62.76,164.98,84.02,81.59,0.00,227.18]","[25.02,14.44,8.20,19.42,12.56,9.15,12.14,12.14,11.21,20.25,12.15,11.09,13.60,null,26.56,12.67,12.15,12.67,15.36,13.08,12.67,9.74,11.52,20.92,14.00,6.96,10.69,42.01,14.75,null,13.90]","{""Monday"":853.00,""Tuesday"":482.04,""Wednesday"":374.40,""Thursday"":232.34,""Friday"":399.62,""Saturday"":145.04,""Sunday"":216.38}","{""Wednesday"":4,""Monday"":5,""Saturday"":4,""Thursday"":4,""Tuesday"":5,""Friday"":4,""Sunday"":5}",46.0,53.0,5,88.62,"{""No intermediary"":171}","{""No intermediary"":2702.82}","{""1"":99,""2"":20,""3"":7,""4"":1,""5-10"":1,"">10"":0}","{""1"":17.45,""2"":28.68,""3"":44.42,""4"":16.64,""5-10"":74.38,"">10"":null}","{""<25k"":10,""25-45k"":19,""45-60k"":9,""60-75k"":10,""75-100k"":19,""100-150k"":22,"">150k"":34}","{""<25k"":12.06,""25-45k"":20.16,""45-60k"":23.01,""60-75k"":17.91,""75-100k"":19.87,""100-150k"":20.51,"">150k"":26.18}","{""Medford, OR"":17,""Cody, WY"":15,""Pleasant Grove, UT"":5,""Worland, WY"":5,""Bakersfield, CA"":5,""Newbury Park, CA"":5,""Marysvale, UT"":3,""Clark, WY"":3,""Gastonia, NC"":3,""Aptakisic, IL"":2,""Eastlake, CO"":2,""Lovell, WY"":2,""Syracuse, UT"":2,""Mercer, PA"":2,""Chicago, IL"":2,""Salt Lake City, UT"":2,""Gooding, ID"":2,""Dover, DE"":2,""Kenosha, WI"":2,""El Paso, TX"":2,""Kingwood, TX"":2,""Lilburn, GA"":2,""Mesa, AZ"":2,""Tempe, AZ"":2,""Edmond, OK"":2,""Benjamin, UT"":2,""Baltimore, MD"":2,""Crouch, ID"":2,""Folsom, CA"":2,""Whitefish, MT"":2,""Issaquah, WA"":2,""Tampa, FL"":2,""Basin, WY"":2,""Loveland, CO"":2,""Omaha, NE"":2,""Princeton, NJ"":2,""Midlothian, VA"":2,""Spring, TX"":2,""Greenville, SC"":2,""Fallbrook, CA"":2,""Radcliff, KY"":2,""New York, NY"":2,""Kibler, AR"":2,""State College, PA"":2,""Port Richey, FL"":2,""Cedar City, UT"":2,""Centerville, SC"":2,""Scottsbluff, NE"":2,""Fort Worth, TX"":2,""Kailua, HI"":2,""Berkeley, CA"":2,""Rexburg, ID"":2,""Nampa, ID"":2,""Billings, MT"":2,""Helena, MT"":2,""Berrien Springs, MI"":2,""Danvers, MT"":2,""Acme, WY"":2,""Amsterdam, NY"":2,""Cheyenne, WY"":2,""Encampment, WY"":2,""Jackson, WY"":2,""Grandin, ND"":2,""Litchfield Park, AZ"":2,""Wake Forest, NC"":2}","{""Walmart"":90,""McDonald's"":69,""Albertsons"":54,""Maverik"":47,""Walgreens"":40,""Wendy's"":37,""Exxon Mobil"":37,""Ace Hardware"":33,""ConocoPhillips"":29,""Verizon Wireless"":25,""Tractor Supply Co."":24,""Bomgaars"":23,""Costco"":23,""Subway"":23,""Arby's"":22,""Taco Bell"":21,""United States Postal Service (USPS)"":20,""Shell Oil"":20,""Target"":19,""Dollar Tree"":19}","{""Amazon"":58,""Apple"":51,""Netflix"":34,""Amazon Marketplace"":31,""Hulu"":21,""Spotify"":20,""Walmart"":19,""Amazon Digital Services"":19,""Verizon Wireless"":16,""Audible"":15,""Sirius XM"":14,""AT&T"":14,""Target"":11,""Google"":11,""Chewy"":9,""Sam's Club"":8,""Adobe Systems"":8,""Amazon Kindle"":8,""Roku"":7,""Steam"":6}","{""McDonald's"":69,""Wendy's"":38,""Subway"":24,""Arby's"":22,""Taco Bell"":22,""Domino's Pizza"":19,""Burger King"":18,""Chick-fil-A"":16,""Taco John's"":15,""Starbucks"":14,""Pizza Hut"":14,""Jimmy John's"":11,""Papa Murphy's"":11,""Dunkin'"":11,""Chipotle Mexican Grill"":8,""Panera Bread"":8,""Olive Garden"":8,""Sonic"":7,""KFC"":5,""Raising Cane's"":5}","{""Walmart"":50,""Albertsons"":47,""McDonald's"":30,""Arby's"":15,""Maverik"":14,""Wendy's"":12,""Walgreens"":12,""Domino's Pizza"":8,""Ace Hardware"":8,""Tractor Supply Co."":7,""Subway"":7,""Sierra"":5,""AutoZone"":5,""Taco John's"":4,""O'Reilly Auto Parts"":4,""ConocoPhillips"":4,""Boot Barn"":4,""United States Postal Service (USPS)"":3,""Pizza Hut"":3,""Good 2 Go Stores"":3}","{""Verizon Wireless"":39,""AT&T"":18,""Sprint"":4,""T-Mobile"":3,""Boost Mobile"":2,""Disney Mobile"":1,""Straight Talk"":1}","{""Netflix"":34,""Hulu"":21,""Disney Plus"":10,""Roku"":7,""Dish Network"":4,""Peacock"":4,""Redbox"":4,""Vudu"":3,""Crunchyroll"":3,""YouTube TV"":2,""Youtube"":2,""Funimation"":2,""DirecTV"":2,""Youtube Premium"":2,""Starz"":2,""Sling TV"":1,""HBO Max"":1,""Fubo"":1,""Time Warner Cable"":1,""Amazon Prime Video"":1}","{""Dashpass"":4,""HelloFresh"":4,""Uber Eats"":1,""DoorDash"":1}","{""Uber"":4,""Lyft"":2}","{""Klarna"":2,""Affirm.com"":1}","{""Apple Card"":6,""PayPal"":4,""Venmo"":1}"
168826,222-222@5sy-bxx-rx5,,,2022-05-01,2022-06-01,1418.45,10,8,119.34,207.64,"{""25"":95.92,""75"":207.50}","[0.00,219.24,0.00,0.00,0.00,0.00,167.04,0.00,0.00,0.00,0.00,0.00,0.00,0.00,0.00,277.88,241.86,0.00,0.00,0.00,0.00,50.75,0.00,0.00,196.04,265.64,0.00,0.00,0.00,0.00,0.00]","[null,109.62,null,null,null,null,83.52,null,null,null,null,null,null,null,null,138.94,241.86,null,null,null,null,50.75,null,null,196.04,265.64,null,null,null,null,null]","{""Monday"":497.12,""Tuesday"":241.86,""Wednesday"":196.04,""Thursday"":265.64,""Friday"":0.00,""Saturday"":167.04,""Sunday"":50.75}","{""Wednesday"":4,""Monday"":5,""Saturday"":4,""Thursday"":4,""Tuesday"":5,""Friday"":4,""Sunday"":5}",,-22.0,1,196.04,"{""No intermediary"":10}","{""No intermediary"":1418.45}","{""1"":6,""2"":2,""3"":0,""4"":0,""5-10"":0,"">10"":0}","{""1"":153.56,""2"":248.56,""3"":null,""4"":null,""5-10"":null,"">10"":null}","{""25-45k"":2,""100-150k"":3,"">150k"":7}","{""25-45k"":277.88,""100-150k"":135.00,"">150k"":174.12}","{""Dallas, OR"":3,""Wexford, PA"":2,""Saint Petersburg, FL"":2,""New Smyrna Beach, FL"":2,""Sioux Falls, SD"":2,""Buffalo, NY"":2,""Chugwater, WY"":2}","{""Walmart"":63,""Exxon Mobil"":50,""Shell Oil"":50,""Albertsons"":38,""7-Eleven"":38,""Holiday Inn"":38,""Circle K"":38,""Maverik"":38,""Sonic"":25,""Target"":25,""BP"":25,""Taco Bell"":25,""The Home Depot"":25,""BJ's Restaurants"":25,""Wendy's"":25,""ConocoPhillips"":25,""Chick-fil-A"":25,""Walgreens"":25,""Dairy Queen"":25,""Burger King"":25}","{""Apple"":63,""Netflix"":63,""Amazon"":50,""YouTube TV"":25,""Airbnb"":25,""The Home Depot"":25,""Amazon Digital Services"":25,""AT&T"":25,""Phillips 66"":25,""Sony Playstation Networks"":25,""T-Mobile"":25,""Walmart"":13,""Southwest Airlines"":13,""Target"":13,""Dropbox"":13,""Verizon Wireless"":13,""Chipotle Mexican Grill"":13,""Planet Fitness"":13,""Chevron"":13,""Steam"":13}","{""Holiday Inn"":38,""Econo Lodge"":13,""Renaissance Hotels"":13,""Days Inn"":13,""Baymont Inn & Suites"":13,""Best Western"":13}","{""Walmart"":25,""Albertsons"":13,""Wendy's"":13,""ConocoPhillips"":13,""Walgreens"":13,""Burger King"":13,""Tractor Supply Co."":13}","{""AT&T"":25,""T-Mobile"":25,""Verizon Wireless"":25,""TracFone Wireless"":13}","{""Netflix"":63,""YouTube TV"":25,""Youtube"":13,""Hulu"":13,""Amazon Prime"":13}","{""Uber Eats"":13}",{},{},"{""Apple Cash"":13}"
168865,222-225@5sy-bxw-54v,SG_BRAND_942c238b1dddf5d40a05dbad6851b58b,Albertsons,2022-05-01,2022-06-01,41912.85,963,324,23.06,56.38,"{""25"":11.76,""75"":53.01}","[400.87,3404.16,1464.61,1439.36,1917.64,1395.02,463.86,868.15,2801.05,1216.74,1060.97,735.81,2038.61,373.21,595.26,2962.34,836.52,1410.08,679.27,1219.30,659.54,743.51,2712.80,1339.75,518.91,1210.22,1489.12,576.56,483.25,979.71,3916.65]","[70.82,25.26,27.26,21.98,12.78,17.97,23.57,52.24,33.97,28.54,19.18,19.55,25.96,12.17,38.11,31.50,16.34,26.76,12.38,29.67,20.67,44.99,24.22,17.99,18.70,17.95,23.90,17.98,20.96,21.07,25.02]","{""Monday"":12860.06,""Tuesday"":8774.27,""Wednesday"":4429.32,""Thursday"":4542.94,""Friday"":6142.05,""Saturday"":2073.17,""Sunday"":3091.04}","{""Wednesday"":4,""Monday"":5,""Saturday"":4,""Thursday"":4,""Tuesday"":5,""Friday"":4,""Sunday"":5}",8.0,19.0,49,3324.28,"{""No intermediary"":963}","{""No intermediary"":41912.85}","{""1"":167,""2"":59,""3"":24,""4"":13,""5-10"":46,"">10"":15}","{""1"":48.85,""2"":77.09,""3"":93.73,""4"":201.58,""5-10"":347.71,"">10"":556.07}","{""<25k"":39,""25-45k"":39,""45-60k"":27,""60-75k"":24,""75-100k"":43,""100-150k"":54,"">150k"":81}","{""<25k"":113.75,""25-45k"":67.82,""45-60k"":132.09,""60-75k"":161.66,""75-100k"":137.74,""100-150k"":104.53,"">150k"":177.42}","{""Cody, WY"":45,""Medford, OR"":43,""Newbury Park, CA"":12,""Clark, WY"":10,""Twin Falls, ID"":7,""Republic, MO"":5,""Pueblo, CO"":5,""Fort Myers, FL"":4,""Salt Lake City, UT"":4,""Rehoboth Beach, DE"":4,""Portland, OR"":4,""Boise, ID"":4,""Columbus, OH"":4,""Nampa, ID"":4,""Kulpsville, PA"":4,""Louisville, CO"":4,""Thermopolis, WY"":3,""El Paso, TX"":3,""Wabash, IN"":3,""Granby, CO"":3,""Luther, MT"":3,""Idaho Falls, ID"":3,""Bloomfield Hills, MI"":3,""Tacoma, WA"":2,""Eastlake, CO"":2,""Mapleton, UT"":2,""Raleigh, NC"":2,""Maple Heights, OH"":2,""Driggs, ID"":2,""Lovell, WY"":2,""San Diego, CA"":2,""Stevensville, MD"":2,""Southport, NC"":2,""Tucson, AZ"":2,""Nashville, TN"":2,""Pensacola, FL"":2,""Marysvale, UT"":2,""South Windsor, CT"":2,""Rochester, NY"":2,""Durham, NC"":2,""Vernal, UT"":2,""Providence, RI"":2,""Kingwood, TX"":2,""Staunton, VA"":2,""Afton, WY"":2,""Blackfoot, ID"":2,""Annabella, UT"":2,""Calera, AL"":2,""Ralph, AL"":2,""Pontiac, IL"":2,""Tempe, AZ"":2,""Kadoka, SD"":2,""Huntington Beach, CA"":2,""Houston, TX"":2,""Baltimore, MD"":2,""Phoenix, AZ"":2,""Provo, UT"":2,""Meridian, ID"":2,""Highland, UT"":2,""Machesney Park, IL"":2,""Adelino, NM"":2,""Bueyeros, NM"":2,""Tampa, FL"":2,""Riverton, WY"":2,""Champaign, IL"":2,""Basin, WY"":2,""Ogden, UT"":2,""Loveland, CO"":2,""Columbia, TN"":2,""Pocatello, ID"":2,""Winston Salem, NC"":2,""Spring, TX"":2,""Greenville, SC"":2,""Coeur D Alene, ID"":2,""Cockeysville, MD"":2,""Fallbrook, CA"":2,""Pomonkey, MD"":2,""Silverdale, WA"":2,""West Valley City, UT"":2,""New York, NY"":2,""Kibler, AR"":2,""Haleiwa, HI"":2,""Seattle, WA"":2,""Harvey, LA"":2,""Cedar City, UT"":2,""Fayetteville, NC"":2,""Burnsville, MN"":2,""Riverton, UT"":2,""Centerville, SC"":2,""Emigrant, MT"":2,""Worland, WY"":2,""Camas, MT"":2,""Grand Junction, CO"":2,""Neal, KS"":2,""Bakersfield, CA"":2,""Colorado Springs, CO"":2,""Wilmington, NC"":2,""Philadelphia, PA"":2,""Farmington, UT"":2,""Whetstone, AZ"":2,""Bellevue, WA"":2,""Kailua, HI"":2,""Grant, ID"":2,""Des Allemands, LA"":2,""Ellicott, NY"":2,""Draper, UT"":2,""Chugwater, WY"":2,""Berkeley, CA"":2,""Buckner, KY"":2,""Bozeman, MT"":2,""Kennewick, WA"":2,""Powell, OH"":2,""San Antonio, TX"":2,""Gastonia, NC"":2,""Billings, MT"":2,""Tonawanda, NY"":2,""Dallas, TX"":2,""Indianapolis, IN"":2,""South River, NJ"":2,""Kismet, KS"":2,""Universal City, CA"":2,""Homestead, FL"":2,""Casper, WY"":2,""Scottsdale, AZ"":2,""Bethany, IN"":2,""Belleville, IL"":2,""Oakley, SC"":2,""Fort Collins, CO"":2,""Marion, IN"":2,""Encampment, WY"":2,""Huckabay, TX"":2,""Grandin, ND"":2,""Pleasant Prairie, WI"":2,""Grantville, GA"":2,""Logan, UT"":2,""Britton, TX"":2}","{""Walmart"":76,""Maverik"":48,""McDonald's"":47,""Exxon Mobil"":36,""ConocoPhillips"":30,""Walgreens"":30,""Wendy's"":29,""Costco"":26,""Ace Hardware"":25,""Bomgaars"":25,""Dairy Queen"":23,""Target"":22,""Verizon Wireless"":20,""Subway"":20,""Domino's Pizza"":18,""Shell Oil"":18,""Tractor Supply Co."":18,""Lowe's"":17,""United States Postal Service (USPS)"":17,""Arby's"":17}","{""Amazon"":53,""Apple"":42,""Netflix"":32,""Amazon Marketplace"":26,""Amazon Digital Services"":19,""Spotify"":19,""Walmart"":18,""Verizon Wireless"":15,""Hulu"":15,""AT&T"":13,""Sirius XM"":11,""Google"":11,""Audible"":9,""Amazon Kindle"":8,""Etsy"":7,""Target"":6,""Airbnb"":5,""Experian"":5,""Adobe Systems"":5,""Costco"":5}","{""Safeway"":12,""Smith's Food & Drug Stores"":10,""Blair's"":9,""7-Eleven"":8,""WinCo Foods"":8,""Circle K"":7,""Casey's General Stores"":7,""Kroger"":6,""Fred Meyer"":5,""Trader Joe's"":5,""Kwik Trip"":5,""Natural Grocers"":4,""Weis Markets"":3,""Publix Super Markets"":3,""Sprouts Farmers Market"":3,""City Market"":3,""Wawa"":3,""Whole Foods Market"":3,""Food Lion"":3,""Harris Teeter"":3}","{""Walmart"":43,""McDonald's"":19,""Dairy Queen"":19,""Maverik"":15,""Wendy's"":11,""Walgreens"":11,""Arby's"":11,""ConocoPhillips"":9,""Domino's Pizza"":8,""Ace Hardware"":8,""Tractor Supply Co."":8,""Subway"":7,""Sierra"":6,""Taco John's"":5,""Boot Barn"":4,""United States Postal Service (USPS)"":4,""Dollar Tree"":4,""The UPS Store"":4,""AutoZone"":3,""Papa Murphy's"":3}","{""Verizon Wireless"":33,""AT&T"":17,""T-Mobile"":5,""Straight Talk"":3,""Sprint"":2,""Disney Mobile"":1,""Google Fi"":1,""Cricket Wireless"":1,""MetroPCS"":1,""Boost Mobile"":1}","{""Netflix"":32,""Hulu"":15,""Disney Plus"":8,""Roku"":5,""Dish Network"":5,""Youtube"":4,""Redbox"":3,""YouTube TV"":3,""HBO Max"":2,""Vudu"":2,""Amazon Prime"":2,""DirecTV"":2,""Youtube Premium"":2,""Sling TV"":1,""Fubo"":1,""Peacock"":1,""Crunchyroll"":1,""Starz"":1,""Funimation"":1,""Amazon Prime Video"":1}","{""HelloFresh"":2,""Instacart"":2,""DoorDash"":2,""Uber Eats"":2,""Dashpass"":2,""Grubhub"":1,""Shipt"":1}","{""Lyft"":3,""Uber"":3}","{""Klarna"":2,""Afterpay"":1,""Progressive Leasing"":1,""Zip Company"":1}","{""Apple Card"":5,""Apple Cash"":2,""PayPal"":1,""Venmo"":1,""Zelle"":1}"
168889,223-222@5sy-bxx-rzf,,,2022-05-01,2022-06-01,1774.27,11,7,106.66,218.67,"{""25"":64.00,""75"":243.80}","[0.00,0.00,0.00,0.00,0.00,0.00,406.76,0.00,96.02,0.00,0.00,162.27,362.60,0.00,0.00,0.00,0.00,341.32,0.00,0.00,0.00,0.00,0.00,0.00,405.30,0.00,0.00,0.00,0.00,0.00,0.00]","[null,null,null,null,null,null,406.76,null,48.01,null,null,162.27,181.30,null,null,null,null,85.33,null,null,null,null,null,null,405.30,null,null,null,null,null,null]","{""Monday"":96.02,""Tuesday"":0.00,""Wednesday"":746.62,""Thursday"":162.27,""Friday"":362.60,""Saturday"":406.76,""Sunday"":0.00}","{""Wednesday"":4,""Monday"":5,""Saturday"":4,""Thursday"":4,""Tuesday"":5,""Friday"":4,""Sunday"":5}",372.0,900.0,0,0.0,"{""No intermediary"":11}","{""No intermediary"":1774.27}","{""1"":5,""2"":0,""3"":2,""4"":0,""5-10"":0,"">10"":0}","{""1"":267.39,""2"":null,""3"":218.67,""4"":null,""5-10"":null,"">10"":null}","{""25-45k"":3,""45-60k"":3,""100-150k"":2,"">150k"":2}","{""25-45k"":193.76,""45-60k"":162.27,""100-150k"":218.67,"">150k"":406.03}","{""Cody, WY"":3,""Rehoboth Beach, DE"":2,""Horsham, PA"":2,""Aurora, CO"":2,""Encampment, WY"":2,""Frederick, MD"":2}","{""Walmart"":86,""Exxon Mobil"":86,""Albertsons"":58,""Ace Hardware"":58,""Dairy Queen"":58,""Wawa"":43,""ConocoPhillips"":43,""Costco"":43,""McDonald's"":43,""Tractor Supply Co."":43,""Casey's General Stores"":29,""BP"":29,""The Home Depot"":29,""PetSmart"":29,""7-Eleven"":29,""Thousand Trails"":29,""Maverik"":29,""Kum & Go"":29,""Murdoch's Ranch & Home Supply"":29,""Sally Beauty Supply"":29}","{""Amazon"":72,""Amazon Digital Services"":58,""Verizon Wireless"":43,""Chewy"":43,""Amazon Marketplace"":43,""Etsy"":29,""Airbnb"":29,""Apple"":29,""Google"":29,""Netflix"":29,""Hulu"":29,""Comcast"":29,""Youtube Premium"":29,""Express Scripts"":29,""Amazon Kindle"":29,""Playrix"":29,""Anytime Fitness"":15,""Dollar Shave Club"":15,""Fandango"":15,""Sirius XM"":15}","{""Anytime Fitness"":15}","{""Walmart"":58,""Albertsons"":58,""Ace Hardware"":43,""McDonald's"":43,""Dairy Queen"":29,""Tractor Supply Co."":29,""The UPS Store"":15,""Boot Barn"":15,""United States Postal Service (USPS)"":15}","{""Verizon Wireless"":43}","{""Hulu"":29,""Netflix"":29,""Youtube Premium"":29,""Dish Network"":15}",{},{},{},{}
168917,zzw-222@5sy-bxt-dqf,SG_BRAND_974825b578ac6df2330cf472fc2d9e57,Tractor Supply Co.,2022-05-01,2022-06-01,16871.43,197,137,43.1,49.31,"{""25"":22.64,""75"":82.25}","[38.47,1940.09,620.60,466.10,384.51,553.28,65.51,0.00,1086.51,179.95,125.66,885.41,437.26,0.00,0.00,4678.99,117.64,918.40,193.69,281.09,94.53,292.90,556.18,361.93,791.98,155.25,265.62,36.30,329.48,104.26,909.84]","[38.47,45.72,45.70,65.00,32.09,112.34,65.51,null,54.68,48.63,62.83,20.08,17.03,null,null,34.73,24.09,79.02,32.29,43.73,47.26,146.45,30.96,41.84,115.40,39.17,7.06,12.95,141.88,23.39,53.99]","{""Monday"":8366.03,""Tuesday"":2189.96,""Wednesday"":2302.14,""Thursday"":1618.86,""Friday"":1537.25,""Saturday"":196.34,""Sunday"":660.85}","{""Wednesday"":4,""Monday"":5,""Saturday"":4,""Thursday"":4,""Tuesday"":5,""Friday"":4,""Sunday"":5}",-15.0,402.0,2,191.77,"{""No intermediary"":197}","{""No intermediary"":16871.43}","{""1"":101,""2"":23,""3"":9,""4"":1,""5-10"":3,"">10"":0}","{""1"":85.29,""2"":189.10,""3"":239.18,""4"":452.73,""5-10"":434.10,"">10"":null}","{""<25k"":11,""25-45k"":8,""45-60k"":13,""60-75k"":11,""75-100k"":22,""100-150k"":29,"">150k"":38}","{""<25k"":85.17,""25-45k"":85.40,""45-60k"":51.61,""60-75k"":68.00,""75-100k"":240.94,""100-150k"":88.16,"">150k"":147.73}","{""Cody, WY"":14,""Dawson, MO"":7,""Harvey, LA"":5,""Tempe, AZ"":4,""Greenwood, IN"":4,""Columbus, OH"":4,""Brevard, NC"":4,""Hardwick, GA"":4,""Encampment, WY"":4,""Lovell, WY"":3,""Andersonville, OH"":3,""Macon, GA"":3,""Centerville, SC"":3,""Broadview Heights, OH"":2,""Whigham, GA"":2,""Bovill, ID"":2,""Tucker, GA"":2,""San Diego, CA"":2,""Condit, OH"":2,""North Hollywood, CA"":2,""Waynesville, MO"":2,""Mercer, PA"":2,""Gray, GA"":2,""San Jose, CA"":2,""Marysvale, UT"":2,""Edgeworth, PA"":2,""Mascoutah, IL"":2,""Providence, RI"":2,""Watertown, NY"":2,""Kansas City, MO"":2,""Concordia, KS"":2,""Fuquay Varina, NC"":2,""Dothan, AL"":2,""Crouch, ID"":2,""Brownsburg, IN"":2,""Phoenix, AZ"":2,""Cooke City, MT"":2,""Tampa, FL"":2,""Lenexa, KS"":2,""Basin, WY"":2,""Addison, TX"":2,""Omaha, NE"":2,""Spring, TX"":2,""Manhattan Beach, CA"":2,""Marietta, GA"":2,""Madeira Beach, FL"":2,""Fayetteville, NC"":2,""Westlake, LA"":2,""Colorado Springs, CO"":2,""Missouri City, TX"":2,""Chugwater, WY"":2,""Osage Beach, MO"":2,""Billings, MT"":2,""Torrance, CA"":2,""Westport, WA"":2,""Indianapolis, IN"":2,""Lauderdale, MN"":2,""Augusta, GA"":2,""Dublin, GA"":2,""Apalachee, GA"":2,""Cragsmoor, NY"":2,""Yarmouth, ME"":2,""Luther, MT"":2,""Huckabay, TX"":2,""Eatonton, GA"":2,""Farmington, GA"":2}","{""Walmart"":86,""McDonald's"":61,""Lowe's"":46,""Dollar General"":40,""Kroger"":38,""Dairy Queen"":32,""Chick-fil-A"":31,""Taco Bell"":30,""Wendy's"":30,""Subway"":29,""Kroger Fuel Center"":28,""Target"":26,""Walgreens"":26,""Chevron"":25,""Sonic"":22,""Starbucks"":22,""Circle K"":22,""Ace Hardware"":21,""Marathon"":21,""Burger King"":20}","{""Amazon"":61,""Apple"":47,""Amazon Marketplace"":46,""Netflix"":39,""AT&T"":24,""Hulu"":23,""Verizon Wireless"":19,""Amazon Digital Services"":17,""Walmart"":15,""Sirius XM"":14,""Planet Fitness"":11,""Spotify"":11,""Goodwill"":10,""Google"":10,""Audible"":10,""Etsy"":9,""Amazon Kindle"":9,""YouTube TV"":8,""Airbnb"":7,""Nintendo"":7}","{""Lowe's"":49,""Ace Hardware"":22,""The Home Depot"":19,""Harbor Freight Tools"":15,""Menard's"":11,""True Value Hardware"":3,""Sherwin-Williams"":2}","{""Walmart"":24,""Albertsons"":17,""McDonald's"":10,""Maverik"":8,""Ace Hardware"":7,""Dairy Queen"":6,""Arby's"":6,""Wendy's"":5,""Boot Barn"":5,""Sierra"":5,""Walgreens"":5,""ConocoPhillips"":4,""Dollar Tree"":4,""Domino's Pizza"":3,""O'Reilly Auto Parts"":3,""United States Postal Service (USPS)"":3,""Subway"":3,""AutoZone"":3,""Taco John's"":2,""CARQUEST Auto Parts"":2}","{""Verizon Wireless"":34,""AT&T"":27,""T-Mobile"":8,""Straight Talk"":6,""Disney Mobile"":3,""Cricket Wireless"":3,""Google Fi"":1,""Sprint"":1}","{""Netflix"":39,""Hulu"":23,""Disney Plus"":13,""YouTube TV"":8,""Dish Network"":6,""Youtube"":5,""Redbox"":3,""Youtube Premium"":3,""Roku"":2,""HBO Max"":2,""Peacock"":2,""Amazon Prime"":2,""Starz"":2,""Sling TV"":1,""Crunchyroll"":1,""DirecTV"":1}","{""DoorDash"":4,""Instacart"":3,""HelloFresh"":2,""Postmates"":1,""Grubhub"":1,""Dashpass"":1,""Uber Eats"":1}","{""Uber"":3,""Lyft"":1}","{""Afterpay"":4,""Sezzle"":2,""Affirm.com"":2,""Klarna"":2}","{""Apple Card"":4,""PayPal"":3,""Apple Cash"":1}"
168934,222-222@5sy-bzg-pjv,,,2022-05-01,2022-06-01,123.86,2,2,61.93,61.93,"{""25"":28.09,""75"":95.77}","[0.00,0.00,0.00,0.00,0.00,0.00,0.00,28.09,0.00,0.00,0.00,0.00,0.00,0.00,0.00,0.00,0.00,0.00,0.00,0.00,0.00,0.00,0.00,0.00,0.00,0.00,95.77,0.00,0.00,0.00,0.00]","[null,null,null,null,null,null,null,28.09,null,null,null,null,null,null,null,null,null,null,null,null,null,null,null,null,null,null,95.77,null,null,null,null]","{""Monday"":0.00,""Tuesday"":0.00,""Wednesday"":0.00,""Thursday"":0.00,""Friday"":95.77,""Saturday"":0.00,""Sunday"":28.09}","{""Wednesday"":4,""Monday"":5,""Saturday"":4,""Thursday"":4,""Tuesday"":5,""Friday"":4,""Sunday"":5}",-61.0,0.0,0,0.0,"{""No intermediary"":2}","{""No intermediary"":123.86}","{""1"":2,""2"":0,""3"":0,""4"":0,""5-10"":0,"">10"":0}","{""1"":61.93,""2"":null,""3"":null,""4"":null,""5-10"":null,"">10"":null}","{""45-60k"":2}","{""45-60k"":28.09}","{""Buffalo, NY"":2,""Brunswick, ME"":2}","{""Pet Depot"":50,""Walmart"":50,""Advance Auto Parts"":50,""Target"":50,""Gap"":50,""The Men's Wearhouse"":50,""Lowe's"":50,""NAPA Auto Parts"":50,""Freightliner Trucks"":50,""The Home Depot"":50,""CARQUEST Auto Parts"":50,""PetSmart"":50,""7-Eleven"":50,""Starbucks"":50,""Circle K"":50,""Shaw's"":50,""Maverik"":50,""O'Reilly Auto Parts"":50,""Applebee's"":50,""Tire Warehouse"":50}","{""Petco"":50,""Facebook"":50,""Spotify"":50,""Apple"":50}","{""Starbucks"":50,""Applebee's"":50,""McDonald's"":50,""In-N-Out Burger"":50,""LongHorn Steakhouse"":50,""Dunkin'"":50}",{},{},{},{},{},{},{}
168942,226-222@5sy-bzg-gx5,,,2022-05-01,2022-06-01,351.19,2,2,175.6,175.6,"{""25"":76.19,""75"":275.00}","[0.00,0.00,0.00,0.00,0.00,0.00,0.00,275.00,0.00,0.00,0.00,0.00,0.00,0.00,0.00,0.00,0.00,0.00,0.00,0.00,0.00,0.00,0.00,0.00,0.00,0.00,76.19,0.00,0.00,0.00,0.00]","[null,null,null,null,null,null,null,275.00,null,null,null,null,null,null,null,null,null,null,null,null,null,null,null,null,null,null,76.19,null,null,null,null]","{""Monday"":0.00,""Tuesday"":0.00,""Wednesday"":0.00,""Thursday"":0.00,""Friday"":76.19,""Saturday"":0.00,""Sunday"":275.00}","{""Wednesday"":4,""Monday"":5,""Saturday"":4,""Thursday"":4,""Tuesday"":5,""Friday"":4,""Sunday"":5}",-12.0,-76.0,0,0.0,"{""No intermediary"":2}","{""No intermediary"":351.19}","{""1"":2,""2"":0,""3"":0,""4"":0,""5-10"":0,"">10"":0}","{""1"":175.60,""2"":null,""3"":null,""4"":null,""5-10"":null,"">10"":null}","{""<25k"":2,""75-100k"":2}","{""<25k"":275.00,""75-100k"":76.19}","{""Newbury Park, CA"":6,""Pueblo, CO"":2}","{""Walmart"":100,""Maverik"":100,""Big D"":50,""Crunch"":50,""Barnes and Noble"":50,""Loaf 'N Jug"":50,""Albertsons"":50,""Bomgaars"":50,""Defense Commissary Agency (DeCA)"":50,""Fast Stop"":50,""ConocoPhillips"":50,""United Pacific"":50,""Dairy Queen"":50,""Microsoft Store"":50,""Alta Convenience"":50,""Carl's Jr."":50,""Sportsman's Warehouse"":50,""AutoZone"":50,""Subway"":50,""Arby's"":50}","{""Toyota"":50,""Uber"":50,""Apple"":50,""Spotify"":50,""Uber Eats"":50,""AT&T"":50,""Amazon Marketplace"":50}",{},"{""Maverik"":100,""Dairy Queen"":50,""Albertsons"":50}","{""AT&T"":50}",{},"{""Uber Eats"":50}","{""Uber"":50}",{},{}
169055,222-222@5sy-bzg-6ff,SG_BRAND_5e12e83b9120546d,Good 2 Go Stores,2022-05-01,2022-06-01,275.19,10,7,11.08,30.01,"{""25"":8.10,""75"":36.41}","[0.00,0.00,0.00,2.19,0.00,0.00,30.01,0.00,0.00,0.00,91.56,0.00,0.00,0.00,0.00,0.00,0.00,0.00,0.00,10.50,0.00,0.00,124.99,0.00,0.00,0.00,0.00,0.00,11.66,0.00,4.28]","[null,null,null,2.19,null,null,30.01,null,null,null,22.89,null,null,null,null,null,null,null,null,10.50,null,null,124.99,null,null,null,null,null,11.66,null,4.28]","{""Monday"":124.99,""Tuesday"":4.28,""Wednesday"":93.75,""Thursday"":0.00,""Friday"":10.50,""Saturday"":30.01,""Sunday"":11.66}","{""Wednesday"":4,""Monday"":5,""Saturday"":4,""Thursday"":4,""Tuesday"":5,""Friday"":4,""Sunday"":5}",-10.0,7.0,0,0.0,"{""No intermediary"":10}","{""No intermediary"":275.19}","{""1"":4,""2"":3,""3"":0,""4"":0,""5-10"":0,"">10"":0}","{""1"":40.37,""2"":37.91,""3"":null,""4"":null,""5-10"":null,"">10"":null}","{""<25k"":2,""45-60k"":2,""60-75k"":2,""75-100k"":2,""100-150k"":2,"">150k"":2}","{""<25k"":2.19,""45-60k"":30.01,""60-75k"":22.16,""75-100k"":4.28,""100-150k"":45.78,"">150k"":124.99}","{""Bakersfield, CA"":2,""Clark, WY"":2,""Luther, MT"":2,""Billings, MT"":2}","{""Walmart"":100,""Albertsons"":72,""McDonald's"":72,""Taco Bell"":58,""Ace Hardware"":58,""Maverik"":58,""Exxon Mobil"":58,""Verizon Wireless"":43,""Lowe's"":43,""The Home Depot"":43,""Starbucks"":43,""Dairy Queen"":43,""Blair's"":43,""Petco"":29,""Red Ribbon Bakeshop"":29,""Olive Garden"":29,""Cellular Plus"":29,""Scheels"":29,""Taco John's"":29,""KFC"":29}","{""Amazon"":86,""Hulu"":58,""Apple"":43,""Netflix"":43,""Amazon Digital Services"":43,""Walmart"":29,""Target"":29,""Dutch Bros. Coffee"":29,""Funimation"":29,""Jamba Juice"":29,""Google"":29,""Pandora"":29,""Kohl's"":29,""Rite Aid"":29,""Spotify"":29,""Microsoft Ultimate"":29,""Sam's Club"":29,""Etsy"":15,""Jimmy John's"":15,""Steam"":15}","{""Exxon Mobil"":72,""ConocoPhillips"":29,""ARCO"":29,""Fastrip"":29,""Shell Oil"":29,""Holiday Station"":15}","{""Walmart"":72,""Albertsons"":72,""Maverik"":43,""Dairy Queen"":43,""Ace Hardware"":29,""Sierra"":29,""Burger King"":29,""Pizza Hut"":29,""AutoZone"":29,""Domino's Pizza"":15,""Taco John's"":15,""Wendy's"":15,""ConocoPhillips"":15,""McDonald's"":15,""Subway"":15,""Arby's"":15}","{""T-Mobile"":43,""Verizon Wireless"":43}","{""Hulu"":58,""Netflix"":43,""Funimation"":29,""Disney Plus"":15}",{},{},{},"{""Apple Card"":15}"
169085,222-224@5sy-bxt-f75,SG_BRAND_de80593878cb1673c62a7f338dc7e4e1,Subway,2022-05-01,2022-06-01,1085.79,61,54,13.72,14.48,"{""25"":10.03,""75"":25.02}","[0.00,0.00,0.00,0.00,0.00,0.00,0.00,0.00,0.00,23.98,34.85,0.00,0.00,27.22,8.00,155.30,101.78,161.33,0.00,77.80,0.00,37.51,256.52,66.83,59.97,32.26,10.80,20.06,0.00,0.00,11.58]","[null,null,null,null,null,null,null,null,null,11.99,12.05,null,null,13.61,8.00,19.87,11.24,17.79,null,32.98,null,37.51,13.59,16.09,13.50,32.26,10.80,10.03,null,null,11.58]","{""Monday"":411.82,""Tuesday"":204.17,""Wednesday"":256.15,""Thursday"":32.26,""Friday"":88.60,""Saturday"":47.28,""Sunday"":45.51}","{""Wednesday"":4,""Monday"":5,""Saturday"":4,""Thursday"":4,""Tuesday"":5,""Friday"":4,""Sunday"":5}",556.0,147.0,3,26.66,"{""No intermediary"":60,""Visa"":1}","{""No intermediary"":1082.41,""Visa"":3.38}","{""1"":48,""2"":5,""3"":1,""4"":0,""5-10"":0,"">10"":0}","{""1"":17.13,""2"":44.21,""3"":42.32,""4"":null,""5-10"":null,"">10"":null}","{""<25k"":6,""25-45k"":2,""45-60k"":5,""60-75k"":5,""75-100k"":7,""100-150k"":11,"">150k"":11}","{""<25k"":10.02,""25-45k"":28.48,""45-60k"":18.66,""60-75k"":18.10,""75-100k"":21.42,""100-150k"":25.24,"">150k"":18.87}","{""Cody, WY"":6,""Charlotte, NC"":3,""Ogden, UT"":3,""Spring, TX"":3,""Norwalk, IA"":2,""Ivanhoe, IL"":2,""Lovell, WY"":2,""Montgomery, AL"":2,""Pueblo, CO"":2,""Dunedin, FL"":2,""Greenwood, SC"":2,""Olla, LA"":2,""Clark, WY"":2,""Orange Park, FL"":2,""Columbus, OH"":2,""Jackson, CA"":2,""Brevard, NC"":2,""Granby, CO"":2,""Orlando, FL"":2,""Colorado Springs, CO"":2,""Medford, OR"":2,""Antelope, CA"":2,""Nampa, ID"":2,""Torrance, CA"":2,""Cowley, WY"":2,""Acme, WY"":2,""Mcdonough, GA"":2,""Hialeah, FL"":2,""Orem, UT"":2,""Newbury Park, CA"":2,""Cement City, MI"":2,""Charlottesville, VA"":2,""Kulpsville, PA"":2}","{""Walmart"":84,""McDonald's"":69,""Maverik"":39,""Burger King"":36,""Shell Oil"":36,""Wendy's"":34,""Arby's"":30,""Albertsons"":28,""Walgreens"":28,""Exxon Mobil"":28,""Taco Bell"":26,""Target"":25,""Domino's Pizza"":25,""Chick-fil-A"":25,""Pilot Flying J"":23,""Dairy Queen"":21,""Dollar Tree"":21,""Chevron"":19,""Ace Hardware"":19,""Circle K"":19}","{""Amazon"":63,""Apple"":49,""Netflix"":32,""Amazon Marketplace"":32,""Hulu"":26,""Google"":25,""Amazon Digital Services"":23,""Verizon Wireless"":21,""Walmart"":13,""Spotify"":13,""AT&T"":13,""Sirius XM"":12,""Audible"":12,""Comcast"":12,""Target"":10,""HBO Max"":10,""Adobe Systems"":10,""Uber"":8,""Ancestry.Com"":8,""Microsoft Ultimate"":8}","{""McDonald's"":71,""Wendy's"":38,""Burger King"":38,""Arby's"":30,""Taco Bell"":26,""Domino's Pizza"":25,""Chick-fil-A"":25,""Jimmy John's"":21,""Dairy Queen"":21,""Little Caesars"":15,""Chipotle Mexican Grill"":15,""KFC"":13,""Starbucks"":13,""Pizza Hut"":13,""Sonic"":10,""Waffle House"":10,""Cafe Rio"":10,""Dunkin'"":10,""Auntie Anne's"":8,""Taco John's"":8}","{""Walmart"":34,""Albertsons"":19,""McDonald's"":17,""Maverik"":10,""Dairy Queen"":10,""Wendy's"":8,""Burger King"":8,""Tractor Supply Co."":8,""Arby's"":8,""Domino's Pizza"":6,""Sierra"":6,""Taco John's"":4,""United States Postal Service (USPS)"":4,""Pizza Hut"":4,""Builders FirstSource"":2,""Dollar Tree"":2}","{""Verizon Wireless"":38,""AT&T"":13,""T-Mobile"":13,""Straight Talk"":2,""Sprint"":2}","{""Netflix"":32,""Hulu"":26,""Disney Plus"":13,""HBO Max"":10,""Roku"":4,""Youtube"":4,""Peacock"":4,""Redbox"":4,""Sling TV"":2,""YouTube TV"":2,""Dish Network"":2}","{""HelloFresh"":6,""Uber Eats"":2,""Shipt"":2,""DoorDash"":2}","{""Uber"":8,""Lyft"":4}","{""Afterpay"":6,""Klarna"":4,""Zip Company"":2}","{""Apple Card"":2}"
169141,222-222@5sy-bxw-2tv,SG_BRAND_5179b21fc1d50950b99b4eecaa48c614,McDonald's,2022-05-01,2022-06-01,3394.56,262,169,10.36,14.85,"{""25"":6.85,""75"":17.06}","[17.66,123.43,71.20,66.15,133.38,67.02,57.49,36.45,151.30,27.32,68.67,76.18,82.53,65.60,47.37,309.08,96.00,198.15,221.44,112.33,6.02,65.64,327.68,78.10,122.35,134.21,160.90,29.43,147.10,0.00,294.38]","[8.83,9.96,9.25,10.14,10.08,9.35,13.26,14.85,12.19,9.72,20.21,8.93,8.98,17.61,8.84,16.90,12.00,11.85,11.21,9.87,6.02,7.69,8.78,18.62,13.47,9.07,9.41,14.72,12.01,null,11.34]","{""Monday"":911.49,""Tuesday"":567.00,""Wednesday"":455.32,""Thursday"":565.21,""Friday"":422.78,""Saturday"":158.54,""Sunday"":314.22}","{""Wednesday"":4,""Monday"":5,""Saturday"":4,""Thursday"":4,""Tuesday"":5,""Friday"":4,""Sunday"":5}",194.0,0.0,9,100.29,"{""No intermediary"":260,""Visa"":2}","{""No intermediary"":3376.21,""Visa"":18.35}","{""1"":127,""2"":19,""3"":14,""4"":3,""5-10"":5,"">10"":1}","{""1"":14.14,""2"":25.98,""3"":34.82,""4"":64.75,""5-10"":60.10,"">10"":122.40}","{""<25k"":17,""25-45k"":18,""45-60k"":16,""60-75k"":12,""75-100k"":29,""100-150k"":34,"">150k"":43}","{""<25k"":16.43,""25-45k"":14.29,""45-60k"":26.48,""60-75k"":21.71,""75-100k"":24.46,""100-150k"":17.91,"">150k"":19.27}","{""Cody, WY"":23,""Medford, OR"":21,""Lovell, WY"":4,""Spring, TX"":4,""Basin, WY"":3,""Ogden, UT"":3,""Brookhurst, WY"":3,""Kailua, HI"":3,""Cheyenne, WY"":3,""Aptakisic, IL"":2,""Norwalk, IA"":2,""Simi Valley, CA"":2,""Columbus, IN"":2,""Lacomb, OR"":2,""Tucson, AZ"":2,""Troy, MI"":2,""Oceanside, CA"":2,""Ames, IA"":2,""Ripon, WI"":2,""Marysvale, UT"":2,""Salt Lake City, UT"":2,""Thermopolis, WY"":2,""Mascoutah, IL"":2,""El Paso, TX"":2,""Vernal, UT"":2,""Vacaville, CA"":2,""Afton, WY"":2,""Bryan, WY"":2,""Springville, UT"":2,""Las Cruces, NM"":2,""Tempe, AZ"":2,""Gilbert, AZ"":2,""Benjamin, UT"":2,""Hagerstown, MD"":2,""Meridian, ID"":2,""Memphis, TN"":2,""Clearfield, UT"":2,""Brandon, FL"":2,""Grizzly, OR"":2,""Edler, CO"":2,""Largo, FL"":2,""Denver, CO"":2,""Fallbrook, CA"":2,""Radcliff, KY"":2,""Las Vegas, NV"":2,""Seattle, WA"":2,""Clark, WY"":2,""Fayetteville, GA"":2,""Placerville, ID"":2,""Fayetteville, NC"":2,""Riverton, UT"":2,""Cardiff, CO"":2,""Centerville, SC"":2,""Paso Robles, CA"":2,""Kipton, OH"":2,""Worland, WY"":2,""Grand Junction, CO"":2,""Derby, KS"":2,""Colorado Springs, CO"":2,""Chubbuck, ID"":2,""Fort Worth, TX"":2,""Keller, GA"":2,""Rocky Mount, VA"":2,""Draper, UT"":2,""Berkeley, CA"":2,""Smyrna, TN"":2,""San Tan Valley, AZ"":2,""Layton, UT"":2,""Horsham, PA"":2,""Gastonia, NC"":2,""Billings, MT"":2,""Gulnare, KY"":2,""Cowley, WY"":2,""Casper, WY"":2,""Acme, WY"":2,""Newbury Park, CA"":2,""Luther, MT"":2,""Encampment, WY"":2,""Mason City, IA"":2,""Caldwell, ID"":2,""Grantville, GA"":2,""Wake Forest, NC"":2}","{""Walmart"":83,""Maverik"":54,""Albertsons"":46,""Wendy's"":41,""Exxon Mobil"":38,""Walgreens"":33,""Dairy Queen"":31,""ConocoPhillips"":29,""Subway"":27,""Ace Hardware"":26,""Burger King"":26,""Taco Bell"":24,""Shell Oil"":24,""Verizon Wireless"":24,""Target"":22,""Bomgaars"":22,""Tractor Supply Co."":21,""The Home Depot"":21,""Chevron"":20,""Arby's"":20}","{""Amazon"":53,""Apple"":47,""Amazon Marketplace"":35,""Netflix"":34,""Hulu"":24,""Amazon Digital Services"":24,""Walmart"":20,""Spotify"":16,""AT&T"":16,""Verizon Wireless"":12,""Audible"":12,""Sirius XM"":11,""Google"":11,""Comcast"":11,""Xbox"":9,""Amazon Kindle"":9,""Microsoft Ultimate"":8,""Experian"":7,""Apple Card"":6,""Costco"":6}","{""Wendy's"":43,""Dairy Queen"":32,""Subway"":27,""Burger King"":27,""Taco Bell"":25,""Arby's"":21,""Taco John's"":20,""Starbucks"":18,""Domino's Pizza"":17,""Chick-fil-A"":16,""Pizza Hut"":14,""Jimmy John's"":12,""Papa Murphy's"":11,""Sonic"":10,""Olive Garden"":9,""KFC"":8,""Culver's"":8,""Chipotle Mexican Grill"":6,""Popeyes Louisiana Kitchen"":6,""Texas Roadhouse"":6}","{""Walmart"":43,""Albertsons"":36,""Dairy Queen"":23,""Maverik"":19,""Arby's"":16,""Walgreens"":11,""Wendy's"":11,""Subway"":9,""Tractor Supply Co."":8,""Domino's Pizza"":8,""Ace Hardware"":8,""Taco John's"":7,""ConocoPhillips"":6,""Boot Barn"":6,""Burger King"":6,""Dollar Tree"":4,""Papa Murphy's"":3,""Sierra"":3,""O'Reilly Auto Parts"":3,""The UPS Store"":2}","{""Verizon Wireless"":34,""AT&T"":18,""T-Mobile"":7,""Straight Talk"":3,""Disney Mobile"":2,""Sprint"":2,""Google Fi"":1,""Cricket Wireless"":1,""MetroPCS"":1}","{""Netflix"":34,""Hulu"":24,""Disney Plus"":9,""Roku"":5,""Dish Network"":4,""Peacock"":4,""Youtube"":3,""HBO Max"":3,""YouTube TV"":3,""Redbox"":3,""Vudu"":2,""Amazon Prime"":2,""Sling TV"":2,""Youtube Premium"":2,""Crunchyroll"":1,""Time Warner Cable"":1,""DirecTV"":1,""Amazon Prime Video"":1,""Starz"":1}","{""Uber Eats"":3,""Dashpass"":2,""HelloFresh"":2,""DoorDash"":2}","{""Uber"":5,""Lyft"":2}","{""Klarna"":3,""Afterpay"":2}","{""Apple Card"":6,""PayPal"":2,""Apple Cash"":2}"
169154,223-223@5sy-bzg-ghq,,,2022-05-01,2022-06-01,102.45,2,2,51.22,51.22,"{""25"":20.23,""75"":82.22}","[0.00,0.00,0.00,0.00,0.00,0.00,0.00,0.00,0.00,0.00,0.00,0.00,0.00,0.00,0.00,0.00,0.00,0.00,0.00,0.00,0.00,0.00,0.00,0.00,0.00,0.00,20.23,0.00,0.00,0.00,82.22]","[null,null,null,null,null,null,null,null,null,null,null,null,null,null,null,null,null,null,null,null,null,null,null,null,null,null,20.23,null,null,null,82.22]","{""Monday"":0.00,""Tuesday"":82.22,""Wednesday"":0.00,""Thursday"":0.00,""Friday"":20.23,""Saturday"":0.00,""Sunday"":0.00}","{""Wednesday"":4,""Monday"":5,""Saturday"":4,""Thursday"":4,""Tuesday"":5,""Friday"":4,""Sunday"":5}",,,2,102.45,"{""No intermediary"":2}","{""No intermediary"":102.45}","{""1"":2,""2"":0,""3"":0,""4"":0,""5-10"":0,"">10"":0}","{""1"":51.23,""2"":null,""3"":null,""4"":null,""5-10"":null,"">10"":null}","{""75-100k"":2,"">150k"":2}","{""75-100k"":20.23,"">150k"":82.22}","{""Pleasant Prairie, WI"":2,""Pueblo, CO"":2}","{""Big D"":50,""Walmart"":50,""Chipotle Mexican Grill"":50,""Kwik Trip"":50,""Crunch"":50,""Barnes and Noble"":50,""Loaf 'N Jug"":50,""Albertsons"":50,""Domino's Pizza"":50,""Defense Commissary Agency (DeCA)"":50,""Fast Stop"":50,""ConocoPhillips"":50,""Smith's Food & Drug Stores"":50,""Maverik"":50,""Five Guys"":50,""Natural Grocers"":50,""Chick-fil-A"":50,""United Pacific"":50,""Dick's Sporting Goods"":50,""Fresh Thyme"":50}","{""Apple"":100,""Toyota"":50,""Verizon Wireless"":50,""Kwik Trip"":50,""Uber"":50,""Youtube"":50,""Netflix"":50,""Spotify"":50,""Uber Eats"":50,""Spectrum"":50,""AT&T"":50,""Amazon Marketplace"":50}","{""Chipotle Mexican Grill"":50,""Domino's Pizza"":50,""Five Guys"":50,""Chick-fil-A"":50,""Carl's Jr."":50,""McDonald's"":50,""Subway"":50,""Arby's"":50}","{""Albertsons"":50,""Maverik"":50}","{""AT&T"":50,""Verizon Wireless"":50}","{""Youtube"":50,""Netflix"":50}","{""Uber Eats"":50}","{""Uber"":50}",{},"{""Apple Card"":50}"
169259,222-222@5sy-bzh-3h5,,,2022-05-01,2022-06-01,73.5,3,3,35.0,35.0,"{""25"":2.00,""75"":36.50}","[0.00,0.00,0.00,0.00,0.00,0.00,0.00,0.00,0.00,36.50,0.00,0.00,0.00,0.00,0.00,0.00,0.00,0.00,0.00,35.00,0.00,2.00,0.00,0.00,0.00,0.00,0.00,0.00,0.00,0.00,0.00]","[null,null,null,null,null,null,null,null,null,36.50,null,null,null,null,null,null,null,null,null,35.00,null,2.00,null,null,null,null,null,null,null,null,null]","{""Monday"":0.00,""Tuesday"":36.50,""Wednesday"":0.00,""Thursday"":0.00,""Friday"":35.00,""Saturday"":0.00,""Sunday"":2.00}","{""Wednesday"":4,""Monday"":5,""Saturday"":4,""Thursday"":4,""Tuesday"":5,""Friday"":4,""Sunday"":5}",-63.0,-19.0,0,0.0,"{""No intermediary"":3}","{""No intermediary"":73.50}","{""1"":3,""2"":0,""3"":0,""4"":0,""5-10"":0,"">10"":0}","{""1"":24.50,""2"":null,""3"":null,""4"":null,""5-10"":null,"">10"":null}","{""45-60k"":2,""60-75k"":2,"">150k"":2}","{""45-60k"":36.50,""60-75k"":2.00,"">150k"":35.00}","{""Basin, WY"":2,""Cody, WY"":2}","{""Maverik"":100,""Walmart"":67,""Bomgaars"":67,""ConocoPhillips"":67,""United States Postal Service (USPS)"":67,""Barnes and Noble"":34,""Albertsons"":34,""Domino's Pizza"":34,""Holiday Station"":34,""True Value Hardware"":34,""Hampton"":34,""Boot Barn"":34,""The Great American Bagel"":34,""Dairy Queen"":34,""Microsoft Store"":34,""Blair's"":34,""McDonald's"":34,""Subway"":34,""Dollar Tree"":34,""Family Dollar Stores"":34}","{""Amazon"":100,""Apple"":67,""Etsy"":34,""Bank of America Merchant Services"":34,""Verizon Wireless"":34,""Sirius XM"":34,""HelloFresh"":34,""Netflix"":34,""Hulu"":34,""Spotify"":34,""Amazon Digital Services"":34,""Disney Plus"":34,""Sony Playstation Networks"":34,""Xbox"":34,""Amazon Kindle"":34}",{},"{""Walmart"":34,""Albertsons"":34,""Domino's Pizza"":34,""ConocoPhillips"":34,""Boot Barn"":34,""Maverik"":34,""McDonald's"":34,""Dollar Tree"":34}","{""Verizon Wireless"":34}","{""Hulu"":34,""Disney Plus"":34,""Netflix"":34}","{""HelloFresh"":34}",{},{},{}
169318,227-222@5sy-bxt-dvz,SG_BRAND_8e5762f2bca5e0a62ef5da4b78de3ed5,O'Reilly Auto Parts,2022-05-01,2022-06-01,719.45,14,13,34.62,44.7,"{""25"":21.12,""75"":55.36}","[0.00,29.10,34.62,0.00,0.00,0.00,0.00,34.62,0.00,15.90,45.84,0.00,0.00,55.09,0.00,0.00,79.00,0.00,0.00,0.00,0.00,0.00,22.86,63.63,0.00,0.00,0.00,277.14,56.15,0.00,5.50]","[null,29.10,34.62,null,null,null,null,34.62,null,15.90,45.84,null,null,55.09,null,null,39.50,null,null,null,null,null,22.86,63.63,null,null,null,138.57,56.15,null,5.50]","{""Monday"":51.96,""Tuesday"":198.65,""Wednesday"":45.84,""Thursday"":0.00,""Friday"":0.00,""Saturday"":332.23,""Sunday"":90.77}","{""Wednesday"":4,""Monday"":5,""Saturday"":4,""Thursday"":4,""Tuesday"":5,""Friday"":4,""Sunday"":5}",65.0,-37.0,1,14.55,"{""No intermediary"":14}","{""No intermediary"":719.45}","{""1"":12,""2"":1,""3"":0,""4"":0,""5-10"":0,"">10"":0}","{""1"":54.18,""2"":69.24,""3"":null,""4"":null,""5-10"":null,"">10"":null}","{""<25k"":2,""25-45k"":2,""60-75k"":4,""75-100k"":2,""100-150k"":2,"">150k"":2}","{""<25k"":49.90,""25-45k"":63.63,""60-75k"":30.21,""75-100k"":56.15,""100-150k"":45.84,"">150k"":72.68}","{""Irvine, CA"":3,""Cody, WY"":3,""Tampa, FL"":3,""Aptakisic, IL"":2,""Scott Air Force Base, IL"":2,""Crouch, ID"":2,""Riverton, WY"":2,""Boise, ID"":2,""Medford, OR"":2,""Dallas, TX"":2,""Acme, WY"":2}","{""Walmart"":77,""McDonald's"":62,""Albertsons"":54,""Maverik"":54,""Walgreens"":54,""Wendy's"":47,""ConocoPhillips"":47,""Tractor Supply Co."":47,""Exxon Mobil"":47,""Dairy Queen"":39,""AutoZone"":39,""Verizon Wireless"":31,""Bomgaars"":31,""Ace Hardware"":31,""Love's Travel Stops and Country Stores"":31,""Pilot Flying J"":31,""Arby's"":31,""Domino's Pizza"":24,""Costco"":24,""Subway"":24}","{""Amazon"":47,""AT&T"":31,""Verizon Wireless"":24,""Apple"":24,""Amazon Digital Services"":24,""Sirius XM"":16,""Netflix"":16,""DirecTV"":16,""Walmart"":8,""Chevron"":8,""Roku"":8,""Uber"":8,""Portillo's"":8,""Hewlett-Packard"":8,""YouTube TV"":8,""Dutch Bros. Coffee"":8,""Domino's Pizza"":8,""HelloFresh"":8,""Goodwill"":8,""Apple Card"":8}","{""AutoZone"":39,""CARQUEST Auto Parts"":16,""Discount Tire"":8}","{""Walmart"":70,""Albertsons"":39,""Dairy Queen"":39,""AutoZone"":39,""Maverik"":31,""Walgreens"":31,""McDonald's"":31,""Tractor Supply Co."":31,""Ace Hardware"":24,""CARQUEST Auto Parts"":16,""Wendy's"":16,""Arby's"":16,""Sears Hometown Store"":8,""Domino's Pizza"":8,""Taco John's"":8,""Davi Nails"":8,""Boot Barn"":8,""United States Postal Service (USPS)"":8,""Builders FirstSource"":8,""Dollar Tree"":8}","{""Verizon Wireless"":54,""AT&T"":31,""Straight Talk"":16}","{""Netflix"":16,""DirecTV"":16,""Roku"":8,""YouTube TV"":8,""Hulu"":8}","{""HelloFresh"":8}","{""Uber"":8}",{},"{""PayPal"":8,""Apple Card"":8}"
169323,zzw-222@5sy-bzh-3wk,,,2022-05-01,2022-06-01,259.55,8,6,30.63,44.68,"{""25"":26.27,""75"":37.90}","[0.00,0.00,0.00,0.00,33.56,0.00,0.00,0.00,0.00,39.35,50.00,91.89,0.00,0.00,0.00,0.00,0.00,0.00,19.93,0.00,0.00,0.00,0.00,0.00,24.82,0.00,0.00,0.00,0.00,0.00,0.00]","[null,null,null,null,33.56,null,null,null,null,39.35,50.00,30.63,null,null,null,null,null,null,19.93,null,null,null,null,null,24.82,null,null,null,null,null,null]","{""Monday"":0.00,""Tuesday"":39.35,""Wednesday"":74.82,""Thursday"":145.38,""Friday"":0.00,""Saturday"":0.00,""Sunday"":0.00}","{""Wednesday"":4,""Monday"":5,""Saturday"":4,""Thursday"":4,""Tuesday"":5,""Friday"":4,""Sunday"":5}",61.0,-65.0,0,0.0,"{""No intermediary"":8}","{""No intermediary"":259.55}","{""1"":4,""2"":2,""3"":0,""4"":0,""5-10"":0,"">10"":0}","{""1"":36.20,""2"":57.38,""3"":null,""4"":null,""5-10"":null,"">10"":null}","{""<25k"":3,""25-45k"":2,""75-100k"":2,""100-150k"":2}","{""<25k"":30.63,""25-45k"":24.82,""75-100k"":53.49,""100-150k"":50.20}","{""Cody, WY"":4,""Nashville, TN"":2,""Pell City, AL"":2,""Cullman, AL"":2}","{""Walmart"":84,""Casey's General Stores"":50,""Albertsons"":50,""ConocoPhillips"":50,""Walgreens"":50,""McDonald's"":50,""Sonic"":34,""Health Mart"":34,""Chick-fil-A"":34,""Texaco"":34,""Dairy Queen"":34,""CVS"":34,""Publix Super Markets"":34,""Jimmy John's"":17,""Advance Auto Parts"":17,""Verizon Wireless"":17,""Kwik Trip"":17,""Chevron"":17,""Cook Out"":17,""BP"":17}","{""Netflix"":50,""Papa Murphy's"":17,""Steam"":17,""Dish Network"":17,""Facebook"":17,""Kohl's"":17,""Hulu"":17,""Sprint"":17,""Audible"":17,""Sony Playstation Networks"":17,""T-Mobile"":17,""AT&T U-Verse"":17}","{""McDonald's"":50,""Sonic"":34,""Chick-fil-A"":34,""Dairy Queen"":34,""Jimmy John's"":17,""Papa Murphy's"":17,""Cook Out"":17,""Domino's Pizza"":17,""Taco Bell"":17,""sweetgreen"":17,""Buffalo Wild Wings"":17,""Starbucks"":17,""Wendy's"":17,""Taco Time Northwest"":17,""Dunkin'"":17}","{""Walmart"":67,""Albertsons"":50,""Walgreens"":34,""Dairy Queen"":34,""ConocoPhillips"":17,""McDonald's"":17}","{""Sprint"":17,""T-Mobile"":17,""Verizon Wireless"":17}","{""Netflix"":50,""Hulu"":17,""Dish Network"":17}",{},{},{},{}
169359,225-222@5sy-bxw-5cq,SG_BRAND_07e8ec336a446041019b1f98c594d1e5,Boot Barn,2022-05-01,2022-06-01,4585.31,22,20,109.86,92.54,"{""25"":60.57,""75"":241.09}","[183.04,0.00,0.00,0.00,746.56,0.00,0.00,62.39,0.00,0.00,0.00,0.00,151.97,0.00,0.00,381.48,0.00,0.00,0.00,65.51,140.38,0.00,0.00,0.00,0.00,55.10,93.56,83.19,1290.04,1332.09,0.00]","[91.52,null,null,null,373.28,null,null,62.39,null,null,null,null,75.99,null,null,126.15,null,null,null,65.51,140.38,null,null,null,null,55.10,93.56,83.19,246.95,144.50,null]","{""Monday"":1713.57,""Tuesday"":0.00,""Wednesday"":0.00,""Thursday"":801.66,""Friday"":311.04,""Saturday"":223.57,""Sunday"":1535.47}","{""Wednesday"":4,""Monday"":5,""Saturday"":4,""Thursday"":4,""Tuesday"":5,""Friday"":4,""Sunday"":5}",115.0,69.0,0,0.0,"{""No intermediary"":22}","{""No intermediary"":4585.31}","{""1"":18,""2"":2,""3"":0,""4"":0,""5-10"":0,"">10"":0}","{""1"":98.87,""2"":1402.86,""3"":null,""4"":null,""5-10"":null,"">10"":null}","{""<25k"":2,""25-45k"":2,""60-75k"":2,""75-100k"":2,""100-150k"":2,"">150k"":7}","{""<25k"":34.31,""25-45k"":83.19,""60-75k"":75.99,""75-100k"":114.84,""100-150k"":126.33,"">150k"":431.84}","{""Bovill, ID"":4,""Cody, WY"":4,""Basin, WY"":3,""Lovell, WY"":2,""Thermopolis, WY"":2,""Mascoutah, IL"":2,""Tempe, AZ"":2,""Kibler, AR"":2,""Haleiwa, HI"":2,""Kailua, HI"":2,""Columbia, SC"":2}","{""Walmart"":80,""McDonald's"":70,""Albertsons"":55,""Bomgaars"":40,""Maverik"":40,""Exxon Mobil"":40,""Wendy's"":35,""ConocoPhillips"":35,""Starbucks"":30,""Dairy Queen"":30,""Tractor Supply Co."":30,""Verizon Wireless"":25,""Taco Bell"":25,""United States Postal Service (USPS)"":25,""Family Dollar Stores"":25,""The Home Depot"":20,""O'Reilly Auto Parts"":20,""Costco"":20,""Walgreens"":20,""Pilot Flying J"":20}","{""Amazon"":60,""Apple"":60,""Amazon Digital Services"":35,""Amazon Marketplace"":25,""Etsy"":20,""Family Dollar"":20,""Verizon Wireless"":15,""eBay"":15,""Lyft"":10,""Dutch Bros. Coffee"":10,""Chewy"":10,""Albertsons"":10,""Wix.com"":10,""Delta Air Lines"":10,""Instacart"":10,""Netflix"":10,""Facebook"":10,""Taco Time Northwest"":10,""Spotify"":10,""Spectrum"":10}",{},"{""Walmart"":55,""Albertsons"":55,""McDonald's"":35,""Tractor Supply Co."":30,""Wendy's"":25,""Walgreens"":20,""Dollar Tree"":20,""Dairy Queen"":15,""ConocoPhillips"":10,""Maverik"":10,""United States Postal Service (USPS)"":10,""Pet Depot"":5,""Papa Murphy's"":5,""Domino's Pizza"":5,""Taco John's"":5,""Ace Hardware"":5,""Sierra"":5,""O'Reilly Auto Parts"":5,""Sherwin-Williams"":5,""AutoZone"":5}","{""Verizon Wireless"":40,""AT&T"":15,""T-Mobile"":5}","{""Redbox"":15,""Netflix"":10,""Youtube"":5,""Dish Network"":5,""Hulu"":5,""Disney Plus"":5}","{""Instacart"":10,""HelloFresh"":5}","{""Lyft"":10}",{},"{""Apple Card"":5}"
169462,226-222@5sy-bxw-5cq,,,2022-05-01,2022-06-01,77.74,3,3,16.67,16.67,"{""25"":16.10,""75"":44.97}","[0.00,0.00,16.10,0.00,0.00,0.00,0.00,0.00,0.00,0.00,0.00,16.67,0.00,0.00,0.00,0.00,0.00,0.00,0.00,0.00,0.00,0.00,0.00,0.00,44.97,0.00,0.00,0.00,0.00,0.00,0.00]","[null,null,16.10,null,null,null,null,null,null,null,null,16.67,null,null,null,null,null,null,null,null,null,null,null,null,44.97,null,null,null,null,null,null]","{""Monday"":0.00,""Tuesday"":16.10,""Wednesday"":44.97,""Thursday"":16.67,""Friday"":0.00,""Saturday"":0.00,""Sunday"":0.00}","{""Wednesday"":4,""Monday"":5,""Saturday"":4,""Thursday"":4,""Tuesday"":5,""Friday"":4,""Sunday"":5}",-52.0,-93.0,0,0.0,"{""No intermediary"":3}","{""No intermediary"":77.74}","{""1"":3,""2"":0,""3"":0,""4"":0,""5-10"":0,"">10"":0}","{""1"":25.91,""2"":null,""3"":null,""4"":null,""5-10"":null,"">10"":null}","{""<25k"":3}","{""<25k"":25.91}","{""Clark, WY"":2,""Salt Lake City, UT"":2,""Ogden, UT"":2}","{""McDonald's"":100,""Chevron"":67,""Rocky Mountain Chocolate Factory"":67,""Maverik"":67,""Big D"":34,""Walmart"":34,""Domino's Pizza"":34,""Safeway"":34,""Buffalo Wild Wings"":34,""Starbucks"":34,""King Soopers"":34,""Broulim's"":34,""Smith's Food & Drug Stores"":34,""Qdoba Mexican Grill"":34,""Costco"":34,""Redbox"":34,""Banfield Pet Hospital"":34,""Stinker Stores"":34,""Subway"":34,""Dollar Tree"":34}","{""DoorDash"":34,""Amazon"":34,""Fandango"":34,""Apple"":34,""Jamba Juice"":34,""Google"":34}","{""McDonald's"":100,""Jamba"":34,""Domino's Pizza"":34,""Buffalo Wild Wings"":34,""Starbucks"":34,""Qdoba Mexican Grill"":34,""Subway"":34,""Arby's"":34}","{""Arby's"":34,""Maverik"":34,""Domino's Pizza"":34,""Subway"":34}",{},"{""Redbox"":34}","{""DoorDash"":34}",{},{},{}
169689,22b-222@5sy-bzg-pjv,,,2022-05-01,2022-06-01,157.32,3,2,46.87,78.66,"{""25"":30.59,""75"":79.86}","[0.00,0.00,46.87,0.00,0.00,0.00,0.00,0.00,0.00,0.00,0.00,0.00,79.86,0.00,0.00,30.59,0.00,0.00,0.00,0.00,0.00,0.00,0.00,0.00,0.00,0.00,0.00,0.00,0.00,0.00,0.00]","[null,null,46.87,null,null,null,null,null,null,null,null,null,79.86,null,null,30.59,null,null,null,null,null,null,null,null,null,null,null,null,null,null,null]","{""Monday"":30.59,""Tuesday"":46.87,""Wednesday"":0.00,""Thursday"":0.00,""Friday"":79.86,""Saturday"":0.00,""Sunday"":0.00}","{""Wednesday"":4,""Monday"":5,""Saturday"":4,""Thursday"":4,""Tuesday"":5,""Friday"":4,""Sunday"":5}",86.0,,0,0.0,"{""No intermediary"":2,""Square"":1}","{""No intermediary"":126.73,""Square"":30.59}","{""1"":1,""2"":1,""3"":0,""4"":0,""5-10"":0,"">10"":0}","{""1"":30.59,""2"":126.73,""3"":null,""4"":null,""5-10"":null,"">10"":null}","{""75-100k"":2,"">150k"":2}","{""75-100k"":30.59,"">150k"":126.73}","{""Cody, WY"":2,""Mentor, OH"":2}","{""Walmart"":100,""Exxon Mobil"":100,""ULTA Beauty"":50,""Target"":50,""Great Clips"":50,""Levi Strauss & Co."":50,""Hyatt Hotels & Resorts"":50,""Albertsons"":50,""Bomgaars"":50,""Murphy USA"":50,""Discount Drug Mart"":50,""T.J. Maxx"":50,""Safeway"":50,""Speedway"":50,""Michaels Stores"":50,""The UPS Store"":50,""Dollar General"":50,""Ace Hardware"":50,""Maverik"":50,""Ted's Montana Grill"":50}","{""Verizon Wireless"":100,""Amazon"":100,""Chewy"":100,""Etsy"":50,""Instant Ink"":50,""Barclaycard US"":50,""Experian"":50,""Lowe's"":50,""Athleta"":50,""Goodwill"":50,""Apple"":50,""Netflix"":50,""Boot Barn"":50,""Kohl's"":50,""Amazon Digital Services"":50,""Best Buy"":50,""Audible"":50,""Aqua"":50}",{},"{""Albertsons"":50,""The UPS Store"":50,""Walmart"":50,""Ace Hardware"":50}","{""Verizon Wireless"":100}","{""Netflix"":50}",{},{},{},{}
169697,zzw-222@5sy-bxx-tjv,,,2022-05-01,2022-06-01,548.37,25,20,20.0,22.68,"{""25"":16.28,""75"":29.50}","[0.00,0.00,0.00,0.00,0.00,0.00,0.00,0.00,0.00,0.00,0.00,0.00,0.00,0.00,0.00,30.00,20.80,132.57,18.00,0.00,0.00,0.00,69.80,20.00,0.00,0.00,80.00,121.20,36.00,20.00,0.00]","[null,null,null,null,null,null,null,null,null,null,null,null,null,null,null,30.00,20.80,17.28,18.00,null,null,null,15.40,20.00,null,null,40.00,30.00,18.00,20.00,null]","{""Monday"":119.80,""Tuesday"":40.80,""Wednesday"":132.57,""Thursday"":18.00,""Friday"":80.00,""Saturday"":121.20,""Sunday"":36.00}","{""Wednesday"":4,""Monday"":5,""Saturday"":4,""Thursday"":4,""Tuesday"":5,""Friday"":4,""Sunday"":5}",,-31.0,0,0.0,"{""No intermediary"":25}","{""No intermediary"":548.37}","{""1"":15,""2"":5,""3"":0,""4"":0,""5-10"":0,"">10"":0}","{""1"":24.25,""2"":36.91,""3"":null,""4"":null,""5-10"":null,"">10"":null}","{""<25k"":2,""25-45k"":2,""45-60k"":2,""60-75k"":2,""75-100k"":6,""100-150k"":2,"">150k"":5}","{""<25k"":21.18,""25-45k"":25.40,""45-60k"":18.00,""60-75k"":30.00,""75-100k"":24.47,""100-150k"":20.00,"">150k"":31.60}","{""Magnolia, TX"":4,""Scottsdale, AZ"":3,""Caroleen, NC"":3,""Fort Myers, FL"":2,""Ames, IA"":2,""Dover, DE"":2,""Coral Springs, FL"":2,""Hazel Park, MI"":2,""Lamont, WY"":2,""Radcliff, KY"":2,""Kibler, AR"":2,""Shelby, NC"":2,""Roland, IA"":2,""Milwaukee, WI"":2,""Mason City, IA"":2,""Kulpsville, PA"":2,""Titusville, FL"":2}","{""Walmart"":80,""McDonald's"":60,""Exxon Mobil"":55,""Albertsons"":50,""Subway"":50,""Walgreens"":45,""Target"":40,""Maverik"":40,""Lowe's"":35,""Shell Oil"":35,""The Home Depot"":30,""Starbucks"":30,""ConocoPhillips"":30,""Dairy Queen"":30,""Sonic"":25,""Trader Joe's"":25,""Casey's General Stores"":25,""Taco Bell"":25,""Speedway"":25,""Wendy's"":25}","{""Amazon"":65,""Apple"":65,""Netflix"":25,""AT&T"":25,""Planet Fitness"":20,""Adobe Systems"":20,""Verizon Wireless"":15,""Amazon Digital Services"":15,""Comcast"":15,""Amazon Marketplace"":15,""T-Mobile"":15,""Target"":10,""Steam"":10,""Uber"":10,""Airbnb"":10,""Expedia"":10,""Delta Air Lines"":10,""Goodwill"":10,""Apple Card"":10,""Google"":10}",{},"{""Walmart"":35,""Albertsons"":30,""Maverik"":20,""Dairy Queen"":20,""McDonald's"":20,""The UPS Store"":5,""Wendy's"":5,""Ace Hardware"":5,""Boot Barn"":5,""Sierra"":5,""Walgreens"":5,""Burger King"":5,""Pizza Hut"":5,""Subway"":5,""Dollar Tree"":5}","{""AT&T"":25,""Verizon Wireless"":25,""T-Mobile"":20,""Cricket Wireless"":5}","{""Netflix"":25,""Dish Network"":5,""Peacock"":5,""Redbox"":5,""Disney Plus"":5,""DirecTV"":5,""Amazon Prime Video"":5}","{""Dashpass"":5,""DoorDash"":5}","{""Uber"":10}","{""Klarna"":5}","{""Apple Card"":10,""Apple Cash"":5}"
169699,224-222@5sy-bzg-r49,,,2022-05-01,2022-06-01,281.88,8,8,33.64,33.64,"{""25"":23.95,""75"":46.82}","[0.00,0.00,0.00,0.00,0.00,0.00,0.00,0.00,0.00,0.00,0.00,0.00,48.22,0.00,0.00,30.98,43.20,0.00,0.00,33.95,0.00,0.00,0.00,0.00,49.59,33.33,0.00,0.00,0.00,42.61,0.00]","[null,null,null,null,null,null,null,null,null,null,null,null,48.22,null,null,30.98,21.60,null,null,33.95,null,null,null,null,49.59,33.33,null,null,null,42.61,null]","{""Monday"":73.59,""Tuesday"":43.20,""Wednesday"":49.59,""Thursday"":33.33,""Friday"":82.17,""Saturday"":0.00,""Sunday"":0.00}","{""Wednesday"":4,""Monday"":5,""Saturday"":4,""Thursday"":4,""Tuesday"":5,""Friday"":4,""Sunday"":5}",194.0,-37.0,0,0.0,"{""No intermediary"":8}","{""No intermediary"":281.88}","{""1"":8,""2"":0,""3"":0,""4"":0,""5-10"":0,"">10"":0}","{""1"":35.24,""2"":null,""3"":null,""4"":null,""5-10"":null,"">10"":null}","{""<25k"":2,""25-45k"":3,""45-60k"":3,"">150k"":2}","{""<25k"":21.60,""25-45k"":32.75,""45-60k"":48.22,"">150k"":46.10}","{""Okay, OK"":2,""Queen Creek, AZ"":2,""Ogden, UT"":2,""Carrolls, WA"":2,""Cincinnati, OH"":2,""Appomattox, VA"":2}","{""Walmart"":100,""McDonald's"":63,""Starbucks"":50,""Target"":38,""Chevron"":38,""Lowe's"":38,""Wendy's"":38,""Chick-fil-A"":38,""Dunkin'"":38,""Dollar Tree"":38,""ULTA Beauty"":25,""Olive Garden"":25,""Loaf 'N Jug"":25,""Albertsons"":25,""Taco Bell"":25,""Taco John's"":25,""WinCo Foods"":25,""T.J. Maxx"":25,""Mobil"":25,""QuikTrip"":25}","{""Amazon"":50,""Netflix"":38,""Etsy"":13,""Sling TV"":13,""Walmart"":13,""Target"":13,""Chipotle Mexican Grill"":13,""Nayax"":13,""Family Dollar"":13,""Dutch Bros. Coffee"":13,""Chewy"":13,""Sirius XM"":13,""Barclaycard US"":13,""Safeway"":13,""7-Eleven"":13,""Apple Card"":13,""eBay"":13,""Beachbody"":13,""Hulu"":13,""Walgreens"":13}","{""McDonald's"":63,""Starbucks"":50,""Wendy's"":38,""Chick-fil-A"":38,""Dunkin'"":38,""Olive Garden"":25,""Taco Bell"":25,""Taco John's"":25,""Panera Bread"":25,""Dairy Queen"":25,""Sonic"":13,""Oregano's Pizza Bistro"":13,""Chili's Grill & Bar"":13,""Chipotle Mexican Grill"":13,""Taco Bueno"":13,""First Watch Restaurants"":13,""Braum's Ice Cream and Dairy Stores"":13,""Papa John's"":13,""Jack in the Box"":13,""Port of Subs"":13}","{""Wendy's"":25,""Walmart"":25}","{""AT&T"":13,""T-Mobile"":13,""Straight Talk"":13,""Verizon Wireless"":13}","{""Netflix"":38,""Disney Plus"":25,""Hulu"":13,""Sling TV"":13}",{},{},{},"{""Apple Card"":13}"
169793,227-222@5sy-bzg-pgk,SG_BRAND_962f9b1d1de0bf5b87f4782eafcfd5e5,Wendy's,2022-05-01,2022-06-01,1386.1,107,78,10.59,14.22,"{""25"":7.47,""75"":15.58}","[33.38,79.54,32.68,40.16,74.49,41.33,23.34,21.49,81.90,21.19,39.96,0.00,6.31,0.00,53.66,118.21,49.31,10.59,49.40,16.41,84.45,30.86,33.73,11.22,9.14,80.03,7.47,60.01,58.44,64.64,152.76]","[16.69,8.20,7.27,7.58,9.97,20.67,23.34,10.75,8.62,10.59,7.79,null,6.31,null,11.41,14.62,18.99,10.59,12.04,8.21,11.33,15.43,10.49,11.22,9.14,27.01,7.47,30.01,12.16,7.16,11.01]","{""Monday"":378.02,""Tuesday"":267.16,""Wednesday"":99.85,""Thursday"":203.92,""Friday"":71.52,""Saturday"":167.80,""Sunday"":197.83}","{""Wednesday"":4,""Monday"":5,""Saturday"":4,""Thursday"":4,""Tuesday"":5,""Friday"":4,""Sunday"":5}",8.0,-54.0,4,45.75,"{""No intermediary"":106,""Visa"":1}","{""No intermediary"":1377.48,""Visa"":8.62}","{""1"":59,""2"":15,""3"":1,""4"":1,""5-10"":2,"">10"":0}","{""1"":12.94,""2"":30.17,""3"":31.64,""4"":28.57,""5-10"":54.97,"">10"":null}","{""<25k"":11,""25-45k"":10,""45-60k"":11,""60-75k"":7,""75-100k"":6,""100-150k"":4,"">150k"":26}","{""<25k"":16.64,""25-45k"":14.24,""45-60k"":20.70,""60-75k"":17.57,""75-100k"":22.82,""100-150k"":13.16,"">150k"":18.52}","{""Cody, WY"":14,""Clark, WY"":6,""Troy, MI"":5,""Lovell, WY"":4,""Basin, WY"":3,""Newbury Park, CA"":3,""Spearfish, SD"":2,""Conifer, CO"":2,""Thornton, CO"":2,""San Jose, CA"":2,""Pittsburgh, PA"":2,""El Paso, TX"":2,""Vernal, UT"":2,""Afton, WY"":2,""Lihue, HI"":2,""Kadoka, SD"":2,""Springfield, IL"":2,""Cypress, TX"":2,""Provo, UT"":2,""Tampa, FL"":2,""Sterling, VA"":2,""Ogden, UT"":2,""Omaha, NE"":2,""Las Vegas, NV"":2,""Kibler, AR"":2,""Ankeny, IA"":2,""Cedar City, UT"":2,""Derby, KS"":2,""Farmington, UT"":2,""Medford, OR"":2,""Mcallen, TX"":2,""Erda, UT"":2,""Kennewick, WA"":2,""Layton, UT"":2,""Cincinnati, OH"":2,""Charleston, UT"":2,""Billings, MT"":2,""Appomattox, VA"":2,""Cowley, WY"":2,""Kettering, OH"":2,""Idaho Falls, ID"":2,""Grantville, GA"":2,""York, PA"":2}","{""Walmart"":71,""Albertsons"":50,""McDonald's"":50,""Maverik"":48,""Exxon Mobil"":38,""Walgreens"":33,""ConocoPhillips"":29,""Ace Hardware"":27,""Dairy Queen"":27,""Burger King"":27,""Subway"":24,""Starbucks"":22,""Chick-fil-A"":22,""Arby's"":22,""Target"":21,""Taco John's"":21,""Costco"":21,""Shell Oil"":21,""Chevron"":20,""Taco Bell"":20}","{""Amazon"":52,""Apple"":45,""Netflix"":29,""Amazon Digital Services"":25,""Verizon Wireless"":17,""Spotify"":16,""Walmart"":15,""Sirius XM"":13,""AT&T"":12,""Amazon Marketplace"":12,""Google"":11,""Etsy"":9,""Hulu"":9,""Audible"":9,""YouTube TV"":8,""Chewy"":8,""Adobe Systems"":8,""Amazon Kindle"":8,""Jimmy John's"":7,""Disney Plus"":7}","{""McDonald's"":50,""Dairy Queen"":27,""Burger King"":27,""Arby's"":25,""Starbucks"":24,""Subway"":24,""Chick-fil-A"":22,""Taco John's"":21,""Taco Bell"":20,""Domino's Pizza"":16,""Dunkin'"":11,""Little Caesars"":9,""Raising Cane's"":9,""Cafe Rio"":9,""Jimmy John's"":8,""Panera Bread"":8,""Pizza Hut"":8,""Papa Murphy's"":7,""Buffalo Wild Wings"":7,""Panda Express"":7}","{""Albertsons"":45,""Walmart"":36,""Maverik"":22,""McDonald's"":22,""Dairy Queen"":20,""Walgreens"":17,""Taco John's"":12,""Arby's"":12,""ConocoPhillips"":9,""Ace Hardware"":9,""Domino's Pizza"":8,""Tractor Supply Co."":8,""Subway"":8,""Boot Barn"":7,""Papa Murphy's"":4,""United States Postal Service (USPS)"":4,""Dollar Tree"":4,""Smoker Friendly"":3,""Sierra"":3,""O'Reilly Auto Parts"":3}","{""Verizon Wireless"":31,""AT&T"":16,""Straight Talk"":6,""T-Mobile"":6,""Disney Mobile"":3,""Sprint"":2}","{""Netflix"":29,""Disney Plus"":11,""Hulu"":9,""YouTube TV"":8,""Roku"":4,""Youtube"":3,""Peacock"":3,""Redbox"":3,""Sling TV"":2,""HBO Max"":2,""Time Warner Cable"":2}","{""Uber Eats"":6,""HelloFresh"":3,""Instacart"":3,""DoorDash"":2}","{""Lyft"":4,""Uber"":2}","{""Klarna"":2}","{""PayPal"":4,""Apple Card"":3,""Venmo"":2}"
169941,224-222@5sy-bxx-rzf,,,2022-05-01,2022-06-01,326.84,8,7,30.16,29.64,"{""25"":24.89,""75"":64.66}","[66.48,0.00,0.00,0.00,0.00,23.80,0.00,60.32,0.00,0.00,0.00,0.00,0.00,0.00,0.00,0.00,0.00,0.00,0.00,0.00,0.00,0.00,0.00,0.00,0.00,0.00,21.64,0.00,126.46,0.00,28.14]","[66.48,null,null,null,null,23.80,null,30.16,null,null,null,null,null,null,null,null,null,null,null,null,null,null,null,null,null,null,21.64,null,63.23,null,28.14]","{""Monday"":0.00,""Tuesday"":28.14,""Wednesday"":0.00,""Thursday"":0.00,""Friday"":45.44,""Saturday"":0.00,""Sunday"":253.26}","{""Wednesday"":4,""Monday"":5,""Saturday"":4,""Thursday"":4,""Tuesday"":5,""Friday"":4,""Sunday"":5}",166.0,-41.0,0,0.0,"{""No intermediary"":8}","{""No intermediary"":326.84}","{""1"":6,""2"":1,""3"":0,""4"":0,""5-10"":0,"">10"":0}","{""1"":32.18,""2"":133.74,""3"":null,""4"":null,""5-10"":null,"">10"":null}","{""<25k"":2,""45-60k"":2,""100-150k"":2,"">150k"":2}","{""<25k"":21.64,""45-60k"":28.89,""100-150k"":59.20,"">150k"":62.74}","{""Cody, WY"":4,""Syracuse, UT"":2,""Cypress, TX"":2,""Sheridan, CO"":2,""Knoxville, TN"":2}","{""Walmart"":72,""Maverik"":72,""Exxon Mobil"":58,""7-Eleven"":43,""McDonald's"":43,""Bomgaars"":29,""Kroger"":29,""Murphy USA"":29,""PetSmart"":29,""ConocoPhillips"":29,""Ace Hardware"":29,""Denny's"":29,""Smith's Food & Drug Stores"":29,""Chick-fil-A"":29,""Marathon"":29,""Jimmy John's"":15,""Cabela's"":15,""MotoMart"":15,""Verizon Wireless"":15,""Papa Murphy's"":15}","{""Amazon"":86,""Apple"":72,""Amazon Digital Services"":43,""Audible"":43,""Etsy"":29,""Netflix"":29,""Hulu"":29,""AT&T"":29,""Verizon Wireless"":15,""Chewy"":15,""Airbnb"":15,""Sirius XM"":15,""Expedia"":15,""Nintendo"":15,""Consumer Cellular, Inc"":15,""Experian"":15,""Adobe Systems"":15,""Youtube"":15,""Athleta"":15,""Instacart"":15}","{""McDonald's"":58,""Denny's"":29,""Chick-fil-A"":29,""Jimmy John's"":15,""Papa Murphy's"":15,""Marco's Pizza"":15,""Taco Bell"":15,""Taco John's"":15,""Whataburger"":15,""CoreLife Eatery"":15,""Wendy's"":15,""Zoës Kitchen"":15,""Dairy Queen"":15,""Raising Cane's"":15,""Culver's"":15,""Burger King"":15,""Texas Roadhouse"":15,""Pizza Hut"":15,""Velvet Taco"":15,""Which Wich"":15}","{""Walmart"":43,""Maverik"":29,""Albertsons"":15,""The UPS Store"":15,""Wendy's"":15,""Ace Hardware"":15,""Pizza Hut"":15}","{""AT&T"":29,""Verizon Wireless"":29}","{""Hulu"":29,""Netflix"":29,""Amazon Prime"":15,""Youtube"":15}","{""Instacart"":15}",{},{},{}
169967,222-222@5sy-bxx-tgk,,,2022-05-01,2022-06-01,149.76,2,2,74.88,74.88,"{""25"":70.72,""75"":79.04}","[0.00,0.00,0.00,0.00,0.00,0.00,0.00,0.00,0.00,0.00,0.00,0.00,0.00,0.00,0.00,0.00,0.00,0.00,0.00,0.00,0.00,0.00,0.00,0.00,0.00,0.00,0.00,0.00,79.04,0.00,70.72]","[null,null,null,null,null,null,null,null,null,null,null,null,null,null,null,null,null,null,null,null,null,null,null,null,null,null,null,null,79.04,null,70.72]","{""Monday"":0.00,""Tuesday"":70.72,""Wednesday"":0.00,""Thursday"":0.00,""Friday"":0.00,""Saturday"":0.00,""Sunday"":79.04}","{""Wednesday"":4,""Monday"":5,""Saturday"":4,""Thursday"":4,""Tuesday"":5,""Friday"":4,""Sunday"":5}",,,0,0.0,"{""No intermediary"":2}","{""No intermediary"":149.76}","{""1"":2,""2"":0,""3"":0,""4"":0,""5-10"":0,"">10"":0}","{""1"":74.88,""2"":null,""3"":null,""4"":null,""5-10"":null,"">10"":null}","{""25-45k"":2,""45-60k"":2}","{""25-45k"":70.72,""45-60k"":79.04}","{""Clearfield, UT"":9,""Tannersville, PA"":2}","{""Walmart"":100,""CVS"":100,""Weis Markets"":50,""Loaf 'N Jug"":50,""NAPA Auto Parts"":50,""Ace Hardware"":50,""Sierra"":50,""Smith's Food & Drug Stores"":50,""Maverik"":50,""United States Postal Service (USPS)"":50,""Ridley's"":50,""Famous Footwear"":50}","{""Instant Ink"":50,""Simplisafe"":50,""Amazon"":50}",{},"{""Sierra"":50,""Maverik"":50}",{},{},{},{},"{""Klarna"":50}",{}
170001,226-222@5sy-bzg-r6k,,,2022-05-01,2022-06-01,64.33,8,3,7.54,21.86,"{""25"":6.03,""75"":10.02}","[0.00,0.00,0.00,8.30,0.00,6.78,14.92,10.31,6.78,0.00,0.00,0.00,0.00,0.00,0.00,0.00,0.00,0.00,0.00,0.00,0.00,0.00,0.00,0.00,0.00,0.00,0.00,11.46,0.00,0.00,5.78]","[null,null,null,8.30,null,6.78,7.46,10.31,6.78,null,null,null,null,null,null,null,null,null,null,null,null,null,null,null,null,null,null,11.46,null,null,5.78]","{""Monday"":6.78,""Tuesday"":5.78,""Wednesday"":8.30,""Thursday"":0.00,""Friday"":6.78,""Saturday"":26.38,""Sunday"":10.31}","{""Wednesday"":4,""Monday"":5,""Saturday"":4,""Thursday"":4,""Tuesday"":5,""Friday"":4,""Sunday"":5}",,-43.0,0,0.0,"{""Square"":5,""No intermediary"":3}","{""Square"":39.10,""No intermediary"":25.23}","{""1"":0,""2"":1,""3"":2,""4"":0,""5-10"":0,"">10"":0}","{""1"":null,""2"":17.24,""3"":23.55,""4"":null,""5-10"":null,"">10"":null}","{""75-100k"":2,"">150k"":2}","{""75-100k"":17.24,"">150k"":23.55}","{""Cody, WY"":2,""Cascade Locks, OR"":2}","{""Walmart"":100,""Albertsons"":100,""Starbucks"":67,""ConocoPhillips"":67,""Maverik"":67,""Costco"":67,""Walgreens"":67,""Saint Luke's Health System"":34,""Belk"":34,""Weis Markets"":34,""ULTA Beauty"":34,""Trader Joe's"":34,""Ramada"":34,""Papa Murphy's"":34,""Chevron"":34,""TownPump Convenience Stores"":34,""Torrid"":34,""Total Wine & More"":34,""maurices"":34,""Domino's Pizza"":34}","{""Amazon"":67,""Apple"":67,""Amazon Digital Services"":67,""Etsy"":34,""Walmart"":34,""Target"":34,""Chipotle Mexican Grill"":34,""YouTube TV"":34,""Chewy"":34,""Dish Network"":34,""ConocoPhillips"":34,""Netflix"":34,""Costco"":34,""Spotify"":34,""TJ Maxx"":34,""Audible"":34,""iTunes"":34,""Comcast"":34,""Foot Locker"":34}","{""Starbucks"":67,""Chipotle Mexican Grill"":34,""Papa Murphy's"":34,""Domino's Pizza"":34,""Taco Bell"":34,""Wendy's"":34,""Chick-fil-A"":34,""Burger King"":34,""McDonald's"":34,""Subway"":34}","{""Walmart"":67,""Albertsons"":67,""Domino's Pizza"":34,""ConocoPhillips"":34,""Walgreens"":34,""McDonald's"":34}","{""Sprint"":34}","{""YouTube TV"":34,""Dish Network"":34,""Netflix"":34}",{},{},{},"{""Apple Cash"":67}"
170004,222-222@5sy-bzh-33q,,,2022-05-01,2022-06-01,267.91,6,6,44.57,44.57,"{""25"":31.33,""75"":60.51}","[0.00,40.32,0.00,0.00,0.00,57.75,0.00,0.00,0.00,0.00,0.00,15.70,0.00,0.00,0.00,0.00,0.00,0.00,105.32,0.00,0.00,0.00,0.00,48.82,0.00,0.00,0.00,0.00,0.00,0.00,0.00]","[null,40.32,null,null,null,57.75,null,null,null,null,null,15.70,null,null,null,null,null,null,52.66,null,null,null,null,48.82,null,null,null,null,null,null,null]","{""Monday"":40.32,""Tuesday"":48.82,""Wednesday"":0.00,""Thursday"":121.02,""Friday"":57.75,""Saturday"":0.00,""Sunday"":0.00}","{""Wednesday"":4,""Monday"":5,""Saturday"":4,""Thursday"":4,""Tuesday"":5,""Friday"":4,""Sunday"":5}",-12.0,-25.0,1,36.54,"{""Square"":6}","{""Square"":267.91}","{""1"":6,""2"":0,""3"":0,""4"":0,""5-10"":0,"">10"":0}","{""1"":44.65,""2"":null,""3"":null,""4"":null,""5-10"":null,"">10"":null}","{""<25k"":2,""25-45k"":3,""60-75k"":3,""100-150k"":2,"">150k"":2}","{""<25k"":48.82,""25-45k"":15.70,""60-75k"":40.32,""100-150k"":68.78,"">150k"":47.15}","{""Lovell, WY"":2,""San Luis Obispo, CA"":2,""Wheaton, IL"":2,""Cody, WY"":2,""Franklin, TN"":2,""Conroe, TX"":2}","{""Walmart"":67,""Albertsons"":50,""Walgreens"":50,""Target"":34,""Domino's Pizza"":34,""Lowe's"":34,""T.J. Maxx"":34,""Holiday Station"":34,""Maverik"":34,""Chick-fil-A"":34,""McDonald's"":34,""Exxon Mobil"":34,""Cafe Rio"":34,""Dollar Tree"":34,""Arby's"":34,""Sonic"":17,""Chevrolet"":17,""ULTA Beauty"":17,""Papa Murphy's"":17,""Casey's General Stores"":17}","{""Amazon"":34,""Apple"":34,""Google"":34,""Etsy"":17,""Walmart"":17,""Target"":17,""Papa Murphy's"":17,""Uber"":17,""Ipsy"":17,""Sirius XM"":17,""Old Navy"":17,""Lowe's"":17,""Fingerhut"":17,""The Home Depot"":17,""Macy's"":17,""Dish Network"":17,""Netflix"":17,""Ulta Beauty"":17,""Wayfair"":17,""TJX Companies"":17}","{""Domino's Pizza"":34,""Chick-fil-A"":34,""McDonald's"":34,""Cafe Rio"":34,""Arby's"":34,""Sonic"":17,""Papa Murphy's"":17,""Taco Bell"":17,""Taco John's"":17,""Whataburger"":17,""Wendy's"":17,""Taco Casa"":17,""Jason's Deli"":17,""Rosati's"":17,""Hardee's"":17,""Dairy Queen"":17,""Panda Express"":17,""Subway"":17,""Kincaid's"":17}","{""Walmart"":67,""Albertsons"":34,""Domino's Pizza"":34,""Arby's"":34,""Papa Murphy's"":17,""Wendy's"":17,""Maverik"":17,""Walgreens"":17,""Dairy Queen"":17,""McDonald's"":17,""Dollar Tree"":17}","{""AT&T"":34,""Sprint"":17}","{""Hulu"":17,""Disney Plus"":17,""Dish Network"":17,""Netflix"":17}","{""Uber Eats"":17}","{""Uber"":17}",{},{}
170078,224-223@5sy-bxt-dvz,SG_BRAND_5deb800ce9500e72e355137ab8b48fb6,AT&T,2022-05-01,2022-06-01,2051.54,9,5,309.61,413.22,"{""25"":126.05,""75"":309.61}","[0.00,161.12,0.00,0.00,0.00,0.00,0.00,0.00,0.00,0.00,0.00,0.00,0.00,0.00,0.00,0.00,0.00,90.27,0.00,0.00,0.00,0.00,0.00,0.00,0.00,1548.05,0.00,0.00,0.00,0.00,252.10]","[null,161.12,null,null,null,null,null,null,null,null,null,null,null,null,null,null,null,90.27,null,null,null,null,null,null,null,309.61,null,null,null,null,126.05]","{""Monday"":161.12,""Tuesday"":252.10,""Wednesday"":90.27,""Thursday"":1548.05,""Friday"":0.00,""Saturday"":0.00,""Sunday"":0.00}","{""Wednesday"":4,""Monday"":5,""Saturday"":4,""Thursday"":4,""Tuesday"":5,""Friday"":4,""Sunday"":5}",14.0,337.0,0,0.0,"{""No intermediary"":9}","{""No intermediary"":2051.54}","{""1"":2,""2"":2,""3"":1,""4"":0,""5-10"":0,"">10"":0}","{""1"":199.94,""2"":619.22,""3"":413.22,""4"":null,""5-10"":null,"">10"":null}","{""<25k"":2,"">150k"":6}","{""<25k"":90.27,"">150k"":516.02}","{""Conyngham, PA"":3,""Newburgh, IN"":2}","{""Walmart"":80,""Dollar General"":80,""McDonald's"":80,""Weis Markets"":60,""Target"":60,""Hot Topic"":60,""Auntie Anne's"":60,""ALDI"":60,""T.J. Maxx"":60,""Turkey Hill"":60,""Zumiez"":60,""Sheetz"":60,""Giant Food"":60,""FYE"":60,""Gulf Oil"":60,""CITGO"":60,""Perkins Restaurant & Bakery"":60,""AutoZone"":60,""Sunoco"":60,""Exxon Mobil"":60}","{""Amazon"":100,""Netflix"":100,""Apple"":60,""Afterpay"":60,""Amazon Digital Services"":60,""Airbnb"":40,""Grubhub"":20,""Fabletics"":20,""Spotify"":20,""Xbox"":20}",{},{},{},"{""Netflix"":100}","{""Grubhub"":20}",{},"{""Afterpay"":60}",{}
170200,224-222@5sy-bxt-3dv,SG_BRAND_1f2a4b730dc533366115ba7f5168b074,Pizza Hut,2022-07-01,2022-08-01,1087.48,39,37,25.38,27.85,"{""25"":16.00,""75"":38.80}","[38.31,0.00,0.00,0.00,142.07,49.67,65.20,0.00,52.59,31.19,2.59,0.00,76.04,0.00,0.00,0.00,0.00,46.30,18.90,73.25,0.00,29.52,30.16,96.28,140.43,0.00,45.93,0.00,113.72,0.00,35.33]","[12.77,null,null,null,24.19,24.83,65.20,null,52.59,31.19,2.59,null,27.85,null,null,null,null,23.15,18.90,16.00,null,29.52,30.16,48.14,25.38,null,45.93,null,44.36,null,35.33]","{""Monday"":189.32,""Tuesday"":160.97,""Wednesday"":244.89,""Thursday"":65.20,""Friday"":181.55,""Saturday"":82.75,""Sunday"":162.80}","{""Wednesday"":4,""Monday"":4,""Saturday"":5,""Thursday"":4,""Tuesday"":4,""Friday"":5,""Sunday"":5}",-30.0,-48.0,0,0.0,"{""No intermediary"":38,""Square"":1}","{""No intermediary"":1081.48,""Square"":6.00}","{""1"":35,""2"":2,""3"":0,""4"":0,""5-10"":0,"">10"":0}","{""1"":28.50,""2"":44.97,""3"":null,""4"":null,""5-10"":null,"">10"":null}","{""<25k"":11,""25-45k"":2,""45-60k"":3,""60-75k"":3,""75-100k"":4,""100-150k"":10,"">150k"":9}","{""<25k"":19.81,""25-45k"":39.85,""45-60k"":11.59,""60-75k"":29.52,""75-100k"":30.96,""100-150k"":36.00,"">150k"":29.43}","{""Jackson, WY"":5,""Cody, WY"":3,""Basin, WY"":3,""Martinsburg, WV"":3,""Caldwell, ID"":3,""Fort Myers, FL"":2,""Mcmurray, PA"":2,""Indio, CA"":2,""Bryan, WY"":2,""Beckley, WV"":2,""Pueblo, CO"":2,""Sherwood, IA"":2,""Riverton, WY"":2,""Kokomo, IN"":2,""Ogden, UT"":2,""Omaha, NE"":2,""North Las Vegas, NV"":2,""Denver, CO"":2,""Saint Louis, MO"":2,""Bakersfield, CA"":2,""Colorado Springs, CO"":2,""Francis, UT"":2,""Corrigan, TX"":2,""Brighton, MI"":2,""Billings, MT"":2}","{""Walmart"":84,""McDonald's"":60,""Maverik"":46,""Exxon Mobil"":46,""Albertsons"":41,""Wendy's"":41,""Dairy Queen"":41,""Taco Bell"":33,""Burger King"":33,""Shell Oil"":33,""Chick-fil-A"":30,""Walgreens"":30,""Chevron"":28,""ConocoPhillips"":28,""Target"":25,""Starbucks"":25,""Subway"":25,""Costco"":22,""Arby's"":22,""Verizon Wireless"":19}","{""Apple"":55,""Amazon"":49,""Netflix"":36,""Amazon Marketplace"":28,""AT&T"":25,""Spotify"":19,""Walmart"":17,""Target"":14,""Roku"":14,""Sirius XM"":14,""Hulu"":14,""Chewy"":11,""Audible"":11,""Verizon Wireless"":9,""Planet Fitness"":9,""Google"":9,""Maverik"":9,""Google Storage"":9,""Amazon Digital Services"":9,""Blizzard Entertainment"":9}","{""McDonald's"":63,""Wendy's"":41,""Dairy Queen"":41,""Subway"":36,""Taco Bell"":33,""Burger King"":33,""Chick-fil-A"":30,""Starbucks"":25,""Arby's"":22,""Panera Bread"":19,""Taco John's"":17,""Sonic"":14,""Papa Murphy's"":14,""KFC"":14,""Domino's Pizza"":11,""Whataburger"":11,""Dunkin'"":11,""Chipotle Mexican Grill"":9,""Village Inn"":9,""Jack in the Box"":9}","{""Walmart"":52,""Albertsons"":30,""Dairy Queen"":25,""McDonald's"":19,""Wendy's"":17,""Burger King"":11,""Taco John's"":9,""ConocoPhillips"":9,""Maverik"":9,""Arby's"":9,""Bomgaars"":6,""Sierra"":6,""Walgreens"":6,""Domino's Pizza"":3,""The UPS Store"":3,""Ace Hardware"":3,""United States Postal Service (USPS)"":3,""Builders FirstSource"":3,""Dollar Tree"":3}","{""AT&T"":28,""Verizon Wireless"":28,""U.S. Cellular"":3,""Disney Mobile"":3}","{""Netflix"":36,""Roku"":14,""Hulu"":14,""YouTube TV"":6,""Dish Network"":6,""Disney Plus"":6,""Amazon Prime Video"":6,""Amazon Prime"":3,""Youtube Premium"":3}","{""Dashpass"":6,""Uber Eats"":3}","{""Lyft"":3,""Uber"":3}",{},"{""PayPal"":6,""Apple Card"":6,""Apple Cash"":3}"
170277,222-222@5sy-bxt-pqf,,,2022-07-01,2022-08-01,4716.33,21,11,158.24,316.48,"{""25"":114.28,""75"":294.28}","[0.00,0.00,0.00,0.00,2342.88,0.00,0.00,544.16,0.00,0.00,632.96,228.56,0.00,455.36,0.00,0.00,0.00,0.00,0.00,0.00,0.00,0.00,0.00,0.00,0.00,0.00,0.00,0.00,0.00,374.82,137.59]","[null,null,null,null,405.28,null,null,272.08,null,null,158.24,114.28,null,113.84,null,null,null,null,null,null,null,null,null,null,null,null,null,null,null,187.41,137.59]","{""Monday"":632.96,""Tuesday"":2571.44,""Wednesday"":0.00,""Thursday"":455.36,""Friday"":544.16,""Saturday"":374.82,""Sunday"":137.59}","{""Wednesday"":4,""Monday"":4,""Saturday"":5,""Thursday"":4,""Tuesday"":4,""Friday"":5,""Sunday"":5}",83.0,30.0,0,0.0,"{""No intermediary"":21}","{""No intermediary"":4716.33}","{""1"":1,""2"":10,""3"":0,""4"":0,""5-10"":0,"">10"":0}","{""1"":137.59,""2"":457.87,""3"":null,""4"":null,""5-10"":null,"">10"":null}","{""25-45k"":2,""75-100k"":2,""100-150k"":4,"">150k"":4}","{""25-45k"":374.82,""75-100k"":137.59,""100-150k"":559.82,"">150k"":351.20}","{""Edmonds, WA"":3,""Milwaukie, OR"":2,""Daphne, AL"":2,""Bannertown, NC"":2,""Boise, ID"":2,""Billings, MT"":2,""University Place, WA"":2,""Bothell, WA"":2,""Cheyenne, WY"":2}","{""Walmart"":91,""Starbucks"":73,""Costco"":64,""Pilot Flying J"":64,""McDonald's"":64,""Maverik"":55,""Target"":46,""Walgreens"":46,""Sonic"":37,""Chevron"":37,""ConocoPhillips"":37,""Sherwin-Williams"":37,""Big D"":28,""Jimmy John's"":28,""Safeway"":28,""Wendy's"":28,""Circle K"":28,""Burger King"":28,""Kum & Go"":28,""United States Postal Service (USPS)"":28}","{""Amazon"":64,""Sirius XM"":28,""Expedia"":28,""Netflix"":28,""Amazon Digital Services"":28,""AT&T"":28,""Comcast"":28,""Etsy"":19,""Mellow Mushroom"":19,""ADT Security Services"":19,""Verizon Wireless"":19,""Massage Envy"":19,""Lowe's"":19,""Apple"":19,""Hulu"":19,""Amazon Marketplace"":19,""T-Mobile"":19,""LevelUp"":10,""Zoom Video Communications"":10,""Target"":10}","{""Ramada"":19,""Days Inn"":19,""Best Western"":19,""La Quinta Inns & Suites"":19,""Quality Inn"":19,""Holiday Inn"":10,""Super 8"":10}","{""Walmart"":55,""Burger King"":10,""Albertsons"":10,""ConocoPhillips"":10}","{""AT&T"":28,""T-Mobile"":19,""Verizon Wireless"":19,""Cricket Wireless"":10}","{""Netflix"":28,""Hulu"":19,""Peacock"":10,""Disney Plus"":10}","{""Dashpass"":10}","{""Uber"":10}","{""Affirm.com"":10}",{}
170282,223-222@5sy-bzg-gx5,SG_BRAND_981160b245cef646e73a24fb0f042968,Harley Davidson,2022-07-01,2022-08-01,1651.3,10,8,173.11,112.22,"{""25"":87.85,""75"":255.52}","[0.00,0.00,0.00,0.00,0.00,0.00,0.00,0.00,0.33,0.00,224.44,0.00,251.63,0.00,0.00,0.00,0.00,1174.90,0.00,0.00,0.00,0.00,0.00,0.00,0.00,0.00,0.00,0.00,0.00,0.00,0.00]","[null,null,null,null,null,null,null,null,0.33,null,112.22,null,251.63,null,null,null,null,234.00,null,null,null,null,null,null,null,null,null,null,null,null,null]","{""Monday"":1399.34,""Tuesday"":0.00,""Wednesday"":251.63,""Thursday"":0.00,""Friday"":0.00,""Saturday"":0.33,""Sunday"":0.00}","{""Wednesday"":4,""Monday"":4,""Saturday"":5,""Thursday"":4,""Tuesday"":4,""Friday"":5,""Sunday"":5}",376.0,,1,0.33,"{""No intermediary"":10}","{""No intermediary"":1651.30}","{""1"":6,""2"":2,""3"":0,""4"":0,""5-10"":0,"">10"":0}","{""1"":108.16,""2"":501.18,""3"":null,""4"":null,""5-10"":null,"">10"":null}","{""25-45k"":2,""60-75k"":2,""75-100k"":2,""100-150k"":3,"">150k"":7}","{""25-45k"":83.10,""60-75k"":89.44,""75-100k"":0.33,""100-150k"":501.18,"">150k"":244.31}","{""Magna, UT"":3,""Mercer, PA"":2,""Beverly, MO"":2,""Horsham, PA"":2,""Boquet, PA"":2,""Wake Forest, NC"":2}","{""Walmart"":88,""McDonald's"":63,""Shell Oil"":63,""Wendy's"":50,""ConocoPhillips"":50,""Love's Travel Stops and Country Stores"":50,""Sam's Club"":50,""Verizon Wireless"":38,""Chevron"":38,""BP"":38,""Giant Eagle"":38,""Taco Bell"":38,""PetSmart"":38,""Ace Hardware"":38,""Sheetz"":38,""Maverik"":38,""Walgreens"":38,""Pilot Flying J"":38,""Burger King"":38,""Microsoft Store"":38}","{""Apple"":75,""Amazon"":63,""Verizon Wireless"":50,""Amazon Digital Services"":50,""AT&T"":38,""Comcast"":38,""ADT Security Services"":25,""Roku"":25,""Uber"":25,""Dutch Bros. Coffee"":25,""Sirius XM"":25,""Fubo"":25,""Experian"":25,""Taco Bell"":25,""Jamba Juice"":25,""Netflix"":25,""Pandora"":25,""Maverik"":25,""Hulu"":25,""Optimum"":25}",{},"{""Walmart"":63,""McDonald's"":25}","{""Verizon Wireless"":63,""AT&T"":38,""T-Mobile"":25}","{""Roku"":25,""Fubo"":25,""Netflix"":25,""Hulu"":25,""Disney Plus"":13}","{""Dashpass"":13}","{""Uber"":25,""Lyft"":13}","{""Afterpay"":13,""Acima Credit"":13}",{}
170288,223-222@5sy-bzc-mhq,,,2022-07-01,2022-08-01,6683.69,8,4,710.37,710.37,"{""25"":667.89,""75"":1228.73}","[0.00,0.00,0.00,0.00,0.00,2575.14,0.00,1335.78,0.00,0.00,0.00,2507.00,0.00,0.00,0.00,0.00,0.00,0.00,0.00,0.00,0.00,0.00,0.00,0.00,0.00,0.00,0.00,0.00,0.00,265.77,0.00]","[null,null,null,null,null,710.37,null,667.89,null,null,null,1253.50,null,null,null,null,null,null,null,null,null,null,null,null,null,null,null,null,null,265.77,null]","{""Monday"":0.00,""Tuesday"":2507.00,""Wednesday"":2575.14,""Thursday"":0.00,""Friday"":1335.78,""Saturday"":265.77,""Sunday"":0.00}","{""Wednesday"":4,""Monday"":4,""Saturday"":5,""Thursday"":4,""Tuesday"":4,""Friday"":5,""Sunday"":5}",,78.0,0,0.0,"{""No intermediary"":8}","{""No intermediary"":6683.69}","{""1"":3,""2"":0,""3"":0,""4"":0,""5-10"":1,"">10"":0}","{""1"":562.17,""2"":null,""3"":null,""4"":null,""5-10"":4997.18,"">10"":null}","{""45-60k"":2,""75-100k"":2,"">150k"":2}","{""45-60k"":265.77,""75-100k"":710.37,"">150k"":4997.18}","{""Cody, WY"":2,""Abo, NM"":2}","{""Walmart"":100,""McDonald's"":100,""Verizon Wireless"":75,""Subway"":75,""SmartStyle Family Hair Salons"":50,""KFC"":50,""O'Reilly Auto Parts"":50,""Pilot Flying J"":50,""Blair's"":50,""Exxon Mobil"":50,""Weis Markets"":25,""Cabela's"":25,""Target"":25,""Food City"":25,""Casey's General Stores"":25,""Olive Garden"":25,""BP"":25,""Fas Mart"":25,""Albertsons"":25,""Taco Bell"":25}","{""Amazon"":100,""Netflix"":75,""Pizza Hut"":75,""Maverik"":50,""Arby's"":50,""Walmart"":25,""Cabela's"":25,""Cricut"":25,""The Home Depot"":25,""Google Play"":25,""Amazon Digital Services"":25,""AT&T"":25,""U-Haul"":25}",{},"{""McDonald's"":75,""Walmart"":50,""Albertsons"":25,""Wendy's"":25,""Dairy Queen"":25,""Subway"":25,""Arby's"":25}","{""Verizon Wireless"":75,""AT&T"":25}","{""Netflix"":75}",{},{},{},{}
170414,zzy-222@5sy-bxt-dvz,SG_BRAND_f004042e34f9a89a218a216365ccd2c4,Arby's,2022-07-01,2022-08-01,2195.51,127,105,15.76,19.12,"{""25"":9.87,""75"":21.98}","[99.87,16.83,76.00,0.00,153.39,58.67,68.32,82.68,11.79,30.12,117.76,61.38,78.16,66.48,89.58,39.42,54.71,295.51,99.42,100.96,52.96,92.34,33.58,39.99,163.59,12.15,44.13,44.73,44.30,50.74,15.95]","[21.29,16.83,25.92,null,19.11,19.22,34.16,21.11,11.79,30.12,15.76,11.41,15.17,12.67,10.39,13.49,13.28,19.55,16.26,14.33,6.43,16.82,10.96,14.77,18.90,6.07,22.07,8.88,9.84,21.17,15.95]","{""Monday"":576.86,""Tuesday"":326.34,""Wednesday"":281.92,""Thursday"":232.49,""Friday"":408.77,""Saturday"":152.36,""Sunday"":216.77}","{""Wednesday"":4,""Monday"":4,""Saturday"":5,""Thursday"":4,""Tuesday"":4,""Friday"":5,""Sunday"":5}",27.0,-16.0,3,60.74,"{""No intermediary"":127}","{""No intermediary"":2195.51}","{""1"":89,""2"":12,""3"":3,""4"":0,""5-10"":1,"">10"":0}","{""1"":18.12,""2"":33.39,""3"":34.10,""4"":null,""5-10"":79.86,"">10"":null}","{""<25k"":9,""25-45k"":15,""45-60k"":4,""60-75k"":9,""75-100k"":14,""100-150k"":15,"">150k"":23}","{""<25k"":18.76,""25-45k"":21.53,""45-60k"":18.47,""60-75k"":15.84,""75-100k"":20.39,""100-150k"":21.37,"">150k"":24.59}","{""Cody, WY"":22,""Marietta, GA"":7,""Livingston, NY"":6,""Clark, WY"":6,""Lancaster, PA"":5,""Ten Sleep, WY"":3,""Olympia, WA"":3,""Allenfarm, TX"":3,""Carlsbad, CA"":3,""Acme, WY"":3,""Arlington, VA"":2,""Lovell, WY"":2,""Tucker, GA"":2,""Detroit Lakes, MN"":2,""Cedar Rapids, IA"":2,""Refton, PA"":2,""Thermopolis, WY"":2,""Wichita, KS"":2,""Bayne, WA"":2,""Meeteetse, WY"":2,""Milton, WA"":2,""Heathrow, FL"":2,""Laramie, WY"":2,""Queen Creek, AZ"":2,""Benjamin, UT"":2,""Basin, WY"":2,""Damascus, OH"":2,""Littleton, CO"":2,""Rehoboth Beach, DE"":2,""Dacono, CO"":2,""Fredericksburg, VA"":2,""Opelika, AL"":2,""Denver, CO"":2,""Churchtown, PA"":2,""Genola, UT"":2,""Boise, ID"":2,""Ankeny, IA"":2,""Dalton, GA"":2,""Fayetteville, NC"":2,""Riverton, UT"":2,""Colorado Springs, CO"":2,""Philadelphia, PA"":2,""Northglenn, CO"":2,""Keller, GA"":2,""Martinsburg, WV"":2,""Erda, UT"":2,""Bozeman, MT"":2,""Almy, WY"":2,""Billings, MT"":2,""Maysville, CO"":2,""Lake Jackson, TX"":2,""Byron, GA"":2,""Erlanger, KY"":2,""Cullman, AL"":2,""River Falls, WI"":2,""Monolith, CA"":2,""Conata, SD"":2,""Luther, MT"":2,""Pooler, GA"":2,""Encampment, WY"":2,""Greeley, CO"":2,""Mebane, NC"":2,""Cumming, GA"":2}","{""Walmart"":87,""McDonald's"":59,""Maverik"":54,""Exxon Mobil"":46,""Wendy's"":44,""Albertsons"":41,""Subway"":31,""Target"":29,""Burger King"":28,""ConocoPhillips"":27,""Shell Oil"":27,""Walgreens"":26,""Taco Bell"":25,""Domino's Pizza"":24,""Dairy Queen"":24,""Pilot Flying J"":23,""Verizon Wireless"":20,""Ace Hardware"":20,""Bomgaars"":18,""Lowe's"":18}","{""Amazon"":63,""Apple"":46,""Netflix"":33,""Amazon Marketplace"":30,""Walmart"":23,""Spotify"":20,""Amazon Digital Services"":20,""Hulu"":18,""AT&T"":16,""Maverik"":14,""Verizon Wireless"":12,""Sirius XM"":12,""Audible"":12,""Target"":10,""Uber"":10,""Comcast"":9,""Pizza Hut"":9,""Amazon Prime Video"":9,""Experian"":8,""Google"":8}","{""McDonald's"":59,""Wendy's"":45,""Subway"":31,""Burger King"":28,""Taco Bell"":27,""Domino's Pizza"":24,""Dairy Queen"":24,""Starbucks"":18,""Chick-fil-A"":18,""Taco John's"":17,""Pizza Hut"":12,""Chipotle Mexican Grill"":10,""Jimmy John's"":9,""Panda Express"":9,""Dunkin'"":9,""KFC"":8,""Sonic"":7,""Olive Garden"":7,""Culver's"":7,""Buffalo Wild Wings"":6}","{""Walmart"":66,""Albertsons"":35,""Wendy's"":25,""McDonald's"":20,""Dairy Queen"":20,""Maverik"":16,""Burger King"":15,""Bomgaars"":12,""Domino's Pizza"":12,""Taco John's"":11,""Sierra"":11,""Subway"":11,""Ace Hardware"":9,""ConocoPhillips"":8,""Walgreens"":8,""Tractor Supply Co."":4,""The UPS Store"":3,""Boot Barn"":3,""Pizza Hut"":3,""Smoker Friendly"":2}","{""Verizon Wireless"":32,""AT&T"":20,""T-Mobile"":4,""Straight Talk"":3,""U.S. Cellular"":2,""Disney Mobile"":1,""Cricket Wireless"":1,""MetroPCS"":1}","{""Netflix"":33,""Hulu"":18,""Amazon Prime Video"":9,""Disney Plus"":7,""Peacock"":6,""Roku"":4,""Youtube"":4,""YouTube TV"":3,""Redbox"":3,""Amazon Prime"":3,""Funimation"":2,""Vudu"":2,""Youtube Premium"":2,""Starz"":2,""HBO Max"":1,""Fubo"":1,""Dish Network"":1,""Time Warner Cable"":1}","{""Dashpass"":5,""DoorDash"":5,""Go Puff"":2,""Uber Eats"":1}","{""Uber"":10,""Lyft"":3}","{""Affirm.com"":3,""Klarna"":2,""Afterpay"":1}","{""Apple Cash"":2,""PayPal"":2,""Venmo"":1,""Apple Card"":1,""Cash App"":1}"
170498,226-222@5sy-bxw-5cq,,,2022-07-01,2022-08-01,131.32,4,2,32.83,65.66,"{""25"":15.45,""75"":50.21}","[0.00,0.00,0.00,0.00,30.90,0.00,0.00,0.00,0.00,0.00,0.00,0.00,100.42,0.00,0.00,0.00,0.00,0.00,0.00,0.00,0.00,0.00,0.00,0.00,0.00,0.00,0.00,0.00,0.00,0.00,0.00]","[null,null,null,null,15.45,null,null,null,null,null,null,null,50.21,null,null,null,null,null,null,null,null,null,null,null,null,null,null,null,null,null,null]","{""Monday"":0.00,""Tuesday"":30.90,""Wednesday"":100.42,""Thursday"":0.00,""Friday"":0.00,""Saturday"":0.00,""Sunday"":0.00}","{""Wednesday"":4,""Monday"":4,""Saturday"":5,""Thursday"":4,""Tuesday"":4,""Friday"":5,""Sunday"":5}",33.0,-93.0,0,0.0,"{""No intermediary"":4}","{""No intermediary"":131.32}","{""1"":0,""2"":2,""3"":0,""4"":0,""5-10"":0,"">10"":0}","{""1"":null,""2"":65.66,""3"":null,""4"":null,""5-10"":null,"">10"":null}","{""<25k"":2,""25-45k"":2}","{""<25k"":30.90,""25-45k"":100.42}","{""Bozeman, MT"":4,""Cody, WY"":2}","{""Walmart"":100,""Albertsons"":100,""Exxon Mobil"":100,""Target"":50,""Shoe Dept Encore"":50,""maurices"":50,""Scheels"":50,""Wendy's"":50,""Motel 6"":50,""Subaru"":50,""Panda Express"":50,""Microsoft Store"":50,""Cracker Barrel"":50,""Sam's Club"":50,""Subway"":50}","{""Sling TV"":50,""Amazon"":50,""Apple"":50,""Five Guys"":50,""Hulu"":50,""Spotify"":50,""AT&T"":50,""Firehouse Subs"":50}","{""Wendy's"":50,""Five Guys"":50,""Panda Express"":50,""Cracker Barrel"":50,""Firehouse Subs"":50,""Subway"":50}","{""Walmart"":100,""Albertsons"":100,""maurices"":50,""Wendy's"":50,""Subway"":50}","{""AT&T"":50}","{""Hulu"":50,""Disney Plus"":50,""Sling TV"":50}",{},{},{},{}
170571,226-222@5sy-bzg-c89,,,2022-07-01,2022-08-01,609.3,3,2,139.26,304.65,"{""25"":139.26,""75"":330.78}","[0.00,330.78,0.00,0.00,0.00,0.00,0.00,0.00,0.00,0.00,0.00,0.00,0.00,0.00,0.00,0.00,0.00,278.52,0.00,0.00,0.00,0.00,0.00,0.00,0.00,0.00,0.00,0.00,0.00,0.00,0.00]","[null,330.78,null,null,null,null,null,null,null,null,null,null,null,null,null,null,null,139.26,null,null,null,null,null,null,null,null,null,null,null,null,null]","{""Monday"":278.52,""Tuesday"":0.00,""Wednesday"":0.00,""Thursday"":0.00,""Friday"":0.00,""Saturday"":330.78,""Sunday"":0.00}","{""Wednesday"":4,""Monday"":4,""Saturday"":5,""Thursday"":4,""Tuesday"":4,""Friday"":5,""Sunday"":5}",-66.0,-64.0,0,0.0,"{""No intermediary"":3}","{""No intermediary"":609.30}","{""1"":1,""2"":1,""3"":0,""4"":0,""5-10"":0,"">10"":0}","{""1"":330.78,""2"":278.52,""3"":null,""4"":null,""5-10"":null,"">10"":null}","{""100-150k"":2,"">150k"":2}","{""100-150k"":330.78,"">150k"":278.52}","{""Orange Park, FL"":2,""Fayetteville, NC"":2}","{""Walmart"":100,""Target"":100,""Chick-fil-A"":100,""McDonald's"":100,""Chili's Grill & Bar"":50,""Mi Casita"":50,""Barnes and Noble"":50,""Jersey Mike's"":50,""Einstein Brothers"":50,""Lowe's"":50,""T.J. Maxx"":50,""Dickey's Barbecue Pit"":50,""The Home Depot"":50,""Hobby Lobby Stores"":50,""Papa John's"":50,""Starbucks"":50,""GATE"":50,""Wendy's"":50,""Wawa"":50,""ConocoPhillips"":50}","{""Amazon"":100,""Apple"":100,""Netflix"":100,""Amazon Kindle"":100,""Etsy"":50,""Sling TV"":50,""Walmart"":50,""Airbnb"":50,""Sirius XM"":50,""Experian"":50,""Lowe's"":50,""AMC Theatres"":50,""The Wall Street Journal"":50,""Hulu"":50,""Google Storage"":50,""Uber Eats"":50,""Amazon Digital Services"":50,""AT&T"":50,""Audible"":50,""Comcast"":50}",{},"{""McDonald's"":50}","{""AT&T"":50}","{""Netflix"":100,""Hulu"":50,""Amazon Prime Video"":50,""Sling TV"":50}","{""Uber Eats"":50}",{},{},{}
170593,zzy-222@5sy-bxt-pjv,SG_BRAND_db6ee5f0ca1c23534e205fe45779f1d9,Sierra,2022-07-01,2022-08-01,9887.54,142,116,51.35,54.07,"{""25"":20.79,""75"":84.18}","[43.32,181.90,137.19,86.23,2434.36,179.64,662.76,407.95,153.62,177.73,166.27,273.03,323.10,28.58,490.68,93.66,0.00,351.38,404.13,270.28,367.85,463.57,308.20,0.00,341.31,393.66,101.22,181.90,138.98,98.95,626.09]","[21.66,50.92,137.19,43.12,38.45,65.49,106.01,99.25,55.59,63.39,37.93,91.66,31.17,14.29,67.58,46.83,null,54.03,71.68,45.20,82.57,110.20,54.07,null,31.19,37.06,31.58,41.68,35.34,49.47,66.92]","{""Monday"":945.19,""Tuesday"":3505.18,""Wednesday"":874.24,""Thursday"":1241.09,""Friday"":1544.50,""Saturday"":836.33,""Sunday"":941.01}","{""Wednesday"":4,""Monday"":4,""Saturday"":5,""Thursday"":4,""Tuesday"":4,""Friday"":5,""Sunday"":5}",29.0,14.0,0,0.0,"{""No intermediary"":142}","{""No intermediary"":9887.54}","{""1"":98,""2"":13,""3"":3,""4"":1,""5-10"":1,"">10"":0}","{""1"":59.97,""2"":104.80,""3"":417.00,""4"":1268.52,""5-10"":128.79,"">10"":null}","{""<25k"":20,""25-45k"":17,""45-60k"":5,""60-75k"":10,""75-100k"":16,""100-150k"":20,"">150k"":31}","{""<25k"":53.07,""25-45k"":67.14,""45-60k"":47.06,""60-75k"":52.67,""75-100k"":59.08,""100-150k"":91.37,"">150k"":139.42}","{""Cody, WY"":27,""Indianola, IA"":6,""Glendale, AZ"":6,""Gobles, MI"":3,""Kensington, MD"":3,""Basin, WY"":3,""Aberdeen, NC"":3,""Clark, WY"":3,""Indialantic, FL"":3,""Bozeman, MT"":3,""West Jordan, UT"":2,""Arlington, VA"":2,""Wendell, ID"":2,""Lovell, WY"":2,""Lubbock, TX"":2,""Chicago, IL"":2,""Surprise, AZ"":2,""Lechee, AZ"":2,""Dundee, OH"":2,""Salt Lake City, UT"":2,""Saint Helens, OR"":2,""Moscow, ID"":2,""Fall City, WA"":2,""Santa Rosa Beach, FL"":2,""West Jefferson, NC"":2,""Leander, TX"":2,""Blackfoot, ID"":2,""Laramie, WY"":2,""Auburn, WA"":2,""Houston, TX"":2,""Benjamin, UT"":2,""Baltimore, MD"":2,""Avondale, AZ"":2,""Kenly, NC"":2,""Dacono, CO"":2,""Navarre, FL"":2,""Denver, CO"":2,""Leavenworth, KS"":2,""Las Vegas, NV"":2,""Newark, OH"":2,""Seattle, WA"":2,""Boise, ID"":2,""Ammon, ID"":2,""Emigrant, MT"":2,""Worland, WY"":2,""Bloomington, IL"":2,""Nampa, ID"":2,""Ashburn, VA"":2,""Almy, WY"":2,""Charleston, UT"":2,""Billings, MT"":2,""Simpsonville, SC"":2,""Dallas, TX"":2,""Cottonwood, SD"":2,""Acme, WY"":2,""Pantano, AZ"":2,""Harrison Township, MI"":2,""Sturgis, MI"":2,""Saint Johns, FL"":2,""Luther, MT"":2,""Cheyenne, WY"":2,""Peachtree City, GA"":2,""Jackson, WY"":2,""Austin, TX"":2,""Frederick, MD"":2,""Wake Forest, NC"":2}","{""Walmart"":84,""Maverik"":57,""Albertsons"":55,""McDonald's"":51,""Walgreens"":36,""Exxon Mobil"":33,""Subway"":31,""Dairy Queen"":27,""Verizon Wireless"":25,""Shell Oil"":25,""Ace Hardware"":24,""Wendy's"":22,""Target"":21,""Arby's"":21,""Starbucks"":20,""ConocoPhillips"":20,""Costco"":20,""Bomgaars"":19,""Taco John's"":19,""Chick-fil-A"":18}","{""Amazon"":65,""Apple"":56,""Netflix"":34,""Spotify"":24,""Amazon Digital Services"":24,""Amazon Marketplace"":23,""Walmart"":19,""Maverik"":17,""AT&T"":16,""Hulu"":14,""Sirius XM"":13,""Amazon Prime Video"":13,""Uber"":11,""Target"":10,""Verizon Wireless"":8,""Audible"":8,""Amazon Kindle"":7,""Nintendo"":7,""Google Storage"":7,""Planet Fitness"":6}","{""Scheels"":11,""REI"":11,""Dick's Sporting Goods"":7,""Sportsman's Warehouse"":7,""Hobby Lobby Stores"":5,""Cabela's"":2,""Michaels Stores"":2,""Jo-Ann Fabric and Craft Stores"":2,""Big 5 Sporting Goods"":2,""Bass Pro Shops"":1,""GameStop"":1,""prAna"":1,""Dunham's Sports"":1}","{""Walmart"":61,""Albertsons"":47,""Maverik"":21,""Dairy Queen"":18,""Wendy's"":14,""Walgreens"":14,""McDonald's"":14,""Ace Hardware"":11,""Taco John's"":10,""Arby's"":10,""Bomgaars"":8,""Domino's Pizza"":7,""Tractor Supply Co."":7,""Subway"":7,""ConocoPhillips"":6,""Burger King"":6,""Dollar Tree"":5,""Boot Barn"":4,""maurices"":2,""The UPS Store"":2}","{""Verizon Wireless"":33,""AT&T"":19,""T-Mobile"":4,""Straight Talk"":3,""Cricket Wireless"":2,""Disney Mobile"":1,""MetroPCS"":1}","{""Netflix"":34,""Hulu"":14,""Amazon Prime Video"":13,""Disney Plus"":6,""YouTube TV"":5,""Fubo"":3,""Dish Network"":3,""Peacock"":3,""Amazon Prime"":3,""Roku"":2,""HBO Max"":2,""Youtube"":2,""Starz"":2,""Sling TV"":1,""Funimation"":1,""Vudu"":1,""Crunchyroll"":1,""Time Warner Cable"":1}","{""Instacart"":3,""Uber Eats"":2,""HelloFresh"":1,""Postmates"":1,""Dashpass"":1,""Shipt"":1}","{""Uber"":11,""Lyft"":5}","{""Affirm.com"":3}","{""Apple Cash"":5,""Apple Card"":4,""PayPal"":3,""Venmo"":1}"
170595,222-222@5sy-bzg-6ff,SG_BRAND_5e12e83b9120546d,Good 2 Go Stores,2022-07-01,2022-08-01,653.41,30,23,9.62,21.62,"{""25"":5.61,""75"":32.73}","[23.72,7.12,0.00,0.00,48.81,10.17,11.46,0.00,0.00,2.89,0.00,0.00,0.00,4.78,8.47,84.67,31.99,8.47,0.00,55.88,23.81,50.77,51.19,167.40,0.00,0.00,0.00,6.37,32.75,22.69,0.00]","[23.72,7.12,null,null,48.81,10.17,5.73,null,null,2.89,null,null,null,4.78,8.47,3.33,31.99,8.47,null,27.94,11.91,25.38,25.60,83.70,null,null,null,6.37,8.26,22.69,null]","{""Monday"":8.47,""Tuesday"":48.81,""Wednesday"":66.05,""Thursday"":46.42,""Friday"":115.71,""Saturday"":165.67,""Sunday"":202.28}","{""Wednesday"":4,""Monday"":4,""Saturday"":5,""Thursday"":4,""Tuesday"":4,""Friday"":5,""Sunday"":5}",7.0,8.0,0,0.0,"{""No intermediary"":30}","{""No intermediary"":653.41}","{""1"":19,""2"":2,""3"":1,""4"":1,""5-10"":0,"">10"":0}","{""1"":24.34,""2"":70.59,""3"":21.62,""4"":28.20,""5-10"":null,"">10"":null}","{""<25k"":2,""25-45k"":2,""45-60k"":8,""60-75k"":3,""75-100k"":2,""100-150k"":4,"">150k"":5}","{""<25k"":26.94,""25-45k"":22.67,""45-60k"":47.83,""60-75k"":40.69,""75-100k"":18.76,""100-150k"":30.54,"">150k"":15.94}","{""Vernal, UT"":4,""Woods Cross, UT"":2,""Ballard, UT"":2,""Cody, WY"":2,""Highland, UT"":2,""Park City, UT"":2,""Ogden, UT"":2,""Genola, UT"":2,""Clark, WY"":2,""Cedar City, UT"":2,""Thatcher, AZ"":2,""Columbus, MT"":2,""Laurel, MT"":2,""Almy, WY"":2,""Billings, MT"":2,""Baldwin Park, CA"":2,""Deadwood, SD"":2,""Logan, UT"":2}","{""Walmart"":74,""Maverik"":61,""Chevron"":57,""McDonald's"":53,""ConocoPhillips"":40,""Ace Hardware"":40,""Pilot Flying J"":40,""Exxon Mobil"":35,""Wendy's"":31,""Target"":27,""Albertsons"":27,""Smith's Food & Drug Stores"":27,""Walgreens"":27,""Burger King"":27,""Phillips 66"":27,""Shell Oil"":27,""Arby's"":27,""Taco Bell"":22,""Lowe's"":22,""Dairy Queen"":22}","{""Amazon"":48,""Apple"":44,""Maverik"":27,""Netflix"":22,""Spotify"":22,""Walmart"":18,""Amazon Digital Services"":18,""Sirius XM"":14,""The Home Depot"":14,""Hulu"":14,""Target"":9,""Papa Murphy's"":9,""Dish Network"":9,""Texaco"":9,""Microsoft"":9,""McDonald's"":9,""Costa Vida"":9,""AT&T"":9,""Comcast"":9,""Amazon Prime Video"":9}","{""Chevron"":57,""ConocoPhillips"":40,""Pilot Flying J"":40,""Exxon Mobil"":35,""Phillips 66"":27,""Shell Oil"":27,""Holiday Station"":18,""Mobil"":9,""QuikTrip"":9,""Love's Travel Stops and Country Stores"":9,""Texaco"":9,""TownPump Convenience Stores"":5,""Speedway"":5,""Yesway Convenience"":5,""Sinclair Oil"":5}","{""Maverik"":35,""Walmart"":22,""Albertsons"":14,""Walgreens"":14,""ConocoPhillips"":9,""McDonald's"":9,""Ace Hardware"":5,""Dairy Queen"":5,""Arby's"":5}","{""Verizon Wireless"":18,""AT&T"":14,""T-Mobile"":9}","{""Netflix"":22,""Hulu"":14,""Dish Network"":9,""Disney Plus"":9,""Amazon Prime Video"":9,""Roku"":5,""Redbox"":5}","{""HelloFresh"":5,""Instacart"":5,""Uber Eats"":5,""Postmates"":5}",{},"{""Affirm.com"":5}",{}
170740,22g-222@5sy-bzg-ffz,,,2022-07-01,2022-08-01,442.0,7,5,62.0,60.5,"{""25"":21.00,""75"":112.00}","[0.00,0.00,0.00,0.00,124.00,0.00,0.00,0.00,0.00,0.00,0.00,0.00,0.00,0.00,0.00,0.00,0.00,0.00,60.50,0.00,0.00,224.00,0.00,0.00,0.00,0.00,0.00,33.50,0.00,0.00,0.00]","[null,null,null,null,62.00,null,null,null,null,null,null,null,null,null,null,null,null,null,60.50,null,null,112.00,null,null,null,null,null,16.75,null,null,null]","{""Monday"":0.00,""Tuesday"":184.50,""Wednesday"":0.00,""Thursday"":33.50,""Friday"":224.00,""Saturday"":0.00,""Sunday"":0.00}","{""Wednesday"":4,""Monday"":4,""Saturday"":5,""Thursday"":4,""Tuesday"":4,""Friday"":5,""Sunday"":5}",165.0,,0,0.0,"{""No intermediary"":7}","{""No intermediary"":442.00}","{""1"":3,""2"":2,""3"":0,""4"":0,""5-10"":0,"">10"":0}","{""1"":31.33,""2"":174.00,""3"":null,""4"":null,""5-10"":null,"">10"":null}","{""<25k"":2,""100-150k"":3,"">150k"":2}","{""<25k"":224.00,""100-150k"":36.50,"">150k"":124.00}","{""Appleton, WI"":2,""Saint Louis, MO"":2,""Billings, MT"":2,""Colorado Springs, CO"":2}","{""Walmart"":60,""Target"":60,""Albertsons"":60,""Starbucks"":60,""McDonald's"":60,""Kwik Trip"":40,""Taco John's"":40,""Walgreens"":40,""Burger King"":40,""Sportsman's Warehouse"":40,""Sam's Club"":40,""Exxon Mobil"":40,""Big D"":20,""Schnucks"":20,""Jimmy John's"":20,""Verizon Wireless"":20,""Git 'N Go Market"":20,""Massage Envy"":20,""Sprouts Farmers Market"":20,""Casey's General Stores"":20}","{""Amazon"":100,""Netflix"":40,""Amazon Digital Services"":40,""Walmart"":20,""Target"":20,""Chewy"":20,""Sirius XM"":20,""Adobe Systems"":20,""Grubhub"":20,""Apple"":20,""eBay"":20,""Hulu"":20,""OnStar"":20,""Spotify"":20,""McDonald's"":20,""AT&T"":20,""Amazon Kindle"":20}",{},"{""Walmart"":60,""Albertsons"":40,""McDonald's"":20,""Pizza Hut"":20,""Arby's"":20}","{""AT&T"":40,""Verizon Wireless"":20}","{""Netflix"":40,""Hulu"":20}","{""Grubhub"":20}",{},{},{}
170761,zzy-222@5sy-bxv-zs5,,,2022-07-01,2022-08-01,1007.23,19,9,51.3,104.5,"{""25"":46.59,""75"":60.62}","[0.00,74.00,0.00,0.00,234.52,0.00,30.26,86.98,0.00,0.00,0.00,93.18,0.00,0.00,0.00,0.00,42.06,0.00,0.00,0.00,0.00,0.00,0.00,47.95,104.50,0.00,0.00,0.00,242.48,0.00,51.30]","[null,74.00,null,null,58.63,null,30.26,43.49,null,null,null,46.59,null,null,null,null,42.06,null,null,null,null,null,null,47.95,52.25,null,null,null,60.62,null,51.30]","{""Monday"":104.50,""Tuesday"":327.70,""Wednesday"":0.00,""Thursday"":30.26,""Friday"":329.46,""Saturday"":74.00,""Sunday"":141.31}","{""Wednesday"":4,""Monday"":4,""Saturday"":5,""Thursday"":4,""Tuesday"":4,""Friday"":5,""Sunday"":5}",-42.0,35.0,1,30.26,"{""No intermediary"":19}","{""No intermediary"":1007.23}","{""1"":3,""2"":5,""3"":0,""4"":0,""5-10"":1,"">10"":0}","{""1"":48.77,""2"":113.86,""3"":null,""4"":null,""5-10"":291.63,"">10"":null}","{""<25k"":2,""25-45k"":2,""60-75k"":2,""75-100k"":2,""100-150k"":2,"">150k"":4}","{""<25k"":42.06,""25-45k"":104.50,""60-75k"":74.00,""75-100k"":30.26,""100-150k"":213.48,"">150k"":109.82}","{""West Jordan, UT"":2,""Cedar Rapids, IA"":2,""Cody, WY"":2,""Basin, WY"":2,""Bozeman, MT"":2,""Mount Pleasant, WI"":2}","{""Walmart"":78,""Maverik"":78,""Domino's Pizza"":45,""Target"":34,""Barnes and Noble"":34,""Albertsons"":34,""Lowe's"":34,""Michaels Stores"":34,""Wendy's"":34,""ConocoPhillips"":34,""Dairy Queen"":34,""Pilot Flying J"":34,""Microsoft Store"":34,""Sam's Club"":34,""Exxon Mobil"":34,""Arby's"":34,""Hot Topic"":23,""Kwik Trip"":23,""Casey's General Stores"":23,""Fas Mart"":23}","{""Amazon"":78,""Apple"":34,""Amazon Digital Services"":34,""LevelUp"":23,""Target"":23,""Uber"":23,""DoorDash"":23,""Ipsy"":23,""Nintendo"":23,""MediaCom"":23,""The Home Depot"":23,""Compassion International"":23,""Netflix"":23,""eBay"":23,""Vudu"":23,""Dashpass"":23,""Hulu"":23,""Google Storage"":23,""OnStar"":23,""Amazon Marketplace"":23}","{""ConocoPhillips"":34,""Pilot Flying J"":34,""Exxon Mobil"":34,""Fas Mart"":23,""Pump & Pantry"":23,""Shell Oil"":23,""Love's Travel Stops and Country Stores"":12,""Gas N Go"":12}","{""Walmart"":34,""Arby's"":34,""Albertsons"":23,""Dairy Queen"":23,""Domino's Pizza"":12,""The UPS Store"":12,""ConocoPhillips"":12,""Ace Hardware"":12,""Boot Barn"":12,""Sierra"":12,""Walgreens"":12,""Burger King"":12,""United States Postal Service (USPS)"":12,""Tractor Supply Co."":12}","{""T-Mobile"":23,""U.S. Cellular"":23,""Sprint"":12,""Verizon Wireless"":12}","{""Hulu"":23,""Vudu"":23,""Netflix"":23,""HBO Max"":12}","{""Dashpass"":23,""DoorDash"":23}","{""Uber"":23}",{},{}
170772,222-222@5sy-bxw-3kf,SG_BRAND_f92cba702cf7f997b776d807b54cbe79,Taco John's,2022-07-01,2022-08-01,1651.1,108,81,13.23,15.06,"{""25"":8.11,""75"":20.67}","[58.98,34.25,0.00,0.00,98.59,0.00,0.00,369.63,36.52,0.00,80.12,101.20,73.88,15.67,101.83,13.49,0.00,31.02,69.97,13.92,8.08,43.66,8.51,0.00,190.46,80.60,28.90,115.65,48.56,12.55,15.06]","[15.94,11.61,null,null,15.36,null,null,16.08,36.52,null,12.20,20.44,9.75,6.44,10.27,6.75,null,15.51,12.86,13.92,8.08,8.28,8.51,null,15.03,10.68,14.45,14.53,24.28,6.27,15.06]","{""Monday"":301.60,""Tuesday"":350.36,""Wednesday"":116.70,""Thursday"":139.40,""Friday"":622.66,""Saturday"":105.32,""Sunday"":15.06}","{""Wednesday"":4,""Monday"":4,""Saturday"":5,""Thursday"":4,""Tuesday"":4,""Friday"":5,""Sunday"":5}",32.0,-31.0,2,35.95,"{""No intermediary"":108}","{""No intermediary"":1651.10}","{""1"":65,""2"":9,""3"":4,""4"":2,""5-10"":1,"">10"":0}","{""1"":17.46,""2"":19.21,""3"":42.27,""4"":56.71,""5-10"":60.66,"">10"":null}","{""<25k"":2,""25-45k"":10,""45-60k"":2,""60-75k"":6,""75-100k"":14,""100-150k"":26,"">150k"":11}","{""<25k"":14.77,""25-45k"":26.80,""45-60k"":19.75,""60-75k"":12.26,""75-100k"":24.01,""100-150k"":19.22,"">150k"":16.82}","{""Cody, WY"":22,""Myrtle Beach, SC"":3,""Bozeman, MT"":3,""Tacoma, WA"":2,""Saint Paul, MN"":2,""West Jordan, UT"":2,""Raleigh, NC"":2,""Canyon Lake, TX"":2,""Stockton, CA"":2,""Sandy, UT"":2,""Salt Lake City, UT"":2,""Cedar Rapids, IA"":2,""Troy, MN"":2,""Greybull, WY"":2,""Hayden, ID"":2,""Blackfoot, ID"":2,""Meeteetse, WY"":2,""Meridian, ID"":2,""Avondale, AZ"":2,""Louisville, KY"":2,""Hurricane, UT"":2,""Pocatello, ID"":2,""Colburn, ID"":2,""Portland, ND"":2,""Denver, CO"":2,""Newark, OH"":2,""New York, NY"":2,""Hacienda Heights, CA"":2,""Clark, WY"":2,""Placerville, ID"":2,""Buffalo, NY"":2,""Butte, MT"":2,""Windsor, WI"":2,""Chubbuck, ID"":2,""Keller, GA"":2,""Acme, WY"":2,""Lernerville, PA"":2,""Ypsilanti, MI"":2,""Cheyenne, WY"":2,""Idaho Falls, ID"":2,""Chelsea, MI"":2}","{""Walmart"":86,""McDonald's"":67,""Maverik"":57,""Wendy's"":47,""Albertsons"":45,""ConocoPhillips"":40,""Verizon Wireless"":29,""Taco Bell"":29,""Ace Hardware"":29,""Dairy Queen"":29,""Exxon Mobil"":28,""Target"":26,""Bomgaars"":26,""Costco"":25,""Walgreens"":25,""Arby's"":25,""Subway"":24,""Domino's Pizza"":20,""Chick-fil-A"":20,""Burger King"":19}","{""Amazon"":60,""Apple"":40,""Amazon Marketplace"":31,""Netflix"":26,""Spotify"":26,""Amazon Digital Services"":24,""Walmart"":20,""Maverik"":19,""AT&T"":19,""Hulu"":18,""Verizon Wireless"":17,""Audible"":14,""Pizza Hut"":12,""Amazon Prime Video"":12,""Target"":10,""Dutch Bros. Coffee"":8,""Sirius XM"":8,""Nintendo"":8,""Google"":8,""Etsy"":7}","{""McDonald's"":67,""Wendy's"":49,""Taco Bell"":29,""Dairy Queen"":29,""Arby's"":26,""Subway"":25,""Chick-fil-A"":21,""Domino's Pizza"":20,""Burger King"":19,""Starbucks"":18,""Pizza Hut"":14,""Little Caesars"":13,""Papa Murphy's"":12,""Panda Express"":12,""KFC"":9,""Culver's"":9,""Dunkin'"":9,""Jimmy John's"":8,""Chipotle Mexican Grill"":8,""Jack in the Box"":8}","{""Walmart"":54,""Albertsons"":38,""McDonald's"":34,""Wendy's"":25,""Maverik"":25,""Bomgaars"":20,""ConocoPhillips"":20,""Ace Hardware"":19,""Dairy Queen"":18,""Sierra"":14,""Arby's"":14,""Domino's Pizza"":10,""Subway"":10,""Burger King"":9,""Boot Barn"":7,""Walgreens"":7,""Tractor Supply Co."":5,""Pizza Hut"":4,""Builders FirstSource"":4,""The UPS Store"":3}","{""Verizon Wireless"":45,""AT&T"":23,""Sprint"":5,""T-Mobile"":5,""Disney Mobile"":3,""Straight Talk"":3,""Google Fi"":2}","{""Netflix"":26,""Hulu"":18,""Disney Plus"":13,""Amazon Prime Video"":12,""Peacock"":7,""YouTube TV"":5,""Youtube"":4,""Dish Network"":4,""Redbox"":4,""Starz"":3,""Sling TV"":2,""Roku"":2,""HBO Max"":2,""Funimation"":2,""Vudu"":2,""Amazon Prime"":2,""DirecTV"":2,""Youtube Premium"":2}","{""Dashpass"":2,""Uber Eats"":2}","{""Uber"":4,""Lyft"":2}","{""Affirm.com"":5,""Afterpay"":4,""Klarna"":3}","{""Apple Card"":7,""PayPal"":2,""Apple Cash"":2}"
170808,224-222@5sy-bzg-cnq,SG_BRAND_764ff6f1443f4f0c067b43a0934dc9dc,Builders FirstSource,2022-07-01,2022-08-01,522.49,7,5,25.27,34.01,"{""25"":8.74,""75"":159.40}","[0.00,0.00,0.00,0.00,0.00,0.00,0.00,0.00,0.00,0.00,318.94,0.00,0.00,0.00,0.00,0.00,0.00,0.00,0.00,0.00,0.00,0.00,0.00,0.00,186.07,17.48,0.00,0.00,0.00,0.00,0.00]","[null,null,null,null,null,null,null,null,null,null,25.27,null,null,null,null,null,null,null,null,null,null,null,null,null,93.04,8.74,null,null,null,null,null]","{""Monday"":505.01,""Tuesday"":17.48,""Wednesday"":0.00,""Thursday"":0.00,""Friday"":0.00,""Saturday"":0.00,""Sunday"":0.00}","{""Wednesday"":4,""Monday"":4,""Saturday"":5,""Thursday"":4,""Tuesday"":4,""Friday"":5,""Sunday"":5}",514.0,5.0,0,0.0,"{""No intermediary"":7}","{""No intermediary"":522.49}","{""1"":3,""2"":2,""3"":0,""4"":0,""5-10"":0,"">10"":0}","{""1"":151.49,""2"":34.01,""3"":null,""4"":null,""5-10"":null,"">10"":null}","{""25-45k"":2,""100-150k"":2}","{""25-45k"":147.54,""100-150k"":75.81}","{""Cody, WY"":4}","{""Walmart"":80,""Albertsons"":80,""Target"":60,""Papa Murphy's"":60,""Taco John's"":60,""Ace Hardware"":60,""Spectrum"":60,""McDonald's"":60,""At Home"":40,""Scheels"":40,""Wendy's"":40,""ConocoPhillips"":40,""Maverik"":40,""Costco"":40,""Dollar Tree"":40,""Verizon Wireless"":20,""Bomgaars"":20,""Sierra"":20,""Chick-fil-A"":20,""Dairy Queen"":20}","{""Amazon"":60,""Barclaycard US"":40,""Apple"":40,""AT&T"":40,""Amazon Marketplace"":40,""Walmart"":20,""Dollar Shave Club"":20,""Disney Mobile"":20,""Chewy"":20,""Google"":20,""Netflix"":20,""eBay"":20,""Google Storage"":20,""Spotify"":20,""Audible"":20,""Blizzard Entertainment"":20,""Pizza Hut"":20}",{},"{""Walmart"":80,""Albertsons"":80,""Taco John's"":60,""Ace Hardware"":60,""McDonald's"":60,""Wendy's"":40,""Bomgaars"":20,""Sierra"":20,""Dairy Queen"":20,""Burger King"":20,""Pizza Hut"":20,""Arby's"":20}","{""AT&T"":40,""Disney Mobile"":20,""Verizon Wireless"":20}","{""Netflix"":20}",{},{},{},{}
170827,226-222@5sy-bzg-cnq,,,2022-07-01,2022-08-01,1748.68,40,14,27.25,112.68,"{""25"":12.60,""75"":60.01}","[133.58,0.00,0.00,0.00,265.24,62.73,12.48,78.50,0.00,271.06,54.50,53.46,29.32,216.72,0.00,0.00,0.00,257.68,0.00,38.23,21.26,0.00,0.00,0.00,20.20,21.26,190.96,21.50,0.00,0.00,0.00]","[33.40,null,null,null,60.01,62.73,12.48,39.25,null,271.06,27.25,26.73,14.66,54.18,null,null,null,64.42,null,38.23,10.63,null,null,null,10.10,10.63,38.25,21.50,null,null,null]","{""Monday"":332.38,""Tuesday"":339.96,""Wednesday"":321.24,""Thursday"":271.96,""Friday"":212.08,""Saturday"":0.00,""Sunday"":271.06}","{""Wednesday"":4,""Monday"":4,""Saturday"":5,""Thursday"":4,""Tuesday"":4,""Friday"":5,""Sunday"":5}",87.0,137.0,0,0.0,"{""No intermediary"":40}","{""No intermediary"":1748.68}","{""1"":4,""2"":5,""3"":0,""4"":1,""5-10"":4,"">10"":0}","{""1"":82.51,""2"":81.60,""3"":null,""4"":106.92,""5-10"":225.93,"">10"":null}","{""<25k"":2,""25-45k"":2,""45-60k"":2,""60-75k"":2,""75-100k"":2,""100-150k"":5,"">150k"":2}","{""<25k"":106.92,""25-45k"":89.28,""45-60k"":63.78,""60-75k"":20.20,""75-100k"":120.02,""100-150k"":254.36,"">150k"":23.25}","{""Cody, WY"":9,""Chicago, IL"":2,""Fort Myers, FL"":2}","{""Walmart"":93,""Albertsons"":72,""Maverik"":65,""McDonald's"":50,""Wendy's"":43,""Ace Hardware"":36,""Walgreens"":36,""Exxon Mobil"":36,""Verizon Wireless"":29,""Burger King"":29,""Tractor Supply Co."":29,""Target"":22,""Bomgaars"":22,""Starbucks"":22,""Pizza Hut"":22,""ULTA Beauty"":15,""Hoka One One"":15,""At Home"":15,""Domino's Pizza"":15,""Taco John's"":15}","{""Amazon"":36,""Sirius XM"":36,""Netflix"":36,""Amazon Marketplace"":36,""Apple"":29,""AT&T"":29,""Walmart"":22,""Dashpass"":22,""McDonald's"":22,""Subway"":22,""Roku"":15,""Taco John's"":15,""Macy's"":15,""Apple Card"":15,""Maverik"":15,""Hulu"":15,""Amazon Digital Services"":15,""Weight Watchers"":15,""Blizzard Entertainment"":15,""Pizza Hut"":15}",{},"{""Walmart"":72,""Albertsons"":72,""Wendy's"":36,""McDonald's"":36,""Ace Hardware"":29,""Maverik"":29,""Burger King"":22,""Pizza Hut"":22,""Bomgaars"":15,""Domino's Pizza"":15,""Taco John's"":15,""Sierra"":15,""Subway"":15,""Arby's"":15,""ConocoPhillips"":8,""O'Reilly Auto Parts"":8,""Walgreens"":8,""Dairy Queen"":8}","{""AT&T"":36,""Verizon Wireless"":29,""Disney Mobile"":8}","{""Netflix"":36,""Roku"":15,""Hulu"":15,""YouTube TV"":8,""Vudu"":8,""Amazon Prime Video"":8,""Youtube Premium"":8}","{""Dashpass"":22,""Uber Eats"":8}",{},{},"{""Apple Card"":15}"
170873,zzw-222@5sy-bzg-pgk,SG_BRAND_da46ad6f82825669a56b44d32564dff8,Domino's Pizza,2022-07-01,2022-08-01,7619.5,202,161,33.32,37.41,"{""25"":25.04,""75"":47.76}","[234.39,93.71,91.03,106.49,506.68,274.76,292.99,216.13,210.38,321.35,596.51,102.26,377.94,138.45,118.76,128.52,91.72,630.93,258.83,180.44,123.90,174.45,0.00,291.67,600.11,164.52,266.15,550.13,361.26,53.36,61.68]","[26.89,46.86,29.19,53.25,33.31,28.30,36.30,34.86,34.28,62.80,25.70,24.17,51.25,37.61,33.79,28.56,27.25,28.02,39.72,37.38,46.19,33.34,null,47.01,32.42,29.24,49.93,37.47,31.11,26.68,30.84]","{""Monday"":1934.04,""Tuesday"":1032.29,""Wednesday"":1099.29,""Thursday"":1105.47,""Friday"":1104.99,""Saturday"":485.97,""Sunday"":857.45}","{""Wednesday"":4,""Monday"":4,""Saturday"":5,""Thursday"":4,""Tuesday"":4,""Friday"":5,""Sunday"":5}",-12.0,-12.0,4,143.7,"{""No intermediary"":202}","{""No intermediary"":7619.50}","{""1"":137,""2"":15,""3"":3,""4"":5,""5-10"":1,"">10"":0}","{""1"":39.59,""2"":62.58,""3"":79.97,""4"":169.41,""5-10"":170.21,"">10"":null}","{""<25k"":15,""25-45k"":25,""45-60k"":21,""60-75k"":18,""75-100k"":23,""100-150k"":21,"">150k"":32}","{""<25k"":40.30,""25-45k"":45.31,""45-60k"":42.59,""60-75k"":46.01,""75-100k"":51.15,""100-150k"":62.98,"">150k"":46.09}","{""Cody, WY"":27,""Gillette, WY"":22,""Acme, WY"":12,""Clark, WY"":8,""Panguitch, UT"":4,""Churubusco, IN"":3,""Rapid City, SD"":3,""San Antonio, TX"":3,""Eagle, ID"":3,""Waupun, WI"":2,""Geneva, IL"":2,""Lubbock, TX"":2,""Pigeon Forge, TN"":2,""Durango, CO"":2,""Bill, WY"":2,""Ballard, UT"":2,""Garden City, ID"":2,""Bethel, ME"":2,""Pollock, ID"":2,""Annabella, UT"":2,""Milton, WA"":2,""Laramie, WY"":2,""Houston, TX"":2,""Benjamin, UT"":2,""Laud, IN"":2,""Harrisville, UT"":2,""Basin, WY"":2,""Missoula, MT"":2,""Cheektowaga, NY"":2,""Swormville, NY"":2,""Des Moines, IA"":2,""Waukesha, WI"":2,""Marietta, GA"":2,""Strongsville, OH"":2,""Chalkhill, PA"":2,""Denver, CO"":2,""Great Falls, MT"":2,""Silverdale, WA"":2,""Las Vegas, NV"":2,""Eden, WY"":2,""Ankeny, IA"":2,""Cardiff, CO"":2,""Garden, UT"":2,""La Porte City, IA"":2,""Lexington, KY"":2,""Middleport, NY"":2,""Burmester, UT"":2,""Madison, NC"":2,""Rexburg, ID"":2,""Erda, UT"":2,""Bozeman, MT"":2,""Almy, WY"":2,""Billings, MT"":2,""Nassau, NY"":2,""Anchorage, AK"":2,""Sacramento, CA"":2,""Quartzsite, AZ"":2,""Lockport, NY"":2,""Buxton, ME"":2,""Jacksonville, NC"":2,""Encampment, WY"":2,""Idaho Falls, ID"":2,""Peoria, AZ"":2,""Milwaukee, WI"":2,""Creswell, OR"":2}","{""Walmart"":90,""McDonald's"":63,""Albertsons"":50,""Maverik"":48,""Exxon Mobil"":33,""Walgreens"":32,""ConocoPhillips"":29,""Wendy's"":28,""Dairy Queen"":25,""Spectrum"":25,""Shell Oil"":25,""The Home Depot"":24,""Subway"":23,""Taco Bell"":22,""Verizon Wireless"":22,""Taco John's"":22,""Arby's"":21,""Target"":20,""Big D"":17,""Holiday Station"":17}","{""Amazon"":63,""Apple"":40,""Netflix"":39,""Amazon Marketplace"":36,""Walmart"":24,""Spotify"":24,""Hulu"":22,""Amazon Digital Services"":19,""Sirius XM"":14,""Maverik"":12,""Amazon Prime Video"":12,""Verizon Wireless"":12,""McDonald's"":12,""Wendy's"":10,""AT&T"":9,""Audible"":9,""Steam"":9,""Google"":9,""Roku"":8,""Pizza Hut"":8}","{""McDonald's"":68,""Wendy's"":37,""Dairy Queen"":25,""Subway"":25,""Taco Bell"":22,""Taco John's"":22,""Arby's"":21,""Sonic"":17,""Starbucks"":17,""Qdoba Mexican Grill"":16,""Burger King"":15,""Jimmy John's"":13,""Chick-fil-A"":11,""Pizza Hut"":10,""KFC"":8,""Little Caesars"":7,""Buffalo Wild Wings"":7,""Pizza Ranch"":6,""Crumbl Cookies"":6,""Perkins Restaurant & Bakery"":6}","{""Walmart"":31,""Albertsons"":22,""Maverik"":15,""Wendy's"":12,""McDonald's"":11,""ConocoPhillips"":9,""Dairy Queen"":9,""Bomgaars"":8,""Arby's"":8,""Walgreens"":6,""Taco John's"":5,""Sierra"":5,""Ace Hardware"":5,""Burger King"":5,""Subway"":4,""Papa Murphy's"":3,""Tractor Supply Co."":3,""The UPS Store"":2,""Boot Barn"":2,""United States Postal Service (USPS)"":2}","{""Verizon Wireless"":32,""AT&T"":15,""T-Mobile"":7,""Straight Talk"":3,""Cricket Wireless"":2,""MetroPCS"":1,""U.S. Cellular"":1,""Boost Mobile"":1,""Sprint"":1}","{""Netflix"":39,""Hulu"":22,""Disney Plus"":15,""Amazon Prime Video"":12,""Roku"":8,""Dish Network"":4,""Youtube Premium"":4,""Peacock"":3,""Redbox"":3,""Youtube"":2,""Sling TV"":2,""YouTube TV"":2,""Funimation"":2,""Vudu"":2,""Crunchyroll"":2,""Starz"":2,""Amazon Prime"":1}","{""Dashpass"":4,""Uber Eats"":4,""DoorDash"":2,""HelloFresh"":2,""Instacart"":1}","{""Uber"":4,""Lyft"":2}","{""Afterpay"":5,""Affirm.com"":5,""Klarna"":4,""Sezzle"":2}","{""Apple Card"":6,""PayPal"":5,""Venmo"":1,""Apple Cash"":1,""Cash App"":1}"
170893,zzw-224@5sy-bzg-pgk,,,2022-07-01,2022-08-01,1914.56,44,25,38.6,75.4,"{""25"":22.18,""75"":58.80}","[74.40,31.56,14.44,0.00,311.28,76.48,42.36,117.60,0.00,156.96,65.20,0.00,47.32,86.72,0.00,0.00,75.40,96.00,0.00,0.00,77.20,60.32,99.24,0.00,237.88,209.20,0.00,0.00,0.00,0.00,35.00]","[37.20,31.56,14.44,null,59.40,76.48,42.36,58.80,null,156.96,32.60,null,23.66,21.68,null,null,75.40,48.00,null,null,38.60,30.16,99.24,null,59.47,29.36,null,null,null,null,35.00]","{""Monday"":399.08,""Tuesday"":520.48,""Wednesday"":123.80,""Thursday"":206.28,""Friday"":252.32,""Saturday"":130.80,""Sunday"":281.80}","{""Wednesday"":4,""Monday"":4,""Saturday"":5,""Thursday"":4,""Tuesday"":4,""Friday"":5,""Sunday"":5}",215.0,95.0,0,0.0,"{""No intermediary"":44}","{""No intermediary"":1914.56}","{""1"":8,""2"":16,""3"":0,""4"":1,""5-10"":0,"">10"":0}","{""1"":66.43,""2"":74.60,""3"":null,""4"":189.52,""5-10"":null,"">10"":null}","{""<25k"":2,""25-45k"":2,""45-60k"":2,""75-100k"":2,""100-150k"":4,"">150k"":8}","{""<25k"":77.18,""25-45k"":104.78,""45-60k"":30.64,""75-100k"":14.44,""100-150k"":105.93,"">150k"":80.59}","{""Plano, TX"":9,""Santa Fe, NM"":6,""Aurora, CO"":5,""Boise, ID"":3,""Eagle, ID"":3,""Grayling, MT"":2,""Alamogordo, NM"":2,""Santa Rosa Beach, FL"":2,""Cody, WY"":2,""Portland, OR"":2,""Seattle, WA"":2,""Clark, WY"":2,""South Burlington, VT"":2,""Maysville, CO"":2,""Luther, MT"":2,""Fort Collins, CO"":2,""Cheyenne, WY"":2,""Canadys, SC"":2,""Peachtree City, GA"":2}","{""Walmart"":60,""Exxon Mobil"":60,""Albertsons"":56,""McDonald's"":48,""ConocoPhillips"":40,""Starbucks"":36,""Walgreens"":36,""Safeway"":28,""Sierra"":28,""Maverik"":28,""Costco"":28,""Lowe's"":24,""The Home Depot"":24,""Dairy Queen"":24,""Chevron"":20,""Wendy's"":20,""Ace Hardware"":20,""Shell Oil"":20,""Dunkin'"":20,""Arby's"":20}","{""Apple"":56,""Amazon"":52,""Netflix"":36,""Amazon Marketplace"":28,""Spotify"":24,""Hulu"":16,""Amazon Digital Services"":16,""Uber"":12,""Chewy"":12,""Adobe Systems"":12,""AT&T"":12,""Amazon Prime Video"":12,""T-Mobile"":12,""Walmart"":8,""CarMax"":8,""Target"":8,""Steam"":8,""Sirius XM"":8,""Old Navy"":8,""Chick-fil-A"":8}","{""McDonald's"":48,""Starbucks"":36,""Dairy Queen"":24,""Wendy's"":20,""Dunkin'"":20,""Arby's"":20,""Jimmy John's"":16,""Chick-fil-A"":16,""Chipotle Mexican Grill"":12,""Domino's Pizza"":12,""Taco Bell"":12,""Taco John's"":12,""Popeyes Louisiana Kitchen"":12,""Applebee's"":12,""Cracker Barrel"":12,""Subway"":12,""Chili's Grill & Bar"":8,""Olive Garden"":8,""Freddy's Frozen Custard"":8,""Burger King"":8}","{""Walmart"":52,""Albertsons"":32,""Sierra"":28,""Walgreens"":20,""McDonald's"":20,""Dairy Queen"":16,""Wendy's"":12,""Smoker Friendly"":8,""ConocoPhillips"":8,""Ace Hardware"":8,""Subway"":8,""Arby's"":8,""Bomgaars"":4,""Domino's Pizza"":4,""Holiday Inn"":4,""Boot Barn"":4,""Maverik"":4,""Sherwin-Williams"":4}","{""AT&T"":16,""Verizon Wireless"":16,""T-Mobile"":12}","{""Netflix"":36,""Hulu"":16,""Amazon Prime Video"":12,""Sling TV"":4,""HBO Max"":4,""YouTube TV"":4,""Youtube"":4,""Peacock"":4,""Redbox"":4,""Disney Plus"":4}","{""Dashpass"":4,""HelloFresh"":4,""Instacart"":4}","{""Uber"":12,""Lyft"":4}",{},"{""Apple Cash"":4}"
170931,zzw-222@5sy-bxt-dqf,SG_BRAND_974825b578ac6df2330cf472fc2d9e57,Tractor Supply Co.,2022-07-01,2022-08-01,6855.08,68,54,58.87,58.25,"{""25"":27.24,""75"":126.13}","[257.64,224.89,60.28,14.79,786.48,43.67,226.60,389.29,195.64,966.00,578.76,27.91,174.41,29.11,122.93,0.00,0.00,45.84,93.77,358.74,264.04,151.96,923.05,0.00,215.02,33.88,0.00,69.66,572.15,5.94,22.63]","[33.16,27.88,60.28,14.79,103.99,43.67,70.58,40.54,195.64,86.30,88.39,27.91,36.24,29.11,61.47,null,null,22.92,93.77,99.60,132.02,27.28,153.36,null,58.12,33.88,null,69.66,62.39,5.94,22.63]","{""Monday"":854.41,""Tuesday"":942.04,""Wednesday"":576.82,""Thursday"":589.41,""Friday"":1493.97,""Saturday"":1349.52,""Sunday"":1048.91}","{""Wednesday"":4,""Monday"":4,""Saturday"":5,""Thursday"":4,""Tuesday"":4,""Friday"":5,""Sunday"":5}",-3.0,120.0,3,263.29,"{""No intermediary"":68}","{""No intermediary"":6855.08}","{""1"":43,""2"":8,""3"":3,""4"":0,""5-10"":0,"">10"":0}","{""1"":83.96,""2"":289.54,""3"":309.55,""4"":null,""5-10"":null,"">10"":null}","{""<25k"":6,""25-45k"":9,""45-60k"":2,""60-75k"":2,""75-100k"":7,""100-150k"":10,"">150k"":10}","{""<25k"":87.32,""25-45k"":114.77,""45-60k"":59.30,""60-75k"":114.56,""75-100k"":121.21,""100-150k"":89.00,"">150k"":200.22}","{""Cody, WY"":14,""Clark, WY"":6,""Acme, WY"":4,""Pollock, ID"":3,""Rico, CO"":3,""Lakeland, MO"":3,""Cedar Rapids, IA"":2,""Troy, MN"":2,""Dukes, FL"":2,""Chiles, KS"":2,""Baltimore, MD"":2,""Phoenix, AZ"":2,""Basin, WY"":2,""Missoula, MT"":2,""Aberdeen, NC"":2,""Keller, TX"":2,""Jackson, TN"":2,""Anna, IL"":2,""Show Low, AZ"":2,""Spokane, WA"":2,""Philadelphia, PA"":2,""Alma, TX"":2,""Bozeman, MT"":2,""Charleston, UT"":2,""Billings, MT"":2,""Hardwick, GA"":2,""Fogelsville, PA"":2,""Gordon, GA"":2,""Buxton, ME"":2,""Cumming, GA"":2,""Wake Forest, NC"":2}","{""Walmart"":82,""Albertsons"":52,""Exxon Mobil"":49,""Maverik"":41,""ConocoPhillips"":30,""Ace Hardware"":30,""Dairy Queen"":28,""McDonald's"":28,""Shell Oil"":28,""Bomgaars"":26,""Walgreens"":25,""Verizon Wireless"":21,""Casey's General Stores"":21,""Pilot Flying J"":21,""Love's Travel Stops and Country Stores"":17,""O'Reilly Auto Parts"":17,""United States Postal Service (USPS)"":17,""BP"":15,""Lowe's"":15,""Wendy's"":15}","{""Amazon"":49,""Apple"":34,""Spotify"":25,""Netflix"":23,""Walmart"":21,""Maverik"":19,""Amazon Digital Services"":19,""Hulu"":17,""AT&T"":13,""Verizon Wireless"":12,""Amazon Prime Video"":12,""Amazon Marketplace"":10,""Sirius XM"":8,""Audible"":8,""Amazon Kindle"":8,""Etsy"":6,""Dollar Tree"":6,""Bank of America Merchant Services"":4,""Chipotle Mexican Grill"":4,""Planet Fitness"":4}","{""Ace Hardware"":30,""Lowe's"":15,""Harbor Freight Tools"":6,""The Home Depot"":4,""True Value Hardware"":2,""Sherwin-Williams"":2,""Menard's"":2}","{""Walmart"":71,""Albertsons"":49,""Maverik"":23,""Dairy Queen"":23,""Ace Hardware"":21,""Walgreens"":17,""Sierra"":13,""Boot Barn"":12,""O'Reilly Auto Parts"":12,""Wendy's"":10,""ConocoPhillips"":10,""McDonald's"":10,""Subway"":10,""Domino's Pizza"":8,""Taco John's"":8,""Arby's"":8,""The UPS Store"":6,""Dollar Tree"":6,""Smoker Friendly"":4,""United States Postal Service (USPS)"":4}","{""Verizon Wireless"":32,""AT&T"":19,""Boost Mobile"":4,""Straight Talk"":2,""Sprint"":2}","{""Netflix"":23,""Hulu"":17,""Amazon Prime Video"":12,""Disney Plus"":6,""HBO Max"":4,""Dish Network"":4,""Peacock"":4,""Roku"":2,""Fubo"":2,""Youtube"":2,""Funimation"":2,""Redbox"":2,""Time Warner Cable"":2,""Amazon Prime"":2,""DirecTV"":2,""Youtube Premium"":2}","{""Dashpass"":4,""Uber Eats"":4,""HelloFresh"":2,""Instacart"":2}","{""Lyft"":2,""Uber"":2}",{},"{""Apple Cash"":6,""PayPal"":2,""Apple Card"":2,""Cash App"":2}"
171016,226-222@5sy-bzg-qj9,,,2022-07-01,2022-08-01,5489.5,154,88,31.18,54.76,"{""25"":24.48,""75"":45.57}","[315.26,76.00,192.13,79.71,628.64,30.93,245.65,116.12,63.32,72.75,132.52,144.32,148.70,141.34,536.58,11.82,185.37,618.82,41.43,57.40,391.60,0.00,41.96,112.61,578.74,0.00,27.00,266.15,32.00,110.18,90.45]","[30.92,25.97,32.50,39.86,56.50,30.93,34.35,29.03,31.66,36.38,22.64,27.86,37.18,35.34,31.37,11.82,52.66,32.94,20.72,15.47,30.32,null,20.98,23.95,37.38,null,27.00,66.63,16.00,55.09,31.00]","{""Monday"":1409.79,""Tuesday"":814.39,""Wednesday"":264.03,""Thursday"":1044.74,""Friday"":999.96,""Saturday"":303.28,""Sunday"":653.31}","{""Wednesday"":4,""Monday"":4,""Saturday"":5,""Thursday"":4,""Tuesday"":4,""Friday"":5,""Sunday"":5}",67.0,31.0,8,295.88,"{""No intermediary"":154}","{""No intermediary"":5489.50}","{""1"":33,""2"":48,""3"":4,""4"":2,""5-10"":1,"">10"":0}","{""1"":41.47,""2"":71.41,""3"":94.82,""4"":68.61,""5-10"":176.65,"">10"":null}","{""<25k"":8,""25-45k"":10,""45-60k"":4,""60-75k"":4,""75-100k"":9,""100-150k"":14,"">150k"":30}","{""<25k"":44.08,""25-45k"":46.18,""45-60k"":42.21,""60-75k"":78.03,""75-100k"":74.22,""100-150k"":74.06,"">150k"":64.33}","{""Nampa, ID"":9,""Cody, WY"":5,""Ogden, UT"":4,""North Chesterfield, VA"":4,""Shallotte, NC"":3,""Coeur D Alene, ID"":3,""Index, WA"":2,""Springfield, VA"":2,""Raleigh, NC"":2,""Lovell, WY"":2,""Detroit Lakes, MN"":2,""Millbury, MA"":2,""Salt Lake City, UT"":2,""Saint Petersburg, FL"":2,""Morrisville, NC"":2,""Refton, PA"":2,""Williston, ND"":2,""Kenosha, WI"":2,""Watertown, NY"":2,""Kansas City, MO"":2,""Bryan, WY"":2,""Mesa, AZ"":2,""Noblesville, IN"":2,""Stevensville, MT"":2,""Houston, TX"":2,""Boca Raton, FL"":2,""Benjamin, UT"":2,""Phoenix, AZ"":2,""Steubenville, OH"":2,""Livingston, TX"":2,""Salem, UT"":2,""Rapid City, SD"":2,""Canandaigua, NY"":2,""Toledo, OH"":2,""Conroe, TX"":2,""Seattle, WA"":2,""Clark, WY"":2,""Ankeny, IA"":2,""Cedar City, UT"":2,""Ahtanum, WA"":2,""Thatcher, AZ"":2,""Clifton, ID"":2,""Bates City, MO"":2,""Baldwin, GA"":2,""Mcdonald, WA"":2,""Bakersfield, CA"":2,""Colorado Springs, CO"":2,""Monument, CO"":2,""Draper, UT"":2,""Alma, TX"":2,""Bozeman, MT"":2,""San Antonio, TX"":2,""Brighton, MI"":2,""Branson, MO"":2,""Dallas, TX"":2,""Greer, SC"":2,""Casper, WY"":2,""Silverton, OR"":2,""Aurora, CO"":2,""Acme, WY"":2,""Cuyahoga Falls, OH"":2,""Lees Summit, MO"":2,""Canadys, SC"":2,""Pooler, GA"":2,""Encampment, WY"":2,""Idaho Falls, ID"":2}","{""Walmart"":80,""McDonald's"":57,""Maverik"":53,""Exxon Mobil"":47,""Albertsons"":37,""Shell Oil"":36,""Wendy's"":33,""Chevron"":30,""ConocoPhillips"":29,""Walgreens"":29,""Dairy Queen"":28,""Pilot Flying J"":28,""Love's Travel Stops and Country Stores"":24,""Arby's"":23,""Target"":21,""Taco Bell"":20,""Subway"":19,""Verizon Wireless"":18,""Costco"":18,""Spectrum"":18}","{""Amazon"":43,""Apple"":33,""Netflix"":33,""Amazon Digital Services"":24,""Amazon Marketplace"":23,""AT&T"":19,""Sirius XM"":15,""Maverik"":15,""Walmart"":13,""Verizon Wireless"":13,""Spotify"":13,""Hulu"":12,""Audible"":12,""Pizza Hut"":12,""Amazon Prime Video"":10,""Uber"":8,""Chewy"":8,""Dish Network"":8,""Dashpass"":8,""Target"":7}","{""McDonald's"":57,""Wendy's"":35,""Dairy Queen"":28,""Arby's"":23,""Taco Bell"":22,""Subway"":22,""Starbucks"":18,""Burger King"":18,""Pizza Hut"":16,""Chick-fil-A"":15,""Domino's Pizza"":14,""Jimmy John's"":13,""Culver's"":13,""Cracker Barrel"":13,""Sonic"":11,""In-N-Out Burger"":10,""Denny's"":8,""Olive Garden"":7,""Jersey Mike's"":7,""Taco John's"":7}","{""Walmart"":49,""Albertsons"":23,""Maverik"":22,""Walgreens"":14,""Dairy Queen"":13,""Wendy's"":12,""McDonald's"":11,""Arby's"":10,""Holiday Inn"":6,""Domino's Pizza"":4,""ConocoPhillips"":4,""Subway"":4,""Smoker Friendly"":3,""Taco John's"":3,""Burger King"":3,""Tractor Supply Co."":3,""Dollar Tree"":3,""SmartStyle Family Hair Salons"":2,""Papa Murphy's"":2,""Bomgaars"":2}","{""Verizon Wireless"":30,""AT&T"":22,""T-Mobile"":8,""Sprint"":2}","{""Netflix"":33,""Hulu"":12,""Amazon Prime Video"":10,""Dish Network"":8,""Roku"":6,""Disney Plus"":6,""Youtube"":4,""Peacock"":3,""Sling TV"":2,""YouTube TV"":2,""Crunchyroll"":2,""Redbox"":2,""Time Warner Cable"":2,""DirecTV"":2,""Youtube Premium"":2}","{""Dashpass"":8,""DoorDash"":4,""Uber Eats"":3}","{""Uber"":8,""Lyft"":3}","{""Affirm.com"":3,""Klarna"":2}","{""PayPal"":3,""Apple Card"":2,""Apple Cash"":2}"
171021,222-222@5sy-bxw-2tv,SG_BRAND_5179b21fc1d50950b99b4eecaa48c614,McDonald's,2022-07-01,2022-08-01,5385.24,372,263,12.04,15.6,"{""25"":7.18,""75"":19.76}","[101.34,18.46,23.87,19.49,665.98,240.07,444.06,196.18,174.36,64.07,443.80,188.57,75.38,118.67,117.11,27.14,87.35,311.81,119.25,221.09,98.92,56.64,112.34,134.15,512.22,193.62,69.30,279.86,132.95,88.18,49.01]","[8.74,9.23,9.26,9.75,16.74,15.13,14.79,12.06,15.50,16.59,17.16,9.88,7.28,10.12,7.27,13.57,9.70,11.96,8.57,17.10,9.99,9.53,13.52,15.29,16.69,8.42,5.25,10.89,16.94,11.49,17.42]","{""Monday"":1287.32,""Tuesday"":1167.42,""Wednesday"":605.84,""Thursday"":941.51,""Friday"":604.22,""Saturday"":420.48,""Sunday"":358.45}","{""Wednesday"":4,""Monday"":4,""Saturday"":5,""Thursday"":4,""Tuesday"":4,""Friday"":5,""Sunday"":5}",12.0,-1.0,8,143.0,"{""No intermediary"":372}","{""No intermediary"":5385.24}","{""1"":207,""2"":39,""3"":6,""4"":4,""5-10"":6,"">10"":1}","{""1"":15.77,""2"":31.11,""3"":34.55,""4"":61.18,""5-10"":69.01,"">10"":42.31}","{""<25k"":14,""25-45k"":29,""45-60k"":23,""60-75k"":21,""75-100k"":38,""100-150k"":51,"">150k"":67}","{""<25k"":12.74,""25-45k"":18.93,""45-60k"":17.85,""60-75k"":18.28,""75-100k"":23.03,""100-150k"":26.05,"">150k"":19.54}","{""Cody, WY"":53,""Jacksonville, AR"":6,""Billings, MT"":6,""Natick, MA"":5,""East Carbon, UT"":4,""Pocatello, ID"":4,""Acme, WY"":4,""Schertz, TX"":3,""Stockton, CA"":3,""Sandy, UT"":3,""Plymouth, MN"":3,""Bannack, MT"":3,""Watertown, NY"":3,""Logansport, IN"":3,""Boca Raton, FL"":3,""Bridgeland, UT"":3,""Clark, WY"":3,""Dalton, GA"":3,""Chugwater, WY"":3,""Carrolls, WA"":3,""Stafford, VA"":3,""Ashburn, VA"":3,""Casper, WY"":3,""Hauser, ID"":2,""Saint George, UT"":2,""Colfax, IA"":2,""Buffalo, SD"":2,""Raleigh, NC"":2,""Alger, WA"":2,""Lovell, WY"":2,""Bennett, CO"":2,""Altoona, IA"":2,""Goodyear, AZ"":2,""Geneva, IL"":2,""Fort Myers, FL"":2,""Lancaster, NH"":2,""Roy, UT"":2,""Decatur, IL"":2,""Mercer, PA"":2,""Chicago, IL"":2,""Newcastle, WY"":2,""Kensington, MD"":2,""Moscow, ID"":2,""Waco, TX"":2,""Greybull, WY"":2,""Williston, ND"":2,""Thermopolis, WY"":2,""Carmel, IN"":2,""Vernal, UT"":2,""Ocala, FL"":2,""Midland, TX"":2,""San Francisco, CA"":2,""Lakeside, FL"":2,""Amarillo, TX"":2,""Roseville, MI"":2,""Billerica, MA"":2,""Santa Fe, NM"":2,""Springville, UT"":2,""Gainesville, FL"":2,""Clearwater, FL"":2,""Mesa, AZ"":2,""Stillwater, OK"":2,""Delanco, NJ"":2,""Devon, KY"":2,""Benjamin, UT"":2,""Buford, GA"":2,""Howell, MI"":2,""Highland, UT"":2,""Avondale, AZ"":2,""Riverton, WY"":2,""Aubrey, TX"":2,""Hurricane, UT"":2,""Magna, UT"":2,""Morgantown, WV"":2,""Lamont, WY"":2,""Snohomish, WA"":2,""Marietta, GA"":2,""Minnetonka, MN"":2,""Coeur D Alene, ID"":2,""Denver, CO"":2,""Rapid City, SD"":2,""Seattle, WA"":2,""Sedona, AZ"":2,""Eden, WY"":2,""Boise, ID"":2,""Ankeny, IA"":2,""Orange Park, FL"":2,""La Vergne, TN"":2,""Lake, WY"":2,""Ammon, ID"":2,""La Vernia, TX"":2,""Friendswood, TX"":2,""Emigrant, MT"":2,""Southern Pines, NC"":2,""Mars Hill, NC"":2,""Melbourne, FL"":2,""Colorado Springs, CO"":2,""Bellevue, WA"":2,""Keller, GA"":2,""Grant, ID"":2,""Martinsburg, WV"":2,""Custer, SD"":2,""Rexburg, ID"":2,""Bozeman, MT"":2,""Layton, UT"":2,""Cincinnati, OH"":2,""San Antonio, TX"":2,""Rochester, MN"":2,""Almy, WY"":2,""Englewood, CO"":2,""Plainfield, IN"":2,""Dallas, TX"":2,""Indianapolis, IN"":2,""Anchorage, AK"":2,""Parker, ID"":2,""Henderson, NV"":2,""Lafayette, IN"":2,""Neptune Beach, FL"":2,""Covington, TN"":2,""Strasburg, VA"":2,""Aurora, CO"":2,""Cedar Falls, IA"":2,""Deora, CO"":2,""Ashton, ID"":2,""Eagle, ID"":2,""Kissimmee, FL"":2,""Herriman, UT"":2,""Bethesda, MD"":2,""Hattiesburg, MS"":2,""Conata, SD"":2,""Ypsilanti, MI"":2,""Blanford, IN"":2,""Camp Pendleton, CA"":2,""Buxton, ME"":2,""Lees Summit, MO"":2,""Luther, MT"":2,""Fort Collins, CO"":2,""Chamblee, GA"":2,""Idaho Falls, ID"":2,""Chelsea, MI"":2,""Caldwell, ID"":2,""Daly City, CA"":2,""Greenwich, CT"":2,""Albuquerque, NM"":2,""Wadsworth, OH"":2,""Glenpool, OK"":2,""Albany, OR"":2}","{""Walmart"":84,""Maverik"":53,""Albertsons"":43,""Exxon Mobil"":42,""Wendy's"":39,""ConocoPhillips"":33,""Walgreens"":31,""Target"":30,""Subway"":30,""Dairy Queen"":29,""Shell Oil"":25,""Taco Bell"":23,""Pilot Flying J"":23,""Taco John's"":22,""Costco"":22,""Burger King"":22,""Chick-fil-A"":22,""Chevron"":21,""Arby's"":21,""Verizon Wireless"":21}","{""Amazon"":60,""Apple"":43,""Netflix"":35,""Amazon Marketplace"":25,""Amazon Digital Services"":23,""Walmart"":21,""Hulu"":19,""Spotify"":19,""Maverik"":17,""AT&T"":16,""Audible"":11,""Target"":10,""Verizon Wireless"":10,""Google"":10,""Sirius XM"":9,""Amazon Kindle"":8,""McDonald's"":7,""Planet Fitness"":7,""Uber"":7,""Comcast"":7}","{""Wendy's"":40,""Subway"":31,""Dairy Queen"":29,""Burger King"":24,""Taco Bell"":23,""Taco John's"":23,""Arby's"":23,""Chick-fil-A"":22,""Starbucks"":20,""Domino's Pizza"":17,""Sonic"":13,""KFC"":10,""Pizza Hut"":10,""Jimmy John's"":9,""Olive Garden"":9,""Dunkin'"":9,""Chipotle Mexican Grill"":9,""Little Caesars"":7,""Papa Murphy's"":7,""In-N-Out Burger"":7}","{""Walmart"":47,""Albertsons"":32,""Maverik"":22,""Wendy's"":19,""Dairy Queen"":18,""Taco John's"":11,""ConocoPhillips"":8,""Arby's"":8,""Walgreens"":8,""Bomgaars"":7,""Ace Hardware"":7,""Domino's Pizza"":7,""Subway"":7,""Sierra"":7,""Burger King"":5,""Boot Barn"":4,""Dollar Tree"":4,""Pizza Hut"":3,""Tractor Supply Co."":2,""Holiday Inn"":2}","{""Verizon Wireless"":30,""AT&T"":21,""T-Mobile"":6,""Sprint"":4,""Straight Talk"":3,""Disney Mobile"":2,""U.S. Cellular"":1,""Google Fi"":1,""Cricket Wireless"":1,""MetroPCS"":1,""Boost Mobile"":1}","{""Netflix"":35,""Hulu"":19,""Disney Plus"":8,""Amazon Prime Video"":7,""Peacock"":5,""Roku"":4,""Dish Network"":4,""Redbox"":3,""Youtube"":3,""YouTube TV"":2,""Sling TV"":2,""Crunchyroll"":2,""HBO Max"":2,""Vudu"":1,""Time Warner Cable"":1,""Youtube Premium"":1,""Fubo"":1,""Funimation"":1,""Amazon Prime"":1,""DirecTV"":1}","{""Dashpass"":3,""Uber Eats"":3,""Instacart"":2,""DoorDash"":1,""HelloFresh"":1,""Grubhub"":1}","{""Uber"":7,""Lyft"":3}","{""Affirm.com"":2,""Klarna"":2,""Afterpay"":1,""Acima Credit"":1}","{""Apple Card"":3,""Apple Cash"":2,""PayPal"":2,""Venmo"":1}"
171056,zzw-223@5sy-bxw-54v,,,2022-07-01,2022-08-01,1405.0,5,3,201.0,380.0,"{""25"":190.00,""75"":412.00}","[0.00,0.00,0.00,0.00,0.00,0.00,201.00,824.00,0.00,0.00,0.00,0.00,0.00,0.00,0.00,0.00,0.00,0.00,0.00,0.00,0.00,0.00,0.00,0.00,380.00,0.00,0.00,0.00,0.00,0.00,0.00]","[null,null,null,null,null,null,201.00,412.00,null,null,null,null,null,null,null,null,null,null,null,null,null,null,null,null,190.00,null,null,null,null,null,null]","{""Monday"":380.00,""Tuesday"":0.00,""Wednesday"":0.00,""Thursday"":201.00,""Friday"":824.00,""Saturday"":0.00,""Sunday"":0.00}","{""Wednesday"":4,""Monday"":4,""Saturday"":5,""Thursday"":4,""Tuesday"":4,""Friday"":5,""Sunday"":5}",-56.0,332.0,0,0.0,"{""No intermediary"":5}","{""No intermediary"":1405.00}","{""1"":1,""2"":2,""3"":0,""4"":0,""5-10"":0,"">10"":0}","{""1"":201.00,""2"":602.00,""3"":null,""4"":null,""5-10"":null,"">10"":null}","{""75-100k"":2,""100-150k"":2,"">150k"":2}","{""75-100k"":380.00,""100-150k"":824.00,"">150k"":201.00}","{""Cody, WY"":4,""Thermopolis, WY"":2}","{""Walmart"":100,""McDonald's"":100,""Exxon Mobil"":100,""Verizon Wireless"":67,""Albertsons"":67,""Bomgaars"":67,""Domino's Pizza"":67,""Taco John's"":67,""Wendy's"":67,""Maverik"":67,""Murdoch's Ranch & Home Supply"":67,""Tractor Supply Co."":67,""Subway"":67,""Target"":34,""IGA"":34,""Taco Bell"":34,""KFC"":34,""The Home Depot"":34,""Safeway"":34,""The UPS Store"":34}","{""Amazon"":67,""Dish Network"":67,""Amazon Marketplace"":67,""Etsy"":34,""L.L.Bean"":34,""Walmart"":34,""Sirius XM"":34,""Apple"":34,""Oculus"":34,""Maverik"":34,""Hulu"":34,""Amazon Digital Services"":34,""Microsoft Ultimate"":34,""Fanatics"":34,""AT&T"":34,""Audible"":34,""Amazon Prime Video"":34,""Sportsman's Warehouse"":34,""AliExpress"":34,""Affirm.com"":34}",{},"{""Walmart"":67,""Albertsons"":67,""Bomgaars"":67,""Domino's Pizza"":67,""Taco John's"":67,""Wendy's"":67,""McDonald's"":67,""Subway"":67,""Boot Barn"":34,""Sierra"":34,""Maverik"":34,""Dairy Queen"":34,""Arby's"":34}","{""Verizon Wireless"":67,""AT&T"":34}","{""Dish Network"":67,""Hulu"":34,""Amazon Prime Video"":34,""Disney Plus"":34}",{},{},"{""Affirm.com"":34}",{}
171156,224-223@5sy-bxt-dvz,SG_BRAND_5deb800ce9500e72e355137ab8b48fb6,AT&T,2022-07-01,2022-08-01,243.63,3,2,90.27,121.82,"{""25"":19.76,""75"":133.60}","[0.00,0.00,0.00,0.00,0.00,0.00,0.00,0.00,0.00,0.00,0.00,0.00,0.00,0.00,0.00,0.00,0.00,90.27,0.00,0.00,0.00,0.00,0.00,0.00,153.36,0.00,0.00,0.00,0.00,0.00,0.00]","[null,null,null,null,null,null,null,null,null,null,null,null,null,null,null,null,null,90.27,null,null,null,null,null,null,76.68,null,null,null,null,null,null]","{""Monday"":243.63,""Tuesday"":0.00,""Wednesday"":0.00,""Thursday"":0.00,""Friday"":0.00,""Saturday"":0.00,""Sunday"":0.00}","{""Wednesday"":4,""Monday"":4,""Saturday"":5,""Thursday"":4,""Tuesday"":4,""Friday"":5,""Sunday"":5}",-87.0,-73.0,0,0.0,"{""No intermediary"":3}","{""No intermediary"":243.63}","{""1"":1,""2"":1,""3"":0,""4"":0,""5-10"":0,"">10"":0}","{""1"":90.27,""2"":153.36,""3"":null,""4"":null,""5-10"":null,"">10"":null}","{""<25k"":2,""100-150k"":2}","{""<25k"":90.27,""100-150k"":153.36}","{""Owensboro, KY"":2,""Golinda, TX"":2}","{""Walmart"":100,""Shell Oil"":100,""Sonic"":50,""Schlotzsky's"":50,""Cabela's"":50,""Target"":50,""Marco's Pizza"":50,""Jamba"":50,""Five Star Food Mart"":50,""Freddy's Frozen Custard"":50,""ALDI"":50,""Old Navy"":50,""CEFCO"":50,""Toot'n Totum"":50,""7-Eleven"":50,""Dollar General"":50,""Fast Stop"":50,""Wendy's"":50,""Hampton"":50,""Academy Sports + Outdoors"":50}","{""Amazon"":100,""Google"":100,""Netflix"":100,""Nintendo"":50,""Apple"":50,""Compassion International"":50,""H-E-B"":50,""AT&T"":50,""Audible"":50,""Amazon Prime Video"":50,""Amazon Marketplace"":50,""Intuit"":50}",{},{},{},"{""Netflix"":100,""Amazon Prime Video"":50}",{},{},{},{}
171163,222-222@5sy-dx8-zfz,,,2022-07-01,2022-08-01,1402.52,6,3,220.0,440.0,"{""25"":181.26,""75"":300.00}","[0.00,0.00,0.00,0.00,600.00,0.00,0.00,440.00,0.00,0.00,0.00,0.00,0.00,0.00,0.00,0.00,0.00,0.00,0.00,0.00,0.00,0.00,0.00,0.00,0.00,0.00,0.00,0.00,362.52,0.00,0.00]","[null,null,null,null,300.00,null,null,220.00,null,null,null,null,null,null,null,null,null,null,null,null,null,null,null,null,null,null,null,null,181.26,null,null]","{""Monday"":0.00,""Tuesday"":600.00,""Wednesday"":0.00,""Thursday"":0.00,""Friday"":802.52,""Saturday"":0.00,""Sunday"":0.00}","{""Wednesday"":4,""Monday"":4,""Saturday"":5,""Thursday"":4,""Tuesday"":4,""Friday"":5,""Sunday"":5}",,,0,0.0,"{""No intermediary"":6}","{""No intermediary"":1402.52}","{""1"":0,""2"":3,""3"":0,""4"":0,""5-10"":0,"">10"":0}","{""1"":null,""2"":467.51,""3"":null,""4"":null,""5-10"":null,"">10"":null}","{""75-100k"":2,""100-150k"":2,"">150k"":2}","{""75-100k"":362.52,""100-150k"":440.00,"">150k"":600.00}","{""Dallas, TX"":3,""Erda, UT"":2}","{""Walmart"":67,""Starbucks"":67,""Big D"":34,""Jack's Family Restaurants"":34,""Target"":34,""Verizon Wireless"":34,""Baylor Scott & White Health"":34,""Papa Murphy's"":34,""Chevron"":34,""Jersey Mike's"":34,""Claire's"":34,""Albertsons"":34,""Kroger"":34,""Mi Cocina"":34,""Domino's Pizza"":34,""The Home Depot"":34,""Hobby Lobby Stores"":34,""Safeway"":34,""PetSmart"":34,""First Watch Restaurants"":34}","{""Amazon"":67,""Walmart"":34,""Bank of America Merchant Services"":34,""Anytime Fitness"":34,""Zoom Video Communications"":34,""Target"":34,""Uber"":34,""Sirius XM"":34,""Adobe Systems"":34,""HelloFresh"":34,""Hotels.com"":34,""Netflix"":34,""Vivint"":34,""IKEA"":34,""Hulu"":34,""Spotify"":34,""Amazon Digital Services"":34,""Jersey Mike's Subs"":34,""Vans"":34,""Costa Vida"":34}","{""Anytime Fitness"":34}","{""Dairy Queen"":34,""Albertsons"":34,""Maverik"":34,""Subway"":34}","{""T-Mobile"":34,""Verizon Wireless"":34}","{""Hulu"":34,""Disney Plus"":34,""Netflix"":34}","{""HelloFresh"":34}","{""Uber"":34}",{},{}
171229,224-222@5sy-bzg-r49,,,2022-07-01,2022-08-01,1040.4,31,17,28.37,52.64,"{""25"":24.64,""75"":38.73}","[159.32,0.00,0.00,34.17,207.38,47.79,47.57,0.00,0.00,0.00,120.64,0.00,0.00,0.00,0.00,0.00,19.21,0.00,0.00,0.00,0.00,77.46,0.00,0.00,107.12,155.30,0.00,0.00,64.44,0.00,0.00]","[79.66,null,null,17.09,26.32,23.89,23.79,null,null,null,60.32,null,null,null,null,null,19.21,null,null,null,null,38.73,null,null,53.56,24.64,null,null,32.22,null,null]","{""Monday"":261.93,""Tuesday"":362.68,""Wednesday"":47.79,""Thursday"":47.57,""Friday"":301.22,""Saturday"":0.00,""Sunday"":19.21}","{""Wednesday"":4,""Monday"":4,""Saturday"":5,""Thursday"":4,""Tuesday"":4,""Friday"":5,""Sunday"":5}",178.0,-44.0,2,56.74,"{""No intermediary"":31}","{""No intermediary"":1040.40}","{""1"":7,""2"":8,""3"":0,""4"":2,""5-10"":0,"">10"":0}","{""1"":21.25,""2"":70.67,""3"":null,""4"":163.16,""5-10"":null,"">10"":null}","{""25-45k"":3,""75-100k"":2,""100-150k"":2,"">150k"":8}","{""25-45k"":17.90,""75-100k"":45.18,""100-150k"":113.41,"">150k"":57.40}","{""San Diego, CA"":2,""Clemmons, NC"":2,""Morgan, UT"":2,""Blackfoot, ID"":2,""Snellville, GA"":2,""Caledonia, WI"":2,""Cody, WY"":2,""Fredericksburg, VA"":2,""Chugwater, WY"":2,""Almy, WY"":2,""Billings, MT"":2,""Cheyenne, WY"":2,""Encampment, WY"":2,""Albuquerque, NM"":2}","{""Walmart"":77,""McDonald's"":65,""Wendy's"":59,""Albertsons"":53,""Maverik"":48,""Walgreens"":48,""Starbucks"":36,""Dairy Queen"":36,""Exxon Mobil"":36,""United States Postal Service (USPS)"":30,""Jo-Ann Fabric and Craft Stores"":30,""AutoZone"":30,""Chili's Grill & Bar"":24,""Target"":24,""Taco Bell"":24,""T.J. Maxx"":24,""Safeway"":24,""O'Reilly Auto Parts"":24,""Costco"":24,""Chick-fil-A"":24}","{""Amazon"":71,""Target"":42,""Apple"":42,""Amazon Digital Services"":36,""Walmart"":30,""Amazon Marketplace"":30,""AT&T"":24,""Etsy"":18,""Lyft"":18,""Sirius XM"":18,""Barclaycard US"":18,""Google"":18,""Netflix"":18,""Hulu"":18,""Spotify"":18,""Microsoft Ultimate"":18,""Amazon Prime Video"":18,""Cabela's"":12,""Verizon Wireless"":12,""Chipotle Mexican Grill"":12}","{""McDonald's"":65,""Wendy's"":59,""Starbucks"":36,""Dairy Queen"":36,""Chipotle Mexican Grill"":30,""Chick-fil-A"":30,""Chili's Grill & Bar"":24,""Taco Bell"":24,""Texas Roadhouse"":24,""Subway"":24,""Jimmy John's"":18,""Domino's Pizza"":18,""Taco John's"":18,""Culver's"":18,""Cold Stone Creamery"":18,""Dunkin'"":18,""Arby's"":18,""Little Caesars"":12,""Papa Murphy's"":12,""Heidi's Brooklyn Deli"":12}","{""Walmart"":53,""Albertsons"":30,""Wendy's"":30,""Dairy Queen"":24,""Bomgaars"":18,""Sierra"":18,""Maverik"":18,""McDonald's"":18,""Domino's Pizza"":12,""Taco John's"":12,""ConocoPhillips"":12,""Arby's"":12,""Boot Barn"":6,""Walgreens"":6,""Burger King"":6,""AutoZone"":6,""Subway"":6}","{""Verizon Wireless"":30,""AT&T"":24,""Sprint"":6}","{""Netflix"":18,""Hulu"":18,""Amazon Prime Video"":18,""Disney Plus"":12,""Fubo"":6,""Youtube"":6,""Dish Network"":6,""DirecTV"":6}",{},"{""Lyft"":18,""Uber"":6}","{""Affirm.com"":12}","{""PayPal"":12,""Venmo"":6}"
171234,zzw-222@5sy-bxs-tgk,SG_BRAND_b72e1f8bbbb37a22201c712c9c5fa62d,Aaron's,2022-07-01,2022-08-01,2082.72,10,8,185.02,308.9,"{""25"":119.80,""75"":280.67}","[0.00,0.00,0.00,0.00,0.00,0.00,0.00,0.00,0.00,0.00,0.00,386.64,0.00,470.35,110.24,0.00,0.00,0.00,122.99,329.56,252.44,0.00,0.00,0.00,0.00,0.00,0.00,410.50,0.00,0.00,0.00]","[null,null,null,null,null,null,null,null,null,null,null,386.64,null,235.18,110.24,null,null,null,122.99,164.78,252.44,null,null,null,null,null,null,205.25,null,null,null]","{""Monday"":0.00,""Tuesday"":509.63,""Wednesday"":329.56,""Thursday"":1133.29,""Friday"":110.24,""Saturday"":0.00,""Sunday"":0.00}","{""Wednesday"":4,""Monday"":4,""Saturday"":5,""Thursday"":4,""Tuesday"":4,""Friday"":5,""Sunday"":5}",63.0,55.0,6,1256.28,"{""No intermediary"":10}","{""No intermediary"":2082.72}","{""1"":6,""2"":2,""3"":0,""4"":0,""5-10"":0,"">10"":0}","{""1"":223.78,""2"":370.03,""3"":null,""4"":null,""5-10"":null,"">10"":null}","{""25-45k"":3,""45-60k"":2,""75-100k"":2}","{""25-45k"":281.69,""45-60k"":110.24,""75-100k"":281.86}","{""Greybull, WY"":2,""Cody, WY"":2,""Missoula, MT"":2,""Clark, WY"":2,""Worland, WY"":2,""Billings, MT"":2,""Acme, WY"":2}","{""Walmart"":100,""Maverik"":75,""McDonald's"":75,""Cabela's"":38,""Taco Bell"":38,""Ace Hardware"":38,""Jo-Ann Fabric and Craft Stores"":38,""Arby's"":38,""Family Dollar Stores"":38,""Olive Garden"":25,""Barnes and Noble"":25,""Albertsons"":25,""At Home"":25,""Bomgaars"":25,""Lowe's"":25,""The Home Depot"":25,""PetSmart"":25,""United States Postal Service (USPS)"":25,""Spectrum"":25,""Petco"":13}","{""Aaron's"":100,""Hulu"":63,""Amazon Marketplace"":63,""Amazon"":50,""Verizon Wireless"":38,""Google"":38,""Walmart"":25,""Sirius XM"":25,""Apple"":25,""Netflix"":25,""Express Scripts"":25,""Venmo"":13,""Disney Mobile"":13,""King"":13,""Youtube"":13,""Goodwill"":13,""AMC Theatres"":13,""Klarna"":13,""Pandora"":13,""Spotify"":13}",{},"{""Arby's"":25,""Albertsons"":25,""Bomgaars"":13,""Walmart"":13}","{""Verizon Wireless"":38,""AT&T"":13,""T-Mobile"":13,""Disney Mobile"":13}","{""Hulu"":63,""Disney Plus"":25,""Netflix"":25,""Youtube"":13}",{},{},"{""Klarna"":13}","{""Venmo"":13}"
171246,zzy-223@5sy-bxx-rrk,,,2022-07-01,2022-08-01,143.46,4,2,35.87,71.73,"{""25"":24.35,""75"":47.38}","[48.70,0.00,0.00,0.00,94.76,0.00,0.00,0.00,0.00,0.00,0.00,0.00,0.00,0.00,0.00,0.00,0.00,0.00,0.00,0.00,0.00,0.00,0.00,0.00,0.00,0.00,0.00,0.00,0.00,0.00,0.00]","[24.35,null,null,null,47.38,null,null,null,null,null,null,null,null,null,null,null,null,null,null,null,null,null,null,null,null,null,null,null,null,null,null]","{""Monday"":0.00,""Tuesday"":94.76,""Wednesday"":0.00,""Thursday"":0.00,""Friday"":48.70,""Saturday"":0.00,""Sunday"":0.00}","{""Wednesday"":4,""Monday"":4,""Saturday"":5,""Thursday"":4,""Tuesday"":4,""Friday"":5,""Sunday"":5}",,,0,0.0,"{""No intermediary"":4}","{""No intermediary"":143.46}","{""1"":0,""2"":2,""3"":0,""4"":0,""5-10"":0,"">10"":0}","{""1"":null,""2"":71.73,""3"":null,""4"":null,""5-10"":null,"">10"":null}","{"">150k"":3}","{"">150k"":71.73}","{""Englewood, CO"":2,""Eglon, WA"":2}","{""Verizon Wireless"":100,""Costco"":100,""McDonald's"":100,""Exxon Mobil"":100,""Subway"":100,""Walmart"":50,""Advance Auto Parts"":50,""Target"":50,""Chevron"":50,""Freddy's Frozen Custard"":50,""Jersey Mike's"":50,""The Cheesecake Factory"":50,""IGA"":50,""Murphy USA"":50,""Taco Bell"":50,""HD Supply"":50,""NAPA Auto Parts"":50,""The Home Depot"":50,""Safeway"":50,""Speedway"":50}","{""Amazon"":50,""Google"":50,""Netflix"":50}",{},"{""Walgreens"":50,""Walmart"":50}","{""Verizon Wireless"":100}","{""Netflix"":50}",{},{},{},{}
171256,223-223@5sy-bxt-3kf,SG_BRAND_87681bc51c663efbbf7272e0f1262e9b,AutoZone,2022-07-01,2022-08-01,1338.73,25,21,30.14,43.66,"{""25"":10.79,""75"":86.95}","[99.79,43.66,15.59,0.00,30.42,76.73,62.88,56.12,0.00,0.00,0.00,0.00,119.06,0.00,0.00,0.00,0.00,166.02,8.31,166.90,170.73,0.00,0.00,0.00,76.92,96.55,0.00,5.50,61.32,0.00,82.23]","[99.79,43.66,15.59,null,15.21,76.73,19.64,56.12,null,null,null,null,59.53,null,null,null,null,6.07,8.31,166.90,85.37,null,null,null,76.92,48.28,null,5.50,61.32,null,82.23]","{""Monday"":242.94,""Tuesday"":135.28,""Wednesday"":362.69,""Thursday"":239.11,""Friday"":217.23,""Saturday"":43.66,""Sunday"":97.82}","{""Wednesday"":4,""Monday"":4,""Saturday"":5,""Thursday"":4,""Tuesday"":4,""Friday"":5,""Sunday"":5}",8.0,-48.0,0,0.0,"{""No intermediary"":25}","{""No intermediary"":1338.73}","{""1"":17,""2"":4,""3"":0,""4"":0,""5-10"":0,"">10"":0}","{""1"":38.46,""2"":171.24,""3"":null,""4"":null,""5-10"":null,"">10"":null}","{""25-45k"":3,""45-60k"":3,""60-75k"":2,""75-100k"":10,""100-150k"":4,"">150k"":2}","{""25-45k"":196.14,""45-60k"":43.69,""60-75k"":80.56,""75-100k"":30.51,""100-150k"":22.80,"">150k"":70.11}","{""Acme, WY"":4,""Santiago, MN"":4,""Ann Arbor, MI"":3,""Salt Lake City, UT"":2,""Troy, MN"":2,""Newburg, WI"":2,""Meeteetse, WY"":2,""Dayton, OH"":2,""Hillsboro, OR"":2,""Cody, WY"":2,""Panama City, FL"":2,""Boise, ID"":2,""Keller, GA"":2,""Almy, WY"":2,""Cottonwood, SD"":2,""Henderson, NV"":2,""Cedar Falls, IA"":2,""Washington, KY"":2}","{""Walmart"":86,""Albertsons"":53,""Maverik"":53,""McDonald's"":53,""Exxon Mobil"":48,""ConocoPhillips"":43,""Verizon Wireless"":39,""Ace Hardware"":39,""Shell Oil"":34,""Bomgaars"":29,""Love's Travel Stops and Country Stores"":29,""Dairy Queen"":29,""Pilot Flying J"":29,""Burger King"":29,""The Home Depot"":24,""Wendy's"":24,""Subway"":24,""Lowe's"":20,""Holiday Station"":20,""O'Reilly Auto Parts"":20}","{""Amazon"":53,""Netflix"":43,""Apple"":39,""Amazon Digital Services"":34,""Amazon Marketplace"":34,""Amazon Prime Video"":24,""Walmart"":20,""Maverik"":15,""Spotify"":15,""Planet Fitness"":10,""Sirius XM"":10,""Macy's"":10,""Google"":10,""Hulu"":10,""Google Storage"":10,""AT&T"":10,""Comcast"":10,""Etsy"":5,""Venmo"":5,""ADT Security Services"":5}","{""O'Reilly Auto Parts"":20,""NAPA Auto Parts"":10,""CARQUEST Auto Parts"":10,""Firestone Complete Auto Care"":5,""Batteries Plus Bulbs"":5}","{""Walmart"":58,""Albertsons"":48,""Maverik"":24,""Dairy Queen"":24,""Bomgaars"":20,""ConocoPhillips"":20,""Ace Hardware"":20,""Wendy's"":15,""Burger King"":15,""Subway"":15,""Taco John's"":10,""Boot Barn"":10,""Sierra"":10,""McDonald's"":10,""Arby's"":10,""Cellular Plus"":5,""maurices"":5,""Domino's Pizza"":5,""CARQUEST Auto Parts"":5,""O'Reilly Auto Parts"":5}","{""Verizon Wireless"":43,""AT&T"":15,""Disney Mobile"":5}","{""Netflix"":43,""Amazon Prime Video"":24,""Hulu"":10,""Disney Plus"":10,""Roku"":5,""HBO Max"":5,""YouTube TV"":5,""Peacock"":5}","{""Uber Eats"":5}","{""Lyft"":5,""Uber"":5}",{},"{""Venmo"":5}"
171342,223-223@5sy-bzg-ghq,,,2022-07-01,2022-08-01,2560.87,72,40,30.66,45.66,"{""25"":19.53,""75"":41.69}","[66.56,43.44,60.13,49.46,516.64,0.00,17.85,59.80,41.85,0.00,0.00,378.36,267.96,0.00,0.00,204.90,0.00,112.82,0.00,47.56,173.24,118.76,40.36,120.90,175.46,0.00,33.62,0.00,31.20,0.00,0.00]","[33.28,43.44,30.07,49.46,27.30,null,17.85,13.26,41.85,null,null,59.21,33.62,null,null,34.15,null,17.98,null,23.78,86.62,29.69,40.36,60.45,43.87,null,33.62,null,15.60,null,null]","{""Monday"":337.74,""Tuesday"":895.00,""Wednesday"":349.14,""Thursday"":191.09,""Friday"":276.32,""Saturday"":330.55,""Sunday"":181.03}","{""Wednesday"":4,""Monday"":4,""Saturday"":5,""Thursday"":4,""Tuesday"":4,""Friday"":5,""Sunday"":5}",82.0,,72,2560.87,"{""No intermediary"":72}","{""No intermediary"":2560.87}","{""1"":17,""2"":19,""3"":0,""4"":3,""5-10"":1,"">10"":0}","{""1"":36.27,""2"":85.01,""3"":null,""4"":61.24,""5-10"":145.36,"">10"":null}","{""<25k"":2,""25-45k"":4,""45-60k"":4,""60-75k"":4,""75-100k"":3,""100-150k"":5,"">150k"":15}","{""<25k"":46.54,""25-45k"":50.41,""45-60k"":99.41,""60-75k"":42.79,""75-100k"":76.24,""100-150k"":63.16,"">150k"":60.13}","{""Cody, WY"":8,""Buxton, ME"":5,""West Jordan, UT"":2,""Arlington, VA"":2,""Lodi, CA"":2,""Prosser, WA"":2,""Kensington, MD"":2,""Sterling, CO"":2,""Salt Lake City, UT"":2,""Blackfoot, ID"":2,""Fillmore, UT"":2,""East Rutherford, NJ"":2,""Phoenix, AZ"":2,""Emmett, ID"":2,""Marysville, WA"":2,""Riverton, WY"":2,""Laguna Beach, CA"":2,""Rancho Santa Fe, CA"":2,""Walhalla, SC"":2,""Twin Falls, ID"":2,""Denver, CO"":2,""Carbonville, UT"":2,""Orland Park, IL"":2,""Nampa, ID"":2,""Billings, MT"":2,""Glendale, AZ"":2,""Bend, OR"":2,""Creswell, OR"":2,""Albany, OR"":2}","{""Walmart"":85,""McDonald's"":60,""Maverik"":53,""Albertsons"":50,""Exxon Mobil"":43,""Target"":38,""Costco"":38,""Verizon Wireless"":35,""Taco John's"":33,""Starbucks"":33,""Shell Oil"":33,""The Home Depot"":30,""Taco Bell"":25,""Lowe's"":25,""ConocoPhillips"":25,""Dairy Queen"":25,""Subway"":25,""Chevron"":23,""Safeway"":23,""Ace Hardware"":23}","{""Amazon"":63,""Netflix"":50,""Apple"":43,""Amazon Marketplace"":40,""Amazon Digital Services"":23,""Walmart"":20,""Audible"":20,""Etsy"":15,""Maverik"":15,""Hulu"":15,""Comcast"":15,""Google"":13,""Spotify"":13,""AT&T"":13,""Verizon Wireless"":10,""Dutch Bros. Coffee"":10,""Costa Vida"":10,""Target"":8,""The Home Depot"":8,""Goodwill"":8}","{""McDonald's"":60,""Taco John's"":35,""Starbucks"":33,""Subway"":30,""Dairy Queen"":28,""Taco Bell"":25,""Wendy's"":20,""Arby's"":20,""Papa Murphy's"":15,""Domino's Pizza"":15,""Chick-fil-A"":15,""Panda Express"":15,""Burger King"":15,""Pizza Hut"":15,""Popeyes Louisiana Kitchen"":13,""Costa Vida"":13,""Little Caesars"":10,""Dutch Bros Coffee"":10,""Five Guys"":10,""Cafe Rio"":10}","{""Walmart"":48,""Albertsons"":40,""Maverik"":23,""Domino's Pizza"":13,""Ace Hardware"":13,""Sierra"":13,""Dairy Queen"":13,""Taco John's"":10,""Wendy's"":10,""Burger King"":10,""McDonald's"":10,""Arby's"":10,""Bomgaars"":8,""ConocoPhillips"":8,""Walgreens"":5,""Papa Murphy's"":3,""maurices"":3,""Boot Barn"":3,""O'Reilly Auto Parts"":3,""Tractor Supply Co."":3}","{""Verizon Wireless"":45,""AT&T"":20,""Google Fi"":3,""Disney Mobile"":3,""Sprint"":3,""T-Mobile"":3}","{""Netflix"":50,""Hulu"":15,""Redbox"":8,""Roku"":5,""Peacock"":5,""Disney Plus"":5,""Amazon Prime Video"":5,""Starz"":5,""YouTube TV"":3,""Youtube"":3,""Amazon Prime"":3,""Youtube Premium"":3}","{""HelloFresh"":5,""Uber Eats"":3}","{""Uber"":5,""Lyft"":3}","{""Affirm.com"":5,""Klarna"":3}","{""Apple Card"":3}"
171376,222-222@5sy-bxt-jd9,,,2022-07-01,2022-08-01,210.0,6,3,35.0,70.0,"{""25"":35.00,""75"":35.00}","[140.00,0.00,0.00,0.00,0.00,0.00,0.00,0.00,0.00,0.00,0.00,70.00,0.00,0.00,0.00,0.00,0.00,0.00,0.00,0.00,0.00,0.00,0.00,0.00,0.00,0.00,0.00,0.00,0.00,0.00,0.00]","[35.00,null,null,null,null,null,null,null,null,null,null,35.00,null,null,null,null,null,null,null,null,null,null,null,null,null,null,null,null,null,null,null]","{""Monday"":0.00,""Tuesday"":70.00,""Wednesday"":0.00,""Thursday"":0.00,""Friday"":140.00,""Saturday"":0.00,""Sunday"":0.00}","{""Wednesday"":4,""Monday"":4,""Saturday"":5,""Thursday"":4,""Tuesday"":4,""Friday"":5,""Sunday"":5}",-56.0,-11.0,0,0.0,"{""No intermediary"":6}","{""No intermediary"":210.00}","{""1"":0,""2"":3,""3"":0,""4"":0,""5-10"":0,"">10"":0}","{""1"":null,""2"":70.00,""3"":null,""4"":null,""5-10"":null,"">10"":null}","{""<25k"":5,""60-75k"":4}","{""<25k"":70.00,""60-75k"":70.00}","{""Eatontown, NJ"":5,""Cody, WY"":2}","{""Great Clips"":67,""IKEA"":67,""AMC Entertainment"":67,""Exxon Mobil"":67,""Walmart"":34,""Verizon Wireless"":34,""Albertsons"":34,""Bomgaars"":34,""Taco John's"":34,""Wendy's"":34,""Ace Hardware"":34,""Sierra"":34,""Maverik"":34,""Walgreens"":34,""Burger King"":34,""Murdoch's Ranch & Home Supply"":34,""McDonald's"":34,""Tractor Supply Co."":34,""Subway"":34,""Arby's"":34}","{""Amazon"":100,""Spotify"":67,""Papa Murphy's"":34,""Apple"":34,""Netflix"":34,""Amazon Digital Services"":34,""Pizza Hut"":34,""Amazon Marketplace"":34}",{},"{""Walmart"":34,""Albertsons"":34,""Bomgaars"":34,""Taco John's"":34,""Wendy's"":34,""Ace Hardware"":34,""Sierra"":34,""Burger King"":34,""McDonald's"":34,""Subway"":34,""Arby's"":34}","{""Verizon Wireless"":34}","{""Netflix"":34}",{},{},{},{}
171472,zzw-225@5wg-k7r-3kf,,,2022-06-01,2022-07-01,33.35,2,2,16.67,16.67,"{""25"":15.36,""75"":17.99}","[0.00,0.00,0.00,0.00,0.00,0.00,0.00,0.00,0.00,15.36,0.00,0.00,0.00,0.00,0.00,0.00,0.00,0.00,0.00,0.00,0.00,0.00,0.00,0.00,0.00,0.00,0.00,0.00,0.00,17.99]","[null,null,null,null,null,null,null,null,null,15.36,null,null,null,null,null,null,null,null,null,null,null,null,null,null,null,null,null,null,null,17.99]","{""Monday"":0.00,""Tuesday"":0.00,""Wednesday"":0.00,""Thursday"":17.99,""Friday"":15.36,""Saturday"":0.00,""Sunday"":0.00}","{""Wednesday"":5,""Monday"":4,""Saturday"":4,""Thursday"":5,""Tuesday"":4,""Friday"":4,""Sunday"":4}",,-81.0,0,0.0,"{""No intermediary"":2}","{""No intermediary"":33.35}","{""1"":2,""2"":0,""3"":0,""4"":0,""5-10"":0,"">10"":0}","{""1"":16.68,""2"":null,""3"":null,""4"":null,""5-10"":null,"">10"":null}","{""75-100k"":2}","{""75-100k"":16.68}","{""Etna, ME"":2,""Athens, GA"":2}","{""Target"":100,""Walmart"":50,""Kwik Trip"":50,""Chevron"":50,""BP"":50,""Pick 'n Save"":50,""Piggly Wiggly"":50,""PetSmart"":50,""Holiday Station"":50,""Caribou Coffee"":50,""ConocoPhillips"":50,""Love's Travel Stops and Country Stores"":50,""Crumbl Cookies"":50,""Maverik"":50,""Chick-fil-A"":50,""REI"":50,""Meijer"":50,""Family Dollar Stores"":50}","{""AT&T"":100,""Target"":50,""Nintendo"":50,""Apple"":50,""Kohl's"":50,""TJX Companies"":50,""Spotify"":50,""Spectrum"":50,""Meijer"":50}",{},{},"{""AT&T"":100}",{},{},{},{},{}
171488,224-222@5sy-bxv-zmk,SG_BRAND_7f36ad7dd2100921,Cellular Plus,2022-06-01,2022-07-01,946.12,6,5,62.39,51.99,"{""25"":41.59,""75"":353.18}","[0.00,0.00,400.89,0.00,0.00,51.99,0.00,0.00,0.00,0.00,0.00,337.28,0.00,0.00,0.00,0.00,0.00,0.00,0.00,0.00,41.59,114.37,0.00,0.00,0.00,0.00,0.00,0.00,0.00,0.00]","[null,null,400.89,null,null,51.99,null,null,null,null,null,337.28,null,null,null,null,null,null,null,null,41.59,57.19,null,null,null,null,null,null,null,null]","{""Monday"":51.99,""Tuesday"":41.59,""Wednesday"":114.37,""Thursday"":0.00,""Friday"":400.89,""Saturday"":0.00,""Sunday"":337.28}","{""Wednesday"":5,""Monday"":4,""Saturday"":4,""Thursday"":5,""Tuesday"":4,""Friday"":4,""Sunday"":4}",275.0,-50.0,0,0.0,"{""No intermediary"":6}","{""No intermediary"":946.12}","{""1"":4,""2"":1,""3"":0,""4"":0,""5-10"":0,"">10"":0}","{""1"":51.99,""2"":738.17,""3"":null,""4"":null,""5-10"":null,"">10"":null}","{""25-45k"":2,""45-60k"":3,""60-75k"":2,""75-100k"":2,""100-150k"":2}","{""25-45k"":738.17,""45-60k"":41.59,""60-75k"":51.99,""75-100k"":41.59,""100-150k"":72.78}","{""Winston Salem, NC"":2,""California, PA"":2,""Cody, WY"":2,""Basin, WY"":2}","{""Walmart"":80,""Albertsons"":60,""Maverik"":60,""United States Postal Service (USPS)"":60,""Verizon Wireless"":40,""ConocoPhillips"":40,""Pilot Flying J"":40,""Burger King"":40,""Tractor Supply Co."":40,""Shell Oil"":40,""Target"":20,""Chipotle Mexican Grill"":20,""Papa Murphy's"":20,""Kwik Trip"":20,""Superfresh"":20,""BP"":20,""Trek Bicycle"":20,""The Cheesecake Factory"":20,""Taco Bell"":20,""Taco John's"":20}","{""Amazon"":40,""Audible"":40,""Verizon Wireless"":20,""Planet Fitness"":20,""Steam"":20,""Chewy"":20,""Sirius XM"":20,""Nintendo"":20,""Grubhub"":20,""Apple"":20,""Netflix"":20,""Patreon"":20,""Kohl's"":20,""Maverik"":20,""Discord"":20,""Crunchyroll"":20,""Uber Eats"":20,""Disney Plus"":20,""Amazon Marketplace"":20,""Sam's Club"":20}","{""Verizon Wireless"":60}","{""Walmart"":80,""Albertsons"":60,""Maverik"":60,""Burger King"":40,""Tractor Supply Co."":40,""Papa Murphy's"":20,""Taco John's"":20,""CARQUEST Auto Parts"":20,""The UPS Store"":20,""ConocoPhillips"":20,""Ace Hardware"":20,""Sierra"":20,""Walgreens"":20,""United States Postal Service (USPS)"":20,""Subway"":20,""Arby's"":20}","{""Verizon Wireless"":60}","{""Disney Plus"":20,""Crunchyroll"":20,""Netflix"":20}","{""Uber Eats"":20,""Grubhub"":20}",{},{},{}
171622,22p-222@5sy-bzg-qzz,,,2022-06-01,2022-07-01,199.66,11,7,16.72,33.44,"{""25"":6.24,""75"":26.57}","[38.16,0.00,0.00,0.00,0.00,13.52,0.00,0.00,0.00,3.12,0.00,0.00,83.40,0.00,0.00,0.00,2.08,0.00,0.00,0.00,53.14,0.00,6.24,0.00,0.00,0.00,0.00,0.00,0.00,0.00]","[38.16,null,null,null,null,13.52,null,null,null,3.12,null,null,20.85,null,null,null,2.08,null,null,null,26.57,null,6.24,null,null,null,null,null,null,null]","{""Monday"":96.92,""Tuesday"":53.14,""Wednesday"":38.16,""Thursday"":6.24,""Friday"":5.20,""Saturday"":0.00,""Sunday"":0.00}","{""Wednesday"":5,""Monday"":4,""Saturday"":4,""Thursday"":5,""Tuesday"":4,""Friday"":4,""Sunday"":4}",182.0,42.0,0,0.0,"{""No intermediary"":11}","{""No intermediary"":199.66}","{""1"":3,""2"":4,""3"":0,""4"":0,""5-10"":0,"">10"":0}","{""1"":18.27,""2"":36.22,""3"":null,""4"":null,""5-10"":null,"">10"":null}","{""<25k"":2,""60-75k"":2,""75-100k"":3,""100-150k"":2,"">150k"":4}","{""<25k"":3.12,""60-75k"":49.96,""75-100k"":53.14,""100-150k"":33.44,"">150k"":20.00}","{""Grayling, MT"":2,""Cody, WY"":2,""Endicott, NY"":2,""Clark, WY"":2,""Lexington, NC"":2,""Westlake, OH"":2,""Interior, SD"":2}","{""Walmart"":72,""United States Postal Service (USPS)"":58,""McDonald's"":58,""Ace Hardware"":43,""CVS"":43,""Target"":29,""Albertsons"":29,""Starbucks"":29,""Wendy's"":29,""ConocoPhillips"":29,""Boot Barn"":29,""Sierra"":29,""Maverik"":29,""Pilot Flying J"":29,""Spectrum"":29,""Dollar Tree"":29,""BIBIBOP Asian Grill"":15,""Little Caesars"":15,""Chevron"":15,""Pickle Barrel"":15}","{""Amazon"":58,""Apple"":43,""Netflix"":43,""Verizon Wireless"":29,""Chewy"":29,""Amazon Digital Services"":29,""Amazon Marketplace"":29,""Belk"":15,""Walmart"":15,""Target"":15,""CenturyLink"":15,""Lowe's"":15,""Wix.com"":15,""The Home Depot"":15,""Ring"":15,""Safeway"":15,""Macy's"":15,""Enterprise Rent-A-Car"":15,""Compassion International"":15,""Facebook"":15}","{""McDonald's"":58,""Starbucks"":29,""Wendy's"":29,""BIBIBOP Asian Grill"":15,""Little Caesars"":15,""Pickle Barrel"":15,""Olive Garden"":15,""Shake Shack"":15,""TCBY"":15,""Jack in the Box"":15,""Denny's"":15,""Red Robin Gourmet Burgers"":15,""Dairy Queen"":15,""Culver's"":15,""Pizza Hut"":15,""Dunkin'"":15}","{""Walmart"":72,""Wendy's"":29,""McDonald's"":29,""Albertsons"":15,""Sears Hometown Store"":15,""ConocoPhillips"":15,""Ace Hardware"":15,""Boot Barn"":15,""Sierra"":15,""Maverik"":15,""Walgreens"":15,""United States Postal Service (USPS)"":15,""Tractor Supply Co."":15,""Dollar Tree"":15}","{""Verizon Wireless"":29,""T-Mobile"":15}","{""Netflix"":43,""Amazon Prime"":15,""Amazon Prime Video"":15}",{},{},"{""Affirm.com"":15}",{}
171758,222-222@5sy-bzg-nyv,SG_BRAND_27ee73cd1fb6f5e432852fea401eacce,United States Postal Service (USPS),2022-06-01,2022-07-01,865.73,20,18,19.03,19.65,"{""25"":6.99,""75"":41.61}","[45.15,0.00,0.00,0.00,0.00,0.00,0.00,2.60,6.99,32.38,0.00,0.00,0.00,1.56,18.28,514.54,23.20,42.14,0.00,0.00,71.22,40.00,0.00,0.00,0.00,0.00,44.28,16.10,7.29,0.00]","[22.58,null,null,null,null,null,null,2.60,6.99,16.19,null,null,null,1.56,9.14,257.27,23.20,42.14,null,null,35.61,40.00,null,null,null,null,22.14,16.10,7.29,null]","{""Monday"":44.28,""Tuesday"":88.88,""Wednesday"":113.32,""Thursday"":521.53,""Friday"":55.58,""Saturday"":42.14,""Sunday"":0.00}","{""Wednesday"":5,""Monday"":4,""Saturday"":4,""Thursday"":5,""Tuesday"":4,""Friday"":4,""Sunday"":4}",349.0,163.0,0,0.0,"{""No intermediary"":20}","{""No intermediary"":865.73}","{""1"":16,""2"":2,""3"":0,""4"":0,""5-10"":0,"">10"":0}","{""1"":19.90,""2"":273.70,""3"":null,""4"":null,""5-10"":null,"">10"":null}","{""<25k"":2,""25-45k"":2,""45-60k"":4,""60-75k"":2,""75-100k"":2,""100-150k"":5,"">150k"":3}","{""<25k"":40.00,""25-45k"":14.82,""45-60k"":64.78,""60-75k"":6.99,""75-100k"":14.59,""100-150k"":25.41,"">150k"":179.21}","{""Cody, WY"":7,""Albuquerque, NM"":3,""Marianna, PA"":2,""Sidney, MT"":2,""Saint Augustine, FL"":2,""Colorado Springs, CO"":2,""Searcy, AR"":2,""Grants, NM"":2,""Cumming, GA"":2,""Wake Forest, NC"":2,""Bloomfield Hills, MI"":2}","{""Walmart"":84,""Albertsons"":73,""ConocoPhillips"":45,""Walgreens"":39,""Ace Hardware"":34,""Maverik"":34,""Costco"":28,""McDonald's"":28,""Exxon Mobil"":28,""Olive Garden"":17,""Bomgaars"":17,""Domino's Pizza"":17,""The UPS Store"":17,""Starbucks"":17,""Wendy's"":17,""Dillard's"":17,""Circle K"":17,""Tractor Supply Co."":17,""Phillips 66"":17,""Target"":12}","{""Apple"":62,""Amazon"":56,""Amazon Marketplace"":23,""Netflix"":17,""AT&T"":17,""Audible"":17,""Verizon Wireless"":12,""Planet Fitness"":12,""Chewy"":12,""Sirius XM"":12,""Compassion International"":12,""Patreon"":12,""Hulu"":12,""Google Storage"":12,""Spotify"":12,""Pizza Hut"":12,""Sam's Club"":12,""Walmart"":6,""GNC"":6,""Lyft"":6}",{},"{""Walmart"":73,""Albertsons"":67,""Ace Hardware"":28,""Walgreens"":28,""Domino's Pizza"":17,""Wendy's"":17,""ConocoPhillips"":17,""Maverik"":17,""McDonald's"":17,""maurices"":12,""Sierra"":12,""Tractor Supply Co."":12,""Papa Murphy's"":6,""Cellular Plus"":6,""Taco John's"":6,""CARQUEST Auto Parts"":6,""The UPS Store"":6,""Dairy Queen"":6,""Burger King"":6,""AutoZone"":6}","{""AT&T"":17,""Verizon Wireless"":17,""Straight Talk"":6}","{""Netflix"":17,""Hulu"":12,""Disney Plus"":12,""Peacock"":6,""Crunchyroll"":6,""Amazon Prime Video"":6}","{""Grubhub"":6}","{""Lyft"":6,""Uber"":6}",{},{}
171803,zzw-222@5sy-bxt-6x5,,,2022-06-01,2022-07-01,2088.5,2,2,1044.25,1044.25,"{""25"":1044.25,""75"":1044.25}","[0.00,0.00,0.00,0.00,0.00,0.00,0.00,2088.50,0.00,0.00,0.00,0.00,0.00,0.00,0.00,0.00,0.00,0.00,0.00,0.00,0.00,0.00,0.00,0.00,0.00,0.00,0.00,0.00,0.00,0.00]","[null,null,null,null,null,null,null,1044.25,null,null,null,null,null,null,null,null,null,null,null,null,null,null,null,null,null,null,null,null,null,null]","{""Monday"":0.00,""Tuesday"":0.00,""Wednesday"":2088.50,""Thursday"":0.00,""Friday"":0.00,""Saturday"":0.00,""Sunday"":0.00}","{""Wednesday"":5,""Monday"":4,""Saturday"":4,""Thursday"":5,""Tuesday"":4,""Friday"":4,""Sunday"":4}",,-63.0,0,0.0,"{""No intermediary"":2}","{""No intermediary"":2088.50}","{""1"":2,""2"":0,""3"":0,""4"":0,""5-10"":0,"">10"":0}","{""1"":1044.25,""2"":null,""3"":null,""4"":null,""5-10"":null,"">10"":null}","{"">150k"":2}","{"">150k"":1044.25}","{""Riverton, WY"":2}","{""Albertsons"":100,""CARQUEST Auto Parts"":100,""ConocoPhillips"":100,""Dan's Supermarket"":100,""Maverik"":100,""AutoZone"":100,""Exxon Mobil"":100,""Walmart"":50,""Olive Garden"":50,""Bomgaars"":50,""IGA"":50,""Hanna Andersson"":50,""Ace Hardware"":50,""Costco"":50,""Kum & Go"":50}","{""Google Storage"":100,""Walmart"":50}",{},"{""Albertsons"":100,""CARQUEST Auto Parts"":100,""Maverik"":100,""AutoZone"":100,""Walmart"":50,""Ace Hardware"":50}",{},{},{},{},{},{}
171897,zzw-222@5sy-f3z-ch5,,,2022-06-01,2022-07-01,2539.75,16,7,90.27,180.54,"{""25"":76.31,""75"":248.44}","[0.00,0.00,112.20,0.00,491.51,0.00,0.00,0.00,0.00,0.00,0.00,0.00,0.00,0.00,0.00,0.00,0.00,0.00,0.00,0.00,361.08,0.00,0.00,587.70,279.58,187.48,0.00,0.00,520.20,0.00]","[null,null,112.20,null,491.51,null,null,null,null,null,null,null,null,null,null,null,null,null,null,null,90.27,null,null,293.85,69.90,93.74,null,null,260.10,null]","{""Monday"":0.00,""Tuesday"":361.08,""Wednesday"":520.20,""Thursday"":0.00,""Friday"":699.90,""Saturday"":279.58,""Sunday"":678.99}","{""Wednesday"":5,""Monday"":4,""Saturday"":4,""Thursday"":5,""Tuesday"":4,""Friday"":4,""Sunday"":4}",142.0,,0,0.0,"{""Square"":14,""No intermediary"":2}","{""Square"":1589.24,""No intermediary"":950.51}","{""1"":4,""2"":2,""3"":0,""4"":0,""5-10"":1,"">10"":0}","{""1"":280.98,""2"":180.54,""3"":null,""4"":null,""5-10"":1054.76,"">10"":null}","{""<25k"":2,""45-60k"":2,""75-100k"":2,""100-150k"":2}","{""<25k"":336.03,""45-60k"":180.54,""75-100k"":86.70,""100-150k"":756.88}","{""Charlotte Hall, MD"":2,""Kimberton, PA"":2,""Cincinnati, OH"":2,""Newbury Park, CA"":2,""Mount Pleasant, WI"":2}","{""Walmart"":58,""Target"":58,""Shake Shack"":43,""Subway"":43,""Albertsons"":29,""Domino's Pizza"":29,""Papa John's"":29,""Liberty Burger"":29,""Wawa"":29,""ConocoPhillips"":29,""Ace Hardware"":29,""UDF (United Dairy Farmers)"":29,""Maverik"":29,""Chick-fil-A"":29,""Walgreens"":29,""Dairy Queen"":29,""Dick's Sporting Goods"":29,""Cinemark Theatres"":29,""Exxon Mobil"":29,""Shell Oil"":29}","{""Amazon"":72,""Spotify"":58,""Apple"":43,""Verizon Wireless"":29,""Old Navy"":29,""Netflix"":29,""Target"":15,""DoorDash"":15,""Chewy"":15,""Sirius XM"":15,""Expedia"":15,""Adobe Systems"":15,""Lids"":15,""The Home Depot"":15,""Pandora"":15,""Kohl's"":15,""ExxonMobil"":15,""Hulu"":15,""Amazon Digital Services"":15,""Suddenlink Communications"":15}",{},"{""Walgreens"":29,""Dairy Queen"":29,""Albertsons"":15,""ConocoPhillips"":15,""Maverik"":15,""Burger King"":15}","{""Verizon Wireless"":43,""AT&T"":15}","{""Netflix"":29,""Hulu"":15}","{""DoorDash"":15}",{},{},{}
171931,zzw-225@5sy-bxw-3kf,SG_BRAND_0042ddcf1dfda78309cac2609a8e56e0,Ace Hardware,2022-06-01,2022-07-01,8034.61,128,70,28.79,43.95,"{""25"":15.58,""75"":52.35}","[41.12,68.67,261.28,0.00,77.14,16.63,161.47,0.00,156.62,291.38,70.25,320.47,307.79,291.81,124.05,36.53,147.34,41.92,173.80,14.56,1258.57,176.59,262.08,361.49,48.58,45.98,657.63,1639.67,358.31,622.88]","[41.12,24.33,26.18,null,38.57,16.63,57.52,null,30.46,11.93,35.13,31.24,38.47,9.76,20.36,7.27,19.53,20.96,32.66,14.56,44.18,40.54,31.30,23.91,24.29,45.98,32.23,26.24,39.48,26.95]","{""Monday"":996.61,""Tuesday"":3351.52,""Wednesday"":700.07,""Thursday"":1146.78,""Friday"":1061.49,""Saturday"":160.75,""Sunday"":617.39}","{""Wednesday"":5,""Monday"":4,""Saturday"":4,""Thursday"":5,""Tuesday"":4,""Friday"":4,""Sunday"":4}",120.0,31.0,1,6.85,"{""No intermediary"":128}","{""No intermediary"":8034.61}","{""1"":45,""2"":12,""3"":6,""4"":4,""5-10"":3,"">10"":0}","{""1"":37.18,""2"":239.48,""3"":186.46,""4"":330.75,""5-10"":348.70,"">10"":null}","{""<25k"":7,""25-45k"":2,""45-60k"":4,""60-75k"":9,""75-100k"":7,""100-150k"":12,"">150k"":18}","{""<25k"":36.36,""25-45k"":28.40,""45-60k"":117.66,""60-75k"":105.10,""75-100k"":77.72,""100-150k"":50.90,"">150k"":212.29}","{""Newbury Park, CA"":25,""Cody, WY"":20,""Eastlake, CO"":3,""Olympia, WA"":3,""Plano, TX"":2,""Carson City, NV"":2,""Adna, WA"":2,""Meridian, ID"":2,""Santa Clara, CA"":2,""Mechanicsville, VA"":2,""Riverton, WY"":2,""Altamont, UT"":2,""Miami, FL"":2,""Honolulu, HI"":2,""Layton, UT"":2,""Yankton, SD"":2,""Dallas, TX"":2,""Casper, WY"":2,""Scottsdale, AZ"":2,""Monolith, CA"":2,""Luther, MT"":2,""Greeley, CO"":2,""Bloomfield Hills, MI"":2}","{""Walmart"":89,""Albertsons"":78,""Maverik"":62,""Bomgaars"":52,""Walgreens"":42,""Exxon Mobil"":39,""McDonald's"":38,""Tractor Supply Co."":35,""Wendy's"":32,""ConocoPhillips"":30,""Dairy Queen"":30,""Verizon Wireless"":28,""Domino's Pizza"":23,""Costco"":23,""Taco John's"":22,""Sierra"":22,""United States Postal Service (USPS)"":18,""Subway"":18,""Microsoft Store"":16,""The Home Depot"":15}","{""Amazon"":63,""Apple"":42,""Amazon Marketplace"":38,""Netflix"":29,""Walmart"":23,""Hulu"":18,""Etsy"":13,""Sirius XM"":13,""Amazon Digital Services"":13,""AT&T"":13,""The Home Depot"":10,""Spotify"":10,""Audible"":10,""Verizon Wireless"":9,""Chewy"":9,""Google"":8,""Costco"":8,""Charter Communications"":8,""Anytime Fitness"":6,""Adobe Systems"":6}","{""Tractor Supply Co."":35,""The Home Depot"":19,""Lowe's"":13,""Harbor Freight Tools"":3,""Sherwin-Williams"":3,""Menard's"":2}","{""Albertsons"":78,""Walmart"":72,""Dairy Queen"":28,""Wendy's"":26,""Maverik"":26,""McDonald's"":26,""Bomgaars"":25,""Sierra"":19,""Domino's Pizza"":18,""Taco John's"":18,""ConocoPhillips"":16,""Tractor Supply Co."":15,""Walgreens"":13,""Subway"":12,""Arby's"":10,""CARQUEST Auto Parts"":8,""United States Postal Service (USPS)"":8,""AutoZone"":8,""The UPS Store"":6,""O'Reilly Auto Parts"":6}","{""Verizon Wireless"":36,""AT&T"":23,""Straight Talk"":5,""T-Mobile"":3,""Google Fi"":2,""Disney Mobile"":2,""TracFone Wireless"":2,""Sprint"":2}","{""Netflix"":29,""Hulu"":18,""Dish Network"":6,""Disney Plus"":6,""Youtube"":5,""Peacock"":5,""Amazon Prime Video"":5,""Starz"":5,""Roku"":3,""YouTube TV"":3,""Fubo"":3,""Crunchyroll"":2}","{""DoorDash"":2,""HelloFresh"":2,""Grubhub"":2,""Dashpass"":2,""Uber Eats"":2}","{""Uber"":3,""Lyft"":2}","{""Affirm.com"":3,""Afterpay"":2}","{""Apple Card"":5,""PayPal"":3,""Apple Cash"":2}"
171949,226-222@5sy-bzg-c89,,,2022-06-01,2022-07-01,1806.62,9,9,143.47,143.47,"{""25"":132.64,""75"":219.43}","[0.00,0.00,0.00,0.00,0.00,286.94,0.00,0.00,0.00,134.31,0.00,560.24,0.00,0.00,273.47,153.18,130.97,0.00,0.00,102.12,0.00,0.00,0.00,165.39,0.00,0.00,0.00,0.00,0.00,0.00]","[null,null,null,null,null,143.47,null,null,null,134.31,null,560.24,null,null,273.47,153.18,130.97,null,null,102.12,null,null,null,165.39,null,null,null,null,null,null]","{""Monday"":389.06,""Tuesday"":0.00,""Wednesday"":273.47,""Thursday"":153.18,""Friday"":430.67,""Saturday"":0.00,""Sunday"":560.24}","{""Wednesday"":5,""Monday"":4,""Saturday"":4,""Thursday"":5,""Tuesday"":4,""Friday"":4,""Sunday"":4}",270.0,244.0,0,0.0,"{""No intermediary"":9}","{""No intermediary"":1806.62}","{""1"":9,""2"":0,""3"":0,""4"":0,""5-10"":0,"">10"":0}","{""1"":200.74,""2"":null,""3"":null,""4"":null,""5-10"":null,"">10"":null}","{""<25k"":2,""25-45k"":2,""60-75k"":2,""100-150k"":2,"">150k"":3}","{""<25k"":102.12,""25-45k"":143.47,""60-75k"":143.47,""100-150k"":149.85,"">150k"":322.67}","{""Lakeside, FL"":6,""Durango, CO"":2,""Wichita, KS"":2,""South China, ME"":2,""Clovis, NM"":2,""Yakima, WA"":2}","{""Walmart"":67,""Walgreens"":45,""Pilot Flying J"":45,""Chevron"":34,""BP"":34,""Wendy's"":34,""ConocoPhillips"":34,""McDonald's"":34,""Sunoco"":34,""Exxon Mobil"":34,""Shell Oil"":34,""NAPA Auto Parts"":23,""The Fresh Works"":23,""Jiffy Lube"":23,""Howard Johnson (HoJo)"":23,""Starbucks"":23,""Holiday Inn"":23,""Hampton"":23,""Wawa"":23,""Express"":23}","{""Amazon"":78,""Apple"":45,""Netflix"":34,""Spotify"":34,""Steam"":23,""Nintendo"":23,""Epic Games"":23,""Safeway"":23,""Chick-fil-A"":23,""Hulu"":23,""Audible"":23,""Comcast"":23,""Sam's Club"":23,""Simplisafe"":23,""Etsy"":12,""L.L.Bean"":12,""Walmart"":12,""Jimmy John's"":12,""YouTube TV"":12,""Fandango"":12}","{""Howard Johnson (HoJo)"":23,""Hampton"":23,""Holiday Inn"":23,""Econo Lodge"":12}","{""Walmart"":12,""ConocoPhillips"":12}","{""AT&T"":12,""Straight Talk"":12,""U.S. Cellular"":12,""Verizon Wireless"":12}","{""Netflix"":34,""Hulu"":23,""YouTube TV"":12,""Peacock"":12,""Time Warner Cable"":12}","{""Instacart"":12}",{},"{""Afterpay"":12}","{""PayPal"":12}"
171956,zzw-223@5sy-bxt-2c5,SG_BRAND_43bdfa786f5809e475a7382797eae3fd,Super 8,2022-06-01,2022-07-01,467.49,2,2,233.75,233.75,"{""25"":198.78,""75"":268.71}","[0.00,0.00,0.00,198.78,0.00,0.00,0.00,0.00,0.00,0.00,0.00,0.00,0.00,0.00,0.00,0.00,0.00,0.00,0.00,0.00,0.00,0.00,0.00,0.00,268.71,0.00,0.00,0.00,0.00,0.00]","[null,null,null,198.78,null,null,null,null,null,null,null,null,null,null,null,null,null,null,null,null,null,null,null,null,268.71,null,null,null,null,null]","{""Monday"":0.00,""Tuesday"":0.00,""Wednesday"":0.00,""Thursday"":0.00,""Friday"":0.00,""Saturday"":467.49,""Sunday"":0.00}","{""Wednesday"":5,""Monday"":4,""Saturday"":4,""Thursday"":5,""Tuesday"":4,""Friday"":4,""Sunday"":4}",-49.0,-95.0,0,0.0,"{""No intermediary"":2}","{""No intermediary"":467.49}","{""1"":2,""2"":0,""3"":0,""4"":0,""5-10"":0,"">10"":0}","{""1"":233.75,""2"":null,""3"":null,""4"":null,""5-10"":null,"">10"":null}","{""<25k"":2,""25-45k"":2}","{""<25k"":268.71,""25-45k"":198.78}","{""Southbury, CT"":2,""Clarksville, IA"":2}","{""Walmart"":50,""Jewel-Osco"":50,""Ramada"":50,""Kwik Trip"":50,""Chevron"":50,""Casey's General Stores"":50,""BP"":50,""Lowe's"":50,""The Home Depot"":50,""Dollar General"":50,""Holiday Station"":50,""True Value Hardware"":50,""ConocoPhillips"":50,""Ace Hardware"":50,""Harley Davidson"":50,""Stop & Shop"":50,""Love's Travel Stops and Country Stores"":50,""Maverik"":50,""Lynns Dakotamart Grocery"":50,""Dairy Queen"":50}","{""Amazon"":100,""Walmart"":50,""Disney Mobile"":50,""Netflix"":50,""Hulu"":50,""CVS Caremark"":50}","{""AmericInn"":50,""Ramada"":50,""Quality Inn"":50}",{},"{""Disney Mobile"":50}","{""Hulu"":50,""Netflix"":50}",{},{},{},{}
171986,224-222@5sy-bzg-47q,,,2022-06-01,2022-07-01,97.84,8,5,12.18,19.14,"{""25"":4.12,""75"":18.12}","[3.60,0.00,0.00,0.00,0.00,0.00,0.00,0.00,0.00,19.14,0.00,0.00,38.32,0.00,0.00,0.00,0.00,0.00,0.00,0.00,0.00,0.00,0.00,0.00,0.00,0.00,9.32,0.00,0.00,27.46]","[3.60,null,null,null,null,null,null,null,null,19.14,null,null,9.58,null,null,null,null,null,null,null,null,null,null,null,null,null,9.32,null,null,27.46]","{""Monday"":47.64,""Tuesday"":0.00,""Wednesday"":3.60,""Thursday"":27.46,""Friday"":19.14,""Saturday"":0.00,""Sunday"":0.00}","{""Wednesday"":5,""Monday"":4,""Saturday"":4,""Thursday"":5,""Tuesday"":4,""Friday"":4,""Sunday"":4}",,-25.0,0,0.0,"{""Square"":8}","{""Square"":97.84}","{""1"":4,""2"":0,""3"":0,""4"":1,""5-10"":0,"">10"":0}","{""1"":14.88,""2"":null,""3"":null,""4"":38.32,""5-10"":null,"">10"":null}","{""<25k"":2,""25-45k"":2,""75-100k"":2,"">150k"":2}","{""<25k"":19.14,""25-45k"":9.32,""75-100k"":27.46,"">150k"":38.32}","{""Amherst, OH"":4,""Boulder, CO"":2,""Bellingham, WA"":2,""Colorado Springs, CO"":2}","{""Walmart"":60,""Starbucks"":60,""Verizon Wireless"":40,""Albertsons"":40,""Taco Bell"":40,""Lowe's"":40,""Rocky Mountain Chocolate Factory"":40,""Maverik"":40,""Trader Joe's"":20,""Target"":20,""Nike"":20,""Auntie Anne's"":20,""Safeway Fuel Station"":20,""Bomgaars"":20,""Coach"":20,""Bell"":20,""Safeway"":20,""LaMar's Donuts"":20,""Boot Barn"":20,""Sierra"":20}","{""Spotify"":40,""Etsy"":20,""Chipotle Mexican Grill"":20,""DoorDash"":20,""Amazon"":20,""Adobe Systems"":20,""Dish Network"":20,""Apple"":20,""Wendy's"":20,""Netflix"":20,""Hulu"":20,""Uber Eats"":20,""U-Haul"":20,""Nordstrom"":20,""Shipt"":20,""Affirm.com"":20,""Intuit"":20,""Starz"":20,""Home Chef"":20}","{""Starbucks"":60,""Taco Bell"":40,""Chipotle Mexican Grill"":20,""Auntie Anne's"":20,""Wendy's"":20,""Chick-fil-A"":20,""Dairy Queen"":20,""McDonald's"":20,""Pizza Hut"":20,""Subway"":20,""Arby's"":20}","{""Walmart"":40,""Albertsons"":40,""Boot Barn"":20,""Sierra"":20,""Dairy Queen"":20,""Pizza Hut"":20}","{""Verizon Wireless"":40}","{""Hulu"":20,""Starz"":20,""Netflix"":20,""Dish Network"":20}","{""Shipt"":20,""Uber Eats"":20,""DoorDash"":20}",{},"{""Affirm.com"":20}",{}
172011,223-222@5sy-bzh-3yv,,,2022-06-01,2022-07-01,42.4,2,2,21.2,21.2,"{""25"":18.15,""75"":24.25}","[0.00,0.00,0.00,0.00,0.00,18.15,0.00,0.00,0.00,0.00,0.00,0.00,0.00,0.00,0.00,0.00,0.00,0.00,0.00,0.00,0.00,0.00,0.00,0.00,0.00,0.00,0.00,0.00,24.25,0.00]","[null,null,null,null,null,18.15,null,null,null,null,null,null,null,null,null,null,null,null,null,null,null,null,null,null,null,null,null,null,24.25,null]","{""Monday"":18.15,""Tuesday"":0.00,""Wednesday"":24.25,""Thursday"":0.00,""Friday"":0.00,""Saturday"":0.00,""Sunday"":0.00}","{""Wednesday"":5,""Monday"":4,""Saturday"":4,""Thursday"":5,""Tuesday"":4,""Friday"":4,""Sunday"":4}",,-86.0,0,0.0,"{""No intermediary"":2}","{""No intermediary"":42.40}","{""1"":2,""2"":0,""3"":0,""4"":0,""5-10"":0,"">10"":0}","{""1"":21.20,""2"":null,""3"":null,""4"":null,""5-10"":null,"">10"":null}","{""25-45k"":2,"">150k"":2}","{""25-45k"":24.25,"">150k"":18.15}","{""Aurora, CO"":2,""Cody, WY"":2}","{""Walmart"":100,""Albertsons"":100,""Bomgaars"":100,""ConocoPhillips"":100,""Ace Hardware"":100,""Maverik"":100,""Target"":50,""Papa Murphy's"":50,""Taco Bell"":50,""Homewood Suites by Hilton"":50,""WinCo Foods"":50,""Hobby Lobby Stores"":50,""Wrangler Jeans Co."":50,""Sierra"":50,""Walgreens"":50,""Panera Bread"":50,""Carl's Jr."":50,""McDonald's"":50,""Regal Entertainment Group"":50,""Sally Beauty Supply"":50}","{""Verizon Wireless"":50,""Amazon"":50,""Sirius XM"":50,""eBay"":50,""Google Storage"":50,""Spotify"":50,""Spectrum"":50}",{},"{""Albertsons"":100,""Walmart"":50,""Papa Murphy's"":50,""Bomgaars"":50,""ConocoPhillips"":50,""Ace Hardware"":50,""Sierra"":50,""Maverik"":50,""Walgreens"":50,""McDonald's"":50}","{""Verizon Wireless"":50}","{""Peacock"":50}",{},{},{},{}
172052,22c-222@5sy-bzg-gp9,,,2022-06-01,2022-07-01,1810.38,45,41,37.84,38.15,"{""25"":23.15,""75"":53.42}","[0.00,126.36,34.84,13.77,0.00,48.83,227.99,0.00,0.00,0.00,31.54,0.00,162.30,189.51,209.11,129.71,0.00,0.00,71.24,0.00,170.48,77.19,0.00,18.08,0.00,0.00,86.68,0.00,47.97,164.78]","[null,36.68,34.84,13.77,null,24.42,42.88,null,null,null,31.54,null,40.58,34.84,38.15,64.86,null,null,71.24,null,42.62,38.60,null,18.08,null,null,15.08,null,23.99,82.39]","{""Monday"":297.81,""Tuesday"":587.98,""Wednesday"":334.27,""Thursday"":420.85,""Friday"":52.92,""Saturday"":45.31,""Sunday"":71.24}","{""Wednesday"":5,""Monday"":4,""Saturday"":4,""Thursday"":5,""Tuesday"":4,""Friday"":4,""Sunday"":4}",315.0,-8.0,0,0.0,"{""No intermediary"":45}","{""No intermediary"":1810.38}","{""1"":37,""2"":4,""3"":0,""4"":0,""5-10"":0,"">10"":0}","{""1"":39.94,""2"":83.20,""3"":null,""4"":null,""5-10"":null,"">10"":null}","{""<25k"":6,""25-45k"":4,""45-60k"":2,""60-75k"":2,""75-100k"":7,""100-150k"":9,"">150k"":9}","{""<25k"":29.98,""25-45k"":24.52,""45-60k"":58.25,""60-75k"":54.70,""75-100k"":44.95,""100-150k"":48.53,"">150k"":46.19}","{""Newbury Park, CA"":7,""Cody, WY"":5,""Twin Falls, ID"":4,""Maple Heights, OH"":2,""Driggs, ID"":2,""Cora, WY"":2,""Chicago, IL"":2,""North Salt Lake, UT"":2,""Durham, NC"":2,""La Pine, OR"":2,""Alameda, CA"":2,""Victor, ID"":2,""Katy, TX"":2,""Harrisville, UT"":2,""Georgetown, KY"":2,""Marietta, GA"":2,""Colorado Springs, CO"":2,""Draper, UT"":2,""Pearland, TX"":2,""Torrance, CA"":2,""Aurora, CO"":2,""Ketchikan, AK"":2,""Glendale, AZ"":2,""Bradenton Beach, FL"":2,""Bloomfield Hills, MI"":2}","{""Walmart"":86,""McDonald's"":59,""Albertsons"":47,""Maverik"":47,""Exxon Mobil"":44,""Subway"":42,""Wendy's"":37,""Target"":25,""Domino's Pizza"":25,""Pilot Flying J"":25,""Sam's Club"":25,""Shell Oil"":25,""Chevron"":22,""Love's Travel Stops and Country Stores"":22,""Costco"":22,""Dairy Queen"":22,""The Home Depot"":20,""ConocoPhillips"":20,""Walgreens"":20,""Burger King"":20}","{""Amazon"":57,""Apple"":30,""Netflix"":25,""Amazon Marketplace"":22,""Walmart"":20,""AT&T"":20,""Steam"":10,""Uber"":10,""Hulu"":10,""Amazon Digital Services"":10,""Verizon Wireless"":8,""Chipotle Mexican Grill"":8,""Sirius XM"":8,""Macy's"":8,""Maverik"":8,""Spotify"":8,""Burger King"":8,""Audible"":8,""T-Mobile"":8,""Etsy"":5}","{""McDonald's"":59,""Subway"":42,""Wendy's"":37,""Domino's Pizza"":25,""Dairy Queen"":22,""Burger King"":22,""Chipotle Mexican Grill"":20,""Starbucks"":18,""Arby's"":15,""Chick-fil-A"":13,""Papa Murphy's"":10,""Taco Bell"":10,""Taco John's"":10,""KFC"":10,""Cracker Barrel"":8,""Pizza Hut"":8,""Cafe Rio"":8,""Outback Steakhouse"":8,""Schlotzsky's"":5,""Golden Corral"":5}","{""Walmart"":64,""Albertsons"":42,""Wendy's"":25,""McDonald's"":25,""Sierra"":18,""Subway"":18,""Domino's Pizza"":15,""Bomgaars"":10,""ConocoPhillips"":10,""Ace Hardware"":10,""Maverik"":10,""Dairy Queen"":10,""Papa Murphy's"":8,""Taco John's"":8,""O'Reilly Auto Parts"":8,""Burger King"":8,""Tractor Supply Co."":8,""Arby's"":8,""United States Postal Service (USPS)"":5,""The UPS Store"":3}","{""AT&T"":32,""Verizon Wireless"":25,""T-Mobile"":8,""MetroPCS"":5,""Cricket Wireless"":3,""TracFone Wireless"":3}","{""Netflix"":25,""Hulu"":10,""Disney Plus"":10,""Peacock"":8,""Redbox"":8,""Roku"":5,""Amazon Prime Video"":5,""Youtube"":3,""Funimation"":3,""Youtube Premium"":3}","{""Dashpass"":5,""Uber Eats"":3,""Go Puff"":3}","{""Uber"":10,""Lyft"":5}","{""Affirm.com"":5,""Afterpay"":3,""Klarna"":3,""Progressive Leasing"":3}","{""PayPal"":3}"
172059,222-222@5sy-bzg-psq,SG_BRAND_63ea689e38887d2a25b1f57a6f86748f,Walgreens,2022-06-01,2022-07-01,6094.35,191,135,21.83,27.59,"{""25"":11.09,""75"":36.11}","[217.31,306.36,0.00,91.62,43.10,406.95,129.77,87.17,59.79,91.79,174.55,30.84,704.10,311.02,501.32,230.00,156.17,143.05,87.06,114.91,443.36,91.92,648.27,218.19,26.78,57.93,301.99,97.98,94.80,226.25]","[28.90,17.66,null,23.56,43.10,21.83,22.86,14.54,17.80,9.84,25.44,7.27,25.98,37.95,49.80,18.49,14.65,19.16,43.53,24.05,24.95,21.74,20.99,36.00,26.78,28.97,31.70,8.17,28.18,30.22]","{""Monday"":1527.95,""Tuesday"":982.13,""Wednesday"":992.52,""Thursday"":1470.67,""Friday"":466.15,""Saturday"":436.00,""Sunday"":218.93}","{""Wednesday"":5,""Monday"":4,""Saturday"":4,""Thursday"":5,""Tuesday"":4,""Friday"":4,""Sunday"":4}",39.0,-7.0,2,50.81,"{""No intermediary"":191}","{""No intermediary"":6094.35}","{""1"":99,""2"":26,""3"":4,""4"":4,""5-10"":2,"">10"":0}","{""1"":29.18,""2"":82.90,""3"":78.30,""4"":98.80,""5-10"":170.85,"">10"":null}","{""<25k"":12,""25-45k"":13,""45-60k"":7,""60-75k"":11,""75-100k"":10,""100-150k"":31,"">150k"":39}","{""<25k"":31.04,""25-45k"":25.51,""45-60k"":27.03,""60-75k"":41.49,""75-100k"":57.47,""100-150k"":36.31,"">150k"":60.29}","{""Cody, WY"":18,""Newbury Park, CA"":7,""Laurel, FL"":4,""Prince Frederick, MD"":4,""Emmett, ID"":4,""Leavenworth, WA"":4,""Yankton, SD"":4,""Lakewood, WA"":4,""Greenfield, WI"":3,""Grand Forks, ND"":3,""Clark, WY"":3,""Custer, SD"":3,""Brunswick, GA"":3,""Smyrna, GA"":2,""Saint Paul, MN"":2,""Choctaw, OK"":2,""Arlington, VA"":2,""Springfield, VA"":2,""Middleburgh, NY"":2,""Dexter, IA"":2,""Grayling, MT"":2,""Fort Mill, SC"":2,""Alexandria, VA"":2,""Woodbridge, VA"":2,""Conifer, CO"":2,""Clover, SC"":2,""Kensington, MD"":2,""Taylorsville, UT"":2,""Saint Petersburg, FL"":2,""Tusculum, TN"":2,""Hudson, MA"":2,""Austell, GA"":2,""Greybull, WY"":2,""Ashland, KY"":2,""Somerville, MA"":2,""Mobile, AL"":2,""Chandler, AZ"":2,""Easley, SC"":2,""Menifee, CA"":2,""Newburg, WI"":2,""Laramie, WY"":2,""Katy, TX"":2,""Alcoa, TN"":2,""Bellevue, NE"":2,""Murrysville, PA"":2,""Houston, TX"":2,""The Woodlands, TX"":2,""Baltimore, MD"":2,""Palm Harbor, FL"":2,""Pleasant Grove, UT"":2,""Riverton, WY"":2,""Loveland, CO"":2,""Bear, DE"":2,""Madison, OH"":2,""Altamont, UT"":2,""Centralia, WA"":2,""Boise, ID"":2,""Ankeny, IA"":2,""Honolulu, HI"":2,""Riverton, UT"":2,""Weatherford, TX"":2,""Midvale, UT"":2,""Lexington, KY"":2,""Evergreen, CO"":2,""Belfair, WA"":2,""Bakersfield, CA"":2,""Colorado Springs, CO"":2,""Athens, GA"":2,""Dawson, MO"":2,""Draper, UT"":2,""Layton, UT"":2,""Knoxville, TN"":2,""Cincinnati, OH"":2,""San Antonio, TX"":2,""Dallas, TX"":2,""Anchorage, AK"":2,""Grants, NM"":2,""Casper, WY"":2,""Milford, NH"":2,""Braselton, GA"":2,""Aurora, CO"":2,""Cedar Falls, IA"":2,""Epworth, GA"":2,""Hoquiam, WA"":2,""Eagle, ID"":2,""Corvallis, OR"":2,""Bradenton Beach, FL"":2,""Greeley, CO"":2}","{""Walmart"":78,""McDonald's"":55,""Albertsons"":46,""Exxon Mobil"":41,""Maverik"":40,""Wendy's"":30,""Target"":29,""Dairy Queen"":27,""ConocoPhillips"":26,""Costco"":24,""Subway"":23,""Starbucks"":20,""Chick-fil-A"":20,""Shell Oil"":20,""Arby's"":20,""CVS"":19,""Ace Hardware"":18,""Verizon Wireless"":18,""The Home Depot"":18,""Dollar Tree"":18}","{""Amazon"":68,""Apple"":46,""Netflix"":35,""Amazon Marketplace"":23,""AT&T"":20,""Hulu"":19,""Amazon Digital Services"":18,""Sirius XM"":17,""Verizon Wireless"":15,""Spotify"":13,""Audible"":13,""Walmart"":12,""Target"":11,""Uber"":11,""Comcast"":11,""Etsy"":8,""Airbnb"":8,""Chewy"":7,""The Home Depot"":7,""Google"":7}","{""CVS"":20,""ULTA Beauty"":7,""Bath & Body Works"":5,""Sephora"":3,""Sally Beauty Supply"":3,""The Body Shop"":2,""The Vitamin Shoppe"":2,""Rite Aid"":2,""Savers"":1,""Health Mart"":1,""Pearle Vision"":1,""Merle Norman Cosmetics"":1,""GNC (General Nutrition Centers)"":1,""Good Day Pharmacy"":1}","{""Walmart"":42,""Albertsons"":36,""Dairy Queen"":17,""McDonald's"":16,""Maverik"":15,""Wendy's"":14,""Tractor Supply Co."":8,""ConocoPhillips"":7,""Ace Hardware"":7,""Sierra"":7,""Arby's"":7,""Domino's Pizza"":6,""The UPS Store"":5,""Subway"":5,""Dollar Tree"":5,""Bomgaars"":4,""Taco John's"":4,""O'Reilly Auto Parts"":4,""United States Postal Service (USPS)"":4,""Pizza Hut"":4}","{""Verizon Wireless"":30,""AT&T"":22,""T-Mobile"":5,""Straight Talk"":4,""Sprint"":3,""MetroPCS"":1}","{""Netflix"":35,""Hulu"":19,""Dish Network"":5,""Disney Plus"":5,""Youtube Premium"":3,""HBO Max"":3,""YouTube TV"":2,""Fubo"":2,""Crunchyroll"":2,""Amazon Prime"":2,""Amazon Prime Video"":2,""Sling TV"":1,""Roku"":1,""Youtube"":1,""Vudu"":1,""Peacock"":1,""DirecTV"":1}","{""Uber Eats"":6,""Instacart"":4,""DoorDash"":3,""HelloFresh"":3,""Dashpass"":2,""Grubhub"":1}","{""Uber"":11,""Lyft"":5}","{""Afterpay"":1,""Affirm.com"":1}","{""PayPal"":5,""Apple Card"":2,""Apple Cash"":2,""Venmo"":1}"
172085,224-222@5sy-bzg-r6k,,,2022-06-01,2022-07-01,215.18,10,9,18.18,23.32,"{""25"":12.19,""75"":25.49}","[0.00,0.00,0.00,0.00,0.00,0.00,20.80,0.00,23.32,0.00,86.99,0.00,0.00,0.00,0.00,0.00,18.88,11.96,0.00,0.00,0.00,0.00,0.00,0.00,0.00,0.00,0.00,12.26,40.97,0.00]","[null,null,null,null,null,null,20.80,null,23.32,null,43.50,null,null,null,null,null,9.44,11.96,null,null,null,null,null,null,null,null,null,12.26,20.49,null]","{""Monday"":0.00,""Tuesday"":33.06,""Wednesday"":40.97,""Thursday"":23.32,""Friday"":18.88,""Saturday"":98.95,""Sunday"":0.00}","{""Wednesday"":5,""Monday"":4,""Saturday"":4,""Thursday"":5,""Tuesday"":4,""Friday"":4,""Sunday"":4}",5.0,-7.0,0,0.0,"{""No intermediary"":10}","{""No intermediary"":215.18}","{""1"":8,""2"":1,""3"":0,""4"":0,""5-10"":0,"">10"":0}","{""1"":23.76,""2"":25.12,""3"":null,""4"":null,""5-10"":null,"">10"":null}","{""<25k"":5,""45-60k"":2,""75-100k"":2,""100-150k"":2,"">150k"":2}","{""<25k"":18.18,""45-60k"":20.93,""75-100k"":43.50,""100-150k"":23.32,"">150k"":5.72}","{""Taylorsville, UT"":2,""North Salt Lake, UT"":2,""Annex, OR"":2,""Cody, WY"":2,""Boise, ID"":2,""San Antonio, TX"":2,""Billings, MT"":2,""Heglar, ID"":2,""Chino, CA"":2}","{""Maverik"":89,""Walmart"":78,""McDonald's"":67,""Chevron"":56,""Wendy's"":56,""Target"":45,""7-Eleven"":45,""Albertsons"":34,""WinCo Foods"":34,""The Home Depot"":34,""ConocoPhillips"":34,""Subway"":34,""Arby's"":34,""Verizon Wireless"":23,""Loaf 'N Jug"":23,""Domino's Pizza"":23,""Taco Bell"":23,""Lowe's"":23,""Fred Meyer"":23,""Costco"":23}","{""Amazon"":56,""Apple"":45,""Amazon Digital Services"":34,""Wendy's"":23,""Google"":23,""Netflix"":23,""Spotify"":23,""Amazon Prime"":23,""AT&T"":23,""Audible"":23,""Amazon Marketplace"":23,""Walmart"":12,""Ticketmaster"":12,""ADT Security Services"":12,""Planet Fitness"":12,""Uber"":12,""HBO Max"":12,""Ipsy"":12,""Chewy"":12,""Airbnb"":12}","{""Wendy's"":67,""McDonald's"":67,""Subway"":34,""Arby's"":34,""Domino's Pizza"":23,""Taco Bell"":23,""Chick-fil-A"":23,""Applebee's"":23,""Pizza Hut"":23,""Jimmy John's"":12,""Chipotle Mexican Grill"":12,""Einstein Brothers"":12,""Bill Miller Bar-B-Q"":12,""Whataburger"":12,""Ben & Jerry's"":12,""Baskin Robbins"":12,""Idaho Pizza Company"":12,""Human Bean"":12,""Dairy Queen"":12,""Culver's"":12}","{""Walmart"":56,""McDonald's"":45,""Wendy's"":34,""Maverik"":23,""Pizza Hut"":23,""Albertsons"":12,""maurices"":12,""Boot Barn"":12,""Sierra"":12,""Walgreens"":12,""Dairy Queen"":12,""Good 2 Go Stores"":12,""Subway"":12,""Arby's"":12}","{""AT&T"":23,""Verizon Wireless"":23,""Cricket Wireless"":12}","{""Netflix"":23,""Amazon Prime"":23,""HBO Max"":12,""Funimation"":12,""Dish Network"":12,""Redbox"":12,""Hulu"":12,""DirecTV"":12,""Youtube Premium"":12}",{},"{""Uber"":12}","{""Affirm.com"":12,""Klarna"":12}",{}
172181,22g-222@5sy-bzg-pn5,SG_BRAND_d100d4d8528c773aac249aa76b9eed07,The UPS Store,2022-06-01,2022-07-01,884.61,27,20,14.4,28.03,"{""25"":6.40,""75"":35.58}","[62.62,72.53,0.00,2.00,0.00,0.00,0.00,0.00,0.00,51.06,0.00,0.00,147.62,2.00,30.04,0.00,183.78,73.17,0.00,35.58,28.91,28.80,1.56,60.56,0.00,0.00,94.38,0.00,10.00,0.00]","[31.31,36.27,null,2.00,null,null,null,null,null,12.00,null,null,73.81,2.00,30.04,null,91.89,73.17,null,35.58,11.70,14.40,1.56,30.28,null,null,94.38,null,10.00,null]","{""Monday"":277.58,""Tuesday"":30.91,""Wednesday"":131.46,""Thursday"":74.09,""Friday"":295.40,""Saturday"":75.17,""Sunday"":0.00}","{""Wednesday"":5,""Monday"":4,""Saturday"":4,""Thursday"":5,""Tuesday"":4,""Friday"":4,""Sunday"":4}",-31.0,-51.0,0,0.0,"{""No intermediary"":27}","{""No intermediary"":884.61}","{""1"":16,""2"":2,""3"":1,""4"":1,""5-10"":0,"">10"":0}","{""1"":32.00,""2"":39.45,""3"":236.46,""4"":57.29,""5-10"":null,"">10"":null}","{""<25k"":3,""60-75k"":2,""75-100k"":7,""100-150k"":2,"">150k"":10}","{""<25k"":0.60,""60-75k"":28.08,""75-100k"":20.25,""100-150k"":10.00,"">150k"":65.15}","{""Palm Harbor, FL"":4,""Cody, WY"":4,""Newbury Park, CA"":4,""Mccall, ID"":2,""Baltimore, MD"":2,""Basin, WY"":2,""Kanab, UT"":2,""Miami, FL"":2,""Columbus, MT"":2,""Emigrant, MT"":2,""Bozeman, MT"":2,""Deadwood, SD"":2,""Bradenton Beach, FL"":2}","{""Albertsons"":75,""Walmart"":70,""Walgreens"":50,""Maverik"":45,""McDonald's"":40,""Exxon Mobil"":40,""Wendy's"":35,""Subway"":35,""Bomgaars"":30,""ConocoPhillips"":30,""Costco"":30,""Verizon Wireless"":25,""Domino's Pizza"":25,""The Home Depot"":25,""Starbucks"":25,""Shell Oil"":25,""Taco Bell"":20,""Taco John's"":20,""Ace Hardware"":20,""Pilot Flying J"":20}","{""Amazon"":80,""Apple"":55,""Netflix"":45,""Amazon Digital Services"":45,""Amazon Marketplace"":45,""Hulu"":25,""Walmart"":20,""Verizon Wireless"":20,""Spotify"":20,""Planet Fitness"":15,""AT&T"":15,""Audible"":15,""Petco"":10,""Sling TV"":10,""Uber"":10,""Fubo"":10,""GoDaddy"":10,""Coinbase"":10,""Goodwill"":10,""Macy's"":10}","{""FedEx"":5}","{""Albertsons"":70,""Walmart"":60,""Walgreens"":30,""Wendy's"":25,""Domino's Pizza"":20,""Ace Hardware"":20,""McDonald's"":20,""Subway"":20,""Bomgaars"":15,""Taco John's"":15,""Maverik"":15,""ConocoPhillips"":10,""Dairy Queen"":10,""Tractor Supply Co."":10,""AutoZone"":10,""Dollar Tree"":10,""Arby's"":10,""Papa Murphy's"":5,""Cellular Plus"":5,""Holiday Inn"":5}","{""Verizon Wireless"":45,""AT&T"":20,""Google Fi"":5,""Sprint"":5,""T-Mobile"":5}","{""Netflix"":45,""Hulu"":25,""Disney Plus"":25,""Sling TV"":10,""Fubo"":10,""Dish Network"":10,""Amazon Prime Video"":10,""Roku"":5,""YouTube TV"":5,""Amazon Prime"":5,""Youtube Premium"":5}",{},"{""Uber"":10,""Lyft"":5}","{""Affirm.com"":5,""Klarna"":5}","{""Apple Cash"":5,""Venmo"":5}"
172207,222-222@5sy-bzg-45f,SG_BRAND_e2c9f71790c5253598b8bd87e981ffe9,Holiday Inn,2022-06-01,2022-07-01,8094.26,32,27,221.71,251.49,"{""25"":10.61,""75"":258.62}","[200.34,5.50,221.99,0.00,0.00,11.25,632.67,985.70,0.00,421.78,0.00,242.52,250.52,734.71,0.00,31.20,0.00,0.00,576.48,0.00,0.00,0.00,0.00,0.00,892.41,0.00,259.04,0.00,2360.70,267.45]","[200.34,2.75,221.99,null,null,11.25,251.49,246.43,null,210.89,null,242.52,250.52,236.46,null,31.20,null,null,255.29,null,null,null,null,null,446.21,null,129.52,null,1180.35,133.73]","{""Monday"":520.81,""Tuesday"":1367.38,""Wednesday"":3546.74,""Thursday"":304.15,""Friday"":643.77,""Saturday"":892.41,""Sunday"":819.00}","{""Wednesday"":5,""Monday"":4,""Saturday"":4,""Thursday"":5,""Tuesday"":4,""Friday"":4,""Sunday"":4}",223.0,-28.0,2,202.34,"{""No intermediary"":32}","{""No intermediary"":8094.26}","{""1"":22,""2"":5,""3"":0,""4"":0,""5-10"":0,"">10"":0}","{""1"":274.30,""2"":411.92,""3"":null,""4"":null,""5-10"":null,"">10"":null}","{""<25k"":2,""25-45k"":2,""45-60k"":4,""60-75k"":2,""75-100k"":2,""100-150k"":3,"">150k"":13}","{""<25k"":2.75,""25-45k"":279.42,""45-60k"":56.60,""60-75k"":251.49,""75-100k"":413.66,""100-150k"":197.50,"">150k"":466.39}","{""Angola, IN"":3,""Brigham City, UT"":2,""Enola, NE"":2,""Boulder, CO"":2,""Mechanicville, NY"":2,""Salt Lake City, UT"":2,""Carlisle, IA"":2,""Carol Stream, IL"":2,""Houston, TX"":2,""Royal, AR"":2,""Hagerstown, MD"":2,""Park City, UT"":2,""Spartanburg, SC"":2,""Lamont, WY"":2,""Deadwood, SD"":2,""Anchorage, AK"":2,""Casper, WY"":2,""Newbury Park, CA"":2,""Glendale, AZ"":2,""Amsterdam, NY"":2,""Idaho Falls, ID"":2,""Delphia, MT"":2,""Logan, UT"":2,""Hageman, OH"":2}","{""Walmart"":63,""McDonald's"":52,""Walgreens"":45,""Exxon Mobil"":45,""Shell Oil"":45,""Wendy's"":41,""Target"":38,""Casey's General Stores"":30,""Lowe's"":30,""Starbucks"":30,""Chick-fil-A"":30,""United States Postal Service (USPS)"":30,""Phillips 66"":30,""Taco Bell"":26,""Speedway"":26,""Chevron"":23,""The Home Depot"":23,""ConocoPhillips"":23,""Maverik"":23,""Burger King"":23}","{""Amazon"":52,""Apple"":41,""Netflix"":38,""Spotify"":34,""AT&T"":23,""Uber"":19,""Hulu"":19,""Comcast"":19,""Amazon Marketplace"":19,""Etsy"":15,""Chipotle Mexican Grill"":15,""Expedia"":15,""Google"":15,""Uber Eats"":15,""Amazon Digital Services"":15,""Amazon Prime Video"":15,""Target"":12,""Dropbox"":12,""Verizon Wireless"":12,""Planet Fitness"":12}","{""Comfort Suites"":12,""Hilton International"":12,""Staybridge Suites"":8,""Hampton"":8,""DoubleTree by Hilton"":8,""Best Western"":8,""Quality Inn"":8,""Econo Lodge"":4,""Westin Hotels & Resorts"":4,""Howard Johnson (HoJo)"":4,""Microtel Inn and Suites"":4,""Cambria Suites"":4,""TownePlace Suites by Marriott"":4,""Super 8"":4,""Motel 6"":4,""Great Wolf Lodge"":4,""Renaissance Hotels"":4,""Sleep Inn"":4,""SpringHill Suites by Marriott"":4,""Courtyard by Marriott"":4}","{""Walmart"":8,""Wendy's"":8,""Walgreens"":8,""Domino's Pizza"":4,""The UPS Store"":4,""ConocoPhillips"":4,""Dairy Queen"":4,""McDonald's"":4,""Tractor Supply Co."":4,""Pizza Hut"":4}","{""AT&T"":34,""Verizon Wireless"":15,""Sprint"":4}","{""Netflix"":38,""Hulu"":19,""Amazon Prime Video"":15,""Dish Network"":12,""Sling TV"":8,""Youtube"":4,""Vudu"":4,""Time Warner Cable"":4,""Disney Plus"":4}","{""Uber Eats"":15,""Dashpass"":4,""Instacart"":4,""DoorDash"":4}","{""Uber"":19,""Lyft"":4}","{""Afterpay"":4,""Affirm.com"":4,""Klarna"":4}","{""Apple Card"":4}"
172252,223-222@5sy-bzg-r6k,,,2022-06-01,2022-07-01,5097.26,44,37,76.72,80.86,"{""25"":42.79,""75"":193.70}","[0.00,0.00,589.59,0.00,0.00,143.09,0.00,0.00,33.06,154.58,265.85,365.18,1094.66,34.06,87.85,10.11,319.14,0.00,417.49,237.54,190.52,480.51,77.95,0.00,0.00,0.00,354.10,0.00,82.38,159.60]","[null,null,132.76,null,null,39.10,null,null,33.06,50.14,265.85,365.18,131.99,34.06,24.50,10.11,159.57,null,62.88,237.54,95.26,220.89,77.95,null,null,null,177.05,null,82.38,61.76]","{""Monday"":1829.39,""Tuesday"":224.58,""Wednesday"":650.74,""Thursday"":280.72,""Friday"":1063.31,""Saturday"":265.85,""Sunday"":782.67}","{""Wednesday"":5,""Monday"":4,""Saturday"":4,""Thursday"":5,""Tuesday"":4,""Friday"":4,""Sunday"":4}",80.0,-19.0,0,0.0,"{""No intermediary"":44}","{""No intermediary"":5097.26}","{""1"":31,""2"":5,""3"":1,""4"":0,""5-10"":0,"">10"":0}","{""1"":112.06,""2"":194.05,""3"":653.25,""4"":null,""5-10"":null,"">10"":null}","{""<25k"":2,""25-45k"":6,""45-60k"":2,""60-75k"":4,""75-100k"":4,""100-150k"":8,"">150k"":10}","{""<25k"":116.33,""25-45k"":146.67,""45-60k"":27.50,""60-75k"":51.70,""75-100k"":137.44,""100-150k"":216.11,"">150k"":125.13}","{""The Woodlands, TX"":3,""Boise, ID"":3,""Northfield, OH"":3,""Glendale, AZ"":3,""Cheyenne, WY"":3,""Middleburgh, NY"":2,""Huntsville, AL"":2,""Troy, MI"":2,""Rochester, NY"":2,""California, PA"":2,""Cody, WY"":2,""Azle, TX"":2,""Belgrade, MT"":2,""Endicott, NY"":2,""Riverton, WY"":2,""Kokomo, IN"":2,""Swormville, NY"":2,""Elkhart, IN"":2,""Kanab, UT"":2,""Columbus, MT"":2,""Northglenn, CO"":2,""Erda, UT"":2,""Horsham, PA"":2,""Wilmington, DE"":2,""Newport, OR"":2,""Dallas, TX"":2,""Cape Coral, FL"":2,""Aurora, CO"":2,""Asheville, NC"":2,""Coronado, CA"":2,""Castle Rock, CO"":2}","{""Walmart"":84,""McDonald's"":46,""Target"":41,""Shell Oil"":41,""Exxon Mobil"":38,""Wendy's"":33,""Maverik"":33,""Albertsons"":30,""The Home Depot"":30,""ConocoPhillips"":30,""Verizon Wireless"":22,""Lowe's"":22,""Love's Travel Stops and Country Stores"":22,""Walgreens"":22,""Dairy Queen"":22,""Pilot Flying J"":22,""United States Postal Service (USPS)"":22,""Subway"":22,""Circle K"":19,""Chevron"":17}","{""Amazon"":60,""Apple"":38,""Netflix"":33,""Target"":17,""Sirius XM"":17,""AT&T"":17,""Amazon Marketplace"":17,""Hulu"":14,""Amazon Digital Services"":14,""Audible"":14,""Pizza Hut"":11,""Etsy"":9,""Verizon Wireless"":9,""Uber"":9,""Youtube"":9,""T-Mobile"":9,""Walmart"":6,""Chewy"":6,""Airbnb"":6,""Compassion International"":6}","{""Fairfield Inn & Suites by Marriott"":6,""Hampton"":6,""SpringHill Suites by Marriott"":6,""Courtyard by Marriott"":6,""Best Western"":6,""La Quinta Inns & Suites"":6,""Quality Inn"":6,""Hotel Indigo"":3,""Econo Lodge"":3,""Wingate by Wyndham"":3,""Radisson"":3,""Hyatt Hotels & Resorts"":3,""Holiday Inn"":3,""Comfort Suites"":3,""Days Inn"":3,""Baymont Inn & Suites"":3}","{""Walmart"":30,""Albertsons"":14,""Walgreens"":11,""Wendy's"":9,""ConocoPhillips"":9,""Dairy Queen"":9,""McDonald's"":9,""The UPS Store"":6,""Sierra"":6,""Maverik"":6,""United States Postal Service (USPS)"":6,""Cellular Plus"":3,""maurices"":3,""Domino's Pizza"":3,""Taco John's"":3,""Ace Hardware"":3,""Boot Barn"":3,""Tractor Supply Co."":3,""Dollar Tree"":3}","{""Verizon Wireless"":28,""AT&T"":17,""T-Mobile"":9}","{""Netflix"":33,""Hulu"":14,""Disney Plus"":11,""Youtube"":9,""Amazon Prime"":6,""Roku"":3,""Time Warner Cable"":3,""Amazon Prime Video"":3}","{""Instacart"":6,""Uber Eats"":3,""DoorDash"":3}","{""Uber"":9}","{""Affirm.com"":3}","{""PayPal"":3,""Apple Cash"":3}"
172308,227-222@5sy-bxt-dvz,SG_BRAND_8e5762f2bca5e0a62ef5da4b78de3ed5,O'Reilly Auto Parts,2022-06-01,2022-07-01,2004.95,30,24,27.54,28.07,"{""25"":10.21,""75"":97.87}","[18.18,0.00,383.73,0.00,142.78,18.26,28.06,27.02,0.00,13.38,95.14,0.00,0.00,0.00,0.00,10.39,0.00,0.00,214.22,11.43,236.75,12.04,28.07,116.44,17.67,0.00,446.22,106.07,5.29,73.81]","[18.18,null,383.73,null,142.78,9.13,28.06,27.02,null,6.69,95.14,null,null,null,null,10.39,null,null,214.22,11.43,21.67,6.02,28.07,58.22,17.67,null,192.68,106.07,5.29,36.91]","{""Monday"":475.91,""Tuesday"":370.88,""Wednesday"":62.53,""Thursday"":112.27,""Friday"":513.55,""Saturday"":112.81,""Sunday"":357.00}","{""Wednesday"":5,""Monday"":4,""Saturday"":4,""Thursday"":5,""Tuesday"":4,""Friday"":4,""Sunday"":4}",179.0,-33.0,0,0.0,"{""No intermediary"":30}","{""No intermediary"":2004.95}","{""1"":19,""2"":4,""3"":1,""4"":0,""5-10"":0,"">10"":0}","{""1"":85.52,""2"":14.84,""3"":320.79,""4"":null,""5-10"":null,"">10"":null}","{""<25k"":2,""25-45k"":4,""45-60k"":2,""60-75k"":2,""75-100k"":3,""100-150k"":3,"">150k"":11}","{""<25k"":119.00,""25-45k"":114.90,""45-60k"":28.07,""60-75k"":23.12,""75-100k"":128.43,""100-150k"":29.69,"">150k"":73.04}","{""Cody, WY"":6,""Brunswick, GA"":5,""Lotsee, OK"":3,""Syracuse, UT"":2,""Cora, WY"":2,""Emmett, ID"":2,""Garrison, ND"":2,""West Palm Beach, FL"":2,""Escalante, UT"":2,""Newbury Park, CA"":2,""Glendale, AZ"":2,""Jackson, WY"":2}","{""Walmart"":71,""Albertsons"":63,""Maverik"":50,""McDonald's"":46,""Walgreens"":42,""Chevron"":34,""Wendy's"":34,""ConocoPhillips"":34,""Dairy Queen"":34,""Target"":30,""Love's Travel Stops and Country Stores"":30,""Costco"":30,""Tractor Supply Co."":30,""Verizon Wireless"":25,""Pilot Flying J"":25,""Shell Oil"":25,""Subway"":25,""Sonic"":21,""Bomgaars"":21,""The Home Depot"":21}","{""Amazon"":59,""Netflix"":46,""Apple"":42,""Amazon Digital Services"":38,""Amazon Marketplace"":38,""Google"":30,""Hulu"":25,""The Home Depot"":17,""AT&T"":17,""Anytime Fitness"":13,""Steam"":13,""Uber"":13,""Sirius XM"":13,""Spotify"":13,""Uber Eats"":13,""Audible"":13,""Etsy"":9,""Walmart"":9,""Hotels.com"":9,""Facebook"":9}","{""AutoZone"":21,""NAPA Auto Parts"":5,""CARQUEST Auto Parts"":5}","{""Walmart"":46,""Albertsons"":46,""Dairy Queen"":25,""Wendy's"":21,""Walgreens"":21,""Ace Hardware"":17,""Maverik"":17,""McDonald's"":17,""Tractor Supply Co."":13,""AutoZone"":13,""Bomgaars"":9,""Domino's Pizza"":9,""ConocoPhillips"":9,""Pizza Hut"":9,""Subway"":9,""Dollar Tree"":9,""Arby's"":9,""Smoker Friendly"":5,""Papa Murphy's"":5,""CARQUEST Auto Parts"":5}","{""AT&T"":34,""Verizon Wireless"":30,""T-Mobile"":9,""Straight Talk"":9}","{""Netflix"":46,""Hulu"":25,""Disney Plus"":9,""Dish Network"":5,""Amazon Prime Video"":5}","{""Uber Eats"":13}","{""Uber"":13,""Lyft"":5}","{""Affirm.com"":9}","{""PayPal"":9}"
172431,226-222@5sy-bzg-r6k,,,2022-06-01,2022-07-01,168.62,18,7,6.8,25.98,"{""25"":6.17,""75"":9.17}","[5.26,0.00,0.00,6.30,0.00,0.00,8.64,0.00,11.98,0.00,6.30,0.00,0.00,0.00,0.00,52.62,5.78,0.00,0.00,0.00,38.76,7.36,0.00,0.00,0.00,0.00,10.76,8.56,6.30,0.00]","[5.26,null,null,6.30,null,null,8.64,null,11.98,null,6.30,null,null,null,null,26.31,5.78,null,null,null,6.30,7.36,null,null,null,null,10.76,8.56,6.30,null]","{""Monday"":10.76,""Tuesday"":55.96,""Wednesday"":18.92,""Thursday"":64.60,""Friday"":5.78,""Saturday"":12.60,""Sunday"":0.00}","{""Wednesday"":5,""Monday"":4,""Saturday"":4,""Thursday"":5,""Tuesday"":4,""Friday"":4,""Sunday"":4}",162.0,-51.0,0,0.0,"{""Square"":16,""No intermediary"":2}","{""Square"":116.00,""No intermediary"":52.62}","{""1"":4,""2"":1,""3"":0,""4"":1,""5-10"":1,"">10"":0}","{""1"":17.16,""2"":15.92,""3"":null,""4"":25.98,""5-10"":58.08,"">10"":null}","{""<25k"":2,""25-45k"":2,""45-60k"":2,""75-100k"":2}","{""<25k"":26.15,""25-45k"":13.34,""45-60k"":26.31,""75-100k"":31.67}","{""Cody, WY"":2,""Spartanburg, SC"":2,""Woodstock, GA"":2,""Emigrant, MT"":2,""Fond Du Lac, WI"":2,""Sheboygan, WI"":2}","{""Walmart"":86,""Target"":43,""Starbucks"":43,""Walgreens"":43,""Dairy Queen"":43,""McDonald's"":43,""Indigo"":43,""Value Village Thrift Stores"":29,""Albertsons"":29,""Sierra"":29,""Pilot Flying J"":29,""Panda Express"":29,""H&M (Hennes & Mauritz)"":29,""Dollar Tree"":29,""Smoker Friendly"":15,""Jimmy John's"":15,""Kwik Trip"":15,""BP"":15,""Fuzzy's Taco"":15,""Save-A-Lot"":15}","{""Amazon"":58,""Apple"":58,""Goodwill"":29,""Netflix"":29,""Walmart"":15,""Planet Fitness"":15,""Adobe Systems"":15,""ConocoPhillips"":15,""eBay"":15,""Microsoft"":15,""Bath & Body Works"":15,""Spotify"":15,""Amazon Digital Services"":15,""Spectrum"":15,""AT&T"":15,""Audible"":15,""Sony Playstation Networks"":15,""Amazon Marketplace"":15}","{""Starbucks"":43,""Dairy Queen"":43,""McDonald's"":43,""Panda Express"":29,""Jimmy John's"":15,""Fuzzy's Taco"":15,""Wendy's"":15,""Crumbl Cookies"":15,""A&W Restaurants"":15,""Dunkin'"":15}","{""Walmart"":58,""Sierra"":29,""Smoker Friendly"":15,""Albertsons"":15,""Wendy's"":15,""Walgreens"":15,""Dairy Queen"":15,""United States Postal Service (USPS)"":15,""McDonald's"":15}","{""AT&T"":15}","{""Netflix"":29}",{},{},{},{}
172434,226-222@5sy-bzg-gx5,,,2022-06-01,2022-07-01,1308.63,13,9,88.35,67.49,"{""25"":24.14,""75"":100.75}","[0.00,0.00,0.00,0.00,0.00,0.00,0.00,0.00,15.91,0.00,0.00,0.00,353.40,0.00,67.49,18.20,569.21,0.00,0.00,0.00,284.42,0.00,0.00,0.00,0.00,0.00,0.00,0.00,0.00,0.00]","[null,null,null,null,null,null,null,null,15.91,null,null,null,88.35,null,67.49,18.20,284.60,null,null,null,71.10,null,null,null,null,null,null,null,null,null]","{""Monday"":353.40,""Tuesday"":284.42,""Wednesday"":67.49,""Thursday"":34.11,""Friday"":569.21,""Saturday"":0.00,""Sunday"":0.00}","{""Wednesday"":5,""Monday"":4,""Saturday"":4,""Thursday"":5,""Tuesday"":4,""Friday"":4,""Sunday"":4}",273.0,3.0,0,0.0,"{""No intermediary"":13}","{""No intermediary"":1308.63}","{""1"":5,""2"":4,""3"":0,""4"":0,""5-10"":0,"">10"":0}","{""1"":134.16,""2"":159.46,""3"":null,""4"":null,""5-10"":null,"">10"":null}","{""45-60k"":2,""100-150k"":2,"">150k"":4}","{""45-60k"":226.28,""100-150k"":33.87,"">150k"":196.15}","{""Plano, TX"":2,""Cody, WY"":2,""Boise, ID"":2,""Andrew, LA"":2,""Parkton, MD"":2,""Aurora, CO"":2,""Newbury Park, CA"":2}","{""Walmart"":100,""McDonald's"":78,""The Home Depot"":67,""Exxon Mobil"":67,""Target"":45,""Wawa"":45,""Shell Oil"":45,""Verizon Wireless"":34,""Chevron"":34,""Barnes and Noble"":34,""Albertsons"":34,""Taco Bell"":34,""Lowe's"":34,""7-Eleven"":34,""Five Below"":34,""Starbucks"":34,""Wendy's"":34,""Boot Barn"":34,""Mission BBQ"":34,""Maverik"":34}","{""Amazon"":89,""Apple"":78,""Netflix"":56,""Hulu"":56,""Amazon Digital Services"":56,""Uber"":45,""Audible"":45,""Amazon Marketplace"":45,""Fandango"":34,""Comcast"":34,""Walmart"":23,""Target"":23,""YouTube TV"":23,""Sirius XM"":23,""Peloton Cycles"":23,""Google"":23,""Wayfair"":23,""Kohl's"":23,""AT&T"":23,""Wegmans"":12}",{},"{""Walmart"":78,""Dairy Queen"":23,""Arby's"":23,""Albertsons"":12,""Bomgaars"":12,""maurices"":12,""Taco John's"":12,""The UPS Store"":12,""Wendy's"":12,""Ace Hardware"":12,""Walgreens"":12,""Sherwin-Williams"":12,""McDonald's"":12,""Tractor Supply Co."":12,""Dollar Tree"":12}","{""Verizon Wireless"":34,""AT&T"":23}","{""Netflix"":56,""Hulu"":56,""Disney Plus"":34,""YouTube TV"":23,""Funimation"":12,""Amazon Prime Video"":12}","{""HelloFresh"":12,""Instacart"":12,""Uber Eats"":12,""DoorDash"":12}","{""Uber"":45}",{},{}
172522,222-222@5sy-bzc-qpv,SG_BRAND_739edde2613c107f7930d838af736899,Sherwin-Williams,2022-06-01,2022-07-01,811.54,6,6,64.84,64.84,"{""25"":20.11,""75"":300.94}","[0.00,0.00,0.00,0.00,0.00,0.00,0.00,0.00,0.00,91.89,0.00,0.00,0.00,0.00,0.00,0.00,353.90,0.00,0.00,0.00,0.00,0.00,0.00,0.00,0.00,0.00,365.75,0.00,0.00,0.00]","[null,null,null,null,null,null,null,null,null,21.82,null,null,null,null,null,null,176.95,null,null,null,null,null,null,null,null,null,365.75,null,null,null]","{""Monday"":365.75,""Tuesday"":0.00,""Wednesday"":0.00,""Thursday"":0.00,""Friday"":445.79,""Saturday"":0.00,""Sunday"":0.00}","{""Wednesday"":5,""Monday"":4,""Saturday"":4,""Thursday"":5,""Tuesday"":4,""Friday"":4,""Sunday"":4}",180.0,-47.0,0,0.0,"{""No intermediary"":6}","{""No intermediary"":811.54}","{""1"":6,""2"":0,""3"":0,""4"":0,""5-10"":0,"">10"":0}","{""1"":135.26,""2"":null,""3"":null,""4"":null,""5-10"":null,"">10"":null}","{""<25k"":2,""100-150k"":2,"">150k"":2}","{""<25k"":365.75,""100-150k"":136.34,"">150k"":18.39}","{""Aurora, CO"":2,""Clark, WY"":2,""Newbury Park, CA"":2,""Cody, WY"":2}","{""Walmart"":84,""Ace Hardware"":67,""Tractor Supply Co."":67,""Verizon Wireless"":50,""Albertsons"":50,""Blair's"":50,""Arby's"":50,""Lowe's"":34,""Wendy's"":34,""Maverik"":34,""O'Reilly Auto Parts"":34,""Costco"":34,""Murdoch's Ranch & Home Supply"":34,""McDonald's"":34,""Family Dollar Stores"":34,""Weis Markets"":17,""Target"":17,""Papa Murphy's"":17,""Ross Stores"":17,""Bomgaars"":17}","{""Amazon"":50,""Apple"":50,""Netflix"":50,""Amazon Marketplace"":50,""Etsy"":17,""YouTube TV"":17,""Peloton Cycles"":17,""Dish Network"":17,""Wendy's"":17,""Spotify"":17,""Amazon Digital Services"":17,""SP+ Parking"":17,""Audible"":17,""Amazon Kindle"":17}","{""Tractor Supply Co."":67,""Ace Hardware"":67,""Lowe's"":34}","{""Walmart"":67,""Albertsons"":50,""Arby's"":50,""Ace Hardware"":34,""Tractor Supply Co."":34,""Bomgaars"":17,""Domino's Pizza"":17,""The UPS Store"":17,""Wendy's"":17,""Sierra"":17,""Maverik"":17,""Walgreens"":17,""Dairy Queen"":17,""McDonald's"":17,""Dollar Tree"":17}","{""Verizon Wireless"":50,""AT&T"":17}","{""Netflix"":50,""YouTube TV"":17,""Dish Network"":17,""Redbox"":17}",{},{},{},{}
172562,223-222@5sy-bxx-rrk,,,2022-06-01,2022-07-01,4453.07,17,15,215.34,248.64,"{""25"":159.84,""75"":267.51}","[362.97,809.89,0.00,0.00,215.34,0.00,0.00,0.00,0.00,723.72,231.99,0.00,0.00,0.00,1205.62,341.88,0.00,0.00,0.00,143.19,0.00,132.09,0.00,0.00,286.38,0.00,0.00,0.00,0.00,0.00]","[362.97,148.74,null,null,215.34,null,null,null,null,248.64,231.99,null,null,null,170.94,170.94,null,null,null,143.19,null,132.09,null,null,286.38,null,null,null,null,null]","{""Monday"":143.19,""Tuesday"":0.00,""Wednesday"":1700.68,""Thursday"":1151.77,""Friday"":723.72,""Saturday"":518.37,""Sunday"":215.34}","{""Wednesday"":5,""Monday"":4,""Saturday"":4,""Thursday"":5,""Tuesday"":4,""Friday"":4,""Sunday"":4}",261.0,-60.0,0,0.0,"{""No intermediary"":17}","{""No intermediary"":4453.07}","{""1"":13,""2"":2,""3"":0,""4"":0,""5-10"":0,"">10"":0}","{""1"":289.95,""2"":341.88,""3"":null,""4"":null,""5-10"":null,"">10"":null}","{""<25k"":2,""25-45k"":3,""60-75k"":2,""75-100k"":3,""100-150k"":2,"">150k"":5}","{""<25k"":226.44,""25-45k"":238.65,""60-75k"":512.00,""75-100k"":261.96,""100-150k"":143.19,"">150k"":261.22}","{""Richmond, KY"":3,""Duluth, MN"":2,""Grayling, MT"":2,""Wahiawa, HI"":2,""Pittsburgh, PA"":2,""Flagstaff, AZ"":2,""Gainesville, FL"":2,""Gaylord, MI"":2,""Seaside, CA"":2,""Georgetown, KY"":2,""Salem, OR"":2,""Glendale, AZ"":2,""Green Bay, WI"":2}","{""Walmart"":74,""McDonald's"":60,""Arby's"":60,""Exxon Mobil"":54,""Pilot Flying J"":47,""Shell Oil"":47,""Starbucks"":40,""Wendy's"":40,""Burger King"":40,""Subway"":40,""The Home Depot"":34,""Holiday Station"":34,""Taco Bell"":27,""Dollar General"":27,""ConocoPhillips"":27,""Smith's Food & Drug Stores"":27,""Costco"":27,""Culver's"":27,""United States Postal Service (USPS)"":27,""Tractor Supply Co."":27}","{""Amazon"":40,""Apple"":40,""Planet Fitness"":20,""Chick-fil-A"":20,""AT&T"":20,""Verizon Wireless"":14,""PetSmart"":14,""Hotels.com"":14,""Compassion International"":14,""Sheetz"":14,""E-ZPass"":14,""Spectrum"":14,""Disney Plus"":14,""Cinemark Theatres"":14,""Etsy"":7,""Walmart"":7,""Disney Mobile"":7,""Lyft"":7,""Target"":7,""Chipotle Mexican Grill"":7}","{""Country Inn & Suites By Radisson"":20,""Travelodge"":14,""Microtel Inn and Suites"":14,""Super 8"":14,""Days Inn"":14,""Econo Lodge"":7,""Ramada"":7,""Fairfield Inn & Suites by Marriott"":7,""Holiday Inn"":7,""Comfort Suites"":7,""Motel 6"":7,""Hilton Garden Inn"":7,""Best Western"":7,""Quality Inn"":7}","{""Walmart"":34,""Arby's"":20,""Domino's Pizza"":7,""Taco John's"":7,""Wendy's"":7,""ConocoPhillips"":7,""Maverik"":7,""Walgreens"":7,""Dairy Queen"":7,""Burger King"":7,""McDonald's"":7,""Pizza Hut"":7}","{""Verizon Wireless"":34,""AT&T"":20,""Disney Mobile"":7,""TracFone Wireless"":7}","{""Disney Plus"":14,""YouTube TV"":7,""Amazon Prime Video"":7,""Netflix"":7}",{},"{""Lyft"":7,""Uber"":7}",{},{}
172601,zzy-222@5sy-bxv-zs5,,,2022-06-01,2022-07-01,1724.41,34,17,44.89,59.19,"{""25"":33.22,""75"":70.45}","[28.68,0.00,0.00,140.46,71.69,165.27,0.00,0.00,0.00,12.65,0.00,0.00,0.00,19.90,62.62,94.50,0.00,78.02,145.24,46.99,425.78,61.56,0.00,52.35,42.80,0.00,0.00,223.70,52.20,0.00]","[28.68,null,null,70.23,35.85,60.00,null,null,null,12.65,null,null,null,19.90,31.31,47.25,null,39.01,72.62,46.99,70.13,30.78,null,52.35,42.80,null,null,55.93,52.20,null]","{""Monday"":212.26,""Tuesday"":669.38,""Wednesday"":205.06,""Thursday"":94.50,""Friday"":65.00,""Saturday"":261.28,""Sunday"":216.93}","{""Wednesday"":5,""Monday"":4,""Saturday"":4,""Thursday"":5,""Tuesday"":4,""Friday"":4,""Sunday"":4}",254.0,346.0,0,0.0,"{""No intermediary"":34}","{""No intermediary"":1724.41}","{""1"":12,""2"":1,""3"":2,""4"":1,""5-10"":1,"">10"":0}","{""1"":48.96,""2"":140.46,""3"":142.63,""4"":340.26,""5-10"":370.91,"">10"":null}","{""<25k"":3,""45-60k"":2,""60-75k"":3,""75-100k"":2,""100-150k"":3,"">150k"":5}","{""<25k"":39.01,""45-60k"":46.58,""60-75k"":57.23,""75-100k"":49.95,""100-150k"":147.42,"">150k"":144.74}","{""Ute, IA"":4,""Cody, WY"":3,""Hamberg, ND"":2,""Parks, AZ"":2,""Salt Lake City, UT"":2,""Moscow, ID"":2,""Liverpool, NY"":2,""Boone, IA"":2,""Adel, IA"":2,""Jacksonville, FL"":2,""Boise, ID"":2,""River Falls, WI"":2,""Idaho Falls, ID"":2}","{""Walmart"":95,""McDonald's"":77,""BP"":53,""Dairy Queen"":48,""Pilot Flying J"":42,""Verizon Wireless"":36,""Albertsons"":36,""Lowe's"":36,""Taco John's"":36,""Hy-Vee"":36,""ConocoPhillips"":36,""Shell Oil"":36,""Jimmy John's"":30,""Kwik Trip"":30,""Casey's General Stores"":30,""ALDI"":30,""Panda Express"":30,""Exxon Mobil"":30,""Arby's"":30,""Chevron"":24}","{""Amazon"":59,""Apple"":48,""Amazon Marketplace"":48,""Audible"":30,""Walmart"":24,""Chewy"":18,""Nintendo"":18,""Google"":18,""Netflix"":18,""E-ZPass"":18,""Carl's Jr."":18,""Twitch Interactive"":18,""Papa Murphy's"":12,""Sirius XM"":12,""Barclaycard US"":12,""Harbor Freight Tools"":12,""MediaCom"":12,""Google Play"":12,""Delta Sonic"":12,""Compassion International"":12}","{""BP"":53,""Pilot Flying J"":42,""ConocoPhillips"":36,""Shell Oil"":36,""Exxon Mobil"":30,""Chevron"":24,""Holiday Station"":24,""Kum & Go"":18,""Phillips 66"":18,""Speedway"":12,""Yesway Convenience"":12,""QuikTrip"":12,""Love's Travel Stops and Country Stores"":12,""Holiday Oil"":12,""Kwik Fill"":12,""Sunoco"":12,""Murphy USA"":6,""Buc-ee's"":6,""Texaco"":6,""Stinker Stores"":6}","{""Walmart"":53,""Dairy Queen"":36,""Albertsons"":24,""Bomgaars"":12,""Taco John's"":12,""Boot Barn"":12,""Sierra"":12,""McDonald's"":12,""Pizza Hut"":12,""Domino's Pizza"":6,""Wendy's"":6,""Arby's"":6}","{""Verizon Wireless"":42,""T-Mobile"":12,""Cricket Wireless"":6,""U.S. Cellular"":6,""AT&T"":6}","{""Netflix"":18,""Roku"":6,""Dish Network"":6,""Hulu"":6,""Disney Plus"":6}","{""Uber Eats"":6,""Shipt"":6,""DoorDash"":6}","{""Lyft"":6}","{""Sezzle"":6,""Affirm.com"":6}",{}
172618,zzy-222@5sy-bxt-pjv,SG_BRAND_db6ee5f0ca1c23534e205fe45779f1d9,Sierra,2022-06-01,2022-07-01,7649.75,132,98,39.5,51.46,"{""25"":17.67,""75"":63.01}","[228.21,102.95,30.12,253.29,206.72,47.80,32.06,103.98,69.63,217.25,59.22,15.59,613.04,265.65,10.78,691.56,865.97,243.21,153.68,0.00,648.63,309.37,113.83,76.81,0.00,0.00,379.21,1039.61,605.07,266.51]","[114.10,51.48,15.06,41.58,35.28,23.90,32.06,51.99,34.82,30.93,59.22,15.59,42.10,37.94,5.39,123.57,36.49,67.03,33.26,null,50.42,51.99,38.46,28.98,null,null,20.79,35.87,65.39,22.56]","{""Monday"":1040.05,""Tuesday"":1985.95,""Wednesday"":1257.41,""Thursday"":1244.48,""Friday"":1190.15,""Saturday"":555.72,""Sunday"":375.99}","{""Wednesday"":5,""Monday"":4,""Saturday"":4,""Thursday"":5,""Tuesday"":4,""Friday"":4,""Sunday"":4}",130.0,-13.0,0,0.0,"{""No intermediary"":132}","{""No intermediary"":7649.75}","{""1"":75,""2"":18,""3"":2,""4"":2,""5-10"":1,"">10"":0}","{""1"":59.06,""2"":121.04,""3"":174.09,""4"":275.67,""5-10"":141.95,"">10"":null}","{""<25k"":13,""25-45k"":12,""45-60k"":8,""60-75k"":6,""75-100k"":14,""100-150k"":15,"">150k"":28}","{""<25k"":52.46,""25-45k"":50.96,""45-60k"":49.92,""60-75k"":82.58,""75-100k"":73.05,""100-150k"":62.56,"">150k"":123.57}","{""Cody, WY"":12,""Newbury Park, CA"":10,""Worland, WY"":5,""Richmond, KY"":5,""Meridian, ID"":4,""Alameda, CA"":3,""Twin Falls, ID"":3,""Fairport, IA"":3,""Minneapolis, MN"":2,""Maple Heights, OH"":2,""Pittsfield, MA"":2,""Orangevale, CA"":2,""Saint Petersburg, FL"":2,""Fayetteville, TN"":2,""Thermopolis, WY"":2,""Carson City, NV"":2,""Houston, TX"":2,""Mechanicsville, VA"":2,""Louisville, KY"":2,""Riverton, WY"":2,""Champaign, IL"":2,""Omaha, NE"":2,""Spartanburg, SC"":2,""Boerne, TX"":2,""Denver, CO"":2,""Port Angeles, WA"":2,""Winchester, VA"":2,""Clark, WY"":2,""Boise, ID"":2,""Cedar City, UT"":2,""Emigrant, MT"":2,""Bakersfield, CA"":2,""Colorado Springs, CO"":2,""Limon, CO"":2,""Alma, TX"":2,""Bozeman, MT"":2,""Horsham, PA"":2,""Billings, MT"":2,""Dallas, TX"":2,""Yadkinville, NC"":2,""Casper, WY"":2,""Aurora, CO"":2,""Eagle, ID"":2,""Glendale, AZ"":2,""Luther, MT"":2,""Jackson, WY"":2,""Castle Rock, CO"":2,""Bloomfield Hills, MI"":2,""Bonneauville, PA"":2}","{""Walmart"":88,""Albertsons"":52,""Maverik"":41,""McDonald's"":39,""Exxon Mobil"":36,""Target"":35,""ConocoPhillips"":25,""Costco"":25,""Walgreens"":24,""Dairy Queen"":22,""Bomgaars"":21,""Wendy's"":19,""Tractor Supply Co."":19,""The Home Depot"":18,""Starbucks"":18,""Shell Oil"":18,""Subway"":18,""Verizon Wireless"":17,""Ace Hardware"":17,""Dollar Tree"":17}","{""Amazon"":54,""Apple"":45,""Netflix"":31,""Amazon Marketplace"":23,""Amazon Digital Services"":20,""Spotify"":19,""Hulu"":17,""Walmart"":13,""Sirius XM"":13,""AT&T"":12,""Audible"":12,""Verizon Wireless"":10,""Amazon Kindle"":9,""Target"":8,""Steam"":7,""Chewy"":7,""Old Navy"":7,""Goodwill"":7,""Google Storage"":7,""Comcast"":7}","{""REI"":9,""Hobby Lobby Stores"":7,""Dick's Sporting Goods"":7,""Michaels Stores"":6,""Cabela's"":5,""Scheels"":5,""Academy Sports + Outdoors"":5,""Jo-Ann Fabric and Craft Stores"":4,""Big 5 Sporting Goods"":3,""Sam Ash Music"":2,""Bass Pro Shops"":2,""Golf Galaxy"":2,""Sportsman's Warehouse"":2,""The North Face"":2}","{""Walmart"":71,""Albertsons"":42,""Maverik"":19,""Ace Hardware"":14,""Dairy Queen"":13,""McDonald's"":13,""Walgreens"":10,""Bomgaars"":9,""Domino's Pizza"":9,""Taco John's"":9,""Wendy's"":9,""Arby's"":8,""Tractor Supply Co."":7,""Subway"":7,""ConocoPhillips"":6,""Boot Barn"":5,""Dollar Tree"":4,""Smoker Friendly"":3,""maurices"":3,""United States Postal Service (USPS)"":3}","{""Verizon Wireless"":26,""AT&T"":12,""T-Mobile"":3,""Disney Mobile"":2,""TracFone Wireless"":2}","{""Netflix"":31,""Hulu"":17,""Disney Plus"":14,""YouTube TV"":5,""Youtube Premium"":4,""Dish Network"":3,""Peacock"":3,""Amazon Prime Video"":3,""Starz"":3,""Roku"":2,""HBO Max"":2,""Youtube"":2,""Crunchyroll"":2,""Redbox"":2,""Amazon Prime"":2}","{""Uber Eats"":6,""HelloFresh"":3,""Postmates"":2}","{""Lyft"":6,""Uber"":6}","{""Affirm.com"":6,""Zip Company"":2}","{""Apple Card"":2}"
172784,22g-222@5sy-bzg-ffz,,,2022-06-01,2022-07-01,167.0,3,3,69.5,69.5,"{""25"":12.50,""75"":85.00}","[0.00,0.00,0.00,0.00,0.00,0.00,0.00,0.00,0.00,0.00,0.00,85.00,0.00,0.00,0.00,0.00,69.50,0.00,0.00,0.00,0.00,0.00,0.00,0.00,0.00,0.00,0.00,0.00,12.50,0.00]","[null,null,null,null,null,null,null,null,null,null,null,85.00,null,null,null,null,69.50,null,null,null,null,null,null,null,null,null,null,null,12.50,null]","{""Monday"":0.00,""Tuesday"":0.00,""Wednesday"":12.50,""Thursday"":0.00,""Friday"":69.50,""Saturday"":0.00,""Sunday"":85.00}","{""Wednesday"":5,""Monday"":4,""Saturday"":4,""Thursday"":5,""Tuesday"":4,""Friday"":4,""Sunday"":4}",,,0,0.0,"{""No intermediary"":3}","{""No intermediary"":167.00}","{""1"":3,""2"":0,""3"":0,""4"":0,""5-10"":0,"">10"":0}","{""1"":55.67,""2"":null,""3"":null,""4"":null,""5-10"":null,"">10"":null}","{""25-45k"":2,""75-100k"":2,"">150k"":6}","{""25-45k"":12.50,""75-100k"":85.00,"">150k"":69.50}","{""Bonneauville, PA"":5,""Folsom, CA"":2,""Emigrant, MT"":2}","{""Walmart"":100,""Albertsons"":67,""The UPS Store"":67,""Starbucks"":67,""Smith's Food & Drug Stores"":67,""Whole Foods Market"":67,""Chick-fil-A"":67,""Exxon Mobil"":67,""IHOP"":34,""Smoker Friendly"":34,""Duane Reade by Walgreens"":34,""Zara"":34,""Target"":34,""Chrysler"":34,""Hermès"":34,""Kwik Trip"":34,""Casey's General Stores"":34,""Madewell"":34,""Barnes and Noble"":34,""ALDI"":34}","{""Apple"":100,""Netflix"":67,""Etsy"":34,""Dollar Shave Club"":34,""Dropbox"":34,""Verizon Wireless"":34,""Uber"":34,""DoorDash"":34,""Fandango"":34,""Sirius XM"":34,""Old Navy"":34,""Experian"":34,""Adobe Systems"":34,""Lululemon Athletica"":34,""The Home Depot"":34,""Google"":34,""Love's Travel Stops and Country Stores"":34,""Marathon Petroleum"":34,""Quickbooks"":34,""OnStar"":34}",{},"{""Walmart"":34,""Sierra"":34,""Smoker Friendly"":34}","{""AT&T"":67,""Verizon Wireless"":34}","{""Netflix"":67,""Disney Plus"":34,""DirecTV"":34}","{""DoorDash"":34}","{""Uber"":34}",{},{}
172817,222-222@5sy-ds7-m49,,,2022-06-01,2022-07-01,1086.47,23,11,23.8,107.36,"{""25"":11.88,""75"":79.56}","[0.00,109.20,0.00,0.00,0.00,58.92,23.76,150.54,0.00,0.00,0.00,0.00,0.00,0.00,0.00,28.56,0.00,0.00,0.00,0.00,47.60,217.56,0.00,235.64,0.00,0.00,38.12,0.00,122.50,54.07]","[null,109.20,null,null,null,14.73,11.88,75.27,null,null,null,null,null,null,null,28.56,null,null,null,null,23.80,217.56,null,79.56,null,null,19.06,null,61.25,20.80]","{""Monday"":97.04,""Tuesday"":71.36,""Wednesday"":490.60,""Thursday"":191.83,""Friday"":235.64,""Saturday"":0.00,""Sunday"":0.00}","{""Wednesday"":5,""Monday"":4,""Saturday"":4,""Thursday"":5,""Tuesday"":4,""Friday"":4,""Sunday"":4}",,,0,0.0,"{""No intermediary"":23}","{""No intermediary"":1086.47}","{""1"":4,""2"":3,""3"":3,""4"":1,""5-10"":0,"">10"":0}","{""1"":115.67,""2"":118.07,""3"":66.79,""4"":69.21,""5-10"":null,"">10"":null}","{""25-45k"":2,""45-60k"":2,""75-100k"":2,""100-150k"":3,"">150k"":3}","{""25-45k"":132.64,""45-60k"":184.05,""75-100k"":117.68,""100-150k"":38.08,"">150k"":64.81}","{""Reno, NV"":4,""Anacortes, WA"":2,""Inverness, FL"":2,""Penfield, PA"":2,""Pittsburgh, PA"":2,""Charleston Afb, SC"":2,""Hebron, WI"":2,""Maumee, OH"":2,""Orlando, FL"":2,""Cardiff By The Sea, CA"":2}","{""Walmart"":82,""Exxon Mobil"":64,""Shell Oil"":55,""Circle K"":46,""Taco Bell"":37,""Safeway"":37,""Maverik"":37,""Chick-fil-A"":37,""Pilot Flying J"":37,""Microsoft Store"":37,""Sunoco"":37,""Target"":28,""Verizon Wireless"":28,""BP"":28,""Lowe's"":28,""T.J. Maxx"":28,""Apple Retail Store"":28,""ConocoPhillips"":28,""Love's Travel Stops and Country Stores"":28,""Walgreens"":28}","{""Amazon"":64,""AT&T"":46,""Apple"":37,""Netflix"":37,""Paramount"":28,""Hulu"":28,""Audible"":28,""Walmart"":19,""Verizon Wireless"":19,""Sezzle"":19,""Experian"":19,""Zip Company"":19,""Afterpay"":19,""Google"":19,""Crumbl Cookies"":19,""Dashpass"":19,""E-ZPass"":19,""Spotify"":19,""Best Buy"":19,""Comcast"":19}","{""Sleep Inn"":19,""Best Western"":19,""Rodeway Inn"":10,""Holiday Inn"":10,""Hampton"":10,""Comfort Suites"":10,""Super 8"":10}","{""Walmart"":55,""Tractor Supply Co."":10,""McDonald's"":10,""AutoZone"":10}","{""AT&T"":46,""Verizon Wireless"":46,""Sprint"":10,""T-Mobile"":10}","{""Netflix"":37,""Hulu"":28,""HBO Max"":10,""YouTube TV"":10,""Disney Plus"":10}","{""Dashpass"":19,""Shipt"":19,""DoorDash"":10}",{},"{""Sezzle"":19,""Afterpay"":19,""Affirm.com"":19,""Zip Company"":19}",{}
172944,223-222@5sy-bzh-4jv,SG_BRAND_857fcc0687933d1589554945329fe236,Maverik,2022-06-01,2022-07-01,10479.85,309,127,17.67,44.16,"{""25"":7.05,""75"":52.46}","[158.08,460.20,326.85,215.26,200.93,363.00,315.33,202.00,149.44,685.95,699.63,221.56,172.05,259.57,441.65,312.48,175.18,224.00,182.86,343.18,396.24,279.50,743.47,1147.75,130.22,93.35,401.04,618.34,379.57,181.17]","[30.32,37.05,7.88,44.16,17.72,11.75,4.31,13.52,10.03,48.60,48.55,8.11,22.89,14.17,43.28,9.53,15.80,20.79,31.44,25.03,12.38,37.22,10.67,24.02,65.11,46.68,16.61,15.59,11.55,5.44]","{""Monday"":1279.27,""Tuesday"":1589.48,""Wednesday"":1460.80,""Thursday"":1846.76,""Friday"":2335.73,""Saturday"":1269.11,""Sunday"":698.70}","{""Wednesday"":5,""Monday"":4,""Saturday"":4,""Thursday"":5,""Tuesday"":4,""Friday"":4,""Sunday"":4}",41.0,19.0,11,419.18,"{""No intermediary"":309}","{""No intermediary"":10479.85}","{""1"":75,""2"":23,""3"":8,""4"":4,""5-10"":14,"">10"":3}","{""1"":43.67,""2"":73.35,""3"":104.25,""4"":152.92,""5-10"":233.52,"">10"":267.57}","{""<25k"":15,""25-45k"":15,""45-60k"":9,""60-75k"":10,""75-100k"":10,""100-150k"":17,"">150k"":45}","{""<25k"":69.11,""25-45k"":28.01,""45-60k"":40.92,""60-75k"":75.30,""75-100k"":58.16,""100-150k"":89.93,"">150k"":114.38}","{""Cody, WY"":22,""Newbury Park, CA"":17,""Cedar City, UT"":6,""Clark, WY"":5,""Riverton, WY"":3,""Las Vegas, NV"":3,""Nampa, ID"":3,""West Wendover, NV"":2,""Twentynine Palms, CA"":2,""Scott Air Force Base, IL"":2,""Surprise, AZ"":2,""College Station, TX"":2,""Laveen, AZ"":2,""Dumfries, VA"":2,""Vernal, UT"":2,""Janesville, WI"":2,""Prince Frederick, MD"":2,""Chandler, AZ"":2,""Annabella, UT"":2,""Springville, UT"":2,""Carson City, NV"":2,""Katy, TX"":2,""Powell, TN"":2,""Santa Maria, CA"":2,""Phoenix, AZ"":2,""Pine Apple, AL"":2,""Bridgeland, UT"":2,""Alamo, NV"":2,""Basin, WY"":2,""Ogden, UT"":2,""Clearfield, UT"":2,""Colburn, ID"":2,""Morgantown, WV"":2,""Bristow, VA"":2,""Kanab, UT"":2,""Laketon, IN"":2,""New York, NY"":2,""Allegany, OR"":2,""Williamsville, NY"":2,""Spokane, WA"":2,""Grand Junction, CO"":2,""Redmond, UT"":2,""Wimberley, TX"":2,""Erda, UT"":2,""Horsham, PA"":2,""Billings, MT"":2,""Brickerville, PA"":2,""Anchorage, AK"":2,""West Valley, UT"":2,""Grants, NM"":2,""Lynnwood, WA"":2,""Mooresville, NC"":2,""Lander, WY"":2,""Idaho Falls, ID"":2,""Greeley, CO"":2,""Albuquerque, NM"":2}","{""Walmart"":75,""McDonald's"":50,""Albertsons"":49,""Exxon Mobil"":35,""Bomgaars"":27,""Wendy's"":26,""ConocoPhillips"":26,""Dairy Queen"":26,""Chevron"":23,""Ace Hardware"":23,""Arby's"":23,""Subway"":23,""Shell Oil"":22,""Domino's Pizza"":20,""Walgreens"":20,""Blair's"":19,""Phillips 66"":18,""Verizon Wireless"":17,""Pilot Flying J"":17,""Taco Bell"":16}","{""Amazon"":60,""Apple"":45,""Netflix"":30,""Hulu"":20,""Spotify"":19,""Amazon Marketplace"":19,""Walmart"":19,""Verizon Wireless"":18,""AT&T"":16,""Maverik"":12,""Amazon Digital Services"":12,""Sirius XM"":11,""Audible"":10,""Target"":9,""McDonald's"":7,""Google Storage"":6,""Sony Playstation Networks"":6,""Planet Fitness"":5,""Chewy"":5,""Nintendo"":5}","{""Big D"":5,""Sapp Bros"":1}","{""Walmart"":50,""Albertsons"":39,""Dairy Queen"":19,""Wendy's"":15,""Domino's Pizza"":14,""Ace Hardware"":13,""Walgreens"":13,""McDonald's"":12,""Subway"":12,""Arby's"":12,""Sierra"":10,""CARQUEST Auto Parts"":8,""Tractor Supply Co."":8,""AutoZone"":8,""Bomgaars"":7,""ConocoPhillips"":6,""Dollar Tree"":5,""Taco John's"":4,""Burger King"":4,""Good 2 Go Stores"":4}","{""Verizon Wireless"":33,""AT&T"":19,""Straight Talk"":5,""T-Mobile"":5,""Sprint"":2,""Disney Mobile"":1,""U.S. Cellular"":1}","{""Netflix"":30,""Hulu"":20,""Disney Plus"":8,""Dish Network"":5,""Roku"":4,""Amazon Prime Video"":4,""YouTube TV"":3,""Youtube"":2,""Redbox"":2,""Amazon Prime"":2,""Sling TV"":1,""HBO Max"":1,""Peacock"":1,""DirecTV"":1}","{""Uber Eats"":3,""Dashpass"":2,""HelloFresh"":2,""Instacart"":1}","{""Uber"":2,""Lyft"":1}","{""Affirm.com"":3,""Sezzle"":1}","{""Apple Card"":4,""PayPal"":3,""Apple Cash"":3}"
172957,22h-222@5sy-bzg-qzz,,,2022-06-01,2022-07-01,2821.13,48,38,48.67,51.56,"{""25"":25.32,""75"":76.21}","[93.29,97.35,0.00,0.00,147.13,24.49,16.11,0.00,111.21,0.00,134.43,39.04,322.88,260.27,0.00,406.78,0.00,0.00,0.00,25.01,93.58,0.00,286.76,36.74,126.29,0.00,367.84,22.93,209.00,0.00]","[93.29,48.68,null,null,51.56,24.49,16.11,null,55.61,null,134.43,19.52,21.69,57.93,null,125.78,null,null,null,25.01,46.79,null,113.06,36.74,63.14,null,75.59,22.93,49.50,null]","{""Monday"":740.22,""Tuesday"":392.89,""Wednesday"":302.29,""Thursday"":902.10,""Friday"":36.74,""Saturday"":260.72,""Sunday"":186.17}","{""Wednesday"":5,""Monday"":4,""Saturday"":4,""Thursday"":5,""Tuesday"":4,""Friday"":4,""Sunday"":4}",15.0,-41.0,40,2185.25,"{""No intermediary"":48}","{""No intermediary"":2821.13}","{""1"":29,""2"":8,""3"":1,""4"":0,""5-10"":0,"">10"":0}","{""1"":62.70,""2"":78.18,""3"":377.34,""4"":null,""5-10"":null,"">10"":null}","{""<25k"":2,""25-45k"":9,""45-60k"":2,""60-75k"":2,""75-100k"":5,""100-150k"":7,"">150k"":14}","{""<25k"":92.39,""25-45k"":51.36,""45-60k"":96.99,""60-75k"":42.23,""75-100k"":46.38,""100-150k"":53.63,"">150k"":93.51}","{""Cheyenne, WY"":5,""Puyallup, WA"":3,""Cody, WY"":3,""Colorado Springs, CO"":3,""Eastlake, CO"":2,""West Jordan, UT"":2,""Fort Mill, SC"":2,""Roy, UT"":2,""Conifer, CO"":2,""Vernal, UT"":2,""Prince Frederick, MD"":2,""Payson, AZ"":2,""Kahuku, HI"":2,""Elkhart, IN"":2,""Marietta, GA"":2,""Clark, WY"":2,""Edinboro, PA"":2,""Boise, ID"":2,""Worland, WY"":2,""Buckner, KY"":2,""San Antonio, TX"":2,""Post, OR"":2,""Torrance, CA"":2,""Deadwood, SD"":2,""Aurora, NE"":2,""Syracuse, NY"":2,""Highlandville, MO"":2,""Globe, AZ"":2,""Castle Rock, CO"":2,""Logan, UT"":2}","{""Walmart"":69,""McDonald's"":53,""Maverik"":45,""Albertsons"":40,""Chevron"":37,""Exxon Mobil"":37,""The Home Depot"":35,""Starbucks"":29,""ConocoPhillips"":29,""Walgreens"":29,""Shell Oil"":29,""Ace Hardware"":27,""Taco Bell"":24,""Chick-fil-A"":24,""Safeway"":22,""Wendy's"":22,""Pilot Flying J"":22,""United States Postal Service (USPS)"":22,""Circle K"":19,""Love's Travel Stops and Country Stores"":19}","{""Amazon"":64,""Apple"":50,""Netflix"":35,""Hulu"":22,""AT&T"":19,""Amazon Digital Services"":16,""Amazon Marketplace"":16,""Verizon Wireless"":14,""Comcast"":14,""Sirius XM"":11,""Walmart"":8,""Uber"":8,""Airbnb"":8,""Google"":8,""Maverik"":8,""Costco"":8,""Spotify"":8,""Audible"":8,""Pizza Hut"":8,""Sam's Club"":8}","{""McDonald's"":53,""Starbucks"":29,""Wendy's"":27,""Taco Bell"":24,""Chick-fil-A"":24,""Arby's"":19,""Sonic"":16,""Taco John's"":16,""Panera Bread"":16,""Dairy Queen"":16,""Pizza Hut"":14,""Qdoba Mexican Grill"":11,""Applebee's"":11,""Culver's"":11,""Burger King"":11,""In-N-Out Burger"":11,""Subway"":11,""Dunkin'"":11,""Chipotle Mexican Grill"":8,""Olive Garden"":8}","{""Walmart"":35,""Albertsons"":32,""Maverik"":14,""ConocoPhillips"":11,""Walgreens"":11,""Ace Hardware"":8,""United States Postal Service (USPS)"":8,""Boot Barn"":6,""McDonald's"":6,""Papa Murphy's"":3,""Cellular Plus"":3,""Taco John's"":3,""CARQUEST Auto Parts"":3,""The UPS Store"":3,""Wendy's"":3,""Harley Davidson"":3,""Sierra"":3,""Dairy Queen"":3,""Tractor Supply Co."":3,""AutoZone"":3}","{""Verizon Wireless"":24,""AT&T"":22,""T-Mobile"":8,""Straight Talk"":6,""Cricket Wireless"":3}","{""Netflix"":35,""Hulu"":22,""Disney Plus"":19,""Roku"":6,""YouTube TV"":6,""Fubo"":6,""Dish Network"":6,""Redbox"":6,""Youtube"":3,""Crunchyroll"":3}","{""DoorDash"":6,""Uber Eats"":6,""Grubhub"":3,""Instacart"":3,""Dashpass"":3}","{""Uber"":8,""Lyft"":3}",{},"{""Apple Card"":6,""PayPal"":3,""Apple Cash"":3}"
173053,222-222@5sy-bxx-rx5,,,2022-06-01,2022-07-01,3956.76,17,16,242.44,259.84,"{""25"":164.43,""75"":294.64}","[66.41,0.00,0.00,0.00,0.00,0.00,0.00,1004.56,0.00,0.00,164.43,134.85,0.00,372.07,0.00,152.25,554.48,0.00,190.53,0.00,0.00,0.00,624.08,693.10,0.00,0.00,0.00,0.00,0.00,0.00]","[66.41,null,null,null,null,null,null,242.44,null,null,164.43,134.85,null,186.04,null,152.25,277.24,null,190.53,null,null,null,312.04,346.55,null,null,null,null,null,null]","{""Monday"":0.00,""Tuesday"":372.07,""Wednesday"":1070.97,""Thursday"":776.33,""Friday"":1247.58,""Saturday"":164.43,""Sunday"":325.38}","{""Wednesday"":5,""Monday"":4,""Saturday"":4,""Thursday"":5,""Tuesday"":4,""Friday"":4,""Sunday"":4}",179.0,11.0,2,588.7,"{""No intermediary"":17}","{""No intermediary"":3956.76}","{""1"":15,""2"":1,""3"":0,""4"":0,""5-10"":0,"">10"":0}","{""1"":231.46,""2"":484.88,""3"":null,""4"":null,""5-10"":null,"">10"":null}","{""45-60k"":2,""60-75k"":2,""75-100k"":2,""100-150k"":2,"">150k"":4}","{""45-60k"":207.64,""60-75k"":164.43,""75-100k"":294.64,""100-150k"":214.84,"">150k"":284.39}","{""Charlotte, NC"":5,""Sandy, UT"":3,""Saint Petersburg, FL"":2,""Stratford, NJ"":2,""Bayne, WA"":2,""Dallas, OR"":2,""Leavenworth, WA"":2,""Ranson, WV"":2,""Burtonsville, MD"":2,""Newport, OR"":2,""Aurora, NE"":2}","{""Walmart"":63,""Target"":57,""McDonald's"":50,""CVS"":44,""Exxon Mobil"":44,""ConocoPhillips"":38,""Costco"":38,""Shell Oil"":38,""Casey's General Stores"":32,""Lowe's"":32,""The Home Depot"":32,""Safeway"":32,""Maverik"":32,""Walgreens"":32,""Pilot Flying J"":32,""Phillips 66"":32,""Best Western"":32,""Chevron"":25,""BP"":25,""Taco Bell"":25}","{""Amazon"":69,""Apple"":38,""Hulu"":32,""Barclaycard US"":25,""Netflix"":25,""T-Mobile"":25,""Target"":19,""Airbnb"":19,""Sirius XM"":19,""Lowe's"":19,""Google"":19,""AT&T"":19,""Amazon Marketplace"":19,""Walmart"":13,""ADT Security Services"":13,""Verizon Wireless"":13,""Uber"":13,""DoorDash"":13,""Chewy"":13,""Ring"":13}","{""Best Western"":32,""Baymont Inn & Suites"":25,""Super 8"":19,""Travelodge"":13,""Microtel Inn and Suites"":13,""Hampton"":13,""DoubleTree by Hilton"":13,""La Quinta Inns & Suites"":13,""Fairfield Inn & Suites by Marriott"":7,""Holiday Inn"":7,""Comfort Suites"":7,""Hilton International"":7,""Days Inn"":7,""Quality Inn"":7}","{""Walmart"":13,""Taco John's"":13,""Walgreens"":13,""Pizza Hut"":13,""Albertsons"":7,""Sierra"":7,""Maverik"":7,""Arby's"":7}","{""T-Mobile"":44,""AT&T"":19,""Verizon Wireless"":19,""TracFone Wireless"":7}","{""Hulu"":32,""Netflix"":25,""Redbox"":13,""YouTube TV"":7,""Youtube"":7,""Dish Network"":7,""Disney Plus"":7}","{""DoorDash"":13,""HelloFresh"":7,""Uber Eats"":7}","{""Uber"":13}","{""Afterpay"":7,""Affirm.com"":7,""Klarna"":7}","{""Apple Card"":7}"
173181,zzw-222@5sy-bxt-fvf,SG_BRAND_3d6b29efd16692aedfed87724bf05e42,AmericInn,2022-06-01,2022-07-01,537.46,2,2,268.73,268.73,"{""25"":268.73,""75"":268.73}","[0.00,0.00,0.00,0.00,0.00,0.00,0.00,0.00,0.00,0.00,0.00,0.00,0.00,0.00,0.00,0.00,0.00,0.00,0.00,0.00,0.00,0.00,0.00,0.00,0.00,0.00,537.46,0.00,0.00,0.00]","[null,null,null,null,null,null,null,null,null,null,null,null,null,null,null,null,null,null,null,null,null,null,null,null,null,null,268.73,null,null,null]","{""Monday"":537.46,""Tuesday"":0.00,""Wednesday"":0.00,""Thursday"":0.00,""Friday"":0.00,""Saturday"":0.00,""Sunday"":0.00}","{""Wednesday"":5,""Monday"":4,""Saturday"":4,""Thursday"":5,""Tuesday"":4,""Friday"":4,""Sunday"":4}",,-29.0,0,0.0,"{""No intermediary"":2}","{""No intermediary"":537.46}","{""1"":2,""2"":0,""3"":0,""4"":0,""5-10"":0,"">10"":0}","{""1"":268.73,""2"":null,""3"":null,""4"":null,""5-10"":null,"">10"":null}","{""75-100k"":2,""100-150k"":2}","{""75-100k"":268.73,""100-150k"":268.73}","{""Olney, MD"":2,""Oceanside, CA"":2}","{""IHOP"":100,""Walmart"":100,""Sheraton Hotels & Resorts"":100,""Target"":100,""Chipotle Mexican Grill"":100,""Four Points By Sheraton"":100,""Chevron"":100,""BP"":100,""Westin Hotels & Resorts"":100,""Domino's Pizza"":100,""T.J. Maxx"":100,""The Home Depot"":100,""Safeway"":100,""Apple Retail Store"":100,""Popeyes Louisiana Kitchen"":100,""Shore Stop"":100,""Starbucks"":100,""TownePlace Suites by Marriott"":100,""Mountain Mike's Pizza"":100,""Chick-fil-A"":100}","{""Verizon Wireless"":100,""Uber"":100,""Amazon"":100,""Apple"":100,""Costco"":100,""AT&T"":100,""Disney Plus"":100,""T-Mobile"":100,""Chipotle Mexican Grill"":50,""Expedia"":50,""eBay"":50,""Dashpass"":50,""Spotify"":50,""Uber Eats"":50,""McDonald's"":50,""American Eagle Outfitters"":50,""Cold Stone Creamery"":50}","{""Sheraton Hotels & Resorts"":100,""Four Points By Sheraton"":100,""Westin Hotels & Resorts"":100,""TownePlace Suites by Marriott"":100,""Marriott Hotels"":100}","{""Dairy Queen"":100}","{""AT&T"":100,""T-Mobile"":100,""Verizon Wireless"":100}","{""Disney Plus"":100}","{""Dashpass"":50,""Uber Eats"":50}","{""Uber"":100}",{},"{""Apple Cash"":100}"
173215,22b-222@5sy-bzg-pjv,,,2022-06-01,2022-07-01,239.93,5,4,14.45,34.38,"{""25"":6.33,""75"":106.41}","[0.00,0.00,166.49,4.68,0.00,0.00,0.00,0.00,0.00,0.00,0.00,0.00,0.00,46.33,0.00,0.00,22.43,0.00,0.00,0.00,0.00,0.00,0.00,0.00,0.00,0.00,0.00,0.00,0.00,0.00]","[null,null,166.49,4.68,null,null,null,null,null,null,null,null,null,46.33,null,null,11.22,null,null,null,null,null,null,null,null,null,null,null,null,null]","{""Monday"":0.00,""Tuesday"":46.33,""Wednesday"":0.00,""Thursday"":0.00,""Friday"":188.92,""Saturday"":4.68,""Sunday"":0.00}","{""Wednesday"":5,""Monday"":4,""Saturday"":4,""Thursday"":5,""Tuesday"":4,""Friday"":4,""Sunday"":4}",53.0,62.0,0,0.0,"{""Square"":3,""No intermediary"":2}","{""No intermediary"":171.17,""Square"":68.76}","{""1"":3,""2"":1,""3"":0,""4"":0,""5-10"":0,"">10"":0}","{""1"":72.50,""2"":22.43,""3"":null,""4"":null,""5-10"":null,"">10"":null}","{""60-75k"":2,""75-100k"":2,""100-150k"":2,"">150k"":2}","{""60-75k"":22.43,""75-100k"":46.33,""100-150k"":4.68,"">150k"":166.49}","{""Washington, DC"":2,""Cody, WY"":2,""Butler, PA"":2,""Colorado Springs, CO"":2}","{""Target"":100,""Exxon Mobil"":100,""Walmart"":75,""Chevron"":50,""BP"":50,""Starbucks"":50,""Wendy's"":50,""Pilot Flying J"":50,""CVS"":50,""H&M (Hennes & Mauritz)"":50,""Petco"":25,""FroZenYo"":25,""Sonic"":25,""Big D"":25,""Nalley Fresh"":25,""Rosauers"":25,""Zara"":25,""Trader Joe's"":25,""Verizon Wireless"":25,""Big R Rural King Supply"":25}","{""Apple"":100,""Amazon"":75,""Lyft"":50,""Netflix"":50,""Spotify"":50,""Amazon Digital Services"":50,""Audible"":50,""Etsy"":25,""Nike"":25,""Uber"":25,""YouTube TV"":25,""Nintendo"":25,""Experian"":25,""Smoothie King"":25,""Goodwill"":25,""AMC Theatres"":25,""Hotels.com"":25,""ConocoPhillips"":25,""Google"":25,""Hulu"":25}",{},"{""Walmart"":50,""Albertsons"":25,""CARQUEST Auto Parts"":25,""Ace Hardware"":25,""Sierra"":25,""Tractor Supply Co."":25,""Subway"":25}","{""AT&T"":25,""Verizon Wireless"":25}","{""Netflix"":50,""YouTube TV"":25,""Hulu"":25}","{""Uber Eats"":25}","{""Lyft"":50,""Uber"":25}",{},{}
173366,222-222@5sy-bxt-pqf,,,2022-06-01,2022-07-01,2575.07,12,7,124.94,249.88,"{""25"":103.18,""75"":367.84}","[0.00,0.00,0.00,0.00,0.00,1243.52,0.00,0.00,0.00,0.00,0.00,0.00,0.00,0.00,249.88,249.88,0.00,0.00,0.00,0.00,0.00,405.18,426.61,0.00,0.00,0.00,0.00,0.00,0.00,0.00]","[null,null,null,null,null,509.34,null,null,null,null,null,null,null,null,124.94,124.94,null,null,null,null,null,101.30,426.61,null,null,null,null,null,null,null]","{""Monday"":1243.52,""Tuesday"":0.00,""Wednesday"":655.06,""Thursday"":676.49,""Friday"":0.00,""Saturday"":0.00,""Sunday"":0.00}","{""Wednesday"":5,""Monday"":4,""Saturday"":4,""Thursday"":5,""Tuesday"":4,""Friday"":4,""Sunday"":4}",,-13.0,0,0.0,"{""No intermediary"":12}","{""No intermediary"":2575.07}","{""1"":2,""2"":5,""3"":0,""4"":0,""5-10"":0,"">10"":0}","{""1"":309.08,""2"":391.38,""3"":null,""4"":null,""5-10"":null,"">10"":null}","{""<25k"":2,""60-75k"":6,""75-100k"":2,"">150k"":2}","{""<25k"":1051.98,""60-75k"":426.61,""75-100k"":197.07,"">150k"":234.12}","{""Coalville, UT"":2,""Redmond, UT"":2,""Burley, ID"":2,""Charlotte, NC"":2}","{""Walmart"":100,""Target"":58,""Travelodge"":58,""Maverik"":58,""Burger King"":58,""CVS"":58,""Pizza Hut"":58,""Phillips 66"":58,""ConocoPhillips"":43,""Love's Travel Stops and Country Stores"":43,""O'Reilly Auto Parts"":43,""Pilot Flying J"":43,""Carl's Jr."":43,""Shell Oil"":43,""Subway"":43,""Duck Donuts"":29,""Little Caesars"":29,""Chevron"":29,""BP"":29,""Great Clips"":29}","{""Amazon"":86,""Netflix"":72,""Hulu"":43,""Etsy"":29,""Sling TV"":29,""ADT Security Services"":29,""Airbnb"":29,""Barclaycard US"":29,""Lowe's"":29,""The Home Depot"":29,""Hotels.com"":29,""Google"":29,""TJX Companies"":29,""Amazon Digital Services"":29,""Papa John's Pizza"":29,""Walmart"":15,""Dollar Shave Club"":15,""Papa Murphy's"":15,""Roku"":15,""Chewy"":15}","{""Travelodge"":58,""Motel 6"":29,""Baymont Inn & Suites"":29,""Golden Nugget"":15,""Quality Inn"":15}","{""Pizza Hut"":58,""Walmart"":43,""Taco John's"":29,""Burger King"":29,""Albertsons"":15,""Dairy Queen"":15}","{""AT&T"":15,""T-Mobile"":15,""Cricket Wireless"":15}","{""Netflix"":72,""Hulu"":43,""Sling TV"":29,""Redbox"":29,""Roku"":15,""Disney Plus"":15}",{},{},"{""Zip Company"":15}","{""PayPal"":15}"
173437,zzw-222@5sy-dwr-t9z,,,2022-06-01,2022-07-01,1012.0,3,3,234.6,234.6,"{""25"":234.60,""75"":542.80}","[0.00,0.00,0.00,0.00,0.00,234.60,0.00,234.60,0.00,0.00,0.00,0.00,0.00,0.00,0.00,0.00,0.00,0.00,0.00,542.80,0.00,0.00,0.00,0.00,0.00,0.00,0.00,0.00,0.00,0.00]","[null,null,null,null,null,234.60,null,234.60,null,null,null,null,null,null,null,null,null,null,null,542.80,null,null,null,null,null,null,null,null,null,null]","{""Monday"":777.40,""Tuesday"":0.00,""Wednesday"":234.60,""Thursday"":0.00,""Friday"":0.00,""Saturday"":0.00,""Sunday"":0.00}","{""Wednesday"":5,""Monday"":4,""Saturday"":4,""Thursday"":5,""Tuesday"":4,""Friday"":4,""Sunday"":4}",,,0,0.0,"{""No intermediary"":3}","{""No intermediary"":1012.00}","{""1"":3,""2"":0,""3"":0,""4"":0,""5-10"":0,"">10"":0}","{""1"":337.33,""2"":null,""3"":null,""4"":null,""5-10"":null,"">10"":null}","{""45-60k"":2,""60-75k"":2,"">150k"":2}","{""45-60k"":234.60,""60-75k"":542.80,"">150k"":234.60}","{""Ames, IA"":2,""Indianapolis, IN"":2,""Menomonee Falls, WI"":2}","{""Kwik Trip"":67,""Smoker Friendly"":34,""Sonic"":34,""Big D"":34,""Walmart"":34,""Honda"":34,""Target"":34,""Papa Murphy's"":34,""Casey's General Stores"":34,""Olive Garden"":34,""BP"":34,""Total Wine & More"":34,""Barnes and Noble"":34,""ALDI"":34,""Pick 'n Save"":34,""Kroger"":34,""Domino's Pizza"":34,""Lowe's"":34,""Village Inn"":34,""The Home Depot"":34}","{""AT&T"":100,""Amazon"":67,""Apple"":67,""Netflix"":67,""YouTube TV"":34,""Sirius XM"":34,""Consumer Cellular, Inc"":34,""GoDaddy"":34,""Experian"":34,""MediaCom"":34,""Adobe Systems"":34,""LA Fitness"":34,""eBay"":34,""Hulu"":34,""Spectrum"":34,""Audible"":34,""New York Times"":34,""Affirm.com"":34}","{""Holiday Inn"":34}","{""Walmart"":34,""Harley Davidson"":34,""Smoker Friendly"":34}","{""AT&T"":100}","{""Netflix"":67,""YouTube TV"":34,""Hulu"":34,""Disney Plus"":34}",{},{},"{""Affirm.com"":34}",{}
173465,22s-222@5sy-bzg-qzz,,,2022-06-01,2022-07-01,62.4,2,2,31.2,31.2,"{""25"":31.20,""75"":31.20}","[0.00,0.00,0.00,0.00,0.00,0.00,0.00,0.00,0.00,0.00,0.00,0.00,0.00,0.00,0.00,0.00,0.00,0.00,0.00,0.00,0.00,62.40,0.00,0.00,0.00,0.00,0.00,0.00,0.00,0.00]","[null,null,null,null,null,null,null,null,null,null,null,null,null,null,null,null,null,null,null,null,null,31.20,null,null,null,null,null,null,null,null]","{""Monday"":0.00,""Tuesday"":0.00,""Wednesday"":62.40,""Thursday"":0.00,""Friday"":0.00,""Saturday"":0.00,""Sunday"":0.00}","{""Wednesday"":5,""Monday"":4,""Saturday"":4,""Thursday"":5,""Tuesday"":4,""Friday"":4,""Sunday"":4}",-18.0,-74.0,0,0.0,"{""No intermediary"":2}","{""No intermediary"":62.40}","{""1"":2,""2"":0,""3"":0,""4"":0,""5-10"":0,"">10"":0}","{""1"":31.20,""2"":null,""3"":null,""4"":null,""5-10"":null,"">10"":null}","{""45-60k"":2,""60-75k"":2}","{""45-60k"":31.20,""60-75k"":31.20}","{""Newbury Park, CA"":2}","{""Walmart"":100,""Verizon Wireless"":100,""Papa Murphy's"":100,""Ross Stores"":100,""Albertsons"":100,""Bomgaars"":100,""Domino's Pizza"":100,""Taco John's"":100,""T.J. Maxx"":100,""Ace Hardware"":100,""Sierra"":100,""Maverik"":100,""World Market"":100,""Walgreens"":100,""United States Postal Service (USPS)"":100,""McDonald's"":100,""Tractor Supply Co."":100,""Subway"":100}","{""Walmart"":100,""Ring"":100,""Costco"":100,""Peacock"":100,""Starz"":100}","{""World Market"":100}","{""Albertsons"":100,""Bomgaars"":100,""Domino's Pizza"":100,""Taco John's"":100,""Ace Hardware"":100,""McDonald's"":100,""Subway"":100}","{""Verizon Wireless"":100}","{""Peacock"":100,""Starz"":100,""Fubo"":100}",{},{},{},{}
173504,222-225@5sy-bxw-54v,SG_BRAND_942c238b1dddf5d40a05dbad6851b58b,Albertsons,2022-06-01,2022-07-01,57610.09,1209,450,25.42,57.91,"{""25"":12.50,""75"":57.06}","[1539.56,2975.31,1620.38,660.80,778.92,3199.10,1444.75,1403.22,2777.29,1448.80,530.41,1369.91,4263.38,2589.07,1616.46,1364.38,2384.37,711.78,454.09,797.50,5005.16,1146.97,1620.25,1863.70,886.44,788.99,5264.00,3669.49,1415.55,2020.06]","[24.43,27.60,39.31,43.49,32.98,21.68,21.06,18.59,27.06,18.97,17.05,41.88,28.65,20.54,29.80,22.93,28.97,47.25,18.02,21.45,23.28,20.83,26.96,21.01,36.39,30.12,27.19,27.97,43.08,27.15]","{""Monday"":13523.98,""Tuesday"":12708.47,""Wednesday"":7121.76,""Thursday"":10757.29,""Friday"":7317.25,""Saturday"":2789.43,""Sunday"":3391.91}","{""Wednesday"":5,""Monday"":4,""Saturday"":4,""Thursday"":5,""Tuesday"":4,""Friday"":4,""Sunday"":4}",37.0,7.0,34,2706.06,"{""No intermediary"":1209}","{""No intermediary"":57610.09}","{""1"":231,""2"":83,""3"":46,""4"":29,""5-10"":43,"">10"":18}","{""1"":47.78,""2"":83.87,""3"":175.99,""4"":206.51,""5-10"":305.52,"">10"":688.32}","{""<25k"":38,""25-45k"":47,""45-60k"":43,""60-75k"":45,""75-100k"":39,""100-150k"":83,"">150k"":134}","{""<25k"":64.06,""25-45k"":104.49,""45-60k"":112.39,""60-75k"":112.91,""75-100k"":136.96,""100-150k"":123.85,"">150k"":167.67}","{""Newbury Park, CA"":64,""Cody, WY"":55,""Clark, WY"":12,""San Diego, CA"":8,""Littleton, CO"":6,""Castle Rock, CO"":6,""Raleigh, NC"":5,""Boulder, CO"":5,""Kensington, MD"":5,""Salt Lake City, UT"":5,""Troy, MI"":4,""Saint Petersburg, FL"":4,""Thermopolis, WY"":4,""Hayden, ID"":4,""Charleston, SC"":4,""Honolulu, HI"":4,""Crystal River, FL"":4,""Colorado Springs, CO"":4,""Aurora, CO"":4,""Wausau, WI"":4,""Saint George, UT"":3,""Lovell, WY"":3,""Milo, IA"":3,""Twentynine Palms, CA"":3,""Royal Palm Beach, FL"":3,""Benson, AZ"":3,""Wellington, FL"":3,""Ogden, UT"":3,""Twin Falls, ID"":3,""Denver, CO"":3,""Fayetteville, NC"":3,""Southwick, MA"":3,""La Vernia, TX"":3,""Saint Augustine, FL"":3,""Casper, WY"":3,""Brunswick, GA"":3,""Smyrna, GA"":2,""Longmont, CO"":2,""Williamsburg, VA"":2,""Saint Paul, MN"":2,""Macedonia, OH"":2,""Blythewood, SC"":2,""Dexter, IA"":2,""Lodi, CA"":2,""Maple Heights, OH"":2,""Pittsfield, MA"":2,""Manchester, CT"":2,""Fort Mill, SC"":2,""Alexandria, VA"":2,""Scott Air Force Base, IL"":2,""Fort Myers, FL"":2,""Roy, UT"":2,""Chicago, IL"":2,""Nashville, TN"":2,""League City, TX"":2,""Lamar, CO"":2,""Bellingham, WA"":2,""Madison, AL"":2,""Greenfield, WI"":2,""Liberty Lake, WA"":2,""Steamboat Springs, CO"":2,""Moscow, ID"":2,""Arlington, WA"":2,""North Salt Lake, UT"":2,""Grant, MN"":2,""Hudson, MA"":2,""Greybull, WY"":2,""Normal, IL"":2,""Dover, DE"":2,""Durham, NC"":2,""Carmel, IN"":2,""Wichita, KS"":2,""Dumfries, VA"":2,""Vernal, UT"":2,""Ocala, FL"":2,""Annex, OR"":2,""Lincolnwood, IL"":2,""Kimberton, PA"":2,""Prince Frederick, MD"":2,""Ocean Springs, MS"":2,""Chandler, AZ"":2,""Lincoln, NE"":2,""Indianola, IA"":2,""Gainesville, FL"":2,""Clearwater, FL"":2,""Pleasanton, CA"":2,""Birmingham, AL"":2,""Carson City, NV"":2,""Orange City, IA"":2,""East Thetford, VT"":2,""Adna, WA"":2,""Baltimore, MD"":2,""Gunnison, CO"":2,""Palm Harbor, FL"":2,""Pine Apple, AL"":2,""Pueblo, CO"":2,""Dunkirk, MD"":2,""Meridian, ID"":2,""Olympia, WA"":2,""Bridgeland, UT"":2,""Memphis, TN"":2,""Highland, UT"":2,""Battle Lake, MN"":2,""Mechanicsville, VA"":2,""Tampa, FL"":2,""Alamo, NV"":2,""Riverton, WY"":2,""Champaign, IL"":2,""Amherst, NY"":2,""Basin, WY"":2,""Garrison, ND"":2,""Clovis, NM"":2,""Pocatello, ID"":2,""Winston Salem, NC"":2,""Omaha, NE"":2,""Crestview, FL"":2,""Kahuku, HI"":2,""Spring, TX"":2,""Marietta, GA"":2,""Kanab, UT"":2,""Portland, OR"":2,""Madison, OH"":2,""Greenwood, SC"":2,""Miami, FL"":2,""Sidney, MT"":2,""Savannah, GA"":2,""Allison Park, PA"":2,""Vero Beach, FL"":2,""Port Angeles, WA"":2,""Jefferson, PA"":2,""Coppell, TX"":2,""Harvey, LA"":2,""Homedale, ID"":2,""Boise, ID"":2,""Ankeny, IA"":2,""Lincoln, CA"":2,""Mequon, WI"":2,""Columbus, MT"":2,""Tigard, OR"":2,""Ossian, IA"":2,""Emigrant, MT"":2,""Spokane, WA"":2,""Newport News, VA"":2,""Castro Valley, CA"":2,""Worland, WY"":2,""Evergreen, CO"":2,""Orlando, FL"":2,""Wichita Falls, TX"":2,""Bakersfield, CA"":2,""Athens, GA"":2,""Dawson, MO"":2,""Custer, SD"":2,""Draper, UT"":2,""Winona, TX"":2,""Como, CO"":2,""Kummer, WA"":2,""Waterloo, IA"":2,""Rexburg, ID"":2,""Alma, TX"":2,""Bozeman, MT"":2,""Cincinnati, OH"":2,""Nampa, ID"":2,""San Antonio, TX"":2,""Paris, KY"":2,""Diamondhead, MS"":2,""Eden, NY"":2,""Charleston, UT"":2,""Billings, MT"":2,""Torrance, CA"":2,""Dallas, TX"":2,""Pico Rivera, CA"":2,""Greer, SC"":2,""Saratoga Springs, UT"":2,""Pekin, IL"":2,""Grants, NM"":2,""Burley, ID"":2,""Braselton, GA"":2,""Acme, WY"":2,""Mckenna, WA"":2,""Scottsdale, AZ"":2,""Atlanta, GA"":2,""Mishawaka, IN"":2,""Monolith, CA"":2,""Mooresville, NC"":2,""Auburn, ME"":2,""Crossville, TN"":2,""Highlandville, MO"":2,""Brooklyn, NY"":2,""Fairport, IA"":2,""Hanover, MD"":2,""Fort Collins, CO"":2,""Bradenton Beach, FL"":2,""Idaho Falls, ID"":2,""Greeley, CO"":2,""Jackson, WY"":2,""Albuquerque, NM"":2,""Wyoming, MI"":2,""Logan, UT"":2,""Gulfport, MS"":2,""Columbia, SC"":2,""Stow, OH"":2,""Bloomfield Hills, MI"":2}","{""Walmart"":78,""McDonald's"":48,""Maverik"":47,""Exxon Mobil"":35,""Walgreens"":32,""ConocoPhillips"":29,""Dairy Queen"":27,""Wendy's"":26,""Ace Hardware"":25,""Target"":23,""Subway"":22,""Starbucks"":22,""Bomgaars"":20,""Costco"":20,""Shell Oil"":20,""Verizon Wireless"":20,""Domino's Pizza"":18,""United States Postal Service (USPS)"":16,""Chevron"":16,""The Home Depot"":15}","{""Amazon"":52,""Apple"":41,""Netflix"":33,""Amazon Marketplace"":26,""Amazon Digital Services"":20,""Hulu"":19,""Spotify"":16,""AT&T"":15,""Walmart"":15,""Verizon Wireless"":13,""Audible"":12,""Sirius XM"":11,""Comcast"":10,""Target"":8,""Etsy"":8,""Google"":8,""Chewy"":6,""Amazon Kindle"":6,""Uber"":6,""Google Storage"":5}","{""Safeway"":14,""Blair's"":11,""Circle K"":11,""7-Eleven"":11,""Smith's Food & Drug Stores"":8,""WinCo Foods"":7,""Fred Meyer"":7,""Casey's General Stores"":7,""Whole Foods Market"":6,""Publix Super Markets"":6,""Trader Joe's"":5,""ALDI"":4,""King Soopers"":4,""Kwik Trip"":4,""Kroger"":4,""Harris Teeter"":4,""Weis Markets"":3,""City Market"":3,""Wawa"":3,""H-E-B"":3}","{""Walmart"":49,""McDonald's"":20,""Maverik"":18,""Dairy Queen"":18,""Wendy's"":13,""Ace Hardware"":12,""Domino's Pizza"":11,""ConocoPhillips"":11,""Walgreens"":11,""Sierra"":10,""Subway"":9,""Bomgaars"":8,""Arby's"":8,""Taco John's"":7,""Tractor Supply Co."":6,""AutoZone"":4,""The UPS Store"":4,""Boot Barn"":4,""United States Postal Service (USPS)"":3,""maurices"":3}","{""Verizon Wireless"":32,""AT&T"":19,""T-Mobile"":5,""Straight Talk"":4,""Sprint"":2,""Cricket Wireless"":1,""Disney Mobile"":1,""U.S. Cellular"":1,""TracFone Wireless"":1,""Google Fi"":1,""MetroPCS"":1,""Boost Mobile"":1}","{""Netflix"":33,""Hulu"":19,""Disney Plus"":9,""Dish Network"":4,""Amazon Prime Video"":4,""Peacock"":4,""Youtube Premium"":4,""Youtube"":2,""Roku"":2,""YouTube TV"":2,""Redbox"":2,""Sling TV"":2,""HBO Max"":2,""Amazon Prime"":2,""Fubo"":2,""Starz"":2,""Vudu"":1,""Crunchyroll"":1,""Time Warner Cable"":1,""DirecTV"":1}","{""Uber Eats"":3,""DoorDash"":2,""HelloFresh"":2,""Instacart"":2,""Dashpass"":2,""Grubhub"":1,""Shipt"":1}","{""Uber"":6,""Lyft"":2}","{""Affirm.com"":4,""Afterpay"":2,""Klarna"":2,""Sezzle"":1,""Zip Company"":1}","{""Apple Card"":3,""PayPal"":2,""Apple Cash"":1,""Venmo"":1}"
173581,224-222@5sy-bxx-rzf,,,2022-06-01,2022-07-01,956.25,24,15,40.05,61.4,"{""25"":25.17,""75"":48.28}","[24.44,35.89,0.00,0.00,0.00,0.00,0.00,0.00,41.60,27.36,0.00,0.00,283.88,0.00,0.00,0.00,0.00,0.00,198.30,48.36,0.00,49.68,86.54,72.34,0.00,87.86,0.00,0.00,0.00,0.00]","[24.44,35.89,null,null,null,null,null,null,41.60,27.36,null,null,37.05,null,null,null,null,null,63.44,48.36,null,24.84,43.27,17.22,null,87.86,null,null,null,null]","{""Monday"":332.24,""Tuesday"":0.00,""Wednesday"":74.12,""Thursday"":164.03,""Friday"":99.70,""Saturday"":0.00,""Sunday"":286.16}","{""Wednesday"":5,""Monday"":4,""Saturday"":4,""Thursday"":5,""Tuesday"":4,""Friday"":4,""Sunday"":4}",193.0,-17.0,0,0.0,"{""No intermediary"":24}","{""No intermediary"":956.25}","{""1"":8,""2"":6,""3"":0,""4"":1,""5-10"":0,"">10"":0}","{""1"":42.80,""2"":86.08,""3"":null,""4"":97.34,""5-10"":null,"">10"":null}","{""25-45k"":2,""45-60k"":2,""60-75k"":5,""75-100k"":3,""100-150k"":3,"">150k"":2}","{""25-45k"":54.60,""45-60k"":79.37,""60-75k"":52.70,""75-100k"":62.63,""100-150k"":37.86,"">150k"":159.28}","{""Palm Harbor, FL"":5,""Orangevale, CA"":2,""Salt Lake City, UT"":2,""Rochester, NY"":2,""Gainesville, FL"":2,""Cody, WY"":2,""Georgetown, KY"":2,""Edinboro, PA"":2,""Spokane, WA"":2,""Lexington, KY"":2,""Lexington, NC"":2}","{""Walmart"":94,""Albertsons"":40,""McDonald's"":40,""Wendy's"":34,""Exxon Mobil"":34,""Taco Bell"":27,""Taco John's"":27,""The Home Depot"":27,""ConocoPhillips"":27,""Circle K"":27,""Maverik"":27,""Target"":20,""Travelodge"":20,""Bomgaars"":20,""Dollar General"":20,""Starbucks"":20,""Walgreens"":20,""Dairy Queen"":20,""Pilot Flying J"":20,""Subway"":20}","{""Amazon"":47,""Apple"":40,""Netflix"":27,""Amazon Digital Services"":27,""Planet Fitness"":20,""AT&T"":20,""Audible"":20,""T-Mobile"":20,""Petco"":14,""Walmart"":14,""Verizon Wireless"":14,""Fubo"":14,""Harbor Freight Tools"":14,""GoDaddy"":14,""Coinbase"":14,""Burger King"":14,""Carl's Jr."":14,""Costa Vida"":14,""Amazon Marketplace"":14,""Twitch Interactive"":14}","{""Wendy's"":40,""McDonald's"":40,""Taco Bell"":27,""Taco John's"":27,""Burger King"":27,""Starbucks"":20,""Dairy Queen"":20,""Subway"":20,""Arby's"":20,""Sonic"":14,""Little Caesars"":14,""Chipotle Mexican Grill"":14,""Chick-fil-A"":14,""Applebee's"":14,""Culver's"":14,""Panda Express"":14,""Carl's Jr."":14,""Costa Vida"":14,""In-N-Out Burger"":14,""Jimmy John's"":7}","{""Walmart"":74,""Albertsons"":34,""Wendy's"":20,""Bomgaars"":14,""The UPS Store"":14,""ConocoPhillips"":14,""Walgreens"":14,""Dairy Queen"":14,""Taco John's"":7,""CARQUEST Auto Parts"":7,""Ace Hardware"":7,""Harley Davidson"":7,""Maverik"":7,""McDonald's"":7,""Tractor Supply Co."":7,""Subway"":7,""Arby's"":7}","{""AT&T"":27,""T-Mobile"":20,""Verizon Wireless"":20,""Disney Mobile"":7}","{""Netflix"":27,""Fubo"":14,""YouTube TV"":7,""Hulu"":7}","{""Instacart"":7,""DoorDash"":7}",{},"{""Klarna"":7,""Zip Company"":7}",{}
173626,222-222@5sy-bxx-tgk,,,2022-06-01,2022-07-01,1648.47,29,22,33.6,44.04,"{""25"":16.70,""75"":47.69}","[87.36,0.00,0.00,0.00,0.00,0.00,0.00,430.56,23.80,0.00,0.00,41.80,202.72,49.92,0.00,24.00,170.25,0.00,271.60,0.00,0.00,286.40,0.00,20.06,0.00,0.00,12.00,28.00,0.00,0.00]","[43.68,null,null,null,null,null,null,215.28,23.80,null,null,20.90,14.40,49.92,null,24.00,85.13,null,135.80,null,null,121.00,null,20.06,null,null,12.00,28.00,null,null]","{""Monday"":214.72,""Tuesday"":77.92,""Wednesday"":804.32,""Thursday"":47.80,""Friday"":190.31,""Saturday"":0.00,""Sunday"":313.40}","{""Wednesday"":5,""Monday"":4,""Saturday"":4,""Thursday"":5,""Tuesday"":4,""Friday"":4,""Sunday"":4}",1001.0,419.0,0,0.0,"{""No intermediary"":29}","{""No intermediary"":1648.47}","{""1"":17,""2"":4,""3"":0,""4"":1,""5-10"":0,"">10"":0}","{""1"":69.07,""2"":93.70,""3"":null,""4"":99.52,""5-10"":null,"">10"":null}","{""<25k"":2,""25-45k"":2,""45-60k"":3,""75-100k"":2,""100-150k"":6,"">150k"":5}","{""<25k"":24.00,""25-45k"":67.20,""45-60k"":102.53,""75-100k"":59.26,""100-150k"":82.49,"">150k"":67.32}","{""Bakersfield, CA"":3,""Alexandria, VA"":2,""League City, TX"":2,""Greenfield, WI"":2,""Chrisney, IN"":2,""Benson, AZ"":2,""London, KY"":2,""Watertown, WI"":2,""Clark, WY"":2,""Riverbank, CA"":2,""Saint Augustine, FL"":2,""Orlando, FL"":2,""Colorado Springs, CO"":2,""Naples, FL"":2,""San Antonio, TX"":2,""Heglar, ID"":2,""Circleville, KS"":2,""Newbury Park, CA"":2}","{""McDonald's"":78,""Walmart"":69,""Albertsons"":46,""Target"":41,""Costco"":41,""Exxon Mobil"":41,""Maverik"":37,""Chick-fil-A"":32,""Walgreens"":32,""Pilot Flying J"":32,""Shell Oil"":32,""Subway"":32,""Lowe's"":28,""Ace Hardware"":28,""Dairy Queen"":28,""Verizon Wireless"":23,""Kwik Trip"":23,""Circle K"":23,""Love's Travel Stops and Country Stores"":23,""Kohl's"":23}","{""Amazon"":64,""Apple"":41,""Amazon Marketplace"":41,""Sirius XM"":23,""Amazon Digital Services"":23,""AT&T"":23,""Anytime Fitness"":14,""Apple Card"":14,""Google"":14,""Hulu"":14,""Audible"":14,""T-Mobile"":14,""Lyft"":10,""Target"":10,""Verizon Wireless"":10,""Uber"":10,""Chewy"":10,""Peloton Cycles"":10,""Epic Games"":10,""Qdoba Mexican Grill"":10}","{""McDonald's"":78,""Chick-fil-A"":32,""Subway"":32,""Dairy Queen"":28,""Wendy's"":23,""Pizza Hut"":23,""Jimmy John's"":19,""Taco Bell"":19,""Starbucks"":19,""Cracker Barrel"":19,""Jack in the Box"":14,""Hardee's"":14,""Panera Bread"":14,""Smashburger"":14,""Arby's"":14,""Chipotle Mexican Grill"":10,""Domino's Pizza"":10,""Whataburger"":10,""Caribou Coffee"":10,""India Palace"":10}","{""Walmart"":41,""Albertsons"":41,""Walgreens"":19,""McDonald's"":14,""maurices"":10,""Pizza Hut"":10,""Boot Barn"":5,""Sierra"":5,""United States Postal Service (USPS)"":5,""Tractor Supply Co."":5,""Subway"":5}","{""Verizon Wireless"":32,""AT&T"":23,""T-Mobile"":14,""Sprint"":10}","{""Hulu"":14,""Dish Network"":5,""Netflix"":5,""Amazon Prime"":5,""DirecTV"":5,""Amazon Prime Video"":5,""Youtube Premium"":5}",{},"{""Lyft"":10,""Uber"":10}",{},"{""Apple Card"":14}"
173741,zzw-222@5sy-bxs-tgk,SG_BRAND_b72e1f8bbbb37a22201c712c9c5fa62d,Aaron's,2022-06-01,2022-07-01,1277.07,7,6,125.53,200.09,"{""25"":105.00,""75"":250.03}","[0.00,0.00,0.00,0.00,0.00,0.00,0.00,0.00,0.00,0.00,0.00,0.00,0.00,105.00,0.00,0.00,235.77,0.00,0.00,0.00,891.15,0.00,0.00,0.00,0.00,0.00,45.15,0.00,0.00,0.00]","[null,null,null,null,null,null,null,null,null,null,null,null,null,105.00,null,null,117.88,null,null,null,250.03,null,null,null,null,null,45.15,null,null,null]","{""Monday"":45.15,""Tuesday"":996.15,""Wednesday"":0.00,""Thursday"":0.00,""Friday"":235.77,""Saturday"":0.00,""Sunday"":0.00}","{""Wednesday"":5,""Monday"":4,""Saturday"":4,""Thursday"":5,""Tuesday"":4,""Friday"":4,""Sunday"":4}",,-9.0,3,621.62,"{""No intermediary"":7}","{""No intermediary"":1277.07}","{""1"":5,""2"":1,""3"":0,""4"":0,""5-10"":0,"">10"":0}","{""1"":225.38,""2"":150.15,""3"":null,""4"":null,""5-10"":null,"">10"":null}","{""25-45k"":2,""45-60k"":2,""60-75k"":2,""100-150k"":2}","{""25-45k"":200.09,""45-60k"":250.03,""60-75k"":110.24,""100-150k"":258.31}","{""Newbury Park, CA"":2,""Glendale, AZ"":2,""Towanda, PA"":2}","{""Walmart"":100,""McDonald's"":100,""Maverik"":84,""Wendy's"":67,""Family Dollar Stores"":67,""Albertsons"":50,""Blair's"":50,""Murdoch's Ranch & Home Supply"":50,""IHOP"":34,""Domino's Pizza"":34,""Ace Hardware"":34,""Spectrum"":34,""Famous Footwear"":34,""Subway"":34,""Dollar Tree"":34,""Little Caesars"":17,""Cabela's"":17,""ULTA Beauty"":17,""Jersey Mike's"":17,""Ross Stores"":17}","{""Hulu"":84,""Amazon"":67,""Amazon Marketplace"":67,""Verizon Wireless"":34,""Roku"":34,""Sirius XM"":34,""Apple"":34,""Netflix"":34,""Disney Mobile"":17,""Youtube"":17,""Goodwill"":17,""AMC Theatres"":17,""Klarna"":17,""Google"":17,""Roblox"":17,""Spotify"":17,""Amazon Digital Services"":17,""AT&T"":17,""Sony Playstation Networks"":17,""Affirm.com"":17}",{},"{""Albertsons"":50,""Walmart"":34,""Domino's Pizza"":34,""Wendy's"":34,""Dairy Queen"":17,""Burger King"":17,""McDonald's"":17}","{""Verizon Wireless"":34,""AT&T"":17,""T-Mobile"":17,""Disney Mobile"":17}","{""Hulu"":84,""Roku"":34,""Netflix"":34,""Disney Plus"":34,""Youtube"":17}",{},{},"{""Affirm.com"":17,""Klarna"":17}",{}
173785,227-222@5sy-bzg-gx5,,,2022-06-01,2022-07-01,5403.87,54,37,51.9,98.6,"{""25"":22.82,""75"":145.60}","[903.56,0.00,171.60,0.00,3.07,62.35,170.56,0.00,0.00,4.15,790.34,36.40,307.32,0.00,299.42,129.85,110.23,0.00,0.00,11.15,1531.36,0.00,0.00,203.84,0.00,0.00,155.84,277.89,0.00,234.94]","[451.78,null,85.80,null,3.07,62.35,170.56,null,null,4.15,395.17,36.40,38.95,null,69.91,64.93,55.12,null,null,11.15,64.32,null,null,52.00,null,null,155.84,58.14,null,117.47]","{""Monday"":536.66,""Tuesday"":1979.81,""Wednesday"":1202.98,""Thursday"":364.79,""Friday"":489.82,""Saturday"":790.34,""Sunday"":39.47}","{""Wednesday"":5,""Monday"":4,""Saturday"":4,""Thursday"":5,""Tuesday"":4,""Friday"":4,""Sunday"":4}",156.0,11.0,2,47.55,"{""No intermediary"":54}","{""No intermediary"":5403.87}","{""1"":24,""2"":11,""3"":0,""4"":2,""5-10"":0,"">10"":0}","{""1"":127.33,""2"":170.44,""3"":null,""4"":236.54,""5-10"":null,"">10"":null}","{""<25k"":3,""25-45k"":4,""60-75k"":2,""75-100k"":3,""100-150k"":7,"">150k"":14}","{""<25k"":27.15,""25-45k"":149.64,""60-75k"":25.95,""75-100k"":219.62,""100-150k"":163.98,"">150k"":168.22}","{""Gunnison, CO"":8,""Shoshone, ID"":7,""Brandon, FL"":5,""Cody, WY"":3,""Erda, UT"":3,""Highlandville, MO"":3,""Eden Prairie, MN"":2,""Maple Heights, OH"":2,""Steamboat Springs, CO"":2,""Salt Lake City, UT"":2,""Rochester, NY"":2,""Dumfries, VA"":2,""Livingston, NY"":2,""Roanoke, VA"":2,""Louisville, KY"":2,""Riverton, WY"":2,""Spartanburg, SC"":2,""Kanab, UT"":2,""Maumee, OH"":2,""Lexington, KY"":2,""Colorado Springs, CO"":2,""Orland Park, IL"":2,""Andrew, LA"":2,""Naples, FL"":2,""Newbury Park, CA"":2,""Brunswick, GA"":2,""Broaddus, TX"":2,""Idaho Falls, ID"":2,""Bonneauville, PA"":2}","{""Walmart"":84,""Maverik"":60,""Albertsons"":49,""Exxon Mobil"":38,""McDonald's"":36,""Target"":28,""Walgreens"":25,""Lowe's"":22,""Starbucks"":22,""Taco John's"":19,""ConocoPhillips"":19,""Sierra"":19,""Chick-fil-A"":19,""Dairy Queen"":19,""Shell Oil"":19,""Bomgaars"":17,""Wendy's"":17,""Costco"":17,""Phillips 66"":17,""KFC"":14}","{""Amazon"":55,""Apple"":49,""Netflix"":25,""Spotify"":25,""Hulu"":19,""Comcast"":19,""Uber"":17,""E-ZPass"":17,""Adobe Systems"":14,""Google"":14,""Amazon Digital Services"":14,""Verizon Wireless"":11,""AT&T"":11,""Walmart"":9,""Anytime Fitness"":9,""Target"":9,""Planet Fitness"":9,""YouTube TV"":9,""Chewy"":9,""Google Storage"":9}","{""Sierra"":19,""Michaels Stores"":9,""REI"":9,""Sportsman's Warehouse"":6,""The North Face"":6,""Cycle Gear"":3,""Hobby Lobby Stores"":3,""Dick's Sporting Goods"":3,""Jo-Ann Fabric and Craft Stores"":3}","{""Walmart"":63,""Albertsons"":44,""Maverik"":30,""Sierra"":19,""Taco John's"":11,""Wendy's"":11,""Dairy Queen"":11,""Tractor Supply Co."":11,""Ace Hardware"":9,""Walgreens"":9,""McDonald's"":9,""Dollar Tree"":9,""maurices"":6,""The UPS Store"":6,""ConocoPhillips"":6,""Subway"":6,""Papa Murphy's"":3,""CARQUEST Auto Parts"":3,""O'Reilly Auto Parts"":3,""AutoZone"":3}","{""Verizon Wireless"":19,""AT&T"":11,""T-Mobile"":11,""Straight Talk"":6,""Sprint"":3}","{""Netflix"":25,""Hulu"":19,""Disney Plus"":14,""YouTube TV"":9,""Sling TV"":3,""HBO Max"":3,""Dish Network"":3,""Amazon Prime"":3,""Youtube Premium"":3}","{""Uber Eats"":6,""Shipt"":3,""Grubhub"":3}","{""Uber"":17}",{},"{""Apple Card"":6,""Apple Cash"":3}"
173827,222-222@5sy-bzh-33q,,,2022-06-01,2022-07-01,160.16,6,4,22.49,41.1,"{""25"":18.11,""75"":31.39}","[0.00,0.00,0.00,0.00,0.00,0.00,0.00,0.00,0.00,0.00,0.00,0.00,0.00,0.00,0.00,44.99,23.30,0.00,0.00,0.00,36.22,0.00,0.00,0.00,0.00,0.00,55.65,0.00,0.00,0.00]","[null,null,null,null,null,null,null,null,null,null,null,null,null,null,null,22.49,23.30,null,null,null,18.11,null,null,null,null,null,55.65,null,null,null]","{""Monday"":55.65,""Tuesday"":36.22,""Wednesday"":0.00,""Thursday"":44.99,""Friday"":23.30,""Saturday"":0.00,""Sunday"":0.00}","{""Wednesday"":5,""Monday"":4,""Saturday"":4,""Thursday"":5,""Tuesday"":4,""Friday"":4,""Sunday"":4}",-40.0,-75.0,0,0.0,"{""Square"":6}","{""Square"":160.16}","{""1"":2,""2"":2,""3"":0,""4"":0,""5-10"":0,"">10"":0}","{""1"":38.98,""2"":41.10,""3"":null,""4"":null,""5-10"":null,"">10"":null}","{""75-100k"":2,"">150k"":6}","{""75-100k"":22.31,"">150k"":45.95}","{""Boise, ID"":4,""Newbury Park, CA"":3,""Baltimore, MD"":2}","{""Albertsons"":100,""Maverik"":75,""Walmart"":50,""Target"":50,""Verizon Wireless"":50,""Starbucks"":50,""Wendy's"":50,""ConocoPhillips"":50,""Costco"":50,""Walgreens"":50,""United States Postal Service (USPS)"":50,""McDonald's"":50,""Exxon Mobil"":50,""Jewel-Osco"":25,""Jimmy John's"":25,""Econo Lodge"":25,""Trader Joe's"":25,""Chevron"":25,""Heidi's Brooklyn Deli"":25,""Safeway Fuel Station"":25}","{""Amazon"":75,""Walmart"":50,""Apple"":50,""Netflix"":50,""Audible"":50,""Venmo"":25,""Lyft"":25,""Target"":25,""Fandango"":25,""Barclaycard US"":25,""Peloton Cycles"":25,""Adobe Systems"":25,""HelloFresh"":25,""Goodwill"":25,""Macy's"":25,""The Wall Street Journal"":25,""ExxonMobil"":25,""Giant Food"":25,""E-ZPass"":25,""ParkMobile"":25}","{""Starbucks"":50,""Wendy's"":50,""McDonald's"":50,""Jimmy John's"":25,""Heidi's Brooklyn Deli"":25,""Domino's Pizza"":25,""Le Pain Quotidien"":25,""Jack in the Box"":25,""Pizza Pie Cafe"":25,""Dairy Queen"":25,""Panda Express"":25,""Cracker Barrel"":25,""Subway"":25,""Arby's"":25}","{""Albertsons"":75,""Walmart"":50,""McDonald's"":50,""Bomgaars"":25,""The UPS Store"":25,""Wendy's"":25,""Ace Hardware"":25,""Sierra"":25,""Maverik"":25,""Walgreens"":25,""Dairy Queen"":25,""Arby's"":25}","{""Verizon Wireless"":50,""AT&T"":25}","{""Netflix"":50}","{""HelloFresh"":25}","{""Lyft"":25}",{},"{""Venmo"":25}"
173918,zzw-222@5sy-bzh-3wk,,,2022-06-01,2022-07-01,899.0,20,15,45.82,54.05,"{""25"":27.39,""75"":62.08}","[0.00,0.00,0.00,14.55,0.00,0.00,0.00,0.00,0.00,56.56,36.13,0.00,249.62,58.70,69.37,53.44,0.00,0.00,0.00,0.00,0.00,60.35,0.00,77.00,0.00,0.00,169.23,0.00,54.05,0.00]","[null,null,null,14.55,null,null,null,null,null,28.28,36.13,null,62.41,29.35,34.69,26.72,null,null,null,null,null,60.35,null,77.00,null,null,57.23,null,54.05,null]","{""Monday"":418.85,""Tuesday"":58.70,""Wednesday"":183.77,""Thursday"":53.44,""Friday"":133.56,""Saturday"":50.68,""Sunday"":0.00}","{""Wednesday"":5,""Monday"":4,""Saturday"":4,""Thursday"":5,""Tuesday"":4,""Friday"":4,""Sunday"":4}",246.0,12.0,0,0.0,"{""No intermediary"":20}","{""No intermediary"":899.00}","{""1"":10,""2"":5,""3"":0,""4"":0,""5-10"":0,"">10"":0}","{""1"":39.82,""2"":100.15,""3"":null,""4"":null,""5-10"":null,"">10"":null}","{""25-45k"":2,""60-75k"":2,""75-100k"":6,""100-150k"":2,"">150k"":2}","{""25-45k"":61.67,""60-75k"":96.23,""75-100k"":47.94,""100-150k"":56.00,"">150k"":43.67}","{""Ingalls, IN"":2,""Fayetteville, TN"":2,""Baltimore, MD"":2,""Cody, WY"":2,""Clark, WY"":2,""Boise, ID"":2,""Monument, CO"":2,""Grants, NM"":2,""Newbury Park, CA"":2,""Greeley, CO"":2}","{""Walmart"":80,""Albertsons"":67,""Walgreens"":60,""McDonald's"":60,""Maverik"":54,""Ace Hardware"":47,""Domino's Pizza"":40,""ConocoPhillips"":40,""Bomgaars"":34,""Wendy's"":34,""Dairy Queen"":34,""United States Postal Service (USPS)"":34,""Exxon Mobil"":34,""Dollar Tree"":34,""Starbucks"":27,""Costco"":27,""Blair's"":27,""Taco John's"":20,""Pizza Hut"":20,""Phillips 66"":20}","{""Amazon"":54,""Apple"":47,""Amazon Marketplace"":40,""Netflix"":34,""Audible"":34,""Walmart"":20,""Amazon Digital Services"":20,""Etsy"":14,""Anytime Fitness"":14,""Adobe Systems"":14,""Google Storage"":14,""Spotify"":14,""AT&T"":14,""CVS"":14,""Pizza Hut"":14,""Venmo"":7,""Disney Mobile"":7,""Lyft"":7,""Target"":7,""Verizon Wireless"":7}","{""McDonald's"":60,""Domino's Pizza"":40,""Wendy's"":34,""Dairy Queen"":34,""Starbucks"":27,""Pizza Hut"":27,""Taco John's"":20,""Little Caesars"":14,""Jimmy John's"":14,""Panera Bread"":14,""Subway"":14,""Arby's"":14,""IHOP"":7,""Sonic"":7,""Papa Murphy's"":7,""Sharky's Woodfired Mexican Grill"":7,""Heidi's Brooklyn Deli"":7,""Freddy's Frozen Custard"":7,""Taco Bell"":7,""KFC"":7}","{""Walmart"":80,""Albertsons"":60,""Walgreens"":40,""McDonald's"":40,""Domino's Pizza"":34,""Ace Hardware"":34,""Dairy Queen"":34,""Wendy's"":27,""ConocoPhillips"":27,""Bomgaars"":20,""Maverik"":20,""United States Postal Service (USPS)"":20,""Taco John's"":14,""The UPS Store"":14,""Sierra"":14,""Dollar Tree"":14,""Arby's"":14,""Papa Murphy's"":7,""maurices"":7,""Burger King"":7}","{""Verizon Wireless"":20,""AT&T"":14,""T-Mobile"":7,""Disney Mobile"":7}","{""Netflix"":34,""YouTube TV"":7,""Hulu"":7,""Amazon Prime Video"":7}",{},"{""Lyft"":7}","{""Klarna"":7}","{""Apple Card"":7,""Venmo"":7}"
173994,223-223@5sy-bzg-ghq,,,2022-06-01,2022-07-01,1406.4,32,26,39.19,41.57,"{""25"":26.64,""75"":57.37}","[0.00,0.00,0.00,88.98,99.51,12.60,28.56,0.00,0.00,0.00,17.68,17.64,329.06,59.80,31.54,84.32,0.00,79.36,26.00,0.00,153.96,0.00,30.05,38.31,0.00,0.00,67.45,11.44,80.52,149.62]","[null,null,null,88.98,99.51,12.60,28.56,null,null,null,17.68,17.64,43.29,59.80,31.54,84.32,null,79.36,26.00,null,76.98,null,30.05,19.16,null,null,30.13,11.44,40.26,74.81]","{""Monday"":409.11,""Tuesday"":253.76,""Wednesday"":112.06,""Thursday"":263.99,""Friday"":38.31,""Saturday"":186.02,""Sunday"":143.15}","{""Wednesday"":5,""Monday"":4,""Saturday"":4,""Thursday"":5,""Tuesday"":4,""Friday"":4,""Sunday"":4}",1273.0,,32,1406.4,"{""No intermediary"":32}","{""No intermediary"":1406.40}","{""1"":20,""2"":6,""3"":0,""4"":0,""5-10"":0,"">10"":0}","{""1"":44.30,""2"":86.72,""3"":null,""4"":null,""5-10"":null,"">10"":null}","{""<25k"":2,""25-45k"":3,""45-60k"":2,""60-75k"":2,""75-100k"":4,""100-150k"":5,"">150k"":8}","{""<25k"":34.70,""25-45k"":37.36,""45-60k"":35.91,""60-75k"":58.34,""75-100k"":98.84,""100-150k"":55.32,"">150k"":39.04}","{""Saint Petersburg, FL"":3,""Cody, WY"":3,""Bountiful, UT"":2,""Taylorsville, UT"":2,""North Salt Lake, UT"":2,""Vails Gate, NY"":2,""Poulsbo, WA"":2,""Gunnison, CO"":2,""Mechanicsville, VA"":2,""Littleton, CO"":2,""Miami, FL"":2,""Lompoc, CA"":2,""Newport News, VA"":2,""Colorado Springs, CO"":2,""Seneca, SC"":2,""Bozeman, MT"":2,""Billings, MT"":2,""Newbury Park, CA"":2,""Glendale, AZ"":2,""Fort Collins, CO"":2}","{""Walmart"":77,""Maverik"":54,""Albertsons"":50,""McDonald's"":47,""Wendy's"":35,""Chick-fil-A"":35,""7-Eleven"":31,""ConocoPhillips"":31,""Exxon Mobil"":31,""Subway"":31,""Target"":27,""The Home Depot"":27,""Walgreens"":27,""Dairy Queen"":27,""Pilot Flying J"":27,""Phillips 66"":27,""Verizon Wireless"":24,""Love's Travel Stops and Country Stores"":24,""Costco"":24,""Chevron"":20}","{""Amazon"":62,""Apple"":47,""Netflix"":39,""Amazon Marketplace"":31,""Walmart"":20,""Amazon Digital Services"":20,""Audible"":20,""Sirius XM"":16,""Spotify"":16,""YouTube TV"":12,""Chewy"":12,""Maverik"":12,""Hulu"":12,""AT&T"":12,""Comcast"":12,""T-Mobile"":12,""Etsy"":8,""ADT Security Services"":8,""Target"":8,""Chipotle Mexican Grill"":8}","{""McDonald's"":50,""Wendy's"":35,""Chick-fil-A"":35,""Subway"":31,""Dairy Queen"":27,""Starbucks"":20,""Arby's"":20,""Chipotle Mexican Grill"":16,""Applebee's"":16,""Panera Bread"":16,""Burger King"":16,""Jimmy John's"":12,""Panda Express"":12,""Pizza Hut"":12,""In-N-Out Burger"":12,""Dunkin'"":12,""Little Caesars"":8,""Olive Garden"":8,""Shake Shack"":8,""Taco Bell"":8}","{""Walmart"":54,""Albertsons"":43,""Wendy's"":31,""McDonald's"":27,""Dairy Queen"":24,""Maverik"":20,""ConocoPhillips"":12,""Sierra"":12,""Walgreens"":12,""Dollar Tree"":8,""Bomgaars"":4,""Taco John's"":4,""Ace Hardware"":4,""Boot Barn"":4,""O'Reilly Auto Parts"":4,""Burger King"":4,""United States Postal Service (USPS)"":4,""Pizza Hut"":4,""Good 2 Go Stores"":4,""Subway"":4}","{""Verizon Wireless"":27,""AT&T"":12,""T-Mobile"":12,""Cricket Wireless"":8}","{""Netflix"":39,""YouTube TV"":12,""Hulu"":12,""Disney Plus"":12,""Amazon Prime Video"":8,""Youtube Premium"":8,""Starz"":8,""HBO Max"":4,""Funimation"":4,""Dish Network"":4,""Peacock"":4,""Redbox"":4}","{""DoorDash"":8,""HelloFresh"":4,""Instacart"":4,""Dashpass"":4,""Uber Eats"":4}","{""Uber"":8}","{""Affirm.com"":4,""Klarna"":4}",{}
174070,226-222@5sy-bzg-pd9,SG_BRAND_2a27c695480ef50e,Smoker Friendly,2022-06-01,2022-07-01,854.09,22,19,32.26,31.57,"{""25"":20.68,""75"":64.70}","[48.85,0.00,0.00,95.92,51.97,77.61,0.00,0.00,22.65,63.53,0.00,32.88,106.35,0.00,82.75,0.00,0.00,0.00,0.00,23.06,0.00,147.42,0.00,19.12,0.00,8.84,21.20,18.71,33.23,0.00]","[24.43,null,null,47.96,51.97,38.81,null,null,22.65,63.53,null,32.88,53.18,null,41.38,null,null,null,null,23.06,null,73.71,null,19.12,null,8.84,21.20,18.71,33.23,null]","{""Monday"":228.22,""Tuesday"":18.71,""Wednesday"":312.25,""Thursday"":22.65,""Friday"":82.65,""Saturday"":95.92,""Sunday"":93.69}","{""Wednesday"":5,""Monday"":4,""Saturday"":4,""Thursday"":5,""Tuesday"":4,""Friday"":4,""Sunday"":4}",52.0,-17.0,0,0.0,"{""No intermediary"":22}","{""No intermediary"":854.09}","{""1"":17,""2"":1,""3"":1,""4"":0,""5-10"":0,"">10"":0}","{""1"":36.22,""2"":140.55,""3"":97.74,""4"":null,""5-10"":null,"">10"":null}","{""<25k"":4,""25-45k"":5,""45-60k"":5,""60-75k"":3,""100-150k"":2,"">150k"":2}","{""<25k"":67.70,""25-45k"":44.43,""45-60k"":48.30,""60-75k"":8.84,""100-150k"":21.20,"">150k"":22.65}","{""Thornton, CO"":2,""Collinsburg, PA"":2,""Cody, WY"":2,""Las Vegas, NV"":2,""Emigrant, MT"":2,""Butte, MT"":2,""Bozeman, MT"":2,""Almy, WY"":2,""Indianapolis, IN"":2,""Pekin, IL"":2,""Mooresville, NC"":2,""Newbury Park, CA"":2,""Idaho Falls, ID"":2,""Punxsutawney, PA"":2}","{""Walmart"":69,""Albertsons"":43,""Maverik"":27,""McDonald's"":27,""Shell Oil"":27,""Wendy's"":22,""Ace Hardware"":22,""Safeway"":16,""Costco"":16,""Walgreens"":16,""United States Postal Service (USPS)"":16,""CVS"":16,""Exxon Mobil"":16,""Subway"":16,""Sonic"":11,""Chevron"":11,""Great Clips"":11,""Barnes and Noble"":11,""Bomgaars"":11,""Domino's Pizza"":11}","{""Amazon"":48,""Apple"":32,""Spotify"":32,""Sirius XM"":22,""Netflix"":22,""Adobe Systems"":11,""eBay"":11,""Hulu"":11,""AT&T"":11,""Audible"":11,""Anytime Fitness"":6,""Lyft"":6,""Verizon Wireless"":6,""Planet Fitness"":6,""Papa Murphy's"":6,""Steam"":6,""King"":6,""Torrid"":6,""HBO Max"":6,""Shutterfly"":6}","{""Petco"":6,""PetSmart"":6}","{""Walmart"":53,""Albertsons"":32,""Ace Hardware"":16,""Domino's Pizza"":11,""Wendy's"":11,""Sierra"":11,""Maverik"":11,""Taco John's"":6,""Harley Davidson"":6,""O'Reilly Auto Parts"":6,""Walgreens"":6,""Dairy Queen"":6,""Tractor Supply Co."":6,""Subway"":6}","{""AT&T"":11,""Straight Talk"":11,""Verizon Wireless"":6}","{""Netflix"":22,""Hulu"":11,""HBO Max"":6,""Dish Network"":6,""Disney Plus"":6,""DirecTV"":6}","{""Uber Eats"":6}","{""Lyft"":6}","{""Affirm.com"":6}","{""Apple Card"":6,""Apple Cash"":6}"
174082,224-223@5sy-bxt-dvz,SG_BRAND_5deb800ce9500e72e355137ab8b48fb6,AT&T,2022-06-01,2022-07-01,1898.01,9,7,303.75,139.99,"{""25"":90.63,""75"":303.75}","[0.00,0.00,0.00,0.00,0.00,0.00,0.00,0.00,0.00,0.00,0.00,0.00,0.00,0.00,0.00,0.00,90.27,58.02,0.00,0.00,0.00,0.00,0.00,0.00,0.00,139.99,1518.75,0.00,90.98,0.00]","[null,null,null,null,null,null,null,null,null,null,null,null,null,null,null,null,90.27,58.02,null,null,null,null,null,null,null,139.99,303.75,null,90.98,null]","{""Monday"":1518.75,""Tuesday"":0.00,""Wednesday"":90.98,""Thursday"":0.00,""Friday"":90.27,""Saturday"":58.02,""Sunday"":139.99}","{""Wednesday"":5,""Monday"":4,""Saturday"":4,""Thursday"":5,""Tuesday"":4,""Friday"":4,""Sunday"":4}",-7.0,892.0,0,0.0,"{""No intermediary"":9}","{""No intermediary"":1898.01}","{""1"":5,""2"":2,""3"":0,""4"":0,""5-10"":0,"">10"":0}","{""1"":136.60,""2"":607.50,""3"":null,""4"":null,""5-10"":null,"">10"":null}","{""<25k"":2,""25-45k"":2,""75-100k"":2,"">150k"":3}","{""<25k"":90.27,""25-45k"":99.01,""75-100k"":90.98,"">150k"":506.25}","{""Murfreesboro, TN"":4,""Tacoma, WA"":2,""Beda, KY"":2,""Conyngham, PA"":2,""Clark, WY"":2}","{""Walmart"":72,""Dollar General"":58,""McDonald's"":58,""Weis Markets"":43,""Little Caesars"":43,""ALDI"":43,""Turkey Hill"":43,""Sheetz"":43,""Rite Aid"":43,""Gulf Oil"":43,""Sunoco"":43,""Dunkin'"":43,""Rutter's Farm Stores"":29,""Harbor Freight Tools"":29,""Wawa"":29,""Applebee's"":29,""Pilot Flying J"":29,""Dodge"":15,""Chrysler"":15,""BP"":15}","{""Amazon"":72,""Netflix"":72,""Apple"":58,""E-ZPass"":43,""Amazon Digital Services"":43,""Affirm.com"":43,""Google"":29,""Spotify"":29,""CVS"":29,""Bank of America Merchant Services"":15,""Uber"":15,""Expedia"":15,""Grubhub"":15,""Hulu"":15,""Google Storage"":15,""Costa Vida"":15,""Sony Playstation Networks"":15,""Xbox"":15}","{""T-Mobile"":15}","{""Walmart"":15,""Dollar Tree"":15}","{""T-Mobile"":15}","{""Netflix"":72,""Hulu"":15}","{""Grubhub"":15}","{""Uber"":15}","{""Affirm.com"":43}",{}
174084,zzw-222@5sy-bzg-pd9,,,2022-06-01,2022-07-01,180.56,13,12,9.52,10.43,"{""25"":7.43,""75"":22.76}","[0.00,0.00,0.00,0.00,0.00,0.00,51.58,0.00,0.00,0.00,0.00,0.00,0.00,0.00,0.00,0.00,9.52,0.00,0.00,0.00,0.00,0.00,14.85,13.02,0.00,8.37,63.58,0.00,11.35,8.29]","[null,null,null,null,null,null,25.79,null,null,null,null,null,null,null,null,null,9.52,null,null,null,null,null,7.43,13.02,null,8.37,11.65,null,11.35,8.29]","{""Monday"":63.58,""Tuesday"":51.58,""Wednesday"":11.35,""Thursday"":23.14,""Friday"":22.54,""Saturday"":0.00,""Sunday"":8.37}","{""Wednesday"":5,""Monday"":4,""Saturday"":4,""Thursday"":5,""Tuesday"":4,""Friday"":4,""Sunday"":4}",359.0,-69.0,0,0.0,"{""No intermediary"":13}","{""No intermediary"":180.56}","{""1"":11,""2"":1,""3"":0,""4"":0,""5-10"":0,"">10"":0}","{""1"":14.50,""2"":21.09,""3"":null,""4"":null,""5-10"":null,"">10"":null}","{""25-45k"":2,""45-60k"":3,""60-75k"":2,""75-100k"":2,"">150k"":3}","{""25-45k"":17.08,""45-60k"":11.08,""60-75k"":6.78,""75-100k"":19.72,"">150k"":18.90}","{""Salt Lake City, UT"":2,""Coeur D Alene, ID"":2,""Blountville, TN"":2,""Boyce, VA"":2,""Conyers, GA"":2,""Orlando, FL"":2,""Angier, NC"":2,""Highlandville, MO"":2,""Greeley, CO"":2,""Castle Rock, CO"":2,""Albuquerque, NM"":2}","{""Walmart"":92,""Walgreens"":59,""Phillips 66"":50,""Albertsons"":42,""Maverik"":42,""Starbucks"":34,""Ace Hardware"":34,""Whole Foods Market"":34,""CVS"":34,""Target"":25,""The Home Depot"":25,""Safeway"":25,""Popeyes Louisiana Kitchen"":25,""Hy-Vee"":25,""Sheetz"":25,""Circle K"":25,""Pilot Flying J"":25,""Culver's"":25,""REI"":25,""McDonald's"":25}","{""Apple"":84,""Amazon"":67,""Netflix"":42,""Target"":25,""Amazon Marketplace"":25,""AARP"":17,""Zara"":17,""Chipotle Mexican Grill"":17,""Uber"":17,""Chewy"":17,""Lowe's"":17,""Goodwill"":17,""Google"":17,""eBay"":17,""Hulu"":17,""Google Storage"":17,""Spotify"":17,""Uber Eats"":17,""Belk"":9,""Walmart"":9}","{""Starbucks"":34,""Popeyes Louisiana Kitchen"":25,""Culver's"":25,""McDonald's"":25,""Chipotle Mexican Grill"":17,""Potbelly Sandwich Works"":17,""Shake Shack"":17,""Taco Bell"":17,""Baja Fresh"":17,""Sonic"":9,""Salata"":9,""Freddy's Frozen Custard"":9,""Domino's Pizza"":9,""Taco John's"":9,""Chopt Creative Salad"":9,""Papa John's"":9,""Moe's Southwest Grill"":9,""Abuelo's"":9,""P.F. Chang's China Bistro"":9,""Qdoba Mexican Grill"":9}","{""Walmart"":42,""Albertsons"":42,""Maverik"":17,""Domino's Pizza"":9,""Ace Hardware"":9,""Sierra"":9,""Walgreens"":9,""Dairy Queen"":9,""United States Postal Service (USPS)"":9,""McDonald's"":9,""Tractor Supply Co."":9}","{""Verizon Wireless"":25,""AT&T"":9,""T-Mobile"":9,""Straight Talk"":9}","{""Netflix"":42,""Hulu"":17,""YouTube TV"":9,""Youtube"":9,""Crunchyroll"":9,""Redbox"":9,""Disney Plus"":9,""DirecTV"":9}","{""Uber Eats"":17}","{""Uber"":17}",{},"{""Apple Card"":9}"
174128,223-222@5sy-bzg-pjv,,,2022-06-01,2022-07-01,2555.28,42,31,54.79,60.51,"{""25"":27.89,""75"":71.62}","[0.00,0.00,0.00,223.04,0.00,0.00,0.00,0.00,0.00,191.66,26.86,33.00,614.38,0.00,0.00,0.00,147.94,60.51,0.00,69.21,401.70,0.00,423.11,165.66,0.00,0.00,163.02,35.19,0.00,0.00]","[null,null,null,111.52,null,null,null,null,null,71.57,26.86,33.00,78.73,null,null,null,44.43,60.51,null,69.21,25.29,null,143.00,37.19,null,null,45.05,35.19,null,null]","{""Monday"":846.61,""Tuesday"":436.89,""Wednesday"":0.00,""Thursday"":423.11,""Friday"":505.26,""Saturday"":310.41,""Sunday"":33.00}","{""Wednesday"":5,""Monday"":4,""Saturday"":4,""Thursday"":5,""Tuesday"":4,""Friday"":4,""Sunday"":4}",108.0,57.0,0,0.0,"{""No intermediary"":42}","{""No intermediary"":2555.28}","{""1"":23,""2"":6,""3"":1,""4"":1,""5-10"":0,"">10"":0}","{""1"":64.81,""2"":131.51,""3"":177.56,""4"":97.98,""5-10"":null,"">10"":null}","{""<25k"":2,""25-45k"":2,""45-60k"":2,""60-75k"":2,""75-100k"":6,""100-150k"":5,"">150k"":12}","{""<25k"":37.19,""25-45k"":52.93,""45-60k"":52.25,""60-75k"":82.41,""75-100k"":106.44,""100-150k"":51.90,"">150k"":102.72}","{""Dacula, GA"":3,""Smyrna, GA"":2,""Dumfries, VA"":2,""Prince Frederick, MD"":2,""Chico, CA"":2,""Murrysville, PA"":2,""Pueblo, CO"":2,""Grand Forks, ND"":2,""Cody, WY"":2,""Spring, TX"":2,""New Lenox, IL"":2,""Colorado Springs, CO"":2,""Fort Worth, TX"":2,""Bozeman, MT"":2,""Layton, UT"":2,""Aurora, CO"":2,""Newbury Park, CA"":2,""Denton, TX"":2,""Campbell, CA"":2,""Cheyenne, WY"":2}","{""Walmart"":81,""Maverik"":59,""McDonald's"":59,""Albertsons"":42,""Walgreens"":39,""Exxon Mobil"":36,""ConocoPhillips"":33,""Dairy Queen"":33,""Subway"":33,""Love's Travel Stops and Country Stores"":30,""Lowe's"":26,""Wendy's"":26,""Ace Hardware"":26,""Shell Oil"":26,""Target"":23,""Chick-fil-A"":23,""Tractor Supply Co."":23,""BP"":20,""Taco Bell"":20,""Safeway"":20}","{""Amazon"":75,""Apple"":42,""Amazon Marketplace"":42,""Netflix"":26,""Hulu"":26,""Amazon Digital Services"":26,""AT&T"":26,""Sirius XM"":23,""Walmart"":13,""Spotify"":13,""Audible"":13,""Comcast"":13,""Target"":10,""Verizon Wireless"":10,""Uber"":10,""ADT Security Services"":7,""Lyft"":7,""Steam"":7,""Chewy"":7,""Expedia"":7}","{""McDonald's"":59,""Subway"":36,""Dairy Queen"":33,""Wendy's"":26,""Chick-fil-A"":23,""Taco Bell"":20,""Starbucks"":20,""Arby's"":20,""Chili's Grill & Bar"":17,""Taco John's"":17,""Jimmy John's"":13,""Chipotle Mexican Grill"":13,""Domino's Pizza"":13,""KFC"":13,""Buffalo Wild Wings"":13,""Culver's"":13,""Dunkin'"":13,""Sonic"":10,""Dickey's Barbecue Pit"":10,""Qdoba Mexican Grill"":10}","{""Walmart"":62,""Albertsons"":33,""Dairy Queen"":23,""ConocoPhillips"":17,""Walgreens"":17,""McDonald's"":17,""Maverik"":13,""Bomgaars"":10,""Domino's Pizza"":10,""Ace Hardware"":10,""Wendy's"":7,""Boot Barn"":7,""Tractor Supply Co."":7,""Papa Murphy's"":4,""maurices"":4,""CARQUEST Auto Parts"":4,""The UPS Store"":4,""United States Postal Service (USPS)"":4,""Pizza Hut"":4,""Good 2 Go Stores"":4}","{""AT&T"":33,""Verizon Wireless"":20,""T-Mobile"":7,""Straight Talk"":4}","{""Netflix"":26,""Hulu"":26,""Youtube"":4,""Dish Network"":4,""Redbox"":4,""Disney Plus"":4,""Amazon Prime Video"":4}","{""Uber Eats"":7,""HelloFresh"":4,""Instacart"":4,""DoorDash"":4}","{""Uber"":10,""Lyft"":7}","{""Afterpay"":7,""Affirm.com"":4}","{""PayPal"":4,""Apple Card"":4}"
174156,zzw-223@5sy-bxw-54v,,,2022-06-01,2022-07-01,3190.0,5,2,250.0,1595.0,"{""25"":220.00,""75"":1250.00}","[0.00,0.00,0.00,0.00,0.00,0.00,690.00,0.00,0.00,0.00,0.00,0.00,0.00,1500.00,0.00,0.00,0.00,0.00,0.00,0.00,0.00,0.00,1000.00,0.00,0.00,0.00,0.00,0.00,0.00,0.00]","[null,null,null,null,null,null,250.00,null,null,null,null,null,null,1500.00,null,null,null,null,null,null,null,null,1000.00,null,null,null,null,null,null,null]","{""Monday"":0.00,""Tuesday"":2190.00,""Wednesday"":0.00,""Thursday"":1000.00,""Friday"":0.00,""Saturday"":0.00,""Sunday"":0.00}","{""Wednesday"":5,""Monday"":4,""Saturday"":4,""Thursday"":5,""Tuesday"":4,""Friday"":4,""Sunday"":4}",147.0,882.0,0,0.0,"{""No intermediary"":5}","{""No intermediary"":3190.00}","{""1"":1,""2"":0,""3"":0,""4"":1,""5-10"":0,"">10"":0}","{""1"":190.00,""2"":null,""3"":null,""4"":3000.00,""5-10"":null,"">10"":null}","{""75-100k"":2,""100-150k"":2}","{""75-100k"":190.00,""100-150k"":3000.00}","{""Bloomfield Hills, MI"":2,""Riverton, WY"":2}","{""Walmart"":100,""United States Postal Service (USPS)"":100,""Exxon Mobil"":100,""Target"":50,""Verizon Wireless"":50,""Albertsons"":50,""Domino's Pizza"":50,""Taco Bell"":50,""Safeway"":50,""Mobil"":50,""ConocoPhillips"":50,""Ace Hardware"":50,""Dillard's"":50,""Sierra"":50,""Smith's Food & Drug Stores"":50,""Maverik"":50,""Costco"":50,""Pilot Flying J"":50,""Burger King"":50,""Murdoch's Ranch & Home Supply"":50}","{""Amazon"":100,""Etsy"":50,""L.L.Bean"":50,""Maverik"":50,""ExxonMobil"":50,""AT&T"":50,""Charter Communications"":50}",{},"{""Walmart"":50,""Albertsons"":50,""Domino's Pizza"":50,""Ace Hardware"":50,""Sierra"":50,""United States Postal Service (USPS)"":50,""Tractor Supply Co."":50}","{""AT&T"":50,""Verizon Wireless"":50}",{},{},{},{},{}
174272,zzw-222@5sy-bxx-tjv,,,2022-06-01,2022-07-01,2827.71,97,68,21.82,30.0,"{""25"":15.60,""75"":39.00}","[51.20,30.00,0.00,0.00,28.00,50.00,37.62,0.00,88.34,20.00,374.40,0.00,405.40,0.00,53.34,74.30,0.00,138.00,80.80,0.00,286.22,94.84,62.02,311.63,8.27,0.00,310.13,148.55,174.65,0.00]","[15.60,30.00,null,null,28.00,25.00,8.81,null,10.00,10.00,62.40,null,20.00,null,18.00,21.82,null,34.50,25.00,null,45.00,19.92,31.01,40.00,8.27,null,27.50,30.00,45.00,null]","{""Monday"":765.53,""Tuesday"":472.39,""Wednesday"":374.03,""Thursday"":254.66,""Friday"":331.63,""Saturday"":520.67,""Sunday"":108.80}","{""Wednesday"":5,""Monday"":4,""Saturday"":4,""Thursday"":5,""Tuesday"":4,""Friday"":4,""Sunday"":4}",416.0,31.0,1,102.95,"{""No intermediary"":97}","{""No intermediary"":2827.71}","{""1"":49,""2"":16,""3"":0,""4"":1,""5-10"":2,"">10"":0}","{""1"":28.13,""2"":70.76,""3"":null,""4"":40.00,""5-10"":138.70,"">10"":null}","{""<25k"":4,""25-45k"":2,""45-60k"":4,""60-75k"":2,""75-100k"":5,""100-150k"":14,"">150k"":26}","{""<25k"":18.90,""25-45k"":23.55,""45-60k"":41.45,""60-75k"":74.90,""75-100k"":69.15,""100-150k"":30.64,"">150k"":42.19}","{""Troy, MI"":4,""Olympia, WA"":3,""Ogden, UT"":3,""Auburn, CA"":3,""Breinigsville, PA"":3,""Erda, UT"":3,""Newbury Park, CA"":3,""Saint Paul, MN"":2,""Raleigh, NC"":2,""Alexandria, VA"":2,""Berthoud, CO"":2,""Syracuse, UT"":2,""Danville, KY"":2,""Taylorsville, UT"":2,""Madison, AL"":2,""Tusculum, TN"":2,""Mobile, AL"":2,""Birmingham, AL"":2,""Adna, WA"":2,""Charlotte, NC"":2,""Export, PA"":2,""Belgrade, MT"":2,""Binghamton, NY"":2,""Machesney Park, IL"":2,""Garrison, ND"":2,""Georgetown, KY"":2,""Portland, OR"":2,""Clark, WY"":2,""Riverton, UT"":2,""La Vernia, TX"":2,""Colorado Springs, CO"":2,""Rincon, GA"":2,""Naples, FL"":2,""Nampa, ID"":2,""Lebanon, VA"":2,""Pottstown, PA"":2,""Dallas, TX"":2,""Cape Coral, FL"":2,""Heglar, ID"":2,""Glendale, AZ"":2,""Wolf, WY"":2,""Cheyenne, WY"":2,""Bealeton, VA"":2,""Hayden, CO"":2,""Castle Rock, CO"":2,""Bonneauville, PA"":2}","{""Walmart"":84,""McDonald's"":56,""ConocoPhillips"":37,""Albertsons"":36,""Maverik"":36,""Exxon Mobil"":36,""Dairy Queen"":34,""Shell Oil"":31,""Love's Travel Stops and Country Stores"":27,""Walgreens"":27,""Pilot Flying J"":27,""Costco"":25,""Phillips 66"":24,""Subway"":24,""Verizon Wireless"":21,""Lowe's"":21,""Chick-fil-A"":21,""KFC"":20,""The Home Depot"":20,""Safeway"":20}","{""Amazon"":61,""Netflix"":37,""Apple"":36,""Hulu"":33,""Amazon Digital Services"":31,""Sirius XM"":21,""Amazon Marketplace"":21,""Verizon Wireless"":20,""Walmart"":18,""AT&T"":17,""Lowe's"":14,""Spotify"":14,""Comcast"":14,""Target"":12,""Google"":11,""T-Mobile"":11,""Planet Fitness"":9,""Audible"":9,""Etsy"":8,""Nintendo"":8}",{},"{""Walmart"":52,""Albertsons"":23,""Dairy Queen"":12,""Maverik"":11,""Pizza Hut"":11,""Walgreens"":9,""McDonald's"":9,""Boot Barn"":6,""Domino's Pizza"":5,""Taco John's"":5,""ConocoPhillips"":5,""Ace Hardware"":5,""Subway"":5,""maurices"":3,""O'Reilly Auto Parts"":3,""Arby's"":3,""Wendy's"":2,""Sierra"":2,""Tractor Supply Co."":2}","{""Verizon Wireless"":39,""AT&T"":18,""T-Mobile"":14,""Cricket Wireless"":3,""U.S. Cellular"":2}","{""Netflix"":37,""Hulu"":33,""Disney Plus"":14,""Dish Network"":8,""Roku"":3,""HBO Max"":3,""YouTube TV"":3,""Youtube"":3,""Peacock"":3,""Redbox"":3,""Amazon Prime Video"":3,""Vudu"":2,""Time Warner Cable"":2,""Amazon Prime"":2,""Youtube Premium"":2}","{""DoorDash"":3,""Dashpass"":3,""Postmates"":2,""Grubhub"":2,""Instacart"":2,""Uber Eats"":2}","{""Uber"":5,""Lyft"":2}","{""Affirm.com"":3}","{""Apple Card"":5,""PayPal"":3,""Apple Cash"":3}"
174286,222-222@5sy-bzh-3h5,,,2022-06-01,2022-07-01,329.5,12,7,40.0,32.0,"{""25"":7.38,""75"":40.00}","[0.00,9.00,0.00,0.00,1.00,0.00,0.00,0.00,47.50,0.00,0.00,0.00,32.00,0.00,0.00,0.00,0.00,0.00,0.00,0.00,240.00,0.00,0.00,0.00,0.00,0.00,0.00,0.00,0.00,0.00]","[null,4.50,null,null,1.00,null,null,null,47.50,null,null,null,16.00,null,null,null,null,null,null,null,40.00,null,null,null,null,null,null,null,null,null]","{""Monday"":32.00,""Tuesday"":240.00,""Wednesday"":0.00,""Thursday"":56.50,""Friday"":0.00,""Saturday"":0.00,""Sunday"":1.00}","{""Wednesday"":5,""Monday"":4,""Saturday"":4,""Thursday"":5,""Tuesday"":4,""Friday"":4,""Sunday"":4}",348.0,105.0,0,0.0,"{""No intermediary"":12}","{""No intermediary"":329.50}","{""1"":4,""2"":2,""3"":0,""4"":1,""5-10"":0,"">10"":0}","{""1"":14.38,""2"":56.00,""3"":null,""4"":160.00,""5-10"":null,"">10"":null}","{""<25k"":2,""25-45k"":2,""45-60k"":2,""75-100k"":2,""100-150k"":2}","{""<25k"":120.00,""25-45k"":32.00,""45-60k"":4.50,""75-100k"":1.00,""100-150k"":26.00}","{""Twin Falls, ID"":4,""Greensboro, GA"":3,""Indian Trail, NC"":3,""Riverton, UT"":2}","{""Walmart"":86,""McDonald's"":58,""Maverik"":43,""Burger King"":43,""Target"":29,""Chevron"":29,""Great Clips"":29,""Albertsons"":29,""Domino's Pizza"":29,""Lowe's"":29,""WinCo Foods"":29,""Fred Meyer"":29,""True Value Hardware"":29,""Wendy's"":29,""Express"":29,""Sierra"":29,""Smith's Food & Drug Stores"":29,""Costco"":29,""Dairy Queen"":29,""Pilot Flying J"":29}","{""Amazon"":58,""Steam"":43,""Apple"":43,""Google"":29,""The Human Bean"":29,""AT&T"":29,""Walmart"":15,""Dollar Shave Club"":15,""Shell"":15,""Ipsy"":15,""Netflix"":15,""Pandora"":15,""Xsolla"":15,""Hulu"":15,""Google Storage"":15,""Spotify"":15,""Costa Vida"":15}",{},"{""Walmart"":72,""Albertsons"":29,""Wendy's"":29,""Sierra"":29,""Maverik"":29,""Dairy Queen"":15,""Burger King"":15,""Arby's"":15}","{""AT&T"":29,""Straight Talk"":15}","{""Disney Plus"":43,""Hulu"":15,""Netflix"":15}",{},{},{},{}
174293,228-222@5sy-bzg-gx5,SG_BRAND_f8f168c7e78af79a796297500e221a15,maurices,2022-06-01,2022-07-01,723.27,21,20,28.98,28.98,"{""25"":23.24,""75"":45.58}","[10.36,0.00,0.00,0.00,0.00,0.00,0.00,0.00,24.90,0.00,23.90,0.00,98.50,0.00,0.00,0.00,67.47,0.00,0.00,0.00,0.00,49.66,51.90,0.00,0.00,36.81,130.09,15.95,144.01,69.72]","[5.18,null,null,null,null,null,null,null,24.90,null,23.90,null,49.25,null,null,null,33.74,null,null,null,null,49.66,51.90,null,null,36.81,65.05,15.95,32.64,23.24]","{""Monday"":228.59,""Tuesday"":15.95,""Wednesday"":204.03,""Thursday"":146.52,""Friday"":67.47,""Saturday"":23.90,""Sunday"":36.81}","{""Wednesday"":5,""Monday"":4,""Saturday"":4,""Thursday"":5,""Tuesday"":4,""Friday"":4,""Sunday"":4}",698.0,-59.0,0,0.0,"{""No intermediary"":21}","{""No intermediary"":723.27}","{""1"":19,""2"":1,""3"":0,""4"":0,""5-10"":0,"">10"":0}","{""1"":32.88,""2"":98.50,""3"":null,""4"":null,""5-10"":null,"">10"":null}","{""<25k"":2,""25-45k"":2,""45-60k"":2,""75-100k"":2,""100-150k"":8,"">150k"":5}","{""<25k"":23.24,""25-45k"":49.75,""45-60k"":61.49,""75-100k"":25.97,""100-150k"":24.75,"">150k"":38.00}","{""Torrance, CA"":4,""Raleigh, NC"":3,""Newbury Park, CA"":3,""Interlaken, UT"":2,""Dumfries, VA"":2,""Pueblo, CO"":2,""Champaign, IL"":2,""Spring, TX"":2,""Carolina Beach, NC"":2,""Boise, ID"":2,""Naples, FL"":2,""Grants, NM"":2,""Casper, WY"":2}","{""Walmart"":90,""Albertsons"":65,""McDonald's"":55,""Maverik"":45,""Walgreens"":45,""Target"":35,""Starbucks"":35,""Shell Oil"":35,""Ross Stores"":30,""Lowe's"":30,""Wendy's"":30,""ConocoPhillips"":30,""United States Postal Service (USPS)"":30,""Exxon Mobil"":30,""Taco John's"":25,""Ace Hardware"":25,""Dairy Queen"":25,""CVS"":25,""ULTA Beauty"":20,""Verizon Wireless"":20}","{""Amazon"":50,""Amazon Marketplace"":45,""Netflix"":40,""Target"":25,""Apple"":25,""Walmart"":20,""Verizon Wireless"":20,""Uber"":20,""Hulu"":20,""Etsy"":15,""Barclaycard US"":15,""Google Storage"":15,""Amazon Digital Services"":15,""Disney Plus"":15,""T-Mobile"":15,""Planet Fitness"":10,""Steam"":10,""Athleta"":10,""Macy's"":10,""Spotify"":10}","{""Athleta"":10,""Eddie Bauer"":5,""H&M (Hennes & Mauritz)"":5}","{""Albertsons"":55,""Walmart"":45,""Arby's"":20,""Taco John's"":15,""Wendy's"":15,""ConocoPhillips"":15,""Ace Hardware"":15,""Maverik"":15,""Bomgaars"":10,""Sierra"":10,""United States Postal Service (USPS)"":10,""Domino's Pizza"":5,""Walgreens"":5,""Dairy Queen"":5,""McDonald's"":5,""Subway"":5}","{""Verizon Wireless"":40,""AT&T"":15,""T-Mobile"":15,""Disney Mobile"":5}","{""Netflix"":40,""Disney Plus"":25,""Hulu"":20,""Youtube Premium"":5}","{""Uber Eats"":5}","{""Uber"":20}",{},"{""Apple Card"":5}"
174420,222-222@5sy-f2w-q9f,,,2022-06-01,2022-07-01,81.52,6,5,8.49,11.3,"{""25"":6.12,""75"":19.01}","[0.00,0.00,10.30,0.00,0.00,0.00,42.14,0.00,0.00,0.00,0.00,0.00,0.00,11.30,0.00,0.00,0.00,0.00,0.00,0.00,13.36,0.00,0.00,4.42,0.00,0.00,0.00,0.00,0.00,0.00]","[null,null,10.30,null,null,null,42.14,null,null,null,null,null,null,11.30,null,null,null,null,null,null,6.68,null,null,4.42,null,null,null,null,null,null]","{""Monday"":0.00,""Tuesday"":66.80,""Wednesday"":0.00,""Thursday"":0.00,""Friday"":14.72,""Saturday"":0.00,""Sunday"":0.00}","{""Wednesday"":5,""Monday"":4,""Saturday"":4,""Thursday"":5,""Tuesday"":4,""Friday"":4,""Sunday"":4}",-32.0,,0,0.0,"{""No intermediary"":6}","{""No intermediary"":81.52}","{""1"":4,""2"":1,""3"":0,""4"":0,""5-10"":0,"">10"":0}","{""1"":17.04,""2"":13.36,""3"":null,""4"":null,""5-10"":null,"">10"":null}","{""<25k"":10,""25-45k"":2,""100-150k"":2,"">150k"":2}","{""<25k"":26.22,""25-45k"":4.42,""100-150k"":11.30,"">150k"":13.36}","{""Alameda, CA"":2,""Topeka, KS"":2,""Denver, CO"":2,""Jackson, WY"":2,""Albuquerque, NM"":2}","{""Walmart"":80,""Domino's Pizza"":80,""Target"":60,""Chick-fil-A"":60,""Dairy Queen"":60,""United States Postal Service (USPS)"":60,""Exxon Mobil"":60,""Chipotle Mexican Grill"":40,""Chevron"":40,""BP"":40,""Albertsons"":40,""Speedway"":40,""Starbucks"":40,""King Soopers"":40,""Circle K"":40,""Sierra"":40,""Love's Travel Stops and Country Stores"":40,""Walgreens"":40,""Pilot Flying J"":40,""Kum & Go"":40}","{""Apple"":80,""Amazon"":60,""Uber"":40,""Starbucks"":40,""Google Storage"":40,""Amazon Digital Services"":40,""ADT Security Services"":20,""Target"":20,""Airbnb"":20,""Peloton Cycles"":20,""Adobe Systems"":20,""Lululemon Athletica"":20,""AMC Theatres"":20,""Ace Hardware"":20,""Google"":20,""Wish Company"":20,""Bed Bath & Beyond"":20,""Chick-fil-A"":20,""Fabletics"":20,""Spotify"":20}",{},"{""Walmart"":60,""Domino's Pizza"":40,""Sierra"":40,""Albertsons"":20,""Bomgaars"":20,""Maverik"":20,""United States Postal Service (USPS)"":20,""McDonald's"":20}","{""T-Mobile"":20,""Verizon Wireless"":20}","{""Disney Plus"":20}","{""Uber Eats"":20}","{""Uber"":40}",{},{}
174461,222-222@5sy-bzg-pjv,,,2022-06-01,2022-07-01,1252.36,15,11,71.22,120.0,"{""25"":49.03,""75"":120.00}","[398.80,0.00,0.00,0.00,0.00,0.00,16.47,0.00,0.00,48.51,0.00,0.00,161.96,0.00,163.08,0.00,0.00,0.00,94.46,0.00,227.08,0.00,0.00,0.00,0.00,0.00,0.00,0.00,142.00,0.00]","[95.61,null,null,null,null,null,16.47,null,null,48.51,null,null,80.98,null,163.08,null,null,null,94.46,null,56.77,null,null,null,null,null,null,null,142.00,null]","{""Monday"":161.96,""Tuesday"":243.55,""Wednesday"":703.88,""Thursday"":0.00,""Friday"":48.51,""Saturday"":0.00,""Sunday"":94.46}","{""Wednesday"":5,""Monday"":4,""Saturday"":4,""Thursday"":5,""Tuesday"":4,""Friday"":4,""Sunday"":4}",911.0,264.0,0,0.0,"{""No intermediary"":15}","{""No intermediary"":1252.36}","{""1"":7,""2"":4,""3"":0,""4"":0,""5-10"":0,"">10"":0}","{""1"":93.68,""2"":149.16,""3"":null,""4"":null,""5-10"":null,"">10"":null}","{""25-45k"":2,""75-100k"":2,""100-150k"":4,"">150k"":5}","{""25-45k"":71.22,""75-100k"":142.00,""100-150k"":106.23,"">150k"":122.84}","{""Columbus, MT"":6,""Springfield, VA"":2,""Nashville, TN"":2,""Burlington, IN"":2,""Poulsbo, WA"":2,""South Ogden, UT"":2,""Banida, ID"":2,""Madison, OH"":2,""Lewisville, TX"":2,""Centralia, WA"":2,""Breinigsville, PA"":2}","{""McDonald's"":64,""Walmart"":55,""Wendy's"":46,""Walgreens"":46,""Exxon Mobil"":46,""Target"":37,""Starbucks"":37,""Verizon Wireless"":28,""Albertsons"":28,""Kroger"":28,""Safeway"":28,""Dollar General"":28,""Mission BBQ"":28,""Maverik"":28,""Burger King"":28,""CVS"":28,""Marathon"":28,""Best Western"":28,""Shell Oil"":28,""Sonic"":19}","{""Amazon"":46,""Netflix"":46,""Spotify"":46,""Apple"":37,""Verizon Wireless"":19,""Uber"":19,""Dutch Bros. Coffee"":19,""Airbnb"":19,""Sirius XM"":19,""Adobe Systems"":19,""Chick-fil-A"":19,""Uber Eats"":19,""Amazon Digital Services"":19,""Comcast"":19,""Etsy"":10,""Walmart"":10,""ADT Security Services"":10,""Chipotle Mexican Grill"":10,""Planet Fitness"":10,""DoorDash"":10}","{""McDonald's"":73,""Wendy's"":46,""Starbucks"":37,""Mission BBQ"":28,""Chick-fil-A"":28,""Burger King"":28,""Sonic"":19,""Chipotle Mexican Grill"":19,""Domino's Pizza"":19,""Taco Bell"":19,""KFC"":19,""Buffalo Wild Wings"":19,""Papa John's"":19,""Dutch Bros Coffee"":19,""Five Guys"":19,""Zaxby's"":19,""Panera Bread"":19,""Dairy Queen"":19,""Red Lobster"":19,""Subway"":19}","{""Wendy's"":28,""Walgreens"":28,""Walmart"":19,""Albertsons"":19,""Domino's Pizza"":19,""Taco John's"":10,""The UPS Store"":10,""ConocoPhillips"":10,""Dairy Queen"":10,""McDonald's"":10}","{""Verizon Wireless"":37,""AT&T"":10,""T-Mobile"":10}","{""Netflix"":46,""Amazon Prime"":10}","{""Uber Eats"":19,""DoorDash"":10,""HelloFresh"":10,""Instacart"":10,""Dashpass"":10}","{""Uber"":19}",{},{}
174484,zzw-225@5sy-bxt-pn5,,,2022-06-01,2022-07-01,530.34,27,18,13.52,20.41,"{""25"":6.50,""75"":23.40}","[0.00,0.00,68.12,15.34,0.00,0.00,0.00,0.00,0.00,80.08,0.00,0.00,0.00,0.00,13.52,14.56,23.40,3.62,0.00,0.00,36.36,86.06,15.08,21.32,0.00,0.00,144.56,0.00,0.00,8.32]","[null,null,34.06,15.34,null,null,null,null,null,40.04,null,null,null,null,13.52,14.56,23.40,3.62,null,null,5.72,43.03,15.08,21.32,null,null,17.68,null,null,4.16]","{""Monday"":144.56,""Tuesday"":36.36,""Wednesday"":99.58,""Thursday"":37.96,""Friday"":192.92,""Saturday"":18.96,""Sunday"":0.00}","{""Wednesday"":5,""Monday"":4,""Saturday"":4,""Thursday"":5,""Tuesday"":4,""Friday"":4,""Sunday"":4}",1159.0,-23.0,27,530.34,"{""No intermediary"":27}","{""No intermediary"":530.34}","{""1"":12,""2"":4,""3"":1,""4"":1,""5-10"":0,"">10"":0}","{""1"":20.78,""2"":45.95,""3"":32.76,""4"":64.48,""5-10"":null,"">10"":null}","{""<25k"":2,""25-45k"":2,""45-60k"":4,""60-75k"":5,""75-100k"":3,""100-150k"":3}","{""<25k"":64.48,""25-45k"":14.95,""45-60k"":31.02,""60-75k"":23.50,""75-100k"":37.53,""100-150k"":28.21}","{""Newbury Park, CA"":4,""Columbia, SC"":4,""Troy, MI"":2,""Fayetteville, TN"":2,""Pine Apple, AL"":2,""Meridian, ID"":2,""Cody, WY"":2,""Newport News, VA"":2,""Washington, DC"":2,""Bloomfield Hills, MI"":2}","{""Walmart"":84,""Albertsons"":62,""Maverik"":56,""McDonald's"":50,""Exxon Mobil"":45,""Verizon Wireless"":39,""Bomgaars"":39,""Domino's Pizza"":39,""Subway"":39,""Wendy's"":34,""Sierra"":34,""Costco"":34,""Walgreens"":34,""Tractor Supply Co."":34,""ConocoPhillips"":28,""Ace Hardware"":28,""United States Postal Service (USPS)"":28,""Target"":23,""Ross Stores"":23,""Taco John's"":23}","{""Amazon"":45,""Apple"":28,""Walmart"":23,""Netflix"":23,""Amazon Digital Services"":23,""Amazon Marketplace"":23,""Costco"":17,""Charter Communications"":17,""Etsy"":12,""Ring"":12,""Peacock"":12,""Hulu"":12,""Audible"":12,""Amazon Prime Video"":12,""Starz"":12,""Amazon Kindle"":12,""Lyft"":6,""Target"":6,""Papa Murphy's"":6,""Uber"":6}",{},"{""Walmart"":67,""Albertsons"":62,""Domino's Pizza"":34,""Bomgaars"":28,""McDonald's"":28,""Subway"":28,""Ace Hardware"":23,""Sierra"":23,""Boot Barn"":17,""Dairy Queen"":17,""Taco John's"":12,""Wendy's"":12,""ConocoPhillips"":12,""Tractor Supply Co."":12,""AutoZone"":12,""Dollar Tree"":12,""CARQUEST Auto Parts"":6,""The UPS Store"":6,""Maverik"":6,""O'Reilly Auto Parts"":6}","{""Verizon Wireless"":39}","{""Netflix"":23,""Fubo"":12,""Peacock"":12,""Hulu"":12,""Amazon Prime Video"":12,""Starz"":12,""Dish Network"":6,""Disney Plus"":6}","{""Uber Eats"":6}","{""Lyft"":6,""Uber"":6}","{""Klarna"":6}",{}
174527,225-222@5sy-bxw-5cq,SG_BRAND_07e8ec336a446041019b1f98c594d1e5,Boot Barn,2022-06-01,2022-07-01,5493.17,48,43,95.12,96.67,"{""25"":42.11,""75"":170.69}","[0.00,109.15,35.34,0.00,0.00,193.34,0.00,257.57,0.00,93.57,33.80,317.18,23.39,379.74,205.84,140.39,0.00,275.13,36.35,119.59,624.49,168.93,402.43,265.10,0.00,0.00,1281.90,0.00,196.51,333.43]","[null,109.15,17.67,null,null,96.67,null,128.79,null,93.57,33.80,317.18,23.39,79.66,102.92,140.39,null,88.91,36.35,119.59,153.92,72.77,402.43,132.55,null,null,118.35,null,196.51,51.99]","{""Monday"":1618.22,""Tuesday"":1004.23,""Wednesday"":828.85,""Thursday"":985.40,""Friday"":394.01,""Saturday"":308.93,""Sunday"":353.53}","{""Wednesday"":5,""Monday"":4,""Saturday"":4,""Thursday"":5,""Tuesday"":4,""Friday"":4,""Sunday"":4}",20.0,-22.0,0,0.0,"{""No intermediary"":48}","{""No intermediary"":5493.17}","{""1"":38,""2"":5,""3"":0,""4"":0,""5-10"":0,"">10"":0}","{""1"":111.31,""2"":252.68,""3"":null,""4"":null,""5-10"":null,"">10"":null}","{""<25k"":7,""25-45k"":6,""45-60k"":2,""60-75k"":2,""75-100k"":5,""100-150k"":3,"">150k"":16}","{""<25k"":68.96,""25-45k"":113.02,""45-60k"":173.17,""60-75k"":108.36,""75-100k"":77.08,""100-150k"":100.55,"">150k"":165.91}","{""Post, OR"":5,""New Lenox, IL"":4,""Chandler, AZ"":3,""Henrico, VA"":3,""Norcross, GA"":3,""Monmouth, ME"":2,""West Wendover, NV"":2,""Fort Myers, FL"":2,""Boulder, CO"":2,""Creston, OH"":2,""Collinsburg, PA"":2,""Mobile, AL"":2,""Limerick, PA"":2,""Cody, WY"":2,""Highland, UT"":2,""Endicott, NY"":2,""Greenwood, SC"":2,""Miami, FL"":2,""Boise, ID"":2,""Lincoln, CA"":2,""La Vernia, TX"":2,""Northport, AL"":2,""Crystal River, FL"":2,""Gilbertsville, PA"":2,""Knoxville, TN"":2,""Shelby, NC"":2,""Heglar, ID"":2,""Newbury Park, CA"":2,""Eagle, ID"":2,""Ketchikan, AK"":2,""Star, ID"":2,""Castle Rock, CO"":2,""Tuscaloosa, AL"":2}","{""Walmart"":89,""McDonald's"":49,""Maverik"":47,""Exxon Mobil"":47,""Albertsons"":42,""Target"":35,""Pilot Flying J"":35,""Wendy's"":33,""Dairy Queen"":33,""Starbucks"":28,""Chick-fil-A"":28,""Shell Oil"":28,""BP"":26,""The Home Depot"":26,""ConocoPhillips"":24,""Love's Travel Stops and Country Stores"":24,""Subway"":24,""Verizon Wireless"":21,""Taco Bell"":21,""Walgreens"":21}","{""Amazon"":59,""Apple"":52,""Netflix"":38,""Amazon Marketplace"":24,""Walmart"":21,""Spotify"":21,""Amazon Digital Services"":21,""Target"":19,""Verizon Wireless"":17,""Hulu"":17,""Audible"":14,""Sony Playstation Networks"":14,""Sirius XM"":12,""The Home Depot"":12,""Google"":12,""AT&T"":12,""Comcast"":12,""Old Navy"":10,""Amazon Prime Video"":10,""Amazon Kindle"":10}","{""Crocs"":5,""Vans"":5,""DSW (Designer Shoe Warehouse)"":5,""Famous Footwear"":5,""Merrell"":3,""Birkenstock"":3}","{""Walmart"":40,""Albertsons"":28,""Maverik"":19,""Dairy Queen"":12,""Domino's Pizza"":10,""Sierra"":10,""McDonald's"":10,""Wendy's"":7,""ConocoPhillips"":7,""Walgreens"":7,""Tractor Supply Co."":7,""Arby's"":7,""Taco John's"":5,""Dollar Tree"":5,""Bomgaars"":3,""The UPS Store"":3,""O'Reilly Auto Parts"":3,""Burger King"":3,""Pizza Hut"":3,""AutoZone"":3}","{""Verizon Wireless"":35,""AT&T"":17,""Straight Talk"":7,""T-Mobile"":3}","{""Netflix"":38,""Hulu"":17,""Disney Plus"":12,""Amazon Prime Video"":10,""HBO Max"":5,""Dish Network"":5,""Vudu"":5,""Starz"":5,""Roku"":3,""YouTube TV"":3,""Youtube Premium"":3}","{""Uber Eats"":7,""DoorDash"":7,""Dashpass"":5}","{""Uber"":3}","{""Affirm.com"":5,""Afterpay"":3,""Klarna"":3}","{""Apple Card"":7,""PayPal"":5}"
174554,zzw-222@5sy-bxs-tjv,,,2022-06-01,2022-07-01,492.54,3,3,91.77,91.77,"{""25"":36.40,""75"":364.37}","[91.77,0.00,0.00,0.00,0.00,0.00,0.00,0.00,364.37,0.00,0.00,0.00,0.00,0.00,0.00,0.00,0.00,0.00,0.00,0.00,0.00,0.00,0.00,0.00,0.00,0.00,36.40,0.00,0.00,0.00]","[91.77,null,null,null,null,null,null,null,364.37,null,null,null,null,null,null,null,null,null,null,null,null,null,null,null,null,null,36.40,null,null,null]","{""Monday"":36.40,""Tuesday"":0.00,""Wednesday"":91.77,""Thursday"":364.37,""Friday"":0.00,""Saturday"":0.00,""Sunday"":0.00}","{""Wednesday"":5,""Monday"":4,""Saturday"":4,""Thursday"":5,""Tuesday"":4,""Friday"":4,""Sunday"":4}",,,0,0.0,"{""No intermediary"":3}","{""No intermediary"":492.54}","{""1"":3,""2"":0,""3"":0,""4"":0,""5-10"":0,"">10"":0}","{""1"":164.18,""2"":null,""3"":null,""4"":null,""5-10"":null,"">10"":null}","{""<25k"":2,""75-100k"":2,""100-150k"":2}","{""<25k"":364.37,""75-100k"":36.40,""100-150k"":91.77}","{""Cody, WY"":2,""Dallas, TX"":2}","{""Albertsons"":100,""Walmart"":67,""Bomgaars"":67,""Ace Hardware"":67,""Dairy Queen"":67,""Jimmy John's"":34,""Papa Murphy's"":34,""Domino's Pizza"":34,""CARQUEST Auto Parts"":34,""Starbucks"":34,""Wendy's"":34,""ConocoPhillips"":34,""Dillard's"":34,""Maverik"":34,""Talbots"":34,""Tracfone"":34,""Walgreens"":34,""United States Postal Service (USPS)"":34,""McDonald's"":34,""Tractor Supply Co."":34}","{""Bath & Body Works"":34,""AT&T"":34,""Chewy"":34,""Audible"":34}",{},"{""Albertsons"":100,""Walmart"":67,""Ace Hardware"":67,""Dairy Queen"":67,""Papa Murphy's"":34,""Domino's Pizza"":34,""Wendy's"":34,""Walgreens"":34,""United States Postal Service (USPS)"":34,""McDonald's"":34,""Tractor Supply Co."":34,""Builders FirstSource"":34}","{""AT&T"":34,""TracFone Wireless"":34}",{},{},{},{},{}
174580,22b-222@5sy-bzg-m8v,,,2022-06-01,2022-07-01,3810.34,50,36,59.33,85.57,"{""25"":32.05,""75"":92.19}","[264.71,87.81,0.00,0.00,0.00,138.04,177.80,0.00,0.00,208.25,0.00,56.30,132.10,119.66,253.96,421.06,232.75,393.40,68.43,0.00,95.36,154.83,111.75,0.00,383.09,0.00,15.90,0.00,156.70,338.44]","[132.36,87.81,null,null,null,30.88,88.90,null,null,59.06,null,56.30,33.03,59.83,83.59,49.00,232.75,196.70,68.43,null,47.68,77.41,111.75,null,169.77,null,15.90,null,42.48,30.35]","{""Monday"":286.04,""Tuesday"":392.82,""Wednesday"":830.20,""Thursday"":959.06,""Friday"":441.00,""Saturday"":776.49,""Sunday"":124.73}","{""Wednesday"":5,""Monday"":4,""Saturday"":4,""Thursday"":5,""Tuesday"":4,""Friday"":4,""Sunday"":4}",28.0,1289.0,1,80.58,"{""No intermediary"":49,""Visa"":1}","{""No intermediary"":3729.76,""Visa"":80.58}","{""1"":29,""2"":5,""3"":1,""4"":0,""5-10"":1,"">10"":0}","{""1"":73.67,""2"":229.08,""3"":47.70,""4"":null,""5-10"":480.85,"">10"":null}","{""<25k"":4,""25-45k"":6,""45-60k"":3,""60-75k"":4,""100-150k"":7,"">150k"":13}","{""<25k"":51.76,""25-45k"":99.45,""45-60k"":90.70,""60-75k"":66.45,""100-150k"":59.55,"">150k"":155.07}","{""Boise, ID"":3,""Newbury Park, CA"":3,""Idaho Falls, ID"":3,""Duluth, MN"":2,""Minneapolis, MN"":2,""Dexter, IA"":2,""Papillion, NE"":2,""Boulder, CO"":2,""Lamar, CO"":2,""Dumfries, VA"":2,""Cody, WY"":2,""Emmett, ID"":2,""Riverton, WY"":2,""Clovis, NM"":2,""Kanab, UT"":2,""Coeur D Alene, ID"":2,""Clark, WY"":2,""Weatherford, TX"":2,""Emigrant, MT"":2,""Worland, WY"":2,""Athens, GA"":2,""Bozeman, MT"":2,""Salem, OR"":2,""Billings, MT"":2,""Highlandville, MO"":2,""Columbia, SC"":2}","{""Walmart"":81,""Albertsons"":59,""Maverik"":45,""Exxon Mobil"":45,""Target"":39,""ConocoPhillips"":37,""McDonald's"":37,""Walgreens"":34,""The Home Depot"":31,""Verizon Wireless"":28,""Shell Oil"":23,""Subway"":23,""Starbucks"":20,""O'Reilly Auto Parts"":20,""Costco"":20,""Dairy Queen"":20,""Trader Joe's"":17,""Lowe's"":17,""Pilot Flying J"":17,""Tractor Supply Co."":17}","{""Amazon"":62,""Apple"":50,""Netflix"":45,""Amazon Digital Services"":34,""Amazon Marketplace"":28,""Google"":20,""Hulu"":20,""Spotify"":17,""Etsy"":14,""Uber"":14,""Audible"":14,""Sirius XM"":12,""Adobe Systems"":12,""Target"":9,""Verizon Wireless"":9,""Steam"":9,""Airbnb"":9,""Facebook"":9,""Uber Eats"":9,""Costa Vida"":9}","{""McDonald's"":37,""Subway"":23,""Starbucks"":20,""Dairy Queen"":20,""Wendy's"":17,""Arby's"":17,""Domino's Pizza"":14,""Taco Bell"":14,""Chick-fil-A"":12,""Chipotle Mexican Grill"":9,""Costa Vida"":9,""Texas Roadhouse"":9,""Papa Murphy's"":6,""Tacos El Gordo"":6,""Olive Garden"":6,""Taco John's"":6,""Burger King"":6,""Cracker Barrel"":6,""Pizza Hut"":6,""Perkins Restaurant & Bakery"":6}","{""Walmart"":48,""Albertsons"":39,""Dairy Queen"":20,""Walgreens"":17,""Wendy's"":12,""O'Reilly Auto Parts"":12,""McDonald's"":12,""Tractor Supply Co."":12,""Domino's Pizza"":9,""ConocoPhillips"":9,""Maverik"":9,""The UPS Store"":6,""Ace Hardware"":6,""Sierra"":6,""Sherwin-Williams"":6,""Subway"":6,""Arby's"":6,""Smoker Friendly"":3,""Papa Murphy's"":3,""Bomgaars"":3}","{""Verizon Wireless"":34,""AT&T"":9,""Cricket Wireless"":3,""Straight Talk"":3,""T-Mobile"":3}","{""Netflix"":45,""Hulu"":20,""Roku"":6,""Disney Plus"":6,""HBO Max"":3,""Amazon Prime"":3,""Starz"":3}","{""Uber Eats"":9,""DoorDash"":3}","{""Uber"":14,""Lyft"":3}","{""Affirm.com"":6,""Sezzle"":3,""Afterpay"":3,""Klarna"":3}","{""Apple Card"":3}"
174617,zzw-222@5sy-bzg-cbk,,,2022-06-01,2022-07-01,247.3,5,3,37.98,54.74,"{""25"":8.38,""75"":96.28}","[0.00,0.00,0.00,0.00,0.00,0.00,0.00,44.39,0.00,0.00,0.00,0.00,0.00,37.98,0.00,9.70,7.06,0.00,0.00,0.00,0.00,0.00,0.00,0.00,0.00,0.00,0.00,148.17,0.00,0.00]","[null,null,null,null,null,null,null,44.39,null,null,null,null,null,37.98,null,9.70,7.06,null,null,null,null,null,null,null,null,null,null,148.17,null,null]","{""Monday"":0.00,""Tuesday"":186.15,""Wednesday"":44.39,""Thursday"":9.70,""Friday"":7.06,""Saturday"":0.00,""Sunday"":0.00}","{""Wednesday"":5,""Monday"":4,""Saturday"":4,""Thursday"":5,""Tuesday"":4,""Friday"":4,""Sunday"":4}",162.0,,0,0.0,"{""No intermediary"":5}","{""No intermediary"":247.30}","{""1"":2,""2"":0,""3"":1,""4"":0,""5-10"":0,"">10"":0}","{""1"":96.28,""2"":null,""3"":54.74,""4"":null,""5-10"":null,"">10"":null}","{""25-45k"":2,""75-100k"":2,"">150k"":2}","{""25-45k"":54.74,""75-100k"":44.39,"">150k"":148.17}","{""Sidney, MT"":2,""Clark, WY"":2,""Wake Forest, NC"":2}","{""Walmart"":100,""Albertsons"":67,""ConocoPhillips"":67,""United States Postal Service (USPS)"":67,""Exxon Mobil"":67,""Jimmy John's"":34,""ULTA Beauty"":34,""Verizon Wireless"":34,""Chevron"":34,""Olive Garden"":34,""Bomgaars"":34,""Harbor Freight Tools"":34,""Domino's Pizza"":34,""Jerry's Artarama"":34,""The Home Depot"":34,""Hobby Lobby Stores"":34,""The UPS Store"":34,""Holiday Station"":34,""Ace Hardware"":34,""Dillard's"":34}","{""Spotify"":67,""Walmart"":34,""Amazon"":34,""Taco Bell"":34,""The Home Depot"":34,""Poshmark"":34,""Apple"":34,""Google"":34,""AT&T"":34,""Amazon Marketplace"":34,""Intuit"":34,""Sam's Club"":34}","{""Harbor Freight Tools"":34,""Tractor Supply Co."":34,""Ace Hardware"":34,""The Home Depot"":34}","{""Walmart"":100,""Albertsons"":67,""United States Postal Service (USPS)"":67,""Maverik"":34,""Dairy Queen"":34,""Burger King"":34}","{""AT&T"":34,""Verizon Wireless"":34}",{},{},{},{},{}
174625,zzw-223@5sy-bxw-52k,,,2022-06-01,2022-07-01,123.82,3,2,50.4,61.91,"{""25"":22.88,""75"":50.54}","[0.00,0.00,0.00,0.00,0.00,0.00,0.00,0.00,0.00,0.00,0.00,0.00,0.00,0.00,22.88,0.00,50.40,0.00,0.00,0.00,0.00,0.00,0.00,50.54,0.00,0.00,0.00,0.00,0.00,0.00]","[null,null,null,null,null,null,null,null,null,null,null,null,null,null,22.88,null,50.40,null,null,null,null,null,null,50.54,null,null,null,null,null,null]","{""Monday"":0.00,""Tuesday"":0.00,""Wednesday"":22.88,""Thursday"":0.00,""Friday"":100.94,""Saturday"":0.00,""Sunday"":0.00}","{""Wednesday"":5,""Monday"":4,""Saturday"":4,""Thursday"":5,""Tuesday"":4,""Friday"":4,""Sunday"":4}",,74.0,0,0.0,"{""No intermediary"":3}","{""No intermediary"":123.82}","{""1"":1,""2"":1,""3"":0,""4"":0,""5-10"":0,"">10"":0}","{""1"":50.40,""2"":73.42,""3"":null,""4"":null,""5-10"":null,"">10"":null}","{""60-75k"":2}","{""60-75k"":61.91}",{},"{""Walmart"":100,""Verizon Wireless"":100,""Ace Hardware"":100,""Albertsons"":50,""Bomgaars"":50,""Maverik"":50,""Wells Fargo"":50,""McDonald's"":50,""Exxon Mobil"":50,""Subway"":50}","{""Amazon"":100,""Chewy"":100,""Etsy"":50,""Walmart"":50,""Youtube"":50,""Apple"":50,""Netflix"":50,""eBay"":50,""Patreon"":50,""Hulu"":50,""Amazon Digital Services"":50,""CVS Caremark"":50,""Amazon Marketplace"":50,""Charter Communications"":50}",{},"{""Walmart"":100,""Ace Hardware"":100,""Albertsons"":50,""Maverik"":50,""Wells Fargo"":50,""McDonald's"":50,""Subway"":50}","{""Verizon Wireless"":100}","{""Hulu"":50,""Youtube"":50,""Netflix"":50}",{},{},{},{}
174787,22b-222@5sy-bzg-qzz,,,2022-06-01,2022-07-01,1785.49,10,8,77.47,144.53,"{""25"":57.19,""75"":341.11}","[0.00,0.00,0.00,0.00,682.22,0.00,0.00,668.63,0.00,0.00,0.00,0.00,174.68,0.00,0.00,0.00,20.79,0.00,0.00,0.00,114.38,0.00,0.00,67.59,0.00,57.20,0.00,0.00,0.00,0.00]","[null,null,null,null,341.11,null,null,668.63,null,null,null,null,87.34,null,null,null,20.79,null,null,null,57.19,null,null,67.59,null,57.20,null,null,null,null]","{""Monday"":174.68,""Tuesday"":114.38,""Wednesday"":668.63,""Thursday"":0.00,""Friday"":88.38,""Saturday"":0.00,""Sunday"":739.42}","{""Wednesday"":5,""Monday"":4,""Saturday"":4,""Thursday"":5,""Tuesday"":4,""Friday"":4,""Sunday"":4}",1127.0,287.0,3,242.27,"{""No intermediary"":10}","{""No intermediary"":1785.49}","{""1"":6,""2"":2,""3"":0,""4"":0,""5-10"":0,"">10"":0}","{""1"":249.41,""2"":144.53,""3"":null,""4"":null,""5-10"":null,"">10"":null}","{""25-45k"":2,""45-60k"":2,""100-150k"":2,"">150k"":4}","{""25-45k"":57.20,""45-60k"":174.68,""100-150k"":67.59,"">150k"":342.91}","{""Tacoma, WA"":3,""West Jordan, UT"":2,""Vernal, UT"":2,""Benjamin, UT"":2,""Meridian, ID"":2,""Farmington, UT"":2}","{""Walmart"":75,""Maverik"":63,""Chevron"":50,""Smith's Food & Drug Stores"":50,""McDonald's"":50,""Shell Oil"":50,""Sonic"":38,""Harbor Freight Tools"":38,""Lowe's"":38,""The Home Depot"":38,""7-Eleven"":38,""Wendy's"":38,""O'Reilly Auto Parts"":38,""Costco"":38,""Panda Express"":38,""Burger King"":38,""Exxon Mobil"":38,""IHOP"":25,""Little Caesars"":25,""Taco Bell"":25}","{""Amazon"":75,""Apple"":63,""Maverik"":38,""The Home Depot"":25,""Netflix"":25,""ExxonMobil"":25,""Burger King"":25,""Noodles & Company"":25,""In-N-Out Burger"":25,""Walmart"":13,""Verizon Wireless"":13,""Uber"":13,""Expedia"":13,""7-Eleven"":13,""Beachbody"":13,""Hulu"":13,""Spotify"":13,""Amazon Digital Services"":13,""Costa Vida"":13,""Comcast"":13}","{""Express"":25,""Buckle"":13}","{""Maverik"":38,""Walmart"":13,""Walgreens"":13,""Dairy Queen"":13,""McDonald's"":13,""AT&T"":13}","{""Verizon Wireless"":25,""AT&T"":13,""T-Mobile"":13}","{""Disney Plus"":38,""Fubo"":25,""Netflix"":25,""Hulu"":13}",{},"{""Uber"":13}",{},{}
174797,222-222@5sy-bxv-zxq,,,2022-06-01,2022-07-01,329.0,3,3,63.0,63.0,"{""25"":63.00,""75"":203.00}","[0.00,0.00,0.00,0.00,0.00,0.00,0.00,0.00,0.00,0.00,0.00,0.00,0.00,0.00,0.00,0.00,0.00,0.00,0.00,0.00,0.00,0.00,0.00,0.00,0.00,0.00,0.00,329.00,0.00,0.00]","[null,null,null,null,null,null,null,null,null,null,null,null,null,null,null,null,null,null,null,null,null,null,null,null,null,null,null,63.00,null,null]","{""Monday"":0.00,""Tuesday"":329.00,""Wednesday"":0.00,""Thursday"":0.00,""Friday"":0.00,""Saturday"":0.00,""Sunday"":0.00}","{""Wednesday"":5,""Monday"":4,""Saturday"":4,""Thursday"":5,""Tuesday"":4,""Friday"":4,""Sunday"":4}",,,0,0.0,"{""No intermediary"":3}","{""No intermediary"":329.00}","{""1"":3,""2"":0,""3"":0,""4"":0,""5-10"":0,"">10"":0}","{""1"":109.67,""2"":null,""3"":null,""4"":null,""5-10"":null,"">10"":null}","{""60-75k"":2,""100-150k"":2,"">150k"":2}","{""60-75k"":63.00,""100-150k"":63.00,"">150k"":203.00}","{""Liberty Lake, WA"":2,""Highlands Ranch, CO"":2}","{""Walmart"":67,""ULTA Beauty"":67,""Albertsons"":67,""The Home Depot"":67,""Ace Hardware"":67,""Yoke's Fresh Mart"":67,""Maverik"":67,""Costco"":67,""McDonald's"":67,""Regal Entertainment Group"":67,""Navy Exchange"":67,""Carter's"":67,""Chevron"":34}","{""Target"":67,""Chewy"":67,""Apple"":67,""Amazon Marketplace"":67,""Comcast"":34}",{},"{""Albertsons"":34}",{},{},{},{},{},{}
174805,225-222@5sy-bxw-5fz,SG_BRAND_a0ccd5fb65a3df0d5a340321693f0a16,ConocoPhillips,2022-06-01,2022-07-01,7455.46,172,123,31.09,40.35,"{""25"":9.78,""75"":61.96}","[185.57,267.74,0.00,246.40,293.04,87.23,292.56,117.28,450.51,603.82,271.61,13.83,625.53,146.56,253.25,74.21,31.84,158.41,199.48,85.81,520.94,191.68,226.05,241.39,0.00,208.95,1045.46,345.52,51.00,219.79]","[45.81,50.79,null,55.77,41.51,11.58,31.88,58.64,38.09,28.80,271.61,13.83,28.49,11.43,27.01,17.24,15.92,79.20,56.65,85.81,11.63,57.01,21.47,64.88,null,17.40,58.10,15.14,25.50,16.22]","{""Monday"":1844.03,""Tuesday"":1305.58,""Wednesday"":798.78,""Thursday"":1238.30,""Friday"":877.05,""Saturday"":676.42,""Sunday"":715.30}","{""Wednesday"":5,""Monday"":4,""Saturday"":4,""Thursday"":5,""Tuesday"":4,""Friday"":4,""Sunday"":4}",65.0,-23.0,8,549.32,"{""No intermediary"":172}","{""No intermediary"":7455.46}","{""1"":97,""2"":13,""3"":6,""4"":4,""5-10"":3,"">10"":0}","{""1"":44.02,""2"":63.51,""3"":143.58,""4"":185.05,""5-10"":252.89,"">10"":null}","{""<25k"":11,""25-45k"":18,""45-60k"":11,""60-75k"":9,""75-100k"":18,""100-150k"":21,"">150k"":28}","{""<25k"":41.09,""25-45k"":34.08,""45-60k"":28.03,""60-75k"":66.26,""75-100k"":47.00,""100-150k"":69.82,"">150k"":98.59}","{""Newbury Park, CA"":14,""Cody, WY"":11,""Miami, FL"":7,""Park City, UT"":6,""Cincinnati, OH"":6,""Lacomb, OR"":5,""Pittsburgh, PA"":4,""Chandler, AZ"":4,""Altoona, PA"":3,""Salt Lake City, UT"":3,""Colorado Springs, CO"":3,""Bozeman, MT"":3,""Aurora, CO"":3,""Pacific Junction, IA"":2,""Macedonia, OH"":2,""Saint George, UT"":2,""Niceville, FL"":2,""Alexandria, VA"":2,""Amber, WA"":2,""Brigham City, UT"":2,""Carmichael, CA"":2,""Fort Myers, FL"":2,""Tucson, AZ"":2,""Hurstbourne, KY"":2,""Lamar, CO"":2,""Ballard, UT"":2,""Madison, AL"":2,""Greybull, WY"":2,""Rochester, NY"":2,""Thermopolis, WY"":2,""El Paso, TX"":2,""Vernal, UT"":2,""Lincolnwood, IL"":2,""Kimberton, PA"":2,""Puyallup, WA"":2,""Collins, OH"":2,""Madison, WI"":2,""Poulsbo, WA"":2,""Hillsboro, OR"":2,""Brownsburg, IN"":2,""Pueblo, CO"":2,""Shrewsbury, NJ"":2,""Grand Forks, ND"":2,""Lavallette, NJ"":2,""Belgrade, MT"":2,""Endicott, NY"":2,""Gaylord, MI"":2,""Omaha, NE"":2,""Spartanburg, SC"":2,""Georgetown, KY"":2,""Grove City, PA"":2,""Clarksville, TN"":2,""Littleton, CO"":2,""Portland, OR"":2,""Altamont, UT"":2,""Denver, CO"":2,""Savannah, GA"":2,""Clark, WY"":2,""Boise, ID"":2,""Honolulu, HI"":2,""Riverton, UT"":2,""Columbus, OH"":2,""Estes Park, CO"":2,""Monument, CO"":2,""Ukiah, CA"":2,""Early, IA"":2,""Dupont, WA"":2,""Salem, OR"":2,""Washington, DC"":2,""Reno, NV"":2,""Deadwood, SD"":2,""Claysburg, PA"":2,""Grants, NM"":2,""Bend, OR"":2,""Brunswick, GA"":2,""Boone, NC"":2,""Castle Rock, CO"":2,""Cumming, GA"":2,""Logan, UT"":2,""Yakima, WA"":2,""Bull Shoals, AR"":2}","{""Walmart"":79,""Maverik"":52,""McDonald's"":51,""Albertsons"":46,""Exxon Mobil"":37,""Wendy's"":31,""Dairy Queen"":27,""Walgreens"":27,""Shell Oil"":26,""Chevron"":25,""Target"":24,""Pilot Flying J"":24,""Subway"":24,""Ace Hardware"":21,""Verizon Wireless"":20,""Love's Travel Stops and Country Stores"":20,""Taco Bell"":19,""United States Postal Service (USPS)"":19,""Arby's"":18,""Bomgaars"":18}","{""Amazon"":58,""Apple"":38,""Netflix"":34,""Spotify"":23,""Amazon Digital Services"":18,""Amazon Marketplace"":17,""Verizon Wireless"":14,""Hulu"":14,""Sirius XM"":12,""Walmart"":11,""AT&T"":11,""Target"":8,""Google"":8,""Maverik"":7,""Audible"":7,""Dish Network"":6,""Comcast"":6,""Xbox"":6,""Uber"":5,""Kohl's"":5}","{""Exxon Mobil"":38,""Shell Oil"":27,""Chevron"":25,""Pilot Flying J"":24,""Love's Travel Stops and Country Stores"":20,""BP"":14,""Loaf 'N Jug"":12,""Speedway"":12,""Kum & Go"":11,""Phillips 66"":9,""Holiday Station"":9,""Marathon"":9,""Sunoco"":7,""Sheetz"":6,""QuikTrip"":6,""ARCO"":6,""Murphy USA"":5,""Kroger Fuel Center"":5,""Gulf Oil"":5,""76"":4}","{""Walmart"":40,""Albertsons"":40,""McDonald's"":18,""Dairy Queen"":16,""Wendy's"":14,""Maverik"":11,""Bomgaars"":10,""Domino's Pizza"":10,""Arby's"":10,""Ace Hardware"":9,""Taco John's"":9,""Walgreens"":8,""Subway"":6,""Sierra"":5,""AutoZone"":5,""Burger King"":4,""maurices"":3,""Boot Barn"":3,""United States Postal Service (USPS)"":3,""CARQUEST Auto Parts"":2}","{""Verizon Wireless"":32,""AT&T"":14,""T-Mobile"":7,""Straight Talk"":4,""MetroPCS"":2,""Sprint"":2,""U.S. Cellular"":1}","{""Netflix"":34,""Hulu"":14,""Disney Plus"":9,""Dish Network"":6,""HBO Max"":5,""Amazon Prime Video"":5,""Sling TV"":2,""YouTube TV"":2,""Youtube"":2,""Vudu"":2,""Peacock"":2,""Redbox"":2,""Roku"":1,""Amazon Prime"":1}","{""Instacart"":3,""Dashpass"":3,""Uber Eats"":3,""DoorDash"":2,""HelloFresh"":1,""Grubhub"":1}","{""Uber"":5,""Lyft"":3}","{""Affirm.com"":5,""Afterpay"":1,""Klarna"":1}","{""PayPal"":2,""Apple Card"":2,""Apple Cash"":1}"
174807,zzw-222@5sy-bxv-zmk,SG_BRAND_c84f3e1418c1e4a400bc97e55dd04c31,Papa Murphy's,2022-06-01,2022-07-01,344.45,15,11,20.0,20.9,"{""25"":14.80,""75"":35.65}","[0.00,16.00,0.00,35.65,20.90,16.00,24.00,0.00,14.80,0.00,0.00,46.00,0.00,0.00,42.00,0.00,0.00,36.30,0.00,0.00,0.00,68.40,0.00,18.40,0.00,0.00,0.00,0.00,0.00,6.00]","[null,16.00,null,35.65,20.90,16.00,12.00,null,14.80,null,null,23.00,null,null,42.00,null,null,36.30,null,null,null,34.20,null,18.40,null,null,null,null,null,6.00]","{""Monday"":16.00,""Tuesday"":24.00,""Wednesday"":110.40,""Thursday"":36.80,""Friday"":18.40,""Saturday"":71.95,""Sunday"":66.90}","{""Wednesday"":5,""Monday"":4,""Saturday"":4,""Thursday"":5,""Tuesday"":4,""Friday"":4,""Sunday"":4}",-15.0,56.0,0,0.0,"{""No intermediary"":15}","{""No intermediary"":344.45}","{""1"":8,""2"":2,""3"":1,""4"":0,""5-10"":0,"">10"":0}","{""1"":19.51,""2"":48.20,""3"":91.95,""4"":null,""5-10"":null,"">10"":null}","{""<25k"":2,""25-45k"":2,""60-75k"":2,""75-100k"":4,"">150k"":2}","{""<25k"":17.85,""25-45k"":28.00,""60-75k"":91.95,""75-100k"":13.10,"">150k"":55.20}","{""Katy, TX"":2,""Cody, WY"":2,""Basin, WY"":2,""Brandon, FL"":2,""Fredericksburg, VA"":2,""Newbury Park, CA"":2}","{""Walmart"":100,""Maverik"":55,""Subway"":55,""McDonald's"":46,""Albertsons"":37,""Domino's Pizza"":37,""Wendy's"":37,""Ace Hardware"":37,""Burger King"":37,""Hobby Lobby Stores"":28,""Walgreens"":28,""Dairy Queen"":28,""Exxon Mobil"":28,""Dollar Tree"":28,""Target"":19,""Bomgaars"":19,""Murphy USA"":19,""Taco Bell"":19,""The Home Depot"":19,""Apple Retail Store"":19}","{""Amazon"":55,""Netflix"":46,""Verizon Wireless"":37,""Sirius XM"":28,""Apple"":28,""Steam"":19,""eBay"":19,""Google Storage"":19,""Amazon Digital Services"":19,""Spectrum"":19,""Amazon Marketplace"":19,""Etsy"":10,""Sling TV"":10,""Target"":10,""Nothing Bundt Cakes"":10,""HBO Max"":10,""Fandango"":10,""Chewy"":10,""Hulu"":10,""Sprint"":10}","{""Subway"":55,""McDonald's"":46,""Domino's Pizza"":37,""Wendy's"":37,""Burger King"":37,""Dairy Queen"":28,""Taco Bell"":19,""Chick-fil-A"":19,""Panera Bread"":19,""IHOP"":10,""Jimmy John's"":10,""Cook Out"":10,""Marco's Pizza"":10,""MOD Pizza"":10,""Taco John's"":10,""TCBY"":10,""KFC"":10,""Starbucks"":10,""Moe's Southwest Grill"":10,""Qdoba Mexican Grill"":10}","{""Walmart"":73,""Albertsons"":37,""Maverik"":37,""Domino's Pizza"":28,""Wendy's"":28,""Ace Hardware"":28,""Dairy Queen"":28,""McDonald's"":28,""Subway"":28,""Walgreens"":19,""Burger King"":19,""Tractor Supply Co."":19,""Cellular Plus"":10,""The UPS Store"":10,""Sierra"":10,""O'Reilly Auto Parts"":10,""United States Postal Service (USPS)"":10,""Builders FirstSource"":10,""Dollar Tree"":10}","{""Verizon Wireless"":37,""AT&T"":19,""Sprint"":10,""TracFone Wireless"":10}","{""Netflix"":46,""Sling TV"":10,""HBO Max"":10,""Peacock"":10,""Hulu"":10}",{},{},{},{}
174810,zzw-224@5sy-bzh-389,,,2022-06-01,2022-07-01,4037.74,29,24,98.02,98.02,"{""25"":35.39,""75"":220.86}","[184.23,0.00,0.00,0.00,0.00,0.00,0.00,0.00,976.50,0.00,356.27,0.00,541.56,0.00,0.00,0.00,0.00,0.00,178.91,0.00,0.00,554.56,257.26,322.62,341.88,0.00,184.40,17.50,122.05,0.00]","[92.12,null,null,null,null,null,null,null,488.25,null,36.30,null,270.78,null,null,null,null,null,89.45,null,null,98.02,128.63,99.30,341.88,null,10.35,17.50,122.05,null]","{""Monday"":725.96,""Tuesday"":17.50,""Wednesday"":860.84,""Thursday"":1233.76,""Friday"":322.62,""Saturday"":698.15,""Sunday"":178.91}","{""Wednesday"":5,""Monday"":4,""Saturday"":4,""Thursday"":5,""Tuesday"":4,""Friday"":4,""Sunday"":4}",3191.0,32.0,0,0.0,"{""No intermediary"":25,""Square"":4}","{""No intermediary"":3956.90,""Square"":80.84}","{""1"":20,""2"":3,""3"":1,""4"":0,""5-10"":0,"">10"":0}","{""1"":112.88,""2"":308.46,""3"":854.70,""4"":null,""5-10"":null,"">10"":null}","{""<25k"":2,""25-45k"":3,""45-60k"":3,""60-75k"":3,""75-100k"":3,""100-150k"":2,"">150k"":7}","{""<25k"":18.00,""25-45k"":209.67,""45-60k"":115.33,""60-75k"":36.30,""75-100k"":46.50,""100-150k"":533.99,"">150k"":117.75}","{""Woodstock, GA"":3,""Waldorf, MD"":2,""Madison, WI"":2,""Poulsbo, WA"":2,""Charlotte, NC"":2,""Emmett, ID"":2,""Portland, OR"":2,""Madison, OH"":2,""Las Vegas, NV"":2,""La Vernia, TX"":2,""Butte, MT"":2,""Colorado Springs, CO"":2,""Post, OR"":2,""Reno, NV"":2,""Riverton, VA"":2,""Oshkosh, WI"":2,""Globe, AZ"":2,""Castle Rock, CO"":2,""Hackneyville, AL"":2}","{""Walmart"":80,""McDonald's"":55,""Chevron"":50,""Maverik"":50,""Shell Oil"":50,""ConocoPhillips"":46,""Love's Travel Stops and Country Stores"":38,""Target"":34,""Safeway"":34,""Starbucks"":34,""Wendy's"":30,""Circle K"":30,""Exxon Mobil"":30,""BP"":25,""Albertsons"":25,""The Home Depot"":25,""Walgreens"":25,""Pizza Hut"":25,""Subway"":25,""Great Clips"":21}","{""Amazon"":46,""Apple"":38,""Netflix"":25,""Amazon Digital Services"":21,""Amazon Marketplace"":21,""Google"":17,""AT&T"":17,""Uber"":13,""Airbnb"":13,""Sirius XM"":13,""Barclaycard US"":13,""Ring"":13,""Popeyes Louisiana Kitchen"":13,""Hotels.com"":13,""eBay"":13,""Hulu"":13,""Uber Eats"":13,""McDonald's"":13,""Walmart"":9,""ADT Security Services"":9}",{},"{""Walmart"":25,""Albertsons"":17,""Wendy's"":13,""ConocoPhillips"":13,""Walgreens"":13,""Pizza Hut"":13,""Taco John's"":9,""O'Reilly Auto Parts"":9,""McDonald's"":9,""Smoker Friendly"":5,""Domino's Pizza"":5,""Boot Barn"":5,""Sierra"":5,""Dairy Queen"":5,""Subway"":5}","{""AT&T"":21,""Verizon Wireless"":17,""T-Mobile"":9}","{""Netflix"":25,""Hulu"":13,""Redbox"":9,""Dish Network"":5,""Vudu"":5,""Peacock"":5,""DirecTV"":5}","{""Uber Eats"":13,""HelloFresh"":5,""DoorDash"":5}","{""Uber"":13}","{""Sezzle"":5,""Afterpay"":5}","{""Apple Card"":5,""Apple Cash"":5}"
174828,227-222@5sy-bzg-pgk,SG_BRAND_962f9b1d1de0bf5b87f4782eafcfd5e5,Wendy's,2022-06-01,2022-07-01,3611.81,207,139,13.19,21.69,"{""25"":8.82,""75"":23.90}","[66.57,41.03,113.84,126.75,32.92,274.39,210.63,131.12,94.61,42.72,61.70,31.08,364.65,99.25,68.26,252.36,30.02,0.00,12.16,55.67,426.43,101.44,50.56,145.66,100.54,79.31,191.14,112.84,100.22,193.94]","[12.78,20.52,20.25,24.72,7.22,24.62,21.81,8.37,9.22,15.90,10.32,12.16,18.52,10.02,22.13,27.10,5.20,null,12.16,18.91,12.04,12.04,12.94,19.00,15.89,9.61,17.91,19.22,11.68,12.47]","{""Monday"":885.85,""Tuesday"":849.15,""Wednesday"":467.61,""Thursday"":632.50,""Friday"":332.24,""Saturday"":288.99,""Sunday"":155.47}","{""Wednesday"":5,""Monday"":4,""Saturday"":4,""Thursday"":5,""Tuesday"":4,""Friday"":4,""Sunday"":4}",161.0,-17.0,4,51.67,"{""No intermediary"":207}","{""No intermediary"":3611.81}","{""1"":98,""2"":24,""3"":9,""4"":7,""5-10"":1,"">10"":0}","{""1"":19.56,""2"":33.97,""3"":50.61,""4"":47.38,""5-10"":92.30,"">10"":null}","{""<25k"":10,""25-45k"":18,""45-60k"":14,""60-75k"":8,""75-100k"":21,""100-150k"":17,"">150k"":44}","{""<25k"":18.68,""25-45k"":24.13,""45-60k"":24.50,""60-75k"":19.33,""75-100k"":29.91,""100-150k"":28.26,"">150k"":28.69}","{""Newbury Park, CA"":28,""Cody, WY"":21,""Mishawaka, IN"":5,""Tempe, AZ"":4,""Clark, WY"":4,""Lacey, WA"":4,""Lovell, WY"":3,""Woods Cross, UT"":3,""Victor, ID"":3,""Spartanburg, SC"":3,""Worland, WY"":3,""Greensboro, GA"":3,""Ephraim, UT"":3,""Fort Collins, CO"":3,""Poquoson, VA"":2,""Monmouth, ME"":2,""Nashville, TN"":2,""Brunswick, ME"":2,""Bairdford, PA"":2,""Taylorsville, UT"":2,""Ekalaka, MT"":2,""North Salt Lake, UT"":2,""Greybull, WY"":2,""Wichita, KS"":2,""Vernal, UT"":2,""Chandler, AZ"":2,""Indianola, IA"":2,""Clearwater, FL"":2,""Birmingham, AL"":2,""Katy, TX"":2,""Brownsburg, IN"":2,""Palm Harbor, FL"":2,""Benson, AZ"":2,""Pine Apple, AL"":2,""Pueblo, CO"":2,""Ute, IA"":2,""Basin, WY"":2,""Georgetown, KY"":2,""Madison, OH"":2,""Altamont, UT"":2,""Lafayette, LA"":2,""Las Vegas, NV"":2,""Maeser, UT"":2,""Boise, ID"":2,""Riverton, UT"":2,""Columbus, MT"":2,""Newport News, VA"":2,""Butte, MT"":2,""Colorado Springs, CO"":2,""Anderson, IN"":2,""Dawson, MO"":2,""Rexburg, ID"":2,""Bozeman, MT"":2,""Billings, MT"":2,""Oshkosh, WI"":2,""Dallas, TX"":2,""Auburn, IN"":2,""Lakeland, FL"":2,""Casper, WY"":2,""Aurora, CO"":2,""Cherryville, PA"":2,""Glendale, AZ"":2,""Idaho Falls, ID"":2,""Gardendale, AL"":2,""Arco, ID"":2,""Castle Rock, CO"":2,""Wake Forest, NC"":2}","{""Walmart"":90,""McDonald's"":65,""Maverik"":56,""Albertsons"":46,""Dairy Queen"":40,""Walgreens"":36,""Exxon Mobil"":34,""Arby's"":32,""Subway"":31,""ConocoPhillips"":30,""Domino's Pizza"":26,""Ace Hardware"":25,""Bomgaars"":24,""Verizon Wireless"":24,""Burger King"":24,""Taco Bell"":21,""Pilot Flying J"":21,""Target"":20,""Tractor Supply Co."":18,""Chevron"":18}","{""Amazon"":59,""Apple"":43,""Netflix"":32,""Amazon Marketplace"":29,""Walmart"":20,""AT&T"":20,""Hulu"":16,""Spotify"":16,""Amazon Digital Services"":16,""Sirius XM"":14,""Verizon Wireless"":10,""Audible"":8,""Target"":7,""Roku"":7,""Etsy"":6,""Anytime Fitness"":6,""Steam"":6,""Chewy"":6,""Google"":6,""Google Storage"":6}","{""McDonald's"":66,""Dairy Queen"":41,""Subway"":34,""Arby's"":33,""Domino's Pizza"":26,""Burger King"":24,""Taco Bell"":21,""Taco John's"":18,""Starbucks"":16,""Chick-fil-A"":13,""Pizza Hut"":13,""KFC"":11,""Papa Murphy's"":10,""Panda Express"":10,""Sonic"":9,""Jimmy John's"":9,""IHOP"":8,""Little Caesars"":8,""Olive Garden"":8,""Five Guys"":6}","{""Walmart"":66,""Albertsons"":40,""McDonald's"":31,""Dairy Queen"":26,""Arby's"":20,""Maverik"":18,""Domino's Pizza"":17,""Bomgaars"":14,""Ace Hardware"":13,""Walgreens"":13,""Subway"":13,""ConocoPhillips"":13,""Taco John's"":11,""Burger King"":8,""Tractor Supply Co."":7,""Sierra"":6,""Dollar Tree"":5,""The UPS Store"":4,""O'Reilly Auto Parts"":4,""Good 2 Go Stores"":3}","{""Verizon Wireless"":32,""AT&T"":23,""T-Mobile"":6,""Straight Talk"":5,""Disney Mobile"":2,""Google Fi"":1,""Cricket Wireless"":1,""Sprint"":1}","{""Netflix"":32,""Hulu"":16,""Disney Plus"":8,""Roku"":7,""Dish Network"":5,""YouTube TV"":3,""Amazon Prime Video"":3,""Vudu"":3,""Redbox"":3,""HBO Max"":2,""Fubo"":2,""Funimation"":2,""Youtube"":1,""Peacock"":1,""Amazon Prime"":1,""DirecTV"":1,""Youtube Premium"":1}","{""Uber Eats"":5,""DoorDash"":4,""Dashpass"":3,""HelloFresh"":3}","{""Uber"":4,""Lyft"":2}","{""Afterpay"":2,""Affirm.com"":2,""Klarna"":1}","{""Apple Cash"":4,""Apple Card"":3,""PayPal"":1}"
174845,223-223@5sy-bxt-3kf,SG_BRAND_87681bc51c663efbbf7272e0f1262e9b,AutoZone,2022-06-01,2022-07-01,1237.64,25,23,39.27,39.5,"{""25"":12.37,""75"":57.19}","[122.88,39.27,5.50,0.00,31.19,56.95,0.00,56.12,0.00,90.27,0.00,0.00,0.00,205.91,0.00,106.04,0.00,0.00,0.00,0.00,230.30,6.07,0.00,90.86,0.00,17.67,132.99,39.73,5.89,0.00]","[61.44,39.27,5.50,null,31.19,18.71,null,8.31,null,90.27,null,null,null,205.91,null,53.02,null,null,null,null,115.15,6.07,null,90.86,null,17.67,45.65,39.73,5.89,null]","{""Monday"":189.94,""Tuesday"":475.94,""Wednesday"":190.96,""Thursday"":145.31,""Friday"":186.63,""Saturday"":0.00,""Sunday"":48.86}","{""Wednesday"":5,""Monday"":4,""Saturday"":4,""Thursday"":5,""Tuesday"":4,""Friday"":4,""Sunday"":4}",-7.0,-21.0,0,0.0,"{""No intermediary"":25}","{""No intermediary"":1237.64}","{""1"":21,""2"":2,""3"":0,""4"":0,""5-10"":0,"">10"":0}","{""1"":53.70,""2"":54.94,""3"":null,""4"":null,""5-10"":null,"">10"":null}","{""25-45k"":2,""45-60k"":2,""60-75k"":2,""75-100k"":5,""100-150k"":6,"">150k"":6}","{""25-45k"":42.52,""45-60k"":6.07,""60-75k"":133.46,""75-100k"":71.29,""100-150k"":33.44,"">150k"":36.32}","{""Cody, WY"":10,""San Diego, CA"":2,""Pine Apple, AL"":2,""Riverton, WY"":2,""Hebron, WI"":2,""Casper, WY"":2,""Monolith, CA"":2,""Newbury Park, CA"":2,""Idaho Falls, ID"":2,""Milwaukee, WI"":2,""Jackson, WY"":2,""Castle Rock, CO"":2}","{""Walmart"":79,""Maverik"":79,""Albertsons"":74,""Exxon Mobil"":53,""Bomgaars"":48,""ConocoPhillips"":48,""McDonald's"":48,""Ace Hardware"":44,""Dairy Queen"":40,""Domino's Pizza"":31,""United States Postal Service (USPS)"":31,""Tractor Supply Co."":31,""Verizon Wireless"":27,""Chevron"":27,""Taco Bell"":27,""Taco John's"":27,""Burger King"":27,""CARQUEST Auto Parts"":22,""Wendy's"":22,""O'Reilly Auto Parts"":22}","{""Amazon"":70,""Netflix"":40,""Apple"":35,""Amazon Marketplace"":35,""Walmart"":31,""Hulu"":18,""Amazon Digital Services"":18,""Audible"":18,""Target"":14,""Verizon Wireless"":14,""Google Storage"":14,""Spotify"":14,""Steam"":9,""Chewy"":9,""Youtube"":9,""The Home Depot"":9,""Dish Network"":9,""Costco"":9,""Xbox"":9,""Express Scripts"":9}","{""O'Reilly Auto Parts"":22,""CARQUEST Auto Parts"":22}","{""Walmart"":70,""Albertsons"":66,""Maverik"":53,""Dairy Queen"":35,""CARQUEST Auto Parts"":22,""ConocoPhillips"":22,""Ace Hardware"":22,""McDonald's"":22,""Domino's Pizza"":18,""Bomgaars"":14,""Wendy's"":14,""O'Reilly Auto Parts"":14,""Subway"":14,""Arby's"":14,""Taco John's"":9,""The UPS Store"":9,""Boot Barn"":9,""Walgreens"":9,""Sierra"":5,""Burger King"":5}","{""Verizon Wireless"":40,""AT&T"":9,""T-Mobile"":9,""Straight Talk"":5}","{""Netflix"":40,""Hulu"":18,""Youtube"":9,""Dish Network"":9,""Disney Plus"":9,""Roku"":5,""YouTube TV"":5,""Amazon Prime"":5,""Amazon Prime Video"":5}",{},"{""Uber"":5}",{},"{""Apple Card"":5}"
174881,222-224@5sy-bxt-f75,SG_BRAND_de80593878cb1673c62a7f338dc7e4e1,Subway,2022-06-01,2022-07-01,1625.63,105,80,13.64,19.11,"{""25"":9.45,""75"":19.79}","[88.52,29.08,20.46,0.00,17.41,37.85,23.36,33.66,30.85,199.91,82.56,22.89,215.11,113.02,10.85,44.33,29.88,35.70,12.71,0.00,89.79,38.61,28.81,40.85,0.00,55.68,199.89,40.53,74.45,8.87]","[15.60,14.54,10.23,null,17.41,10.14,23.36,11.46,15.42,21.06,27.52,22.89,17.22,13.41,10.85,9.90,11.08,17.85,12.71,null,9.30,9.61,8.31,20.43,null,17.97,12.46,8.96,12.64,8.87]","{""Monday"":452.85,""Tuesday"":266.70,""Wednesday"":246.09,""Thursday"":141.94,""Friday"":291.10,""Saturday"":118.26,""Sunday"":108.69}","{""Wednesday"":5,""Monday"":4,""Saturday"":4,""Thursday"":5,""Tuesday"":4,""Friday"":4,""Sunday"":4}",50.0,35.0,2,43.96,"{""No intermediary"":105}","{""No intermediary"":1625.63}","{""1"":63,""2"":11,""3"":4,""4"":2,""5-10"":0,"">10"":0}","{""1"":18.06,""2"":25.13,""3"":35.77,""4"":34.23,""5-10"":null,"">10"":null}","{""<25k"":11,""25-45k"":8,""45-60k"":6,""60-75k"":10,""75-100k"":10,""100-150k"":7,"">150k"":20}","{""<25k"":22.40,""25-45k"":17.62,""45-60k"":15.86,""60-75k"":21.87,""75-100k"":18.52,""100-150k"":22.03,"">150k"":20.90}","{""Newbury Park, CA"":17,""Cody, WY"":6,""San Francisco, CA"":5,""Garrison, ND"":4,""Richmond, KY"":4,""Boulder, CO"":3,""Folsom, CA"":3,""Winters, CA"":3,""Billings, MT"":3,""Aurora, CO"":3,""Tremonton, UT"":2,""Moore, OK"":2,""Maple Heights, OH"":2,""San Diego, CA"":2,""Steamboat Springs, CO"":2,""Arlington, WA"":2,""Carlisle, IA"":2,""Bryan, WY"":2,""Santa Maria, CA"":2,""Oakland, CA"":2,""Basin, WY"":2,""West Chester, PA"":2,""Edler, CO"":2,""Miami, FL"":2,""Clark, WY"":2,""La Vernia, TX"":2,""Spokane, WA"":2,""Grand Junction, CO"":2,""Colorado Springs, CO"":2,""Dubois, WY"":2,""Dawson, MO"":2,""Bozeman, MT"":2,""Salem, OR"":2,""Washington, DC"":2,""Yankton, SD"":2,""Heglar, ID"":2,""Mount Washington, KY"":2,""Culpeper, VA"":2,""Amherst, OH"":2,""Braselton, GA"":2,""Mishawaka, IN"":2,""Lander, WY"":2,""Castle Rock, CO"":2,""Logan, UT"":2,""Hackneyville, AL"":2}","{""Walmart"":84,""McDonald's"":58,""Maverik"":50,""Albertsons"":48,""ConocoPhillips"":35,""Wendy's"":34,""Walgreens"":34,""Exxon Mobil"":34,""Domino's Pizza"":28,""Verizon Wireless"":27,""Dairy Queen"":27,""Target"":24,""Ace Hardware"":22,""Dollar Tree"":22,""Starbucks"":20,""Taco Bell"":18,""Microsoft Store"":17,""Taco John's"":15,""The Home Depot"":15,""Burger King"":15}","{""Amazon"":57,""Apple"":43,""Netflix"":40,""Amazon Marketplace"":28,""Amazon Digital Services"":27,""Hulu"":24,""AT&T"":20,""Spotify"":18,""Walmart"":14,""Sirius XM"":14,""Steam"":12,""Verizon Wireless"":10,""Comcast"":10,""Amazon Kindle"":10,""Audible"":9,""Target"":8,""Chewy"":8,""Youtube"":8,""Google"":7,""Maverik"":7}","{""McDonald's"":58,""Wendy's"":34,""Domino's Pizza"":28,""Dairy Queen"":27,""Starbucks"":20,""Taco Bell"":18,""Taco John's"":15,""Burger King"":15,""Pizza Hut"":15,""Arby's"":14,""Chick-fil-A"":13,""Papa Murphy's"":9,""Dunkin'"":9,""Jimmy John's"":8,""Panda Express"":8,""Chipotle Mexican Grill"":7,""KFC"":7,""Sonic"":5,""Olive Garden"":5,""Taco Time Northwest"":5}","{""Walmart"":64,""Albertsons"":44,""McDonald's"":32,""Maverik"":23,""Wendy's"":22,""Domino's Pizza"":20,""Dairy Queen"":19,""Taco John's"":13,""Ace Hardware"":10,""Arby's"":10,""ConocoPhillips"":9,""Bomgaars"":8,""Sierra"":8,""Walgreens"":8,""Burger King"":7,""The UPS Store"":5,""Papa Murphy's"":4,""CARQUEST Auto Parts"":4,""Boot Barn"":3,""O'Reilly Auto Parts"":3}","{""Verizon Wireless"":35,""AT&T"":25,""T-Mobile"":4,""Google Fi"":3,""Straight Talk"":2,""Sprint"":2}","{""Netflix"":40,""Hulu"":24,""Disney Plus"":12,""Youtube"":8,""Amazon Prime Video"":7,""Roku"":5,""HBO Max"":5,""Dish Network"":5,""Sling TV"":4,""Fubo"":3,""Peacock"":3,""Starz"":3,""Funimation"":2,""Redbox"":2,""Amazon Prime"":2,""Youtube Premium"":2}","{""Grubhub"":4,""Dashpass"":4,""Uber Eats"":3,""DoorDash"":2,""HelloFresh"":2}","{""Lyft"":3,""Uber"":3}","{""Affirm.com"":5,""Klarna"":4}","{""Apple Cash"":3,""Apple Card"":2}"
174912,222-222@5sy-bxt-jd9,,,2022-06-01,2022-07-01,476.33,7,6,61.33,80.66,"{""25"":30.00,""75"":100.00}","[0.00,61.33,0.00,0.00,0.00,0.00,0.00,0.00,0.00,0.00,0.00,0.00,0.00,0.00,0.00,0.00,0.00,0.00,0.00,0.00,0.00,15.00,200.00,0.00,200.00,0.00,0.00,0.00,0.00,0.00]","[null,61.33,null,null,null,null,null,null,null,null,null,null,null,null,null,null,null,null,null,null,null,15.00,35.00,null,100.00,null,null,null,null,null]","{""Monday"":0.00,""Tuesday"":0.00,""Wednesday"":15.00,""Thursday"":261.33,""Friday"":0.00,""Saturday"":200.00,""Sunday"":0.00}","{""Wednesday"":5,""Monday"":4,""Saturday"":4,""Thursday"":5,""Tuesday"":4,""Friday"":4,""Sunday"":4}",,460.0,0,0.0,"{""No intermediary"":7}","{""No intermediary"":476.33}","{""1"":5,""2"":1,""3"":0,""4"":0,""5-10"":0,"">10"":0}","{""1"":62.27,""2"":165.00,""3"":null,""4"":null,""5-10"":null,"">10"":null}","{""<25k"":2,""60-75k"":2,""75-100k"":2,""100-150k"":2,"">150k"":3}","{""<25k"":61.33,""60-75k"":165.00,""75-100k"":25.00,""100-150k"":100.00,"">150k"":100.00}","{""Salt Lake City, UT"":2,""Newbury Park, CA"":2,""Greybull, WY"":2}","{""Walmart"":84,""Maverik"":67,""Walgreens"":67,""Albertsons"":50,""Bomgaars"":50,""Wendy's"":50,""ConocoPhillips"":50,""McDonald's"":50,""Little Caesars"":34,""Target"":34,""Chevron"":34,""Einstein Brothers"":34,""Old Navy"":34,""Macey's"":34,""Lowe's"":34,""Del Taco"":34,""Ace Hardware"":34,""Peet's Coffee and Tea"":34,""Smith's Food & Drug Stores"":34,""Costco"":34}","{""Amazon"":67,""Apple"":67,""Netflix"":50,""Hulu"":50,""AT&T"":50,""Walmart"":34,""Google"":34,""Maverik"":34,""Subway"":34,""Anytime Fitness"":17,""Target"":17,""Verizon Wireless"":17,""Shop 'n Save"":17,""Old Navy"":17,""Wix.com"":17,""Costco"":17,""ExxonMobil"":17,""Walgreens"":17,""Spotify"":17,""Amazon Digital Services"":17}",{},"{""Walmart"":67,""Albertsons"":50,""ConocoPhillips"":50,""Bomgaars"":34,""Wendy's"":34,""Ace Hardware"":34,""Domino's Pizza"":17,""Taco John's"":17,""Sierra"":17,""Maverik"":17,""Walgreens"":17,""Dairy Queen"":17,""McDonald's"":17}","{""AT&T"":50,""Verizon Wireless"":34}","{""Hulu"":50,""Netflix"":50,""Redbox"":34,""Amazon Prime Video"":17}",{},{},{},{}
174916,222-222@5sy-bzg-6ff,SG_BRAND_5e12e83b9120546d,Good 2 Go Stores,2022-06-01,2022-07-01,609.52,20,13,13.84,21.58,"{""25"":7.10,""75"":44.74}","[0.00,0.00,43.68,0.00,1.99,4.57,0.00,35.53,60.58,0.00,0.00,0.00,0.00,19.23,8.17,0.00,53.27,0.00,0.00,0.00,2.79,110.72,143.99,0.00,0.00,125.00,0.00,0.00,0.00,0.00]","[null,null,21.84,null,1.99,4.57,null,17.77,60.58,null,null,null,null,6.88,8.17,null,26.63,null,null,null,2.79,44.78,72.00,null,null,125.00,null,null,null,null]","{""Monday"":4.57,""Tuesday"":22.02,""Wednesday"":154.42,""Thursday"":204.57,""Friday"":96.95,""Saturday"":0.00,""Sunday"":126.99}","{""Wednesday"":5,""Monday"":4,""Saturday"":4,""Thursday"":5,""Tuesday"":4,""Friday"":4,""Sunday"":4}",121.0,-30.0,0,0.0,"{""No intermediary"":20}","{""No intermediary"":609.52}","{""1"":7,""2"":5,""3"":1,""4"":0,""5-10"":0,"">10"":0}","{""1"":43.24,""2"":57.26,""3"":20.52,""4"":null,""5-10"":null,"">10"":null}","{""<25k"":2,""25-45k"":2,""60-75k"":2,""75-100k"":2,"">150k"":6}","{""<25k"":35.72,""25-45k"":24.48,""60-75k"":16.44,""75-100k"":96.99,"">150k"":76.77}","{""Billings, MT"":5,""Benjamin, UT"":4,""Pocatello, ID"":4,""Meadows, ID"":4,""Cody, WY"":3,""Ballard, UT"":2,""Maeser, UT"":2,""Clark, WY"":2,""Lander, WY"":2}","{""Walmart"":77,""McDonald's"":62,""Maverik"":54,""Exxon Mobil"":54,""Wendy's"":47,""Mobil"":39,""Albertsons"":31,""Taco Bell"":31,""ConocoPhillips"":31,""Ace Hardware"":31,""O'Reilly Auto Parts"":31,""Costco"":31,""Walgreens"":31,""Shell Oil"":31,""Dollar Tree"":31,""Arby's"":31,""Chevron"":24,""7-Eleven"":24,""Pilot Flying J"":24,""Blair's"":24}","{""Amazon"":85,""Sirius XM"":39,""Spotify"":31,""Costa Vida"":31,""Verizon Wireless"":24,""Apple"":24,""Netflix"":24,""Maverik"":24,""Walmart"":16,""Shell"":16,""Google"":16,""Facebook"":16,""AT&T"":16,""Subway"":16,""Etsy"":8,""Little Caesars"":8,""Anytime Fitness"":8,""Menards"":8,""HBO Max"":8,""Ipsy"":8}","{""Exxon Mobil"":54,""Mobil"":39,""ConocoPhillips"":31,""Shell Oil"":31,""Chevron"":24,""Pilot Flying J"":24,""Loaf 'N Jug"":16,""Sinclair Oil"":16,""Phillips 66"":16,""Esso"":8,""TownPump Convenience Stores"":8,""BP"":8,""Holiday Station"":8,""Love's Travel Stops and Country Stores"":8,""Kum & Go"":8,""Gas N Go"":8}","{""Walmart"":54,""Maverik"":39,""Wendy's"":31,""Albertsons"":16,""Walgreens"":16,""Dairy Queen"":16,""McDonald's"":16,""Arby's"":16,""Domino's Pizza"":8,""CARQUEST Auto Parts"":8,""ConocoPhillips"":8,""Ace Hardware"":8,""Sierra"":8,""O'Reilly Auto Parts"":8}","{""Verizon Wireless"":24,""AT&T"":16}","{""Netflix"":24,""Disney Plus"":16,""HBO Max"":8,""Peacock"":8,""Redbox"":8,""Amazon Prime Video"":8}","{""Dashpass"":8,""HelloFresh"":8,""Uber Eats"":8}",{},"{""Afterpay"":8}",{}
174957,zzw-222@5sy-bxt-dqf,SG_BRAND_974825b578ac6df2330cf472fc2d9e57,Tractor Supply Co.,2022-06-01,2022-07-01,7037.93,104,87,40.52,39.82,"{""25"":21.98,""75"":87.34}","[655.70,211.51,423.87,39.57,173.63,1587.30,153.99,58.79,138.83,225.61,212.75,236.31,443.08,60.82,38.76,230.21,0.00,148.47,320.02,22.86,505.26,174.61,77.97,0.00,0.00,16.99,424.38,13.51,343.17,99.96]","[71.59,39.82,33.37,19.79,46.79,31.02,77.00,29.40,32.09,44.71,106.37,68.54,44.07,60.82,38.76,115.10,null,51.30,160.01,22.86,23.91,87.31,77.97,null,null,16.99,50.37,13.51,114.39,99.96]","{""Monday"":2477.62,""Tuesday"":733.58,""Wednesday"":1271.03,""Thursday"":758.48,""Friday"":649.48,""Saturday"":400.79,""Sunday"":746.95}","{""Wednesday"":5,""Monday"":4,""Saturday"":4,""Thursday"":5,""Tuesday"":4,""Friday"":4,""Sunday"":4}",-58.0,97.0,0,0.0,"{""No intermediary"":104}","{""No intermediary"":7037.93}","{""1"":74,""2"":11,""3"":0,""4"":2,""5-10"":0,"">10"":0}","{""1"":56.10,""2"":232.37,""3"":null,""4"":165.22,""5-10"":null,"">10"":null}","{""<25k"":6,""25-45k"":4,""45-60k"":9,""60-75k"":8,""75-100k"":9,""100-150k"":19,"">150k"":25}","{""<25k"":82.34,""25-45k"":52.09,""45-60k"":56.07,""60-75k"":85.26,""75-100k"":37.63,""100-150k"":60.84,"">150k"":123.69}","{""Cody, WY"":10,""Harvey, LA"":6,""Waynesville, MO"":5,""Comins, MI"":3,""Clovis, NM"":3,""Dacula, GA"":3,""Garden Grove, CA"":3,""Hardwick, GA"":3,""Wake Forest, NC"":3,""Bloomfield Hills, MI"":3,""Whigham, GA"":2,""Lovell, WY"":2,""Pittsfield, MA"":2,""Orangevale, CA"":2,""Clover, SC"":2,""Chandler, AZ"":2,""Seeley, CA"":2,""Lima, OH"":2,""Houston, AK"":2,""Benson, AZ"":2,""Grand Forks, ND"":2,""South Ogden, UT"":2,""Folsom, CA"":2,""Winston Salem, NC"":2,""Crestview, FL"":2,""Spring, TX"":2,""Kanab, UT"":2,""Bangor, AL"":2,""Clark, WY"":2,""Macon, GA"":2,""Dyersburg, TN"":2,""Ahuimanu, HI"":2,""Evergreen, CO"":2,""Orlando, FL"":2,""Colorado Springs, CO"":2,""Metairie, LA"":2,""Lebanon, VA"":2,""Newbury Park, CA"":2,""Idaho Falls, ID"":2,""Greeley, CO"":2}","{""Walmart"":91,""McDonald's"":56,""Wendy's"":38,""Lowe's"":36,""Dollar General"":34,""Albertsons"":32,""BP"":29,""Walgreens"":29,""Chick-fil-A"":28,""Kroger"":27,""Starbucks"":27,""Maverik"":27,""Circle K"":26,""Ace Hardware"":25,""Pilot Flying J"":25,""Exxon Mobil"":25,""Chevron"":23,""Love's Travel Stops and Country Stores"":23,""Kroger Fuel Center"":22,""Sam's Club"":22}","{""Amazon"":56,""Apple"":41,""Netflix"":38,""Amazon Marketplace"":34,""Amazon Digital Services"":26,""AT&T"":23,""Walmart"":21,""Verizon Wireless"":17,""Hulu"":17,""Planet Fitness"":12,""Audible"":11,""Lowe's"":10,""Spotify"":10,""Etsy"":9,""Sirius XM"":9,""Chewy"":7,""Uber Eats"":7,""Belk"":6,""Target"":6,""Dish Network"":6}","{""Lowe's"":41,""Ace Hardware"":26,""Harbor Freight Tools"":14,""The Home Depot"":13,""Menard's"":5,""True Value Hardware"":4,""Sherwin-Williams"":3,""Homebase"":2}","{""Walmart"":46,""Albertsons"":29,""Ace Hardware"":12,""Walgreens"":12,""Wendy's"":11,""Maverik"":11,""McDonald's"":11,""Dairy Queen"":10,""Dollar Tree"":9,""Sierra"":7,""Domino's Pizza"":5,""Arby's"":5,""CARQUEST Auto Parts"":4,""Boot Barn"":4,""O'Reilly Auto Parts"":4,""Burger King"":4,""Papa Murphy's"":3,""Cellular Plus"":3,""The UPS Store"":3,""United States Postal Service (USPS)"":3}","{""Verizon Wireless"":36,""AT&T"":26,""Straight Talk"":5,""T-Mobile"":4,""Disney Mobile"":3,""TracFone Wireless"":3,""Sprint"":3,""Cricket Wireless"":2,""MetroPCS"":2}","{""Netflix"":38,""Hulu"":17,""Disney Plus"":12,""Dish Network"":6,""Amazon Prime Video"":6,""Roku"":3,""YouTube TV"":3,""Fubo"":3,""Youtube"":3,""Peacock"":3,""Starz"":3,""Sling TV"":2,""Crunchyroll"":2,""Redbox"":2,""Amazon Prime"":2,""DirecTV"":2}","{""Uber Eats"":7,""Dashpass"":5,""DoorDash"":4,""Grubhub"":3,""Instacart"":3,""Go Puff"":3}","{""Uber"":3}","{""Affirm.com"":4,""Klarna"":4,""Sezzle"":2}","{""Apple Card"":6,""PayPal"":2,""Apple Cash"":2}"
174969,222-223@5sy-bxt-f75,SG_BRAND_920b907c29fe21f628faec927628d5f3,SmartStyle Family Hair Salons,2022-06-01,2022-07-01,56.26,3,3,22.97,22.97,"{""25"":8.32,""75"":24.97}","[0.00,0.00,0.00,22.97,0.00,0.00,0.00,8.32,0.00,24.97,0.00,0.00,0.00,0.00,0.00,0.00,0.00,0.00,0.00,0.00,0.00,0.00,0.00,0.00,0.00,0.00,0.00,0.00,0.00,0.00]","[null,null,null,22.97,null,null,null,8.32,null,24.97,null,null,null,null,null,null,null,null,null,null,null,null,null,null,null,null,null,null,null,null]","{""Monday"":0.00,""Tuesday"":0.00,""Wednesday"":8.32,""Thursday"":0.00,""Friday"":24.97,""Saturday"":22.97,""Sunday"":0.00}","{""Wednesday"":5,""Monday"":4,""Saturday"":4,""Thursday"":5,""Tuesday"":4,""Friday"":4,""Sunday"":4}",,-35.0,0,0.0,"{""No intermediary"":3}","{""No intermediary"":56.26}","{""1"":3,""2"":0,""3"":0,""4"":0,""5-10"":0,"">10"":0}","{""1"":18.75,""2"":null,""3"":null,""4"":null,""5-10"":null,"">10"":null}","{""45-60k"":2,""100-150k"":2,"">150k"":2}","{""45-60k"":22.97,""100-150k"":24.97,"">150k"":8.32}","{""Clark, WY"":6,""Orangevale, CA"":2,""Fernald, OH"":2}","{""Walmart"":100,""Maverik"":67,""Arby's"":67,""Petco"":34,""Hallmark Cards"":34,""Vasa Fitness"":34,""Target"":34,""Grease Monkey"":34,""Kroger"":34,""Lowe's"":34,""MOD Pizza"":34,""Taco John's"":34,""WinCo Foods"":34,""T.J. Maxx"":34,""The Home Depot"":34,""Defense Commissary Agency (DeCA)"":34,""Snappy Tomato Pizza"":34,""Dollar General"":34,""Kroger Fuel Center"":34,""UDF (United Dairy Farmers)"":34}","{""The Home Depot"":67,""Apple"":67,""Walmart"":34,""Verizon Wireless"":34,""Uber"":34,""Amazon"":34,""Sirius XM"":34,""Barnes & Noble"":34,""Dish Network"":34,""Jamba Juice"":34,""Netflix"":34,""Zappos"":34,""Spotify"":34,""Amazon Digital Services"":34,""SP+ Parking"":34,""Best Buy"":34,""AT&T"":34,""Comcast"":34,""Cinemark Theatres"":34,""Express Scripts"":34}",{},"{""Arby's"":67,""Walmart"":67,""Sierra"":34,""Dollar Tree"":34}","{""AT&T"":34,""Verizon Wireless"":34}","{""Peacock"":34,""Netflix"":34,""Dish Network"":34}",{},"{""Uber"":34}",{},{}
174997,227-222@5sy-bzg-qvf,,,2022-06-01,2022-07-01,99.7,2,2,49.85,49.85,"{""25"":7.20,""75"":92.50}","[0.00,0.00,0.00,0.00,0.00,0.00,0.00,0.00,0.00,0.00,0.00,0.00,0.00,0.00,92.50,0.00,0.00,0.00,0.00,0.00,0.00,7.20,0.00,0.00,0.00,0.00,0.00,0.00,0.00,0.00]","[null,null,null,null,null,null,null,null,null,null,null,null,null,null,92.50,null,null,null,null,null,null,7.20,null,null,null,null,null,null,null,null]","{""Monday"":0.00,""Tuesday"":0.00,""Wednesday"":99.70,""Thursday"":0.00,""Friday"":0.00,""Saturday"":0.00,""Sunday"":0.00}","{""Wednesday"":5,""Monday"":4,""Saturday"":4,""Thursday"":5,""Tuesday"":4,""Friday"":4,""Sunday"":4}",,-93.0,0,0.0,"{""No intermediary"":2}","{""No intermediary"":99.70}","{""1"":2,""2"":0,""3"":0,""4"":0,""5-10"":0,"">10"":0}","{""1"":49.85,""2"":null,""3"":null,""4"":null,""5-10"":null,"">10"":null}","{""25-45k"":2,"">150k"":2}","{""25-45k"":7.20,"">150k"":92.50}","{""Cody, WY"":4}","{""Walmart"":100,""Bomgaars"":100,""ConocoPhillips"":100,""Sierra"":100,""Walgreens"":100,""Target"":50,""Fairfield Inn & Suites by Marriott"":50,""Papa Murphy's"":50,""Albertsons"":50,""Domino's Pizza"":50,""Taco Bell"":50,""WinCo Foods"":50,""Hobby Lobby Stores"":50,""Ace Hardware"":50,""Wrangler Jeans Co."":50,""Maverik"":50,""Panera Bread"":50,""Dairy Queen"":50,""McDonald's"":50,""Salomon"":50}","{""Amazon"":100,""Verizon Wireless"":50,""Sirius XM"":50,""Peloton Cycles"":50,""Poshmark"":50,""Apple"":50,""Netflix"":50,""eBay"":50,""Costco"":50,""Google Storage"":50,""Amazon Digital Services"":50,""Spectrum"":50,""Eddie Bauer"":50}",{},"{""Walmart"":100,""Sierra"":100,""Walgreens"":100,""Papa Murphy's"":50,""Albertsons"":50,""Domino's Pizza"":50,""Ace Hardware"":50,""Maverik"":50,""Dairy Queen"":50}","{""Verizon Wireless"":50}","{""Peacock"":50,""Netflix"":50}",{},{},{},{}
175039,226-222@5sy-bzg-pd9,SG_BRAND_2a27c695480ef50e,Smoker Friendly,2022-07-01,2022-08-01,910.13,26,19,28.54,34.98,"{""25"":17.43,""75"":53.46}","[0.00,0.00,45.93,0.00,105.62,0.00,0.00,0.00,0.00,0.00,9.55,68.20,15.15,0.00,0.00,0.00,0.00,178.51,0.00,135.36,30.07,68.10,0.00,0.00,0.00,80.70,0.00,0.00,141.31,0.00,31.63]","[null,null,45.93,null,52.81,null,null,null,null,null,9.55,34.10,7.57,null,null,null,null,57.34,null,23.15,4.54,34.05,null,null,null,18.71,null,null,70.66,null,31.63]","{""Monday"":188.06,""Tuesday"":254.52,""Wednesday"":150.51,""Thursday"":30.07,""Friday"":209.41,""Saturday"":0.00,""Sunday"":77.56}","{""Wednesday"":4,""Monday"":4,""Saturday"":5,""Thursday"":4,""Tuesday"":4,""Friday"":5,""Sunday"":5}",7.0,-27.0,0,0.0,"{""No intermediary"":26}","{""No intermediary"":910.13}","{""1"":15,""2"":3,""3"":0,""4"":0,""5-10"":1,"">10"":0}","{""1"":34.85,""2"":38.21,""3"":null,""4"":null,""5-10"":272.80,"">10"":null}","{""<25k"":2,""25-45k"":2,""45-60k"":8,""75-100k"":5,""100-150k"":2,"">150k"":4}","{""<25k"":146.90,""25-45k"":30.56,""45-60k"":41.54,""75-100k"":43.50,""100-150k"":20.86,"">150k"":33.10}","{""Cody, WY"":6,""Scottsdale, AZ"":4,""Thermopolis, WY"":3,""Grayling, MT"":2,""Salt Lake City, UT"":2,""Prince Frederick, MD"":2,""Santa Fe, NM"":2,""Oak Harbor, WA"":2,""West Des Moines, IA"":2,""Bates City, MO"":2,""Paso Robles, CA"":2,""Henderson, NV"":2}","{""Walmart"":69,""McDonald's"":58,""Maverik"":53,""Albertsons"":43,""Chevron"":37,""Shell Oil"":37,""Safeway"":32,""7-Eleven"":32,""Wendy's"":32,""ConocoPhillips"":32,""Pilot Flying J"":32,""Kum & Go"":27,""Verizon Wireless"":22,""United States Postal Service (USPS)"":22,""Exxon Mobil"":22,""Subway"":22,""Arby's"":22,""Big D"":16,""Target"":16,""Casey's General Stores"":16}","{""Apple"":58,""Amazon"":53,""Netflix"":43,""Comcast"":32,""Amazon Marketplace"":32,""Dashpass"":27,""Hulu"":27,""Lowe's"":22,""Spotify"":22,""Planet Fitness"":16,""Sirius XM"":16,""Amazon Digital Services"":16,""Target"":11,""Klarna"":11,""Hy-Vee"":11,""Maverik"":11,""Microsoft"":11,""Microsoft Ultimate"":11,""Little Caesars"":6,""Lyft"":6}","{""Petco"":6,""Duluth Trading"":6}","{""Walmart"":37,""Albertsons"":27,""Wendy's"":22,""McDonald's"":16,""ConocoPhillips"":11,""Dairy Queen"":11,""Tractor Supply Co."":11,""Arby's"":11,""Bomgaars"":6,""Taco John's"":6,""Holiday Inn"":6,""Ace Hardware"":6,""Sierra"":6,""Walgreens"":6,""Burger King"":6,""Subway"":6}","{""Verizon Wireless"":27,""AT&T"":6,""T-Mobile"":6}","{""Netflix"":43,""Hulu"":27,""Funimation"":6,""DirecTV"":6,""Amazon Prime Video"":6}","{""Dashpass"":27}","{""Lyft"":6,""Uber"":6}","{""Klarna"":11}",{}
175101,zzw-222@5sy-bzg-pd9,,,2022-07-01,2022-08-01,298.59,20,11,15.99,27.79,"{""25"":8.68,""75"":21.51}","[97.00,17.16,0.00,0.00,0.00,0.00,0.00,0.00,0.00,0.00,0.00,0.00,17.36,0.00,0.00,0.00,0.00,41.94,0.00,0.00,43.40,32.98,11.35,0.00,0.00,0.00,0.00,37.40,0.00,0.00,0.00]","[20.94,17.16,null,null,null,null,null,null,null,null,null,null,8.68,null,null,null,null,10.49,null,null,21.70,16.49,11.35,null,null,null,null,18.70,null,null,null]","{""Monday"":41.94,""Tuesday"":0.00,""Wednesday"":17.36,""Thursday"":80.80,""Friday"":129.98,""Saturday"":28.51,""Sunday"":0.00}","{""Wednesday"":4,""Monday"":4,""Saturday"":5,""Thursday"":4,""Tuesday"":4,""Friday"":5,""Sunday"":5}",65.0,-50.0,0,0.0,"{""No intermediary"":20}","{""No intermediary"":298.59}","{""1"":3,""2"":7,""3"":1,""4"":0,""5-10"":0,"">10"":0}","{""1"":18.19,""2"":28.53,""3"":44.33,""4"":null,""5-10"":null,"">10"":null}","{""<25k"":2,""25-45k"":3,""45-60k"":2,""60-75k"":2,""75-100k"":2,"">150k"":4}","{""<25k"":30.96,""25-45k"":11.24,""45-60k"":17.16,""60-75k"":41.88,""75-100k"":44.33,"">150k"":32.63}","{""Port Townsend, WA"":4,""Raleigh, NC"":2,""Morrisville, NC"":2,""Houston, TX"":2,""Cody, WY"":2,""Cockeysville, MD"":2,""Angier, NC"":2,""Santiago, MN"":2}","{""Walmart"":91,""Starbucks"":55,""Albertsons"":46,""Maverik"":46,""McDonald's"":46,""Target"":37,""Verizon Wireless"":37,""Costco"":28,""CVS"":28,""Loaf 'N Jug"":19,""Bomgaars"":19,""Taco Bell"":19,""Lowe's"":19,""Taco John's"":19,""Speedway"":19,""7-Eleven"":19,""Wingstop"":19,""Circle K"":19,""Sierra"":19,""World Market"":19}","{""Amazon"":64,""Apple"":55,""Netflix"":46,""Amazon Marketplace"":46,""Spotify"":37,""Uber"":19,""Lowe's"":19,""Macy's"":19,""Regal Cinemas"":19,""AT&T"":19,""New York Times"":19,""Etsy"":10,""Belk"":10,""ADT Security Services"":10,""Disney Mobile"":10,""Lyft"":10,""Target"":10,""Verizon Wireless"":10,""Nothing Bundt Cakes"":10,""YouTube TV"":10}","{""Starbucks"":55,""McDonald's"":46,""Chick-fil-A"":28,""Taco Bell"":19,""Taco John's"":19,""Wingstop"":19,""Dairy Queen"":19,""Scooter’s Coffee and Yogurt"":19,""Subway"":19,""Rita's Italian Ice"":10,""Sonic"":10,""Schlotzsky's"":10,""Pei Wei Asian Diner"":10,""Chipotle Mexican Grill"":10,""Papa Murphy's"":10,""Auntie Anne's"":10,""The Lost Cajun"":10,""Fresh & Easy"":10,""Olive Garden"":10,""The Cheesecake Factory"":10}","{""Walmart"":64,""Albertsons"":46,""Taco John's"":19,""Sierra"":19,""Maverik"":19,""McDonald's"":19,""Bomgaars"":10,""Wendy's"":10,""ConocoPhillips"":10,""Walgreens"":10,""Dairy Queen"":10,""AutoZone"":10}","{""Verizon Wireless"":46,""AT&T"":19,""Disney Mobile"":10}","{""Netflix"":46,""YouTube TV"":10,""Crunchyroll"":10,""Hulu"":10,""Amazon Prime"":10,""DirecTV"":10,""Amazon Prime Video"":10}","{""Uber Eats"":10}","{""Uber"":19,""Lyft"":10}",{},"{""PayPal"":10}"
175145,zzw-222@5sy-f3z-ch5,,,2022-07-01,2022-08-01,8148.01,28,11,113.3,683.4,"{""25"":81.73,""75"":573.75}","[3060.00,0.00,0.00,382.50,0.00,714.59,99.31,0.00,0.00,0.00,907.80,0.00,0.00,45.02,455.10,227.55,0.00,2085.08,0.00,114.40,0.00,0.00,0.00,0.00,0.00,0.00,0.00,0.00,56.66,0.00,0.00]","[765.00,null,null,382.50,null,357.29,99.31,null,null,null,226.95,null,null,22.51,227.55,227.55,null,98.96,null,114.40,null,null,null,null,null,null,null,null,28.33,null,null]","{""Monday"":3375.38,""Tuesday"":0.00,""Wednesday"":828.99,""Thursday"":144.33,""Friday"":3571.76,""Saturday"":227.55,""Sunday"":0.00}","{""Wednesday"":4,""Monday"":4,""Saturday"":5,""Thursday"":4,""Tuesday"":4,""Friday"":5,""Sunday"":5}",221.0,,2,66.86,"{""Square"":24,""No intermediary"":4}","{""Square"":8036.13,""No intermediary"":111.88}","{""1"":1,""2"":7,""3"":1,""4"":0,""5-10"":2,"">10"":0}","{""1"":382.50,""2"":590.91,""3"":813.90,""4"":null,""5-10"":1407.64,"">10"":null}","{""<25k"":2,""60-75k"":2,""75-100k"":2,""100-150k"":4,"">150k"":3}","{""<25k"":45.02,""60-75k"":66.86,""75-100k"":382.50,""100-150k"":991.95,"">150k"":921.46}","{""Mount Pleasant, WI"":3,""Los Angeles, CA"":2,""Raleigh, NC"":2,""Wichita, KS"":2,""Shreveport, LA"":2,""Caledonia, WI"":2,""Evergreen, CO"":2,""Marshall, TX"":2,""Galveston, TX"":2,""Patterson, IA"":2}","{""Walmart"":82,""Starbucks"":64,""McDonald's"":55,""Verizon Wireless"":46,""Safeway"":46,""Chick-fil-A"":46,""Walgreens"":46,""Pilot Flying J"":46,""Exxon Mobil"":46,""Shell Oil"":46,""Sonic"":37,""Target"":37,""Wendy's"":37,""Maverik"":37,""Dairy Queen"":37,""Raising Cane's"":37,""Dunkin'"":37,""Schlotzsky's"":28,""Trader Joe's"":28,""Kwik Trip"":28}","{""Amazon"":91,""Apple"":64,""Netflix"":46,""Amazon Digital Services"":37,""Uber"":28,""Amazon Prime Video"":28,""Amazon Marketplace"":28,""Etsy"":19,""Lyft"":19,""Target"":19,""Barclaycard US"":19,""Hulu"":19,""Google Storage"":19,""Spotify"":19,""AT&T"":19,""Youtube Premium"":19,""Southwest Airlines"":10,""ADT Security Services"":10,""Dollar Shave Club"":10,""Verizon Wireless"":10}","{""Topgolf"":10}","{""Walmart"":55,""Albertsons"":19,""Wendy's"":19,""Walgreens"":19,""Bomgaars"":10,""Boot Barn"":10,""Maverik"":10,""Arby's"":10}","{""Verizon Wireless"":55,""AT&T"":19}","{""Netflix"":46,""Amazon Prime Video"":28,""Hulu"":19,""Disney Plus"":19,""Youtube Premium"":19,""Dish Network"":10,""Amazon Prime"":10}","{""Uber Eats"":10,""Grubhub"":10}","{""Uber"":28,""Lyft"":19}","{""Affirm.com"":10}","{""Apple Cash"":19}"
175164,22b-222@5sy-bzg-qzz,,,2022-07-01,2022-08-01,700.84,10,7,46.27,58.2,"{""25"":26.50,""75"":139.87}","[0.00,0.00,0.00,0.00,0.00,40.56,0.00,58.20,0.00,0.00,332.78,0.00,0.00,0.00,0.00,0.00,51.97,0.00,0.00,0.00,0.00,0.00,0.00,80.06,0.00,0.00,0.00,0.00,0.00,0.00,137.27]","[null,null,null,null,null,40.56,null,29.10,null,null,83.20,null,null,null,null,null,51.97,null,null,null,null,null,null,80.06,null,null,null,null,null,null,137.27]","{""Monday"":332.78,""Tuesday"":0.00,""Wednesday"":40.56,""Thursday"":0.00,""Friday"":58.20,""Saturday"":0.00,""Sunday"":269.30}","{""Wednesday"":4,""Monday"":4,""Saturday"":5,""Thursday"":4,""Tuesday"":4,""Friday"":5,""Sunday"":5}",-61.0,-13.0,5,373.34,"{""No intermediary"":10}","{""No intermediary"":700.84}","{""1"":4,""2"":3,""3"":0,""4"":0,""5-10"":0,"">10"":0}","{""1"":77.47,""2"":130.33,""3"":null,""4"":null,""5-10"":null,"">10"":null}","{""<25k"":2,""25-45k"":2,""45-60k"":2,""100-150k"":2,"">150k"":2}","{""<25k"":37.42,""25-45k"":58.20,""45-60k"":40.56,""100-150k"":187.71,"">150k"":51.97}","{""Roy, UT"":2,""Minetto, NY"":2,""Taylorsville, UT"":2,""Benjamin, UT"":2,""Thatcher, AZ"":2,""Emigrant, MT"":2}","{""Walmart"":86,""Verizon Wireless"":43,""Maverik"":43,""Target"":29,""Chevron"":29,""Albertsons"":29,""Wendy's"":29,""Mobil"":29,""Harmons"":29,""Exxon Mobil"":29,""IHOP"":15,""Little Caesars"":15,""Vasa Fitness"":15,""ULTA Beauty"":15,""Sprouts Farmers Market"":15,""Precious Moments"":15,""Scheels"":15,""Domino's Pizza"":15,""WinCo Foods"":15,""The Home Depot"":15}","{""Amazon"":58,""Apple"":43,""Spotify"":43,""Walmart"":29,""C-a-l Ranch Stores"":29,""Maverik"":29,""Hulu"":29,""Advance Auto Parts"":15,""Papa Murphy's"":15,""Chevron"":15,""Steam"":15,""Expedia"":15,""Klarna"":15,""ConocoPhillips"":15,""Netflix"":15,""O'Reilly Auto Parts"":15,""Costco"":15,""Chick-fil-A"":15,""Google Storage"":15,""Amazon Digital Services"":15}","{""Buckle"":15,""Express"":15}","{""Walmart"":86,""Albertsons"":29,""Domino's Pizza"":15,""ConocoPhillips"":15,""Maverik"":15,""Walgreens"":15,""Good 2 Go Stores"":15}","{""Verizon Wireless"":43,""AT&T"":15,""T-Mobile"":15}","{""Hulu"":29,""Disney Plus"":15,""Netflix"":15,""Youtube Premium"":15}",{},{},"{""Klarna"":15}",{}
175180,zzw-225@5sy-bxw-3kf,SG_BRAND_0042ddcf1dfda78309cac2609a8e56e0,Ace Hardware,2022-07-01,2022-08-01,6162.99,135,82,25.82,32.29,"{""25"":12.85,""75"":53.52}","[265.96,207.54,0.00,0.00,463.33,30.60,99.30,20.70,131.70,616.77,549.27,118.16,58.19,272.55,23.94,274.51,30.32,201.68,393.21,255.18,192.46,422.93,83.76,4.45,358.74,607.24,151.28,77.54,132.88,118.80,0.00]","[23.55,103.77,null,null,25.98,15.30,20.79,10.35,65.85,308.39,30.03,53.52,29.10,40.74,5.80,137.26,15.16,31.19,26.38,40.97,39.88,46.38,22.88,4.45,20.79,105.40,24.50,21.53,20.35,13.05,null]","{""Monday"":1109.69,""Tuesday"":1581.94,""Wednesday"":495.25,""Thursday"":641.85,""Friday"":866.41,""Saturday"":816.31,""Sunday"":651.54}","{""Wednesday"":4,""Monday"":4,""Saturday"":5,""Thursday"":4,""Tuesday"":4,""Friday"":5,""Sunday"":5}",-23.0,55.0,1,9.97,"{""No intermediary"":135}","{""No intermediary"":6162.99}","{""1"":50,""2"":19,""3"":9,""4"":1,""5-10"":3,"">10"":0}","{""1"":42.84,""2"":111.37,""3"":127.79,""4"":144.68,""5-10"":203.41,"">10"":null}","{""<25k"":4,""25-45k"":7,""45-60k"":9,""60-75k"":6,""75-100k"":8,""100-150k"":16,"">150k"":27}","{""<25k"":25.79,""25-45k"":62.37,""45-60k"":61.38,""60-75k"":38.24,""75-100k"":99.65,""100-150k"":123.68,"">150k"":71.11}","{""Cody, WY"":42,""Emigrant, MT"":5,""Minneapolis, MN"":4,""Clark, WY"":4,""Troy, MN"":3,""Port Hueneme, CA"":3,""Billings, MT"":3,""Lovell, WY"":2,""Wilson, NC"":2,""Terrebonne, OR"":2,""Houston, TX"":2,""Devon, KY"":2,""Hillsboro, OR"":2,""Missoula, MT"":2,""Omaha, NE"":2,""Novato, CA"":2,""Valrico, FL"":2,""Farmington, UT"":2,""Pajaro, CA"":2,""Charleston, NV"":2,""Yankton, SD"":2,""Charleston, UT"":2,""Encampment, WY"":2,""Austin, TX"":2,""Wake Forest, NC"":2}","{""Walmart"":91,""Albertsons"":69,""Maverik"":52,""Bomgaars"":48,""McDonald's"":40,""Exxon Mobil"":36,""Verizon Wireless"":31,""ConocoPhillips"":31,""Tractor Supply Co."":30,""Costco"":25,""Walgreens"":25,""Dairy Queen"":24,""Wendy's"":22,""Taco John's"":21,""Target"":15,""Sierra"":15,""Subway"":15,""Arby's"":15,""Burger King"":14,""Taco Bell"":13}","{""Amazon"":60,""Netflix"":37,""Apple"":35,""Amazon Marketplace"":32,""Amazon Digital Services"":20,""Maverik"":19,""Walmart"":18,""Hulu"":15,""Spotify"":14,""Audible"":13,""Verizon Wireless"":11,""Sirius XM"":11,""AT&T"":10,""Amazon Prime Video"":10,""Etsy"":9,""Chewy"":8,""Google"":8,""Amazon Kindle"":8,""Google Storage"":7,""Pizza Hut"":7}","{""Tractor Supply Co."":30,""The Home Depot"":15,""Lowe's"":9,""Harbor Freight Tools"":7,""Sherwin-Williams"":3,""Renewal By Anderson"":2}","{""Walmart"":77,""Albertsons"":66,""Maverik"":22,""McDonald's"":22,""Bomgaars"":21,""Taco John's"":19,""Dairy Queen"":19,""Wendy's"":18,""Sierra"":15,""ConocoPhillips"":14,""Tractor Supply Co."":14,""Walgreens"":13,""Arby's"":11,""Burger King"":10,""Domino's Pizza"":9,""Subway"":9,""Boot Barn"":5,""United States Postal Service (USPS)"":5,""AutoZone"":5,""The UPS Store"":4}","{""Verizon Wireless"":42,""AT&T"":16,""Google Fi"":2,""Straight Talk"":2,""Sprint"":2,""T-Mobile"":2}","{""Netflix"":37,""Hulu"":15,""Amazon Prime Video"":10,""Disney Plus"":8,""Youtube"":5,""Redbox"":5,""Youtube Premium"":5,""YouTube TV"":4,""Dish Network"":4,""Peacock"":4,""Amazon Prime"":3,""Starz"":3,""Fubo"":2,""Funimation"":2,""Vudu"":2,""DirecTV"":2}","{""HelloFresh"":3}","{""Uber"":4,""Lyft"":2}","{""Affirm.com"":2,""Klarna"":2}","{""PayPal"":2,""Apple Card"":2}"
175228,222-222@5sy-f2w-q9f,,,2022-07-01,2022-08-01,286.01,17,8,12.55,39.73,"{""25"":8.44,""75"":16.49}","[0.00,0.00,10.90,0.00,50.20,0.00,0.00,0.00,6.57,0.00,0.00,0.00,0.00,0.00,33.76,17.39,67.35,31.18,0.00,6.30,0.00,0.00,0.00,0.00,62.36,0.00,0.00,0.00,0.00,0.00,0.00]","[null,null,10.90,null,12.55,null,null,null,6.57,null,null,null,null,null,8.44,17.39,67.35,15.59,null,6.30,null,null,null,null,31.18,null,null,null,null,null,null]","{""Monday"":93.54,""Tuesday"":50.20,""Wednesday"":6.30,""Thursday"":0.00,""Friday"":33.76,""Saturday"":23.96,""Sunday"":78.25}","{""Wednesday"":4,""Monday"":4,""Saturday"":5,""Thursday"":4,""Tuesday"":4,""Friday"":5,""Sunday"":5}",251.0,205.0,0,0.0,"{""No intermediary"":17}","{""No intermediary"":286.01}","{""1"":4,""2"":1,""3"":1,""4"":2,""5-10"":0,"">10"":0}","{""1"":25.55,""2"":62.36,""3"":37.48,""4"":41.98,""5-10"":null,"">10"":null}","{""<25k"":2,""25-45k"":2,""60-75k"":2,""75-100k"":2,""100-150k"":2,"">150k"":2}","{""<25k"":41.98,""25-45k"":17.39,""60-75k"":39.13,""75-100k"":62.36,""100-150k"":41.98,"">150k"":37.48}","{""Etna, ME"":4,""Salt Lake City, UT"":2,""Gainesville, FL"":2,""Phoenix, AZ"":2,""Cody, WY"":2,""Denver, CO"":2,""Nampa, ID"":2}","{""Walmart"":75,""McDonald's"":75,""Chevron"":63,""Walgreens"":63,""Shell Oil"":63,""Albertsons"":50,""Target"":38,""The Home Depot"":38,""Starbucks"":38,""Smith's Food & Drug Stores"":38,""Maverik"":38,""Costco"":38,""Trader Joe's"":25,""Verizon Wireless"":25,""Sprouts Farmers Market"":25,""Domino's Pizza"":25,""Taco Bell"":25,""KFC"":25,""Safeway"":25,""7-Eleven"":25}","{""Amazon"":75,""Apple"":38,""Expedia"":25,""Maverik"":25,""Amazon Digital Services"":25,""AutoZone"":25,""Etsy"":13,""Belk"":13,""Walmart"":13,""ADT Security Services"":13,""Verizon Wireless"":13,""Chipotle Mexican Grill"":13,""Uber"":13,""Nintendo"":13,""Domino's Pizza"":13,""Peloton Cycles"":13,""Youtube"":13,""7-Eleven"":13,""El Pollo Loco"":13,""AMC Theatres"":13}","{""Jiffy Lube"":13}","{""Walmart"":50,""Albertsons"":38,""Sierra"":25,""Walgreens"":25,""Wendy's"":13}","{""Verizon Wireless"":38,""T-Mobile"":25,""Sprint"":13,""AT&T"":13}","{""Hulu"":13,""Peacock"":13,""Youtube"":13,""Netflix"":13}",{},"{""Uber"":13}","{""Afterpay"":13,""Klarna"":13}","{""Apple Card"":13}"
175240,zzw-222@5sy-bxw-2ff,SG_BRAND_145c1489fa573d560d97e55303667793,Bomgaars,2022-07-01,2022-08-01,15133.72,270,184,38.68,50.63,"{""25"":18.57,""75"":73.95}","[521.83,850.78,318.23,36.00,777.22,456.65,124.82,305.32,514.68,446.09,871.90,138.56,345.36,384.84,766.42,425.98,457.30,997.66,485.97,203.31,793.90,870.99,400.08,651.44,793.40,409.28,184.36,312.58,842.25,90.68,355.84]","[46.44,13.89,23.69,14.28,27.69,36.96,36.04,28.13,81.06,29.95,60.40,42.89,61.85,47.07,47.06,98.00,66.52,33.66,76.38,23.53,43.46,71.14,57.80,40.41,26.84,36.51,15.57,34.73,38.17,45.34,55.62]","{""Monday"":2698.96,""Tuesday"":1811.03,""Wednesday"":1189.68,""Thursday"":1616.14,""Friday"":3306.81,""Saturday"":2282.20,""Sunday"":2228.90}","{""Wednesday"":4,""Monday"":4,""Saturday"":5,""Thursday"":4,""Tuesday"":4,""Friday"":5,""Sunday"":5}",-20.0,,0,0.0,"{""No intermediary"":270}","{""No intermediary"":15133.72}","{""1"":134,""2"":33,""3"":8,""4"":4,""5-10"":5,"">10"":0}","{""1"":48.89,""2"":118.99,""3"":260.45,""4"":288.42,""5-10"":283.63,"">10"":null}","{""<25k"":6,""25-45k"":14,""45-60k"":28,""60-75k"":15,""75-100k"":35,""100-150k"":46,"">150k"":34}","{""<25k"":40.99,""25-45k"":51.15,""45-60k"":59.82,""60-75k"":96.41,""75-100k"":57.08,""100-150k"":81.37,"">150k"":135.86}","{""Boone, IA"":34,""Cody, WY"":31,""Ames, IA"":15,""Luther, IA"":13,""Des Moines, IA"":7,""Grimes, IA"":6,""Beaver, IA"":5,""Stillwater, OK"":4,""Emigrant, MT"":4,""Sheldahl, IA"":3,""Greybull, WY"":3,""Cooper, IA"":3,""Indianola, IA"":3,""Allison, IA"":2,""Colfax, IA"":2,""Storm Lake, IA"":2,""Altoona, IA"":2,""Alleman, IA"":2,""Terrebonne, OR"":2,""Cedar Rapids, IA"":2,""Waco, TX"":2,""Williston, ND"":2,""Amana, IA"":2,""Vacaville, CA"":2,""Blackfoot, ID"":2,""Meeteetse, WY"":2,""Johnston, IA"":2,""Shreveport, LA"":2,""Benson, AZ"":2,""Avondale, AZ"":2,""Golden, CO"":2,""Coalville, IA"":2,""West Des Moines, IA"":2,""Monteith, IA"":2,""Clark, WY"":2,""Ankeny, IA"":2,""Almy, WY"":2,""Jacksonville, AR"":2,""Waukee, IA"":2,""Billings, MT"":2,""Fairview Heights, IL"":2,""Woodward, IA"":2,""Mankato, MN"":2,""Acme, WY"":2,""Huxley, IA"":2,""Berkley, IA"":2,""River Falls, WI"":2,""Beaverton, OR"":2,""Fairport, IA"":2,""Wake Forest, NC"":2}","{""Walmart"":91,""Casey's General Stores"":69,""McDonald's"":61,""Hy-Vee"":59,""Kwik Trip"":37,""Fareway Stores"":37,""Subway"":36,""Walgreens"":33,""Target"":32,""Verizon Wireless"":30,""Menard's"":30,""Taco John's"":28,""Ace Hardware"":26,""Dairy Queen"":26,""Dollar General"":25,""Sam's Club"":25,""Kum & Go"":22,""Lowe's"":21,""Albertsons"":21,""Wendy's"":21}","{""Amazon"":58,""Amazon Marketplace"":55,""Apple"":37,""Netflix"":31,""Hulu"":20,""Walmart"":18,""Amazon Prime Video"":17,""Sirius XM"":16,""Amazon Digital Services"":16,""Spotify"":15,""Verizon Wireless"":12,""MediaCom"":10,""Audible"":9,""Target"":9,""Sam's Club"":8,""Google"":8,""AT&T"":6,""Etsy"":6,""LevelUp"":6,""eBay"":6}","{""Kohl's"":10,""T.J. Maxx"":5,""JCPenney"":3,""Ross Stores"":3,""Dillard's"":2,""Macy's"":2,""Neiman Marcus"":1,""Saks Off Fifth"":1,""Bi-Mart"":1}","{""Walmart"":22,""Albertsons"":20,""Wendy's"":12,""McDonald's"":10,""Ace Hardware"":10,""Taco John's"":9,""Dairy Queen"":9,""Domino's Pizza"":7,""ConocoPhillips"":7,""Arby's"":7,""Sierra"":5,""Burger King"":5,""Maverik"":4,""Subway"":4,""AutoZone"":3,""The UPS Store"":2,""Boot Barn"":2,""Pizza Hut"":2,""Smoker Friendly"":1,""Anytime Fitness"":1}","{""Verizon Wireless"":42,""AT&T"":10,""U.S. Cellular"":6,""Cricket Wireless"":3,""Straight Talk"":3,""T-Mobile"":2,""Google Fi"":1,""Disney Mobile"":1,""Boost Mobile"":1,""Sprint"":1}","{""Netflix"":31,""Hulu"":20,""Amazon Prime Video"":17,""Disney Plus"":10,""Dish Network"":5,""YouTube TV"":4,""Redbox"":4,""Peacock"":3,""Roku"":3,""Fubo"":2,""Youtube"":2,""Vudu"":2,""Starz"":2,""DirecTV"":2,""Sling TV"":1,""Youtube Premium"":1}","{""DoorDash"":3,""Dashpass"":2,""HelloFresh"":1,""Postmates"":1,""Instacart"":1}","{""Uber"":4,""Lyft"":2}","{""Affirm.com"":4,""Klarna"":4,""Afterpay"":2}","{""Apple Card"":4,""PayPal"":1,""Venmo"":1}"
175269,222-222@5sy-bzg-4jv,,,2022-07-01,2022-08-01,132.0,4,2,33.0,66.0,"{""25"":23.00,""75"":43.00}","[0.00,0.00,0.00,0.00,0.00,0.00,0.00,46.00,0.00,0.00,0.00,0.00,0.00,0.00,0.00,0.00,0.00,86.00,0.00,0.00,0.00,0.00,0.00,0.00,0.00,0.00,0.00,0.00,0.00,0.00,0.00]","[null,null,null,null,null,null,null,23.00,null,null,null,null,null,null,null,null,null,43.00,null,null,null,null,null,null,null,null,null,null,null,null,null]","{""Monday"":86.00,""Tuesday"":0.00,""Wednesday"":0.00,""Thursday"":0.00,""Friday"":46.00,""Saturday"":0.00,""Sunday"":0.00}","{""Wednesday"":4,""Monday"":4,""Saturday"":5,""Thursday"":4,""Tuesday"":4,""Friday"":5,""Sunday"":5}",,,0,0.0,"{""No intermediary"":4}","{""No intermediary"":132.00}","{""1"":0,""2"":2,""3"":0,""4"":0,""5-10"":0,"">10"":0}","{""1"":null,""2"":66.00,""3"":null,""4"":null,""5-10"":null,"">10"":null}","{""75-100k"":2,"">150k"":2}","{""75-100k"":46.00,"">150k"":86.00}","{""Cottonwood, SD"":4,""Henderson, NV"":2}","{""Walmart"":50,""Target"":50,""TownPump Convenience Stores"":50,""CosmoProf"":50,""Albertsons"":50,""maurices"":50,""Scheels"":50,""Taco John's"":50,""WinCo Foods"":50,""T.J. Maxx"":50,""The Home Depot"":50,""Hobby Lobby Stores"":50,""North 40 Outfitters"":50,""Macy's"":50,""Ace Hardware"":50,""Sierra"":50,""Love's Travel Stops and Country Stores"":50,""Smith's Food & Drug Stores"":50,""Maverik"":50,""AMC Entertainment"":50}","{""Target"":50,""Planet Fitness"":50,""Amazon"":50,""AMC Theatres"":50,""Netflix"":50,""Amazon Prime Video"":50}",{},"{""Walmart"":50,""Albertsons"":50,""maurices"":50,""Sierra"":50,""Dairy Queen"":50,""AutoZone"":50}","{""AT&T"":50}","{""Amazon Prime Video"":50,""Netflix"":50}",{},{},{},{}
175306,222-223@5sy-bxt-f75,SG_BRAND_920b907c29fe21f628faec927628d5f3,SmartStyle Family Hair Salons,2022-07-01,2022-08-01,74.91,3,3,24.97,24.97,"{""25"":24.97,""75"":24.97}","[0.00,24.97,0.00,0.00,24.97,0.00,0.00,24.97,0.00,0.00,0.00,0.00,0.00,0.00,0.00,0.00,0.00,0.00,0.00,0.00,0.00,0.00,0.00,0.00,0.00,0.00,0.00,0.00,0.00,0.00,0.00]","[null,24.97,null,null,24.97,null,null,24.97,null,null,null,null,null,null,null,null,null,null,null,null,null,null,null,null,null,null,null,null,null,null,null]","{""Monday"":0.00,""Tuesday"":24.97,""Wednesday"":0.00,""Thursday"":0.00,""Friday"":24.97,""Saturday"":24.97,""Sunday"":0.00}","{""Wednesday"":4,""Monday"":4,""Saturday"":5,""Thursday"":4,""Tuesday"":4,""Friday"":5,""Sunday"":5}",33.0,-20.0,0,0.0,"{""No intermediary"":3}","{""No intermediary"":74.91}","{""1"":3,""2"":0,""3"":0,""4"":0,""5-10"":0,"">10"":0}","{""1"":24.97,""2"":null,""3"":null,""4"":null,""5-10"":null,"">10"":null}","{""25-45k"":3,""100-150k"":2}","{""25-45k"":24.97,""100-150k"":24.97}","{""Bozeman, MT"":2,""Cody, WY"":2}","{""Walmart"":100,""Verizon Wireless"":67,""Albertsons"":67,""Dairy Queen"":67,""McDonald's"":67,""Sonic"":34,""Olive Garden"":34,""Brookshire's Grocery Company"":34,""Bomgaars"":34,""Taco John's"":34,""KFC"":34,""PetSmart"":34,""Starbucks"":34,""Bubba's 33"":34,""Mobil"":34,""Maverik"":34,""O'Reilly Auto Parts"":34,""Walgreens"":34,""Murdoch's Ranch & Home Supply"":34,""Tractor Supply Co."":34}","{""Amazon Digital Services"":34,""Verizon Wireless"":34,""Maverik"":34}",{},"{""Walmart"":100,""Albertsons"":67,""Dairy Queen"":67,""Taco John's"":34,""Maverik"":34,""O'Reilly Auto Parts"":34,""Walgreens"":34,""McDonald's"":34,""Tractor Supply Co."":34,""Arby's"":34}","{""Verizon Wireless"":100}","{""Peacock"":34}",{},{},{},{}
175372,222-222@5sy-bxt-2hq,,,2022-07-01,2022-08-01,144.02,6,2,24.22,72.01,"{""25"":17.79,""75"":30.00}","[0.00,0.00,0.00,0.00,0.00,0.00,0.00,0.00,0.00,0.00,0.00,0.00,0.00,35.58,0.00,0.00,0.00,108.44,0.00,0.00,0.00,0.00,0.00,0.00,0.00,0.00,0.00,0.00,0.00,0.00,0.00]","[null,null,null,null,null,null,null,null,null,null,null,null,null,17.79,null,null,null,27.11,null,null,null,null,null,null,null,null,null,null,null,null,null]","{""Monday"":108.44,""Tuesday"":0.00,""Wednesday"":0.00,""Thursday"":35.58,""Friday"":0.00,""Saturday"":0.00,""Sunday"":0.00}","{""Wednesday"":4,""Monday"":4,""Saturday"":5,""Thursday"":4,""Tuesday"":4,""Friday"":5,""Sunday"":5}",,0.0,0,0.0,"{""Square"":6}","{""Square"":144.02}","{""1"":0,""2"":1,""3"":0,""4"":1,""5-10"":0,"">10"":0}","{""1"":null,""2"":35.58,""3"":null,""4"":108.44,""5-10"":null,"">10"":null}","{""25-45k"":3,""45-60k"":2}","{""25-45k"":35.58,""45-60k"":108.44}","{""Cody, WY"":2}","{""Walmart"":100,""Albertsons"":50,""Domino's Pizza"":50,""Ace Hardware"":50,""Maverik"":50,""McDonald's"":50,""Arby's"":50}","{""Amazon"":50,""Sirius XM"":50,""Apple"":50,""Amazon Prime Video"":50,""New York Times"":50}",{},"{""Walmart"":100,""Albertsons"":50,""Domino's Pizza"":50,""Ace Hardware"":50,""Maverik"":50,""McDonald's"":50,""Arby's"":50}",{},"{""Amazon Prime Video"":50}",{},{},{},{}
175405,222-228@5sy-bzg-45f,,,2022-07-01,2022-08-01,1312.85,38,19,23.92,50.0,"{""25"":18.80,""75"":43.17}","[0.00,0.00,0.00,14.00,245.34,58.66,0.00,42.00,20.00,0.00,423.72,0.00,0.00,0.00,87.34,0.00,0.00,88.92,17.63,0.00,0.00,0.00,0.00,0.00,78.00,126.32,0.00,32.30,59.82,18.80,0.00]","[null,null,null,14.00,42.34,29.33,null,21.00,20.00,null,85.93,null,null,null,21.84,null,null,22.23,17.63,null,null,null,null,null,19.50,63.16,null,16.15,29.91,18.80,null]","{""Monday"":604.64,""Tuesday"":389.29,""Wednesday"":58.66,""Thursday"":32.30,""Friday"":189.16,""Saturday"":38.80,""Sunday"":0.00}","{""Wednesday"":4,""Monday"":4,""Saturday"":5,""Thursday"":4,""Tuesday"":4,""Friday"":5,""Sunday"":5}",,,2,115.0,"{""No intermediary"":36,""Visa"":2}","{""No intermediary"":1197.85,""Visa"":115.00}","{""1"":4,""2"":12,""3"":2,""4"":1,""5-10"":0,"">10"":0}","{""1"":16.03,""2"":75.87,""3"":80.99,""4"":176.32,""5-10"":null,"">10"":null}","{""<25k"":2,""25-45k"":2,""45-60k"":2,""75-100k"":2,""100-150k"":7,"">150k"":4}","{""<25k"":37.34,""25-45k"":113.16,""45-60k"":87.41,""75-100k"":42.00,""100-150k"":72.91,"">150k"":49.82}","{""Humble, TX"":3,""Prosser, WA"":2,""Kensington, MD"":2,""Ogden, KS"":2,""Salt Lake City, UT"":2,""Morgan, UT"":2,""Watertown, NY"":2,""Springfield, IL"":2,""Caledonia, MN"":2,""Ogden, UT"":2,""North Chesterfield, VA"":2,""Marietta, GA"":2,""Ventura, CA"":2,""Columbus, OH"":2,""Chugwater, WY"":2,""Hinesville, GA"":2,""Canadys, SC"":2,""Peoria, AZ"":2}","{""McDonald's"":85,""Walmart"":79,""Shell Oil"":58,""Walgreens"":53,""Circle K"":43,""United States Postal Service (USPS)"":43,""Starbucks"":37,""Holiday Inn"":37,""Exxon Mobil"":37,""Chevron"":32,""Domino's Pizza"":32,""Wendy's"":32,""Maverik"":32,""Panda Express"":32,""Subway"":32,""Jimmy John's"":27,""Target"":27,""Verizon Wireless"":27,""Dairy Queen"":27,""Sam's Club"":27}","{""Amazon"":58,""Apple"":48,""Netflix"":43,""Target"":27,""Sirius XM"":27,""Adobe Systems"":27,""Comcast"":27,""Amazon Marketplace"":27,""Walmart"":16,""Verizon Wireless"":16,""Roku"":16,""Uber"":16,""Maverik"":16,""Chick-fil-A"":16,""Amazon Digital Services"":16,""Etsy"":11,""Chili's"":11,""Lyft"":11,""Planet Fitness"":11,""Chewy"":11}","{""McDonald's"":85,""Starbucks"":43,""Chick-fil-A"":37,""Domino's Pizza"":32,""Wendy's"":32,""Panda Express"":32,""Subway"":32,""Jimmy John's"":27,""Dairy Queen"":27,""Chili's Grill & Bar"":22,""Taco Bell"":22,""KFC"":22,""Burger King"":22,""Cracker Barrel"":22,""Arby's"":22,""Olive Garden"":16,""Papa John's"":16,""Zaxby's"":16,""Panera Bread"":16,""Culver's"":16}","{""Holiday Inn"":32,""Walmart"":27,""Albertsons"":16,""Walgreens"":16,""McDonald's"":16,""Maverik"":11,""Dairy Queen"":11,""Smoker Friendly"":6,""Domino's Pizza"":6,""Wendy's"":6,""ConocoPhillips"":6,""Sierra"":6}","{""Verizon Wireless"":43,""T-Mobile"":11,""Sprint"":6,""AT&T"":6}","{""Netflix"":43,""Roku"":16,""Amazon Prime Video"":11,""Youtube"":6,""Crunchyroll"":6,""Hulu"":6,""Time Warner Cable"":6,""Disney Plus"":6}","{""Dashpass"":6,""Uber Eats"":6}","{""Uber"":16,""Lyft"":11}","{""Affirm.com"":6}","{""PayPal"":6}"
175454,225-222@5sy-bxw-5cq,SG_BRAND_07e8ec336a446041019b1f98c594d1e5,Boot Barn,2022-07-01,2022-08-01,6054.23,48,40,79.63,91.63,"{""25"":49.64,""75"":184.77}","[736.32,0.00,115.05,162.73,2213.91,110.24,146.61,81.30,0.00,0.00,222.52,0.00,201.22,388.89,393.08,0.00,0.00,88.35,0.00,0.00,102.94,83.18,0.00,0.00,280.80,0.00,239.71,469.71,17.67,0.00,0.00]","[67.57,null,115.05,67.59,102.90,55.12,146.61,81.30,null,null,111.26,null,100.61,194.45,74.87,null,null,21.31,null,null,102.94,83.18,null,null,280.80,null,239.71,171.58,17.67,null,null]","{""Monday"":754.40,""Tuesday"":2213.91,""Wednesday"":551.17,""Thursday"":1108.15,""Friday"":1311.55,""Saturday"":0.00,""Sunday"":115.05}","{""Wednesday"":4,""Monday"":4,""Saturday"":5,""Thursday"":4,""Tuesday"":4,""Friday"":5,""Sunday"":5}",10.0,-41.0,0,0.0,"{""No intermediary"":48}","{""No intermediary"":6054.23}","{""1"":34,""2"":4,""3"":2,""4"":0,""5-10"":0,"">10"":0}","{""1"":114.17,""2"":359.83,""3"":366.51,""4"":null,""5-10"":null,"">10"":null}","{""<25k"":3,""25-45k"":3,""45-60k"":3,""60-75k"":6,""75-100k"":8,""100-150k"":4,"">150k"":9}","{""<25k"":172.86,""25-45k"":81.42,""45-60k"":58.92,""60-75k"":137.94,""75-100k"":120.69,""100-150k"":159.71,"">150k"":230.76}","{""Cody, WY"":7,""Basin, WY"":3,""West Jordan, UT"":2,""Hampstead, NC"":2,""Greenfield, WI"":2,""Troy, MN"":2,""Dover, DE"":2,""Meeteetse, WY"":2,""Mesa, AZ"":2,""Fuquay Varina, NC"":2,""Onalaska, WA"":2,""Missoula, MT"":2,""New Braunfels, TX"":2,""Cedar City, UT"":2,""Dalton, GA"":2,""Wilmington, NC"":2,""Grant, ID"":2,""Marshall, TX"":2,""Billings, MT"":2,""Beecher, IL"":2,""Casper, WY"":2,""Acme, WY"":2,""Huntersville, NC"":2,""Winterstown, PA"":2,""Lernerville, PA"":2,""Buxton, ME"":2,""Cheyenne, WY"":2,""Chamblee, GA"":2}","{""Walmart"":83,""McDonald's"":55,""Albertsons"":50,""Target"":43,""Exxon Mobil"":40,""Walgreens"":38,""Chick-fil-A"":30,""Starbucks"":28,""CVS"":28,""Tractor Supply Co."":28,""Love's Travel Stops and Country Stores"":25,""Maverik"":25,""Verizon Wireless"":23,""Bomgaars"":23,""The Home Depot"":23,""Wendy's"":23,""ConocoPhillips"":23,""Dairy Queen"":23,""Shell Oil"":23,""Sam's Club"":20}","{""Amazon"":65,""Apple"":38,""Spotify"":33,""Netflix"":28,""Verizon Wireless"":20,""Planet Fitness"":20,""Amazon Marketplace"":20,""Maverik"":18,""Amazon Digital Services"":18,""Walmart"":15,""Uber"":15,""Amazon Prime Video"":15,""Audible"":13,""HBO Max"":10,""Sirius XM"":10,""Etsy"":8,""Google"":8,""AT&T"":8,""Xbox"":8,""Dollar Shave Club"":5}","{""Nike"":3,""Skechers"":3,""Shoe Carnival"":3,""Foot Locker"":3,""Famous Footwear"":3}","{""Walmart"":65,""Albertsons"":38,""Maverik"":20,""McDonald's"":20,""Dairy Queen"":15,""Tractor Supply Co."":15,""Taco John's"":13,""Walgreens"":13,""Wendy's"":10,""ConocoPhillips"":10,""Ace Hardware"":10,""Sierra"":10,""Domino's Pizza"":8,""Subway"":8,""Arby's"":8,""Bomgaars"":5,""Burger King"":5,""AutoZone"":5,""Holiday Inn"":3,""O'Reilly Auto Parts"":3}","{""Verizon Wireless"":43,""AT&T"":13,""T-Mobile"":8,""MetroPCS"":3,""U.S. Cellular"":3,""Boost Mobile"":3,""Sprint"":3}","{""Netflix"":28,""Amazon Prime Video"":15,""HBO Max"":10,""Fubo"":8,""Amazon Prime"":5,""Disney Plus"":5,""Roku"":3,""Youtube"":3,""Dish Network"":3,""Redbox"":3,""Hulu"":3}","{""Grubhub"":3}","{""Uber"":15,""Lyft"":3}","{""Affirm.com"":3}","{""Apple Cash"":8}"
175598,22g-222@5sy-bzg-pn5,SG_BRAND_d100d4d8528c773aac249aa76b9eed07,The UPS Store,2022-07-01,2022-08-01,306.94,16,14,13.89,14.14,"{""25"":10.53,""75"":27.41}","[0.00,0.00,0.00,0.00,0.00,0.00,55.67,10.15,0.00,0.00,19.61,0.00,40.02,5.82,31.68,0.00,0.00,37.48,45.56,0.00,0.00,0.00,28.00,0.00,13.89,12.49,0.00,0.00,0.00,0.00,6.57]","[null,null,null,null,null,null,55.67,10.15,null,null,9.81,null,20.01,5.82,31.68,null,null,37.48,13.88,null,null,null,28.00,null,13.89,12.49,null,null,null,null,6.57]","{""Monday"":70.98,""Tuesday"":58.05,""Wednesday"":40.02,""Thursday"":61.49,""Friday"":41.83,""Saturday"":28.00,""Sunday"":6.57}","{""Wednesday"":4,""Monday"":4,""Saturday"":5,""Thursday"":4,""Tuesday"":4,""Friday"":5,""Sunday"":5}",-65.0,-74.0,0,0.0,"{""No intermediary"":16}","{""No intermediary"":306.94}","{""1"":12,""2"":2,""3"":0,""4"":0,""5-10"":0,"">10"":0}","{""1"":21.25,""2"":25.95,""3"":null,""4"":null,""5-10"":null,"">10"":null}","{""<25k"":2,""25-45k"":2,""45-60k"":2,""60-75k"":2,""75-100k"":2,""100-150k"":2,"">150k"":2}","{""<25k"":28.00,""25-45k"":14.85,""45-60k"":12.39,""60-75k"":13.29,""75-100k"":25.36,""100-150k"":33.68,"">150k"":12.49}","{""Cody, WY"":6,""Spring Hill, FL"":2,""Avondale, AZ"":2,""East Aurora, NY"":2,""Ocean City, MD"":2}","{""Walgreens"":79,""Walmart"":72,""Albertsons"":65,""Bomgaars"":36,""Wendy's"":36,""McDonald's"":36,""Exxon Mobil"":36,""ConocoPhillips"":29,""Ace Hardware"":29,""Dairy Queen"":29,""Arby's"":29,""Domino's Pizza"":22,""Maverik"":22,""Costco"":22,""United States Postal Service (USPS)"":22,""Tractor Supply Co."":22,""Big D"":15,""Target"":15,""Chevron"":15,""maurices"":15}","{""Amazon"":65,""Apple"":50,""Netflix"":36,""Anytime Fitness"":29,""Hulu"":29,""Amazon Marketplace"":29,""Adobe Systems"":22,""Maverik"":22,""AT&T"":22,""Audible"":22,""Walmart"":15,""Verizon Wireless"":15,""Sirius XM"":15,""Google Storage"":15,""Spotify"":15,""Amazon Digital Services"":15,""Microsoft Ultimate"":15,""Etsy"":8,""Sling TV"":8,""Dollar Shave Club"":8}",{},"{""Walmart"":72,""Albertsons"":65,""Walgreens"":58,""Wendy's"":29,""Dairy Queen"":29,""Domino's Pizza"":22,""ConocoPhillips"":22,""Ace Hardware"":22,""Maverik"":22,""United States Postal Service (USPS)"":22,""McDonald's"":22,""Tractor Supply Co."":22,""Arby's"":22,""Bomgaars"":15,""Taco John's"":15,""Sierra"":15,""Burger King"":15,""maurices"":8,""Pizza Hut"":8,""Subway"":8}","{""AT&T"":29,""Verizon Wireless"":15}","{""Netflix"":36,""Hulu"":29,""Sling TV"":8,""Fubo"":8,""Youtube"":8,""Disney Plus"":8,""Amazon Prime Video"":8}","{""Dashpass"":8,""HelloFresh"":8,""Uber Eats"":8}","{""Uber"":8}",{},{}
175638,224-222@5sy-bxv-zmk,SG_BRAND_7f36ad7dd2100921,Cellular Plus,2022-07-01,2022-08-01,927.34,6,5,193.17,229.55,"{""25"":34.57,""75"":236.25}","[229.55,256.35,0.00,0.00,0.00,0.00,0.00,198.38,0.00,0.00,0.00,0.00,0.00,0.00,0.00,0.00,0.00,0.00,0.00,0.00,0.00,0.00,0.00,0.00,243.06,0.00,0.00,0.00,0.00,0.00,0.00]","[229.55,256.35,null,null,null,null,null,99.19,null,null,null,null,null,null,null,null,null,null,null,null,null,null,null,null,121.53,null,null,null,null,null,null]","{""Monday"":243.06,""Tuesday"":0.00,""Wednesday"":0.00,""Thursday"":0.00,""Friday"":427.93,""Saturday"":256.35,""Sunday"":0.00}","{""Wednesday"":4,""Monday"":4,""Saturday"":5,""Thursday"":4,""Tuesday"":4,""Friday"":5,""Sunday"":5}",-2.0,-76.0,0,0.0,"{""No intermediary"":6}","{""No intermediary"":927.34}","{""1"":4,""2"":1,""3"":0,""4"":0,""5-10"":0,"">10"":0}","{""1"":171.07,""2"":243.06,""3"":null,""4"":null,""5-10"":null,"">10"":null}","{""75-100k"":2,"">150k"":2}","{""75-100k"":142.64,"">150k"":249.71}","{""Saint George, UT"":3,""Lake, WY"":3,""South Jordan, UT"":2,""Cody, WY"":2,""Keller, GA"":2}","{""Walmart"":100,""Target"":80,""Maverik"":80,""Exxon Mobil"":80,""Verizon Wireless"":60,""Wendy's"":60,""Subway"":60,""Chevron"":40,""Albertsons"":40,""Taco Bell"":40,""Lowe's"":40,""Starbucks"":40,""ConocoPhillips"":40,""Circle K"":40,""Dairy Queen"":40,""Culver's"":40,""Burger King"":40,""McDonald's"":40,""AT&T"":40,""Publix Super Markets"":40}","{""Apple"":100,""Amazon"":80,""Netflix"":60,""Amazon Digital Services"":60,""Amazon Marketplace"":60,""Experian"":40,""Kohl's"":40,""Hulu"":40,""Amazon Prime Video"":40,""Etsy"":20,""Walmart"":20,""Target"":20,""Verizon Wireless"":20,""DoorDash"":20,""Great Clips"":20,""Freddy's Frozen Custard"":20,""YouTube TV"":20,""Fandango"":20,""Dutch Bros. Coffee"":20,""Adobe Systems"":20}","{""Verizon Wireless"":60,""AT&T"":40,""GoWireless"":20}","{""Walmart"":80,""Albertsons"":40,""Wendy's"":40,""Dairy Queen"":40,""Subway"":40,""Arby's"":40,""Bomgaars"":20,""Taco John's"":20,""CARQUEST Auto Parts"":20,""ConocoPhillips"":20,""Burger King"":20,""McDonald's"":20,""AutoZone"":20}","{""Verizon Wireless"":60,""AT&T"":40}","{""Netflix"":60,""Hulu"":40,""Amazon Prime Video"":40,""YouTube TV"":20,""Dish Network"":20,""Peacock"":20}","{""Uber Eats"":20,""DoorDash"":20}",{},{},{}
175662,222-222@5sy-bxx-tgk,,,2022-07-01,2022-08-01,2074.13,57,29,24.96,30.0,"{""25"":8.40,""75"":51.62}","[0.00,157.76,0.00,0.00,16.10,72.04,9.44,88.00,0.00,0.00,107.52,0.00,488.52,255.20,0.00,134.02,23.92,203.52,35.40,30.00,0.00,276.64,0.00,0.00,26.80,0.00,0.00,122.85,16.00,0.00,10.40]","[null,78.88,null,null,8.05,8.40,9.44,5.00,null,null,14.00,null,53.49,63.80,null,39.52,23.92,50.88,35.40,30.00,null,138.32,null,null,6.70,null,null,61.43,8.00,null,10.40]","{""Monday"":337.84,""Tuesday"":51.50,""Wednesday"":590.56,""Thursday"":387.49,""Friday"":380.64,""Saturday"":291.78,""Sunday"":34.32}","{""Wednesday"":4,""Monday"":4,""Saturday"":5,""Thursday"":4,""Tuesday"":4,""Friday"":5,""Sunday"":5}",26.0,407.0,0,0.0,"{""No intermediary"":57}","{""No intermediary"":2074.13}","{""1"":9,""2"":17,""3"":0,""4"":2,""5-10"":1,"">10"":0}","{""1"":38.74,""2"":64.93,""3"":null,""4"":178.92,""5-10"":263.88,"">10"":null}","{""<25k"":2,""25-45k"":2,""45-60k"":2,""75-100k"":6,""100-150k"":10,"">150k"":5}","{""<25k"":122.85,""25-45k"":10.00,""45-60k"":69.21,""75-100k"":94.19,""100-150k"":68.73,"">150k"":40.24}","{""Bates City, MO"":4,""Cody, WY"":3,""Saint George, UT"":2,""Golinda, TX"":2,""Hancock, MI"":2,""Prosser, WA"":2,""Pekin, NY"":2,""Wichita, KS"":2,""Queen Creek, AZ"":2,""Toms River, NJ"":2,""Whitefish, MT"":2,""Aberdeen, NC"":2,""The Villages, FL"":2,""San Angelo, TX"":2,""Colorado Springs, CO"":2,""Custer, SD"":2,""Pearland, TX"":2,""Clifton Park, NY"":2,""Greer, SC"":2,""Huntersville, NC"":2,""Lakewood, WA"":2,""Bethesda, MD"":2,""Peachtree City, GA"":2}","{""Walmart"":90,""Exxon Mobil"":59,""McDonald's"":56,""ConocoPhillips"":49,""Maverik"":45,""Walgreens"":45,""Pilot Flying J"":42,""Shell Oil"":42,""Target"":38,""Wendy's"":35,""Subway"":35,""Love's Travel Stops and Country Stores"":32,""Chick-fil-A"":32,""Albertsons"":28,""Safeway"":28,""Starbucks"":28,""Verizon Wireless"":25,""Taco Bell"":25,""Circle K"":25,""United States Postal Service (USPS)"":25}","{""Amazon"":59,""Apple"":52,""Amazon Marketplace"":38,""Walmart"":25,""Target"":25,""Amazon Digital Services"":25,""Netflix"":21,""Sirius XM"":18,""Google"":18,""Hulu"":18,""Audible"":18,""Amazon Prime Video"":18,""Verizon Wireless"":14,""AT&T"":14,""Uber"":11,""Nintendo"":11,""Hotels.com"":11,""Spotify"":11,""Anytime Fitness"":7,""Airbnb"":7}","{""McDonald's"":56,""Wendy's"":35,""Subway"":35,""Chick-fil-A"":32,""Starbucks"":28,""Taco Bell"":25,""Dunkin'"":25,""Burger King"":18,""Chipotle Mexican Grill"":14,""Domino's Pizza"":14,""Dairy Queen"":14,""Arby's"":14,""Sonic"":11,""Jimmy John's"":11,""KFC"":11,""Buffalo Wild Wings"":11,""Rudy’s Country Store and Bar B Q"":11,""Raising Cane's"":11,""Culver's"":11,""Firehouse Subs"":11}","{""Walmart"":63,""Albertsons"":18,""Wendy's"":18,""Walgreens"":14,""Dairy Queen"":11,""McDonald's"":11,""Cellular Plus"":7,""Bomgaars"":7,""Sierra"":7,""Arby's"":7,""Smoker Friendly"":4,""Anytime Fitness"":4,""Domino's Pizza"":4,""ConocoPhillips"":4,""Ace Hardware"":4,""Boot Barn"":4,""Maverik"":4,""AT&T"":4,""Tractor Supply Co."":4,""Subway"":4}","{""Verizon Wireless"":35,""AT&T"":28,""T-Mobile"":7}","{""Netflix"":21,""Hulu"":18,""Amazon Prime Video"":18,""Peacock"":7,""Time Warner Cable"":7,""Roku"":4,""YouTube TV"":4,""Youtube"":4,""Dish Network"":4,""Redbox"":4,""Amazon Prime"":4,""Disney Plus"":4,""Youtube Premium"":4}","{""HelloFresh"":4,""Instacart"":4}","{""Uber"":11,""Lyft"":4}","{""Afterpay"":4,""Affirm.com"":4,""Klarna"":4}","{""Apple Card"":4}"
175704,zzy-222@5sy-bxw-54v,SG_BRAND_de80593878cb1673c62a7f338dc7e4e1,Subway,2022-07-01,2022-08-01,1090.24,66,48,14.04,16.25,"{""25"":9.77,""75"":20.10}","[23.04,0.00,0.00,0.00,171.83,0.00,40.56,31.00,0.00,0.00,122.48,0.00,8.00,19.85,36.87,0.00,11.94,40.27,34.14,60.04,68.88,0.00,32.31,0.00,174.82,91.41,26.40,25.75,60.20,0.00,10.45]","[11.52,null,null,null,17.75,null,8.08,9.67,null,null,17.56,null,8.00,9.93,18.44,null,11.94,14.09,11.82,30.02,15.18,null,9.77,null,17.82,14.68,13.20,25.75,16.10,null,10.45]","{""Monday"":337.57,""Tuesday"":297.38,""Wednesday"":94.44,""Thursday"":155.04,""Friday"":151.11,""Saturday"":32.31,""Sunday"":22.39}","{""Wednesday"":4,""Monday"":4,""Saturday"":5,""Thursday"":4,""Tuesday"":4,""Friday"":5,""Sunday"":5}",,,4,74.68,"{""No intermediary"":66}","{""No intermediary"":1090.24}","{""1"":38,""2"":6,""3"":2,""4"":0,""5-10"":2,"">10"":0}","{""1"":17.41,""2"":26.56,""3"":69.10,""4"":null,""5-10"":65.64,"">10"":null}","{""<25k"":2,""25-45k"":9,""45-60k"":5,""60-75k"":3,""75-100k"":2,""100-150k"":14,"">150k"":13}","{""<25k"":7.49,""25-45k"":17.64,""45-60k"":23.05,""60-75k"":37.35,""75-100k"":18.12,""100-150k"":15.85,"">150k"":31.39}","{""Cody, WY"":16,""Brookhurst, WY"":3,""Billings, MT"":3,""Brookfield, WI"":2,""Crested Butte, CO"":2,""Lovell, WY"":2,""Woodbridge, VA"":2,""Sterling, CO"":2,""Terrebonne, OR"":2,""Salt Lake City, UT"":2,""Troy, MN"":2,""Thermopolis, WY"":2,""Lakewood, CO"":2,""Basin, WY"":2,""Madisonburg, OH"":2,""Loveland, CO"":2,""Everett, WA"":2,""Buena Park, CA"":2,""Clark, WY"":2,""Cedar City, UT"":2,""Lake, WY"":2,""Erda, UT"":2,""Stafford, VA"":2,""Layton, UT"":2,""Denver, NC"":2,""Hattiesburg, MS"":2,""Delphia, MT"":2}","{""Walmart"":90,""Albertsons"":59,""Maverik"":59,""McDonald's"":55,""Exxon Mobil"":44,""Verizon Wireless"":36,""Wendy's"":36,""Target"":34,""ConocoPhillips"":34,""Walgreens"":25,""Dairy Queen"":25,""Ace Hardware"":23,""Taco Bell"":21,""Costco"":21,""Bomgaars"":19,""Safeway"":19,""Chick-fil-A"":19,""Burger King"":19,""Blair's"":19,""Domino's Pizza"":17}","{""Amazon"":67,""Apple"":55,""Netflix"":46,""Amazon Marketplace"":34,""Spotify"":32,""Hulu"":25,""Amazon Digital Services"":25,""Maverik"":19,""Target"":17,""Verizon Wireless"":17,""Google"":15,""Amazon Prime Video"":15,""Walmart"":13,""Audible"":13,""Etsy"":11,""Uber"":9,""Old Navy"":9,""Delta Air Lines"":9,""eBay"":9,""Phillips 66"":9}","{""McDonald's"":55,""Wendy's"":36,""Dairy Queen"":25,""Taco Bell"":21,""Chick-fil-A"":19,""Burger King"":19,""Domino's Pizza"":17,""Starbucks"":17,""Taco John's"":15,""Arby's"":15,""Jimmy John's"":13,""Chipotle Mexican Grill"":11,""Panera Bread"":11,""Culver's"":11,""Panda Express"":11,""Pizza Hut"":11,""Sonic"":7,""Papa Murphy's"":7,""Olive Garden"":7,""Qdoba Mexican Grill"":7}","{""Walmart"":50,""Albertsons"":50,""McDonald's"":30,""Wendy's"":28,""Maverik"":25,""Dairy Queen"":21,""ConocoPhillips"":15,""Ace Hardware"":15,""Bomgaars"":13,""Taco John's"":13,""Arby's"":13,""Domino's Pizza"":11,""Burger King"":11,""Sierra"":9,""Boot Barn"":7,""Tractor Supply Co."":7,""Walgreens"":5,""Smoker Friendly"":3,""Cellular Plus"":3,""maurices"":3}","{""Verizon Wireless"":50,""AT&T"":13,""T-Mobile"":9,""Sprint"":3}","{""Netflix"":46,""Hulu"":25,""Disney Plus"":15,""Amazon Prime Video"":15,""Youtube"":7,""YouTube TV"":5,""Peacock"":5,""Roku"":3,""Funimation"":3,""Dish Network"":3,""Redbox"":3,""DirecTV"":3,""Youtube Premium"":3}","{""Instacart"":5,""HelloFresh"":3,""Postmates"":3,""Uber Eats"":3}","{""Uber"":9,""Lyft"":3}","{""Affirm.com"":5,""Klarna"":5}",{}
175742,222-222@5sy-bxv-zxq,,,2022-07-01,2022-08-01,92.0,4,2,23.0,46.0,"{""25"":23.00,""75"":23.00}","[0.00,0.00,0.00,0.00,0.00,0.00,0.00,0.00,0.00,0.00,92.00,0.00,0.00,0.00,0.00,0.00,0.00,0.00,0.00,0.00,0.00,0.00,0.00,0.00,0.00,0.00,0.00,0.00,0.00,0.00,0.00]","[null,null,null,null,null,null,null,null,null,null,23.00,null,null,null,null,null,null,null,null,null,null,null,null,null,null,null,null,null,null,null,null]","{""Monday"":92.00,""Tuesday"":0.00,""Wednesday"":0.00,""Thursday"":0.00,""Friday"":0.00,""Saturday"":0.00,""Sunday"":0.00}","{""Wednesday"":4,""Monday"":4,""Saturday"":5,""Thursday"":4,""Tuesday"":4,""Friday"":5,""Sunday"":5}",-72.0,,0,0.0,"{""No intermediary"":4}","{""No intermediary"":92.00}","{""1"":0,""2"":2,""3"":0,""4"":0,""5-10"":0,"">10"":0}","{""1"":null,""2"":46.00,""3"":null,""4"":null,""5-10"":null,"">10"":null}","{"">150k"":2}","{"">150k"":46.00}",{},"{""Verizon Wireless"":100}",{},{},{},"{""Verizon Wireless"":100}",{},{},{},{},{}
175815,225-222@5sy-bxw-5fz,SG_BRAND_a0ccd5fb65a3df0d5a340321693f0a16,ConocoPhillips,2022-07-01,2022-08-01,8046.24,192,138,36.66,48.22,"{""25"":10.12,""75"":54.72}","[365.18,147.03,5.70,533.35,1027.63,262.33,225.35,382.16,122.61,48.04,354.06,96.24,661.19,59.68,194.71,242.30,122.33,266.02,404.95,17.51,233.95,288.78,153.61,76.32,287.93,241.07,248.80,178.80,543.36,205.47,49.78]","[41.13,48.33,5.70,158.67,35.09,46.55,32.79,35.80,39.28,24.02,10.94,48.12,39.98,14.54,40.01,50.71,28.05,13.22,45.02,8.75,30.78,72.20,57.72,38.16,31.33,8.05,94.26,47.00,45.24,25.17,24.89]","{""Monday"":1441.36,""Tuesday"":1769.89,""Wednesday"":1189.83,""Thursday"":697.78,""Friday"":1774.19,""Saturday"":871.02,""Sunday"":302.17}","{""Wednesday"":4,""Monday"":4,""Saturday"":5,""Thursday"":4,""Tuesday"":4,""Friday"":5,""Sunday"":5}",8.0,-15.0,13,744.3,"{""No intermediary"":192}","{""No intermediary"":8046.24}","{""1"":100,""2"":29,""3"":5,""4"":2,""5-10"":2,"">10"":0}","{""1"":43.22,""2"":86.45,""3"":91.04,""4"":164.42,""5-10"":216.81,"">10"":null}","{""<25k"":8,""25-45k"":16,""45-60k"":19,""60-75k"":12,""75-100k"":17,""100-150k"":21,"">150k"":32}","{""<25k"":56.76,""25-45k"":44.88,""45-60k"":51.68,""60-75k"":72.39,""75-100k"":50.04,""100-150k"":69.85,"">150k"":50.76}","{""Cody, WY"":17,""Clark, WY"":8,""Jacksonville, AR"":4,""Cheyenne, WY"":4,""West Jordan, UT"":3,""Santa Fe, NM"":3,""Aldan, PA"":3,""Delanco, NJ"":3,""Madisonburg, OH"":3,""Longmont, CO"":2,""Hauser, ID"":2,""Saint George, UT"":2,""Alger, WA"":2,""Tucson, AZ"":2,""Roy, UT"":2,""Chicago, IL"":2,""Newcastle, WY"":2,""Kensington, MD"":2,""Kenosha, WI"":2,""Vernal, UT"":2,""Ocala, FL"":2,""Leander, TX"":2,""Sherburn, MN"":2,""Ann Arbor, MI"":2,""Woodside, UT"":2,""Vernon Hills, IL"":2,""Gilbert, AZ"":2,""Harrisburg, OR"":2,""Caledonia, WI"":2,""Boonton, NJ"":2,""Phoenix, AZ"":2,""Bridgeland, UT"":2,""Avondale, AZ"":2,""Louisville, KY"":2,""Douglassville, PA"":2,""Basin, WY"":2,""Ogden, UT"":2,""Loveland, CO"":2,""Angela, MT"":2,""Clearfield, UT"":2,""Fairport, NY"":2,""Moran, WY"":2,""Saint Louis, MO"":2,""Placerville, ID"":2,""Bonnetsville, NC"":2,""Thatcher, AZ"":2,""Emigrant, MT"":2,""Kuna, ID"":2,""Butte, MT"":2,""West Columbia, SC"":2,""Bakersfield, CA"":2,""Apshawa, NJ"":2,""Colorado Springs, CO"":2,""Windsor, WI"":2,""Francis, UT"":2,""Bellevue, WA"":2,""Keller, GA"":2,""Chugwater, WY"":2,""Homosassa, FL"":2,""Buckner, KY"":2,""Rexburg, ID"":2,""Erda, UT"":2,""Alma, TX"":2,""Nampa, ID"":2,""Brighton, MI"":2,""Billings, MT"":2,""Deadwood, SD"":2,""Dallas, TX"":2,""Lake Jackson, TX"":2,""Casper, WY"":2,""Fogelsville, PA"":2,""Yuma, AZ"":2,""Lander, WY"":2,""Lernerville, PA"":2,""Ypsilanti, MI"":2,""Luther, MT"":2,""Fort Mitchell, KY"":2,""Idaho Falls, ID"":2,""Star, ID"":2,""Yakima, WA"":2,""Wake Forest, NC"":2}","{""Walmart"":74,""Maverik"":55,""Albertsons"":51,""McDonald's"":51,""Wendy's"":36,""Exxon Mobil"":35,""Shell Oil"":29,""Target"":28,""Chevron"":27,""Starbucks"":27,""Dairy Queen"":24,""Walgreens"":24,""Ace Hardware"":23,""Subway"":21,""Taco John's"":20,""Burger King"":20,""Taco Bell"":19,""Safeway"":19,""Pilot Flying J"":19,""Domino's Pizza"":19}","{""Amazon"":60,""Apple"":38,""Netflix"":37,""Amazon Marketplace"":26,""Spotify"":22,""Amazon Digital Services"":17,""Hulu"":16,""Verizon Wireless"":15,""Audible"":14,""Sirius XM"":14,""Maverik"":14,""Walmart"":12,""AT&T"":10,""Planet Fitness"":8,""Google"":8,""The Home Depot"":7,""Amazon Prime Video"":7,""Etsy"":6,""Uber"":6,""Barclaycard US"":6}","{""Exxon Mobil"":37,""Shell Oil"":29,""Chevron"":27,""Pilot Flying J"":20,""BP"":16,""Love's Travel Stops and Country Stores"":14,""Phillips 66"":13,""Loaf 'N Jug"":12,""Holiday Station"":12,""Kum & Go"":12,""Speedway"":11,""Murphy USA"":8,""QuikTrip"":8,""Marathon"":8,""Sunoco"":8,""Buc-ee's"":5,""Kroger Fuel Center"":5,""ARCO"":5,""Thorntons"":4,""Stinker Stores"":4}","{""Albertsons"":40,""Walmart"":37,""Wendy's"":19,""Maverik"":17,""McDonald's"":16,""Dairy Queen"":14,""Taco John's"":12,""Domino's Pizza"":10,""Bomgaars"":9,""Ace Hardware"":8,""Walgreens"":7,""Subway"":6,""Arby's"":6,""Burger King"":6,""Sierra"":5,""Tractor Supply Co."":4,""Boot Barn"":3,""AutoZone"":3,""The UPS Store"":3,""Pizza Hut"":3}","{""Verizon Wireless"":31,""AT&T"":12,""T-Mobile"":8,""Sprint"":3,""Straight Talk"":2,""Boost Mobile"":2,""Disney Mobile"":1}","{""Netflix"":37,""Hulu"":16,""Disney Plus"":13,""Amazon Prime Video"":7,""Roku"":4,""Redbox"":4,""YouTube TV"":3,""Youtube"":3,""Vudu"":3,""Peacock"":3,""Sling TV"":2,""HBO Max"":2,""Amazon Prime"":2,""Fubo"":1,""Funimation"":1,""Dish Network"":1,""Crunchyroll"":1,""Youtube Premium"":1}","{""DoorDash"":3,""Grubhub"":2,""Instacart"":2,""Dashpass"":2,""Uber Eats"":2,""HelloFresh"":1}","{""Uber"":6,""Lyft"":3}","{""Affirm.com"":3,""Klarna"":2,""Progressive Leasing"":1}","{""Apple Card"":3,""PayPal"":2,""Apple Cash"":2}"
175847,222-222@5sy-bzh-33q,,,2022-07-01,2022-08-01,688.77,18,10,39.24,51.82,"{""25"":25.36,""75"":47.70}","[0.00,0.00,0.00,0.00,0.00,62.80,0.00,0.00,0.00,0.00,50.72,0.00,0.00,190.80,0.00,43.31,0.00,0.00,61.58,53.32,0.00,0.00,0.00,13.28,156.96,0.00,37.28,18.72,0.00,0.00,0.00]","[null,null,null,null,null,31.40,null,null,null,null,25.36,null,null,47.70,null,43.31,null,null,61.58,53.32,null,null,null,13.28,39.24,null,37.28,18.72,null,null,null]","{""Monday"":207.68,""Tuesday"":61.58,""Wednesday"":153.40,""Thursday"":209.52,""Friday"":0.00,""Saturday"":43.31,""Sunday"":13.28}","{""Wednesday"":4,""Monday"":4,""Saturday"":5,""Thursday"":4,""Tuesday"":4,""Friday"":5,""Sunday"":5}",330.0,178.0,1,13.28,"{""Square"":15,""No intermediary"":3}","{""Square"":578.86,""No intermediary"":109.91}","{""1"":6,""2"":2,""3"":0,""4"":2,""5-10"":0,"">10"":0}","{""1"":32.28,""2"":73.68,""3"":null,""4"":173.88,""5-10"":null,"">10"":null}","{""<25k"":2,""25-45k"":3,""45-60k"":2,""60-75k"":2,""100-150k"":2,"">150k"":2}","{""<25k"":16.00,""25-45k"":23.58,""45-60k"":173.88,""60-75k"":173.88,""100-150k"":51.82,"">150k"":96.63}","{""Medford, NJ"":2,""Tucson, AZ"":2,""Thermopolis, WY"":2,""Cody, WY"":2,""Austin, TX"":2}","{""Walmart"":90,""Maverik"":60,""Exxon Mobil"":60,""Ace Hardware"":50,""Shell Oil"":50,""Albertsons"":40,""Bomgaars"":40,""Domino's Pizza"":40,""Taco John's"":40,""Sierra"":40,""Love's Travel Stops and Country Stores"":40,""Taco Bell"":30,""Walgreens"":30,""REI"":30,""Tractor Supply Co."":30,""Verizon Wireless"":20,""Chevron"":20,""BP"":20,""Loaf 'N Jug"":20,""Scheels"":20}","{""Amazon"":70,""Walmart"":50,""Apple"":40,""Netflix"":30,""Verizon Wireless"":20,""Torrid"":20,""Peloton Cycles"":20,""Peacock"":20,""Spotify"":20,""Amazon Digital Services"":20,""PayPal"":20,""Audible"":20,""Pizza Hut"":20,""Amazon Prime Video"":20,""Starz"":20,""Etsy"":10,""Disney Mobile"":10,""Lyft"":10,""Uber"":10,""Chewy"":10}","{""Domino's Pizza"":40,""Taco John's"":40,""Taco Bell"":30,""Burger King"":20,""Pizza Hut"":20,""Subway"":20,""Arby's"":20,""Menchie's"":10,""Sonic"":10,""Jamba"":10,""Smitty's"":10,""Valentine"":10,""Starbucks"":10,""Jack in the Box"":10,""Gotta Eatta Pita"":10,""Jason's Deli"":10,""Human Bean"":10,""Chick-fil-A"":10,""Tokyo Joe's"":10,""Black Bear Diner"":10}","{""Walmart"":40,""Albertsons"":40,""Ace Hardware"":40,""Sierra"":40,""Domino's Pizza"":30,""Walgreens"":30,""Bomgaars"":20,""Taco John's"":20,""Tractor Supply Co."":20,""Arby's"":20,""The UPS Store"":10,""Boot Barn"":10,""Maverik"":10,""Dairy Queen"":10,""Subway"":10,""Dollar Tree"":10}","{""Verizon Wireless"":40,""T-Mobile"":10,""Disney Mobile"":10}","{""Netflix"":30,""Amazon Prime Video"":20,""Peacock"":20,""Starz"":20}","{""Postmates"":10,""Uber Eats"":10}","{""Lyft"":10,""Uber"":10}",{},"{""PayPal"":20}"
175861,zzw-222@5sy-bxv-zmk,SG_BRAND_c84f3e1418c1e4a400bc97e55dd04c31,Papa Murphy's,2022-07-01,2022-08-01,228.46,9,9,21.0,21.0,"{""25"":17.20,""75"":25.04}","[31.60,0.00,0.00,0.00,0.00,28.08,0.00,65.98,0.00,0.00,0.00,0.00,42.00,0.00,0.00,0.00,0.00,0.00,0.00,0.00,0.00,0.00,0.00,0.00,0.00,22.00,16.80,0.00,0.00,0.00,22.00]","[15.80,null,null,null,null,28.08,null,65.98,null,null,null,null,21.00,null,null,null,null,null,null,null,null,null,null,null,null,22.00,16.80,null,null,null,22.00]","{""Monday"":0.00,""Tuesday"":22.00,""Wednesday"":86.88,""Thursday"":0.00,""Friday"":97.58,""Saturday"":0.00,""Sunday"":22.00}","{""Wednesday"":4,""Monday"":4,""Saturday"":5,""Thursday"":4,""Tuesday"":4,""Friday"":5,""Sunday"":5}",-34.0,-13.0,0,0.0,"{""No intermediary"":9}","{""No intermediary"":228.46}","{""1"":9,""2"":0,""3"":0,""4"":0,""5-10"":0,"">10"":0}","{""1"":25.38,""2"":null,""3"":null,""4"":null,""5-10"":null,"">10"":null}","{""45-60k"":3,""60-75k"":2,""75-100k"":2,""100-150k"":2,"">150k"":2}","{""45-60k"":14.00,""60-75k"":22.00,""75-100k"":17.20,""100-150k"":43.99,"">150k"":28.08}","{""Oak Grove, KY"":2,""Cody, WY"":2,""Basin, WY"":2,""Homosassa, FL"":2,""Nampa, ID"":2,""Idaho Falls, ID"":2}","{""Albertsons"":89,""Walmart"":78,""Bomgaars"":56,""Domino's Pizza"":45,""ConocoPhillips"":45,""McDonald's"":45,""Taco Bell"":34,""Maverik"":34,""Costco"":34,""Dairy Queen"":34,""Blair's"":34,""Exxon Mobil"":34,""Sonic"":23,""Verizon Wireless"":23,""Chevron"":23,""maurices"":23,""WinCo Foods"":23,""The Home Depot"":23,""Fred Meyer"":23,""Starbucks"":23}","{""Amazon"":67,""Netflix"":45,""Maverik"":34,""Verizon Wireless"":23,""Roku"":23,""Apple"":23,""Amazon Digital Services"":23,""Audible"":23,""Amazon Prime Video"":23,""Etsy"":12,""Sling TV"":12,""Walmart"":12,""Dollar Shave Club"":12,""Papa Murphy's"":12,""Nike"":12,""Chevron"":12,""YouTube TV"":12,""Expedia"":12,""Zulily"":12,""Lowe's"":12}","{""Domino's Pizza"":45,""McDonald's"":45,""Taco Bell"":34,""Dairy Queen"":34,""Sonic"":23,""Starbucks"":23,""IHOP"":12,""Gators Dockside"":12,""Jimmy John's"":12,""Taco John's"":12,""Del Taco"":12,""Wendy's"":12,""Jack in the Box"":12,""Chick-fil-A"":12,""Haagen Dazs"":12,""Applebee's"":12,""Culver's"":12,""Panda Express"":12,""Costa Vida"":12,""A&W Restaurants"":12}","{""Albertsons"":78,""Walmart"":67,""Domino's Pizza"":45,""Maverik"":34,""maurices"":23,""ConocoPhillips"":23,""Dairy Queen"":23,""Taco John's"":12,""Wendy's"":12,""Walgreens"":12,""McDonald's"":12}","{""Verizon Wireless"":45,""AT&T"":12}","{""Netflix"":45,""Roku"":23,""Disney Plus"":23,""Amazon Prime Video"":23,""Sling TV"":12,""YouTube TV"":12,""Hulu"":12}",{},{},"{""Affirm.com"":12}","{""PayPal"":12}"
175886,zzw-224@5sy-bzh-389,,,2022-07-01,2022-08-01,2017.96,35,20,52.0,74.34,"{""25"":8.50,""75"":83.20}","[0.00,0.00,0.00,0.00,166.40,0.00,0.00,0.00,102.91,85.28,16.00,0.00,0.00,30.00,375.36,0.00,122.67,6.00,0.00,0.00,0.00,748.60,29.12,0.00,108.50,0.00,65.52,12.08,149.52,0.00,0.00]","[null,null,null,null,83.20,null,null,null,102.91,85.28,8.00,null,null,7.50,93.84,null,61.34,3.00,null,null,null,130.98,29.12,null,27.13,null,65.52,12.08,37.38,null,null]","{""Monday"":130.50,""Tuesday"":166.40,""Wednesday"":65.52,""Thursday"":42.08,""Friday"":1273.48,""Saturday"":132.03,""Sunday"":207.95}","{""Wednesday"":4,""Monday"":4,""Saturday"":5,""Thursday"":4,""Tuesday"":4,""Friday"":5,""Sunday"":5}",-50.0,-29.0,0,0.0,"{""No intermediary"":20,""Square"":15}","{""No intermediary"":1876.38,""Square"":141.58}","{""1"":7,""2"":12,""3"":0,""4"":1,""5-10"":0,"">10"":0}","{""1"":59.65,""2"":130.87,""3"":null,""4"":30.00,""5-10"":null,"">10"":null}","{""<25k"":2,""25-45k"":5,""45-60k"":2,""75-100k"":2,""100-150k"":2,"">150k"":5}","{""<25k"":56.58,""25-45k"":98.80,""45-60k"":91.57,""75-100k"":12.08,""100-150k"":47.13,"">150k"":176.77}","{""Riverton, WY"":4,""Brickerville, PA"":4,""Idaho Falls, ID"":3,""Tichigan, WI"":2,""Ogden, KS"":2,""Salt Lake City, UT"":2,""Charlotte, NC"":2,""Bannertown, NC"":2,""Provo, UT"":2,""Highland, UT"":2,""Commerce, GA"":2,""Twin Falls, ID"":2,""Charles Town, WV"":2,""Columbus, OH"":2,""Milton, FL"":2,""Appomattox, VA"":2,""Happy Valley, OR"":2,""Yadkinville, NC"":2}","{""McDonald's"":85,""Walmart"":70,""Shell Oil"":55,""Exxon Mobil"":50,""Albertsons"":40,""Wendy's"":40,""Subway"":40,""Maverik"":35,""Target"":30,""Sheetz"":30,""Walgreens"":30,""Verizon Wireless"":25,""Chevron"":25,""Domino's Pizza"":25,""Chick-fil-A"":25,""United States Postal Service (USPS)"":25,""Great Clips"":20,""Taco Bell"":20,""The Home Depot"":20,""Harley Davidson"":20}","{""Amazon"":50,""Apple"":40,""Netflix"":30,""Spotify"":20,""Walmart"":15,""Target"":15,""Uber"":15,""Amazon Digital Services"":15,""AT&T"":15,""Comcast"":15,""Anytime Fitness"":10,""Verizon Wireless"":10,""Chipotle Mexican Grill"":10,""Experian"":10,""Instacart"":10,""Chick-fil-A"":10,""Hulu"":10,""PayPal"":10,""Audible"":10,""Disney Plus"":10}",{},"{""Walmart"":30,""Albertsons"":15,""Walgreens"":15,""Wendy's"":10,""Maverik"":10,""McDonald's"":10,""Holiday Inn"":5,""Good 2 Go Stores"":5,""Subway"":5}","{""Verizon Wireless"":30,""AT&T"":25,""T-Mobile"":10,""Boost Mobile"":5}","{""Netflix"":30,""Disney Plus"":15,""Hulu"":10,""Amazon Prime Video"":10,""Roku"":5,""HBO Max"":5,""YouTube TV"":5,""Fubo"":5,""Youtube"":5,""Dish Network"":5,""Amazon Prime"":5,""DirecTV"":5}","{""Instacart"":10,""Dashpass"":5}","{""Uber"":15}","{""Afterpay"":5,""Affirm.com"":5}","{""PayPal"":10}"
175960,zzw-225@5wg-k7r-3kf,,,2022-07-01,2022-08-01,186.65,9,5,25.41,28.61,"{""25"":11.86,""75"":29.26}","[0.00,0.00,0.00,0.00,0.00,0.00,0.00,0.00,0.00,0.00,59.80,0.00,0.00,23.32,0.00,0.00,0.00,24.10,0.00,28.61,0.00,0.00,0.00,0.00,0.00,0.00,0.00,0.00,50.82,0.00,0.00]","[null,null,null,null,null,null,null,null,null,null,29.90,null,null,11.66,null,null,null,12.05,null,28.61,null,null,null,null,null,null,null,null,25.41,null,null]","{""Monday"":83.90,""Tuesday"":0.00,""Wednesday"":28.61,""Thursday"":23.32,""Friday"":50.82,""Saturday"":0.00,""Sunday"":0.00}","{""Wednesday"":4,""Monday"":4,""Saturday"":5,""Thursday"":4,""Tuesday"":4,""Friday"":5,""Sunday"":5}",460.0,-73.0,0,0.0,"{""No intermediary"":9}","{""No intermediary"":186.65}","{""1"":1,""2"":4,""3"":0,""4"":0,""5-10"":0,"">10"":0}","{""1"":28.61,""2"":39.51,""3"":null,""4"":null,""5-10"":null,"">10"":null}","{""25-45k"":2,""60-75k"":2,""100-150k"":2,"">150k"":2}","{""25-45k"":24.10,""60-75k"":59.80,""100-150k"":23.32,"">150k"":28.61}","{""Cornelius, NC"":6,""Yadkinville, NC"":2,""Raleigh, NC"":2,""Louisville, KY"":2}","{""Walmart"":80,""Target"":80,""Starbucks"":80,""Walgreens"":60,""Harris Teeter"":60,""Shell Oil"":60,""BP"":40,""Taco Bell"":40,""Speedway"":40,""Dollar General"":40,""Wendy's"":40,""ConocoPhillips"":40,""Chick-fil-A"":40,""CVS"":40,""Marathon"":40,""Dunkin'"":40,""Arby's"":40,""Jet's Pizza"":20,""Advance Auto Parts"":20,""Verizon Wireless"":20}","{""Amazon"":80,""Verizon Wireless"":60,""Apple"":60,""Netflix"":60,""Target"":40,""YouTube TV"":40,""Spotify"":40,""Belk"":20,""LevelUp"":20,""ADT Security Services"":20,""Planet Fitness"":20,""Nike"":20,""Uber"":20,""Barclaycard US"":20,""Lowe's"":20,""Peloton Cycles"":20,""Lululemon Athletica"":20,""Athleta"":20,""Klarna"":20,""Afterpay"":20}",{},"{""Taco John's"":20,""ConocoPhillips"":20}","{""Verizon Wireless"":80,""AT&T"":20}","{""Netflix"":60,""YouTube TV"":40,""Hulu"":20,""Amazon Prime Video"":20}","{""Dashpass"":20,""Instacart"":20}","{""Uber"":20}","{""Afterpay"":20,""Affirm.com"":20,""Klarna"":20}",{}
175998,zzw-222@5sy-bzh-3wk,,,2022-07-01,2022-08-01,316.84,9,4,35.37,76.89,"{""25"":23.12,""75"":44.76}","[0.00,0.00,0.00,0.00,0.00,0.00,0.00,0.00,0.00,0.00,0.00,0.00,70.74,0.00,83.04,0.00,0.00,0.00,0.00,0.00,0.00,0.00,0.00,0.00,41.64,96.00,25.42,0.00,0.00,0.00,0.00]","[null,null,null,null,null,null,null,null,null,null,null,null,35.37,null,41.52,null,null,null,null,null,null,null,null,null,20.82,48.00,25.42,null,null,null,null]","{""Monday"":41.64,""Tuesday"":96.00,""Wednesday"":96.16,""Thursday"":0.00,""Friday"":83.04,""Saturday"":0.00,""Sunday"":0.00}","{""Wednesday"":4,""Monday"":4,""Saturday"":5,""Thursday"":4,""Tuesday"":4,""Friday"":5,""Sunday"":5}",-65.0,-58.0,0,0.0,"{""No intermediary"":9}","{""No intermediary"":316.84}","{""1"":0,""2"":3,""3"":1,""4"":0,""5-10"":0,"">10"":0}","{""1"":null,""2"":83.26,""3"":67.06,""4"":null,""5-10"":null,"">10"":null}","{""<25k"":2,""25-45k"":2,"">150k"":2}","{""<25k"":83.04,""25-45k"":67.06,"">150k"":83.37}","{""Canyon Lake, TX"":3,""Cody, WY"":2,""Sioux Falls, SD"":2}","{""Walmart"":75,""Taco John's"":75,""Maverik"":75,""McDonald's"":75,""Albertsons"":50,""Love's Travel Stops and Country Stores"":50,""Burger King"":50,""Sonic"":25,""Big D"":25,""Verizon Wireless"":25,""Papa Murphy's"":25,""Chevron"":25,""Casey's General Stores"":25,""Great Clips"":25,""The Cheesecake Factory"":25,""Loaf 'N Jug"":25,""Bomgaars"":25,""Cadillac"":25,""Scheels"":25,""Murphy USA"":25}","{""Amazon"":50,""Spotify"":50,""Pizza Hut"":50,""Etsy"":25,""Walmart"":25,""Dollar Shave Club"":25,""Disney Mobile"":25,""YouTube TV"":25,""Chewy"":25,""Adobe Systems"":25,""Apple"":25,""Google"":25,""Netflix"":25,""Maverik"":25,""Google Storage"":25,""Amazon Digital Services"":25,""Audible"":25,""Blizzard Entertainment"":25,""Amazon Marketplace"":25}","{""Taco John's"":75,""McDonald's"":75,""Burger King"":50,""Pizza Hut"":50,""Sonic"":25,""Papa Murphy's"":25,""The Cheesecake Factory"":25,""Domino's Pizza"":25,""Taco Bell"":25,""Wendy's"":25,""Hokkaido Ramen Santouka"":25,""Chick-fil-A"":25,""Haagen Dazs"":25,""Dairy Queen"":25,""Jimmy's Egg"":25,""Subway"":25,""Dunkin'"":25,""Arby's"":25}","{""Walmart"":75,""Taco John's"":50,""Albertsons"":25,""Bomgaars"":25,""Maverik"":25,""Dairy Queen"":25,""Burger King"":25,""McDonald's"":25,""Pizza Hut"":25,""Builders FirstSource"":25,""Arby's"":25}","{""Disney Mobile"":25,""Verizon Wireless"":25}","{""YouTube TV"":25,""Netflix"":25}",{},{},{},{}
176088,22k-222@5sy-bzg-qzz,,,2022-07-01,2022-08-01,462.11,20,9,22.87,41.48,"{""25"":12.98,""75"":31.10}","[0.00,0.00,85.24,29.08,107.94,46.73,0.00,0.00,31.14,0.00,0.00,0.00,12.46,22.84,0.00,0.00,0.00,0.00,0.00,0.00,35.34,0.00,0.00,0.00,91.34,0.00,0.00,0.00,0.00,0.00,0.00]","[null,null,42.62,29.08,26.99,23.37,null,null,31.14,null,null,null,6.23,11.42,null,null,null,null,null,null,17.67,null,null,null,22.84,null,null,null,null,null,null]","{""Monday"":120.42,""Tuesday"":107.94,""Wednesday"":59.19,""Thursday"":58.18,""Friday"":0.00,""Saturday"":31.14,""Sunday"":85.24}","{""Wednesday"":4,""Monday"":4,""Saturday"":5,""Thursday"":4,""Tuesday"":4,""Friday"":5,""Sunday"":5}",-20.0,-18.0,0,0.0,"{""No intermediary"":20}","{""No intermediary"":462.11}","{""1"":1,""2"":7,""3"":0,""4"":0,""5-10"":1,"">10"":0}","{""1"":31.14,""2"":41.85,""3"":null,""4"":null,""5-10"":138.01,"">10"":null}","{""<25k"":3,""25-45k"":3,""45-60k"":4,""75-100k"":2,""100-150k"":3,"">150k"":2}","{""<25k"":31.14,""25-45k"":22.84,""45-60k"":40.54,""75-100k"":41.48,""100-150k"":91.04,"">150k"":12.46}","{""Spring Hill, FL"":3,""Cary, NC"":3,""Renton, WA"":2,""Chicago, IL"":2,""Humble, TX"":2,""Bacton, PA"":2,""Cockeysville, MD"":2,""Saint Louis, MO"":2}","{""Target"":56,""Starbucks"":56,""Walgreens"":56,""Exxon Mobil"":45,""Walmart"":34,""The Home Depot"":34,""Apple Retail Store"":34,""Costco"":34,""BP"":23,""ALDI"":23,""Albertsons"":23,""The UPS Store"":23,""7-Eleven"":23,""Circle K"":23,""Chick-fil-A"":23,""Giant Food"":23,""HomeGoods"":23,""McDonald's"":23,""National Car Rental"":23,""Sunoco"":23}","{""Amazon"":78,""Apple"":45,""Uber"":34,""Netflix"":34,""Uber Eats"":34,""AT&T"":34,""Comcast"":23,""Amazon Marketplace"":23,""Sling TV"":12,""Belk"":12,""Dollar Shave Club"":12,""Target"":12,""Roku"":12,""Ipsy"":12,""TouchTunes"":12,""Chewy"":12,""Shein"":12,""GoDaddy"":12,""Lowe's"":12,""Wix.com"":12}","{""Card Factory"":12}","{""Walmart"":34,""Albertsons"":23,""Walgreens"":23,""The UPS Store"":12,""Pizza Hut"":12}","{""AT&T"":34,""Sprint"":12}","{""Netflix"":34,""Hulu"":12,""Roku"":12,""Sling TV"":12}","{""Uber Eats"":34,""HelloFresh"":12,""Instacart"":12,""Dashpass"":12,""Go Puff"":12}","{""Uber"":34}",{},"{""Apple Cash"":12}"
176089,223-222@5sy-bxx-td9,,,2022-07-01,2022-08-01,158.52,3,2,71.76,79.26,"{""25"":15.00,""75"":71.76}","[0.00,0.00,0.00,0.00,0.00,0.00,15.00,0.00,0.00,0.00,0.00,0.00,0.00,0.00,0.00,0.00,0.00,143.52,0.00,0.00,0.00,0.00,0.00,0.00,0.00,0.00,0.00,0.00,0.00,0.00,0.00]","[null,null,null,null,null,null,15.00,null,null,null,null,null,null,null,null,null,null,71.76,null,null,null,null,null,null,null,null,null,null,null,null,null]","{""Monday"":143.52,""Tuesday"":0.00,""Wednesday"":0.00,""Thursday"":15.00,""Friday"":0.00,""Saturday"":0.00,""Sunday"":0.00}","{""Wednesday"":4,""Monday"":4,""Saturday"":5,""Thursday"":4,""Tuesday"":4,""Friday"":5,""Sunday"":5}",,-70.0,0,0.0,"{""No intermediary"":3}","{""No intermediary"":158.52}","{""1"":1,""2"":1,""3"":0,""4"":0,""5-10"":0,"">10"":0}","{""1"":15.00,""2"":143.52,""3"":null,""4"":null,""5-10"":null,"">10"":null}","{""25-45k"":2,"">150k"":2}","{""25-45k"":143.52,"">150k"":15.00}","{""Port Hueneme, CA"":2,""Cody, WY"":2}","{""Albertsons"":100,""Ace Hardware"":100,""Dairy Queen"":100,""Walmart"":50,""Weis Markets"":50,""Advance Auto Parts"":50,""ULTA Beauty"":50,""Chevron"":50,""BP"":50,""Bomgaars"":50,""Taco John's"":50,""Valentine"":50,""Hucks"":50,""Starbucks"":50,""Wendy's"":50,""Wawa"":50,""ConocoPhillips"":50,""Sheetz"":50,""Sierra"":50,""Qdoba Mexican Grill"":50}","{""Etsy"":50,""Walmart"":50,""Target"":50,""Nothing Bundt Cakes"":50,""Amazon"":50,""Apple"":50,""Netflix"":50,""Hulu"":50,""Amazon Digital Services"":50,""Amazon Marketplace"":50}",{},"{""Albertsons"":100,""Ace Hardware"":100,""Bomgaars"":50,""Taco John's"":50,""ConocoPhillips"":50,""Sierra"":50,""Dairy Queen"":50,""Burger King"":50}","{""T-Mobile"":50,""Straight Talk"":50}","{""Hulu"":50,""Disney Plus"":50,""Netflix"":50}",{},{},{},{}
176148,227-222@5sy-bzg-gx5,,,2022-07-01,2022-08-01,14031.27,139,74,70.98,104.0,"{""25"":31.15,""75"":124.75}","[538.72,124.80,246.16,81.33,4115.60,424.79,212.06,422.04,557.12,0.00,686.00,114.20,1340.44,425.90,237.74,3.63,232.95,1841.62,278.61,162.73,255.98,413.80,499.10,0.00,305.54,62.38,0.00,0.00,313.66,74.05,60.32]","[269.36,62.40,61.36,40.67,105.04,114.81,212.06,105.51,278.56,null,36.93,57.10,115.44,53.08,31.33,3.63,116.48,78.52,46.75,57.72,24.86,103.45,499.10,null,76.38,31.19,null,null,78.41,74.05,60.32]","{""Monday"":2914.49,""Tuesday"":4570.79,""Wednesday"":1927.96,""Thursday"":893.94,""Friday"":1925.96,""Saturday"":1258.70,""Sunday"":539.43}","{""Wednesday"":4,""Monday"":4,""Saturday"":5,""Thursday"":4,""Tuesday"":4,""Friday"":5,""Sunday"":5}",160.0,79.0,4,261.88,"{""No intermediary"":137,""Square"":2}","{""No intermediary"":13969.07,""Square"":62.20}","{""1"":22,""2"":44,""3"":3,""4"":5,""5-10"":0,"">10"":0}","{""1"":104.70,""2"":200.28,""3"":360.31,""4"":366.95,""5-10"":null,"">10"":null}","{""<25k"":6,""25-45k"":8,""45-60k"":5,""60-75k"":3,""75-100k"":7,""100-150k"":15,"">150k"":23}","{""<25k"":223.60,""25-45k"":110.50,""45-60k"":117.53,""60-75k"":93.00,""75-100k"":285.84,""100-150k"":234.91,"">150k"":183.13}","{""Cody, WY"":14,""Clark, WY"":4,""West Jefferson, NC"":3,""Boquet, PA"":3,""Wake Forest, NC"":3,""Chattanooga, TN"":2,""Oak Grove, KY"":2,""Saint George, UT"":2,""Raleigh, NC"":2,""Grayling, MT"":2,""Fort Myers, FL"":2,""Roy, UT"":2,""Chicago, IL"":2,""Vernal, UT"":2,""Annabella, UT"":2,""Blewett, TX"":2,""Highland, UT"":2,""Whitefish, MT"":2,""Gillette, WY"":2,""Niagara Falls, NY"":2,""Opelika, AL"":2,""Leavenworth, KS"":2,""Newark, OH"":2,""Boise, ID"":2,""Emigrant, MT"":2,""Campbelltown, PA"":2,""Erda, UT"":2,""Bozeman, MT"":2,""Cincinnati, OH"":2,""Boiling Springs, SC"":2,""Allentown, PA"":2,""Englewood, CO"":2,""Billings, MT"":2,""Indianapolis, IN"":2,""Casper, WY"":2,""Acme, WY"":2,""Harrison Township, MI"":2,""Brooklyn, NY"":2,""Malmstrom Afb, MT"":2,""Cheyenne, WY"":2,""Mebane, NC"":2,""Austin, TX"":2,""Amherst, MA"":2}","{""Walmart"":86,""McDonald's"":53,""Maverik"":50,""Albertsons"":45,""Exxon Mobil"":42,""Subway"":36,""Target"":34,""Wendy's"":33,""ConocoPhillips"":30,""Shell Oil"":28,""Starbucks"":26,""Costco"":26,""Dairy Queen"":23,""Sierra"":22,""Walgreens"":22,""Jimmy John's"":19,""Ace Hardware"":19,""Pilot Flying J"":19,""United States Postal Service (USPS)"":19,""Verizon Wireless"":18}","{""Amazon"":64,""Apple"":59,""Netflix"":30,""Spotify"":25,""Maverik"":21,""Amazon Marketplace"":21,""Verizon Wireless"":19,""Walmart"":18,""Amazon Digital Services"":18,""Hulu"":14,""AT&T"":14,""Audible"":14,""Amazon Prime Video"":14,""Sirius XM"":11,""Target"":9,""Etsy"":7,""Barclaycard US"":7,""Pandora"":7,""Comcast"":7,""Amazon Kindle"":7}","{""Sierra"":22,""REI"":18,""Dick's Sporting Goods"":11,""Scheels"":6,""Hobby Lobby Stores"":6,""Cabela's"":5,""Michaels Stores"":5,""Academy Sports + Outdoors"":5,""Sportsman's Warehouse"":5,""Big 5 Sporting Goods"":5,""Bass Pro Shops"":3,""Hibbett Sports"":2,""Music & Arts"":2,""GameStop"":2,""Jo-Ann Fabric and Craft Stores"":2}","{""Walmart"":59,""Albertsons"":38,""Sierra"":21,""Maverik"":21,""Wendy's"":17,""Dairy Queen"":15,""Subway"":11,""Walgreens"":10,""Arby's"":10,""McDonald's"":9,""Taco John's"":7,""ConocoPhillips"":7,""Tractor Supply Co."":7,""Bomgaars"":6,""Domino's Pizza"":6,""Ace Hardware"":6,""Harley Davidson"":6,""maurices"":5,""Boot Barn"":5,""Burger King"":5}","{""Verizon Wireless"":34,""AT&T"":17,""T-Mobile"":5,""Disney Mobile"":2,""Cricket Wireless"":2,""Straight Talk"":2}","{""Netflix"":30,""Hulu"":14,""Amazon Prime Video"":14,""Disney Plus"":11,""Roku"":6,""YouTube TV"":6,""Dish Network"":5,""Fubo"":3,""Youtube"":3,""Peacock"":3,""Amazon Prime"":3,""HBO Max"":2,""Funimation"":2}","{""Dashpass"":2,""HelloFresh"":2}","{""Uber"":6,""Lyft"":3}","{""Affirm.com"":5,""Afterpay"":3,""Sezzle"":2,""Klarna"":2}","{""PayPal"":6,""Apple Card"":2}"
176262,228-222@5sy-bzg-pjv,,,2022-07-01,2022-08-01,8154.84,221,102,29.02,51.65,"{""25"":15.00,""75"":48.65}","[650.04,151.76,278.00,411.00,986.50,177.35,189.56,632.48,0.00,39.50,318.38,34.00,511.46,153.04,651.72,32.00,35.00,260.22,221.00,517.40,340.08,70.02,96.25,33.75,333.50,219.86,80.25,338.21,322.50,48.00,22.01]","[48.00,151.76,27.00,29.00,23.00,48.80,33.02,29.02,null,19.75,7.00,17.00,32.00,76.52,37.63,32.00,35.00,20.05,110.50,58.01,18.00,35.01,14.88,16.88,17.00,54.97,12.13,31.83,20.13,24.00,22.01]","{""Monday"":1323.10,""Tuesday"":1461.36,""Wednesday"":1286.46,""Thursday"":1020.89,""Friday"":2326.76,""Saturday"":328.01,""Sunday"":408.26}","{""Wednesday"":4,""Monday"":4,""Saturday"":5,""Thursday"":4,""Tuesday"":4,""Friday"":5,""Sunday"":5}",72.0,53.0,30,1192.53,"{""No intermediary"":218,""Visa"":3}","{""No intermediary"":7917.08,""Visa"":237.76}","{""1"":31,""2"":59,""3"":4,""4"":5,""5-10"":2,"">10"":1}","{""1"":46.89,""2"":75.52,""3"":128.45,""4"":95.00,""5-10"":160.76,"">10"":935.27}","{""<25k"":9,""25-45k"":14,""45-60k"":11,""60-75k"":8,""75-100k"":13,""100-150k"":23,"">150k"":18}","{""<25k"":43.03,""25-45k"":65.70,""45-60k"":145.46,""60-75k"":55.80,""75-100k"":77.36,""100-150k"":98.16,"">150k"":70.62}","{""Cody, WY"":17,""Fredericksburg, VA"":5,""Billings, MT"":5,""New Alexandria, PA"":4,""Vernal, UT"":3,""Ogden, UT"":3,""Clark, WY"":3,""Cincinnati, OH"":3,""Casper, WY"":3,""Renton, WA"":2,""Pasadena, TX"":2,""Saint George, UT"":2,""Raleigh, NC"":2,""Agawam, MT"":2,""Sterling, CO"":2,""Cedar Rapids, IA"":2,""Saint Helens, OR"":2,""Morgan, UT"":2,""Leesburg, FL"":2,""Plymouth, NH"":2,""Mesa, AZ"":2,""Shreveport, LA"":2,""Baltimore, MD"":2,""Blewett, TX"":2,""Jericho, UT"":2,""Folsom, CA"":2,""Lakewood, CO"":2,""Missoula, MT"":2,""Angela, MT"":2,""Clearfield, UT"":2,""Bacton, PA"":2,""East Helena, MT"":2,""Portland, OR"":2,""Rapid City, SD"":2,""Saint Louis, MO"":2,""Las Vegas, NV"":2,""Newark, OH"":2,""Seattle, WA"":2,""Eden, WY"":2,""Cedar City, UT"":2,""Thatcher, AZ"":2,""Bates City, MO"":2,""Bakersfield, CA"":2,""Colorado Springs, CO"":2,""Farmington, UT"":2,""Martinsburg, WV"":2,""Marshall, TX"":2,""Chugwater, WY"":2,""Edmonds, WA"":2,""Bozeman, MT"":2,""Nampa, ID"":2,""Almy, WY"":2,""Eden, NY"":2,""Eugene, OR"":2,""Lewiston, ID"":2,""Greer, SC"":2,""Ravenna, OH"":2,""Acme, WY"":2,""East Aurora, NY"":2,""Fort Collins, CO"":2,""Cheyenne, WY"":2,""Greeley, CO"":2,""Daly City, CA"":2}","{""Walmart"":79,""McDonald's"":51,""Maverik"":47,""Albertsons"":43,""Exxon Mobil"":37,""Target"":36,""Walgreens"":35,""Wendy's"":32,""Chevron"":31,""Shell Oil"":28,""Starbucks"":27,""ConocoPhillips"":25,""Verizon Wireless"":24,""Taco Bell"":23,""Chick-fil-A"":23,""Arby's"":23,""Pilot Flying J"":21,""Dairy Queen"":20,""Burger King"":19,""The Home Depot"":17}","{""Apple"":55,""Amazon"":50,""Netflix"":29,""Spotify"":29,""Maverik"":22,""Amazon Marketplace"":18,""Amazon Digital Services"":17,""AT&T"":15,""Hulu"":12,""Sirius XM"":11,""Comcast"":10,""Walmart"":8,""Verizon Wireless"":8,""Etsy"":7,""Uber"":7,""Google"":7,""Target"":6,""Steam"":6,""Barclaycard US"":6,""Google Storage"":6}","{""Dave & Buster's"":1}","{""Walmart"":49,""Albertsons"":25,""Maverik"":22,""Wendy's"":13,""McDonald's"":12,""Walgreens"":11,""Sierra"":8,""Taco John's"":7,""Dairy Queen"":7,""Arby's"":6,""Ace Hardware"":5,""Burger King"":5,""Pizza Hut"":5,""Bomgaars"":4,""Domino's Pizza"":4,""ConocoPhillips"":4,""Boot Barn"":4,""Tractor Supply Co."":4,""Holiday Inn"":3,""United States Postal Service (USPS)"":3}","{""Verizon Wireless"":32,""AT&T"":19,""T-Mobile"":7,""Disney Mobile"":2,""Straight Talk"":2}","{""Netflix"":29,""Hulu"":12,""Amazon Prime Video"":4,""YouTube TV"":3,""Amazon Prime"":3,""Disney Plus"":3,""Youtube Premium"":3,""HBO Max"":2,""Youtube"":2,""Dish Network"":2,""Sling TV"":1,""Roku"":1,""Peacock"":1,""Redbox"":1}","{""HelloFresh"":3,""Instacart"":3,""Uber Eats"":3,""Dashpass"":2,""DoorDash"":1,""Grubhub"":1}","{""Uber"":7,""Lyft"":3}","{""Affirm.com"":4,""Afterpay"":2,""Klarna"":2,""Zip Company"":1}","{""Apple Cash"":3,""Venmo"":2,""Apple Card"":1}"
176284,223-222@5sy-bxx-rzf,,,2022-07-01,2022-08-01,8756.26,49,20,136.85,268.55,"{""25"":72.89,""75"":193.91}","[280.80,0.00,0.00,0.00,4357.30,470.55,50.22,0.00,0.00,0.00,273.70,747.96,279.60,0.00,380.10,0.00,0.00,145.78,0.00,123.96,0.00,0.00,0.00,0.00,754.10,263.40,121.05,0.00,301.10,206.64,0.00]","[140.40,null,null,null,261.56,235.27,50.22,null,null,null,136.85,131.26,139.80,null,190.05,null,null,72.89,null,61.98,null,null,null,null,104.00,131.70,121.05,null,75.28,206.64,null]","{""Monday"":1173.58,""Tuesday"":5368.66,""Wednesday"":995.16,""Thursday"":50.22,""Friday"":962.00,""Saturday"":206.64,""Sunday"":0.00}","{""Wednesday"":4,""Monday"":4,""Saturday"":5,""Thursday"":4,""Tuesday"":4,""Friday"":5,""Sunday"":5}",-14.0,300.0,0,0.0,"{""No intermediary"":49}","{""No intermediary"":8756.26}","{""1"":4,""2"":12,""3"":1,""4"":1,""5-10"":2,"">10"":0}","{""1"":181.85,""2"":261.58,""3"":197.99,""4"":360.14,""5-10"":2165.90,"">10"":null}","{""<25k"":2,""25-45k"":3,""60-75k"":2,""75-100k"":7,""100-150k"":2,"">150k"":9}","{""<25k"":231.76,""25-45k"":862.68,""60-75k"":355.20,""75-100k"":280.18,""100-150k"":247.89,"">150k"":460.57}","{""Prosser, WA"":4,""Fort Greely, AK"":3,""Hyrum, UT"":3,""Alger, WA"":2,""Lubbock, TX"":2,""Troy, MI"":2,""Hanover Park, IL"":2,""Farmville, VA"":2,""Cody, WY"":2,""Livingston, TX"":2,""Broken Arrow, OK"":2,""Ahtanum, WA"":2,""Pearl River, NY"":2,""Bozeman, MT"":2,""Humboldt, NV"":2,""Lees Summit, MO"":2,""Encampment, WY"":2,""Adams, WI"":2}","{""Walmart"":80,""Exxon Mobil"":55,""McDonald's"":50,""ConocoPhillips"":40,""Shell Oil"":40,""Maverik"":35,""Walgreens"":35,""Dairy Queen"":35,""Lowe's"":30,""Love's Travel Stops and Country Stores"":30,""Phillips 66"":30,""ULTA Beauty"":25,""Albertsons"":25,""Taco Bell"":25,""Safeway"":25,""Wendy's"":25,""Chick-fil-A"":25,""Arby's"":25,""Target"":20,""Verizon Wireless"":20}","{""Amazon"":80,""Amazon Marketplace"":55,""Netflix"":45,""Apple"":35,""Amazon Digital Services"":30,""Chewy"":25,""Hulu"":25,""Walmart"":20,""Spotify"":20,""Planet Fitness"":15,""Airbnb"":15,""Sirius XM"":15,""Goodwill"":15,""Dish Network"":15,""Google"":15,""Uber Eats"":15,""AT&T"":15,""Youtube Premium"":15,""T-Mobile"":15,""Steam"":10}","{""Planet Fitness"":15,""Orangetheory Fitness"":5,""Lifetime Fitness"":5}","{""Walmart"":60,""Dairy Queen"":30,""Albertsons"":25,""Ace Hardware"":15,""Maverik"":15,""Holiday Inn"":10,""Walgreens"":10,""McDonald's"":10,""Domino's Pizza"":5,""Wendy's"":5,""ConocoPhillips"":5,""Sierra"":5}","{""Verizon Wireless"":25,""AT&T"":15,""T-Mobile"":15,""Disney Mobile"":5}","{""Netflix"":45,""Hulu"":25,""Dish Network"":15,""Youtube Premium"":15,""Roku"":10,""Peacock"":10,""Disney Plus"":10,""Youtube"":5,""Redbox"":5,""Amazon Prime Video"":5}","{""Uber Eats"":15,""Dashpass"":5}","{""Uber"":5}",{},"{""PayPal"":5}"
176326,zzw-222@5sy-bzg-cbk,,,2022-07-01,2022-08-01,63.13,2,2,31.57,31.57,"{""25"":10.36,""75"":52.77}","[0.00,0.00,0.00,0.00,0.00,0.00,0.00,0.00,0.00,0.00,0.00,0.00,0.00,0.00,0.00,0.00,0.00,0.00,0.00,0.00,0.00,0.00,52.77,0.00,0.00,0.00,10.36,0.00,0.00,0.00,0.00]","[null,null,null,null,null,null,null,null,null,null,null,null,null,null,null,null,null,null,null,null,null,null,52.77,null,null,null,10.36,null,null,null,null]","{""Monday"":0.00,""Tuesday"":0.00,""Wednesday"":10.36,""Thursday"":0.00,""Friday"":0.00,""Saturday"":52.77,""Sunday"":0.00}","{""Wednesday"":4,""Monday"":4,""Saturday"":5,""Thursday"":4,""Tuesday"":4,""Friday"":5,""Sunday"":5}",-74.0,,0,0.0,"{""No intermediary"":1,""Square"":1}","{""Square"":52.77,""No intermediary"":10.36}","{""1"":2,""2"":0,""3"":0,""4"":0,""5-10"":0,"">10"":0}","{""1"":31.57,""2"":null,""3"":null,""4"":null,""5-10"":null,"">10"":null}","{""100-150k"":2,"">150k"":2}","{""100-150k"":52.77,"">150k"":10.36}","{""Mena, AR"":2,""Encampment, WY"":2}","{""Walmart"":100,""Renewal By Anderson"":50,""Bomgaars"":50,""Ace Hardware"":50,""Walgreens"":50,""Dairy Queen"":50,""Spectrum"":50,""Stinker Stores"":50,""Exxon Mobil"":50}","{""Suddenlink Communications"":50,""Amazon"":50}","{""Renewal By Anderson"":50,""Ace Hardware"":50}","{""Walmart"":100,""Walgreens"":50,""Ace Hardware"":50}",{},{},{},{},{},{}
176359,222-222@5sy-bzc-qpv,SG_BRAND_739edde2613c107f7930d838af736899,Sherwin-Williams,2022-07-01,2022-08-01,332.83,7,6,41.6,48.28,"{""25"":20.68,""75"":64.52}","[54.95,0.00,0.00,0.00,112.79,0.00,0.00,6.83,0.00,0.00,0.00,20.68,0.00,0.00,73.06,0.00,0.00,0.00,0.00,0.00,0.00,0.00,0.00,0.00,64.52,0.00,0.00,0.00,0.00,0.00,0.00]","[54.95,null,null,null,112.79,null,null,6.83,null,null,null,20.68,null,null,36.53,null,null,null,null,null,null,null,null,null,64.52,null,null,null,null,null,null]","{""Monday"":64.52,""Tuesday"":133.47,""Wednesday"":0.00,""Thursday"":0.00,""Friday"":134.84,""Saturday"":0.00,""Sunday"":0.00}","{""Wednesday"":4,""Monday"":4,""Saturday"":5,""Thursday"":4,""Tuesday"":4,""Friday"":5,""Sunday"":5}",-59.0,-92.0,0,0.0,"{""No intermediary"":7}","{""No intermediary"":332.83}","{""1"":5,""2"":1,""3"":0,""4"":0,""5-10"":0,"">10"":0}","{""1"":47.37,""2"":95.98,""3"":null,""4"":null,""5-10"":null,"">10"":null}","{""<25k"":2,""25-45k"":2,""45-60k"":3,""100-150k"":4,"">150k"":2}","{""<25k"":112.79,""25-45k"":20.68,""45-60k"":95.98,""100-150k"":30.89,"">150k"":41.60}","{""Clark, WY"":2,""Cody, WY"":2,""Billings, MT"":2}","{""Walmart"":100,""Albertsons"":84,""Blair's"":67,""Bomgaars"":50,""Wendy's"":50,""Ace Hardware"":50,""Maverik"":50,""McDonald's"":50,""Exxon Mobil"":50,""Lowe's"":34,""ConocoPhillips"":34,""Sierra"":34,""Costco"":34,""Walgreens"":34,""Dairy Queen"":34,""Murdoch's Ranch & Home Supply"":34,""Tractor Supply Co."":34,""Verizon Wireless"":17,""Ross Stores"":17,""Domino's Pizza"":17}","{""Amazon"":84,""Maverik"":50,""Dish Network"":34,""Netflix"":34,""Spotify"":34,""AT&T"":34,""Amazon Marketplace"":34,""Walmart"":17,""Roku"":17,""CenturyLink"":17,""Chewy"":17,""Sirius XM"":17,""Adobe Systems"":17,""Apple"":17,""Five Guys"":17,""E-ZPass"":17,""OnStar"":17,""Uber Eats"":17,""Audible"":17,""Charter Communications"":17}","{""Ace Hardware"":50,""Tractor Supply Co."":34,""Lowe's"":34,""The Home Depot"":17}","{""Walmart"":100,""Albertsons"":84,""Maverik"":50,""Wendy's"":34,""Ace Hardware"":34,""Sierra"":34,""Dairy Queen"":34,""Bomgaars"":17,""ConocoPhillips"":17,""Boot Barn"":17,""Walgreens"":17,""United States Postal Service (USPS)"":17,""McDonald's"":17,""Tractor Supply Co."":17,""Subway"":17,""Arby's"":17}","{""AT&T"":34,""Verizon Wireless"":17}","{""Netflix"":34,""Dish Network"":34,""Roku"":17}","{""Uber Eats"":17}",{},{},"{""Apple Cash"":17}"
176572,228-222@5sy-bzg-qzz,,,2022-07-01,2022-08-01,168.18,4,4,37.25,37.25,"{""25"":14.79,""75"":74.10}","[0.00,0.00,0.00,0.00,0.00,42.65,0.00,0.00,0.00,84.58,0.00,0.00,0.00,0.00,0.00,0.00,0.00,0.00,0.00,0.00,0.00,0.00,0.00,0.00,0.00,0.00,0.00,31.85,0.00,0.00,9.10]","[null,null,null,null,null,42.65,null,null,null,84.58,null,null,null,null,null,null,null,null,null,null,null,null,null,null,null,null,null,31.85,null,null,9.10]","{""Monday"":0.00,""Tuesday"":0.00,""Wednesday"":42.65,""Thursday"":31.85,""Friday"":0.00,""Saturday"":0.00,""Sunday"":93.68}","{""Wednesday"":4,""Monday"":4,""Saturday"":5,""Thursday"":4,""Tuesday"":4,""Friday"":5,""Sunday"":5}",,,2,116.43,"{""No intermediary"":4}","{""No intermediary"":168.18}","{""1"":4,""2"":0,""3"":0,""4"":0,""5-10"":0,"">10"":0}","{""1"":42.05,""2"":null,""3"":null,""4"":null,""5-10"":null,"">10"":null}","{""45-60k"":2,""75-100k"":2,"">150k"":2}","{""45-60k"":42.65,""75-100k"":9.10,"">150k"":31.85}","{""Surprise, AZ"":2,""Harlem, GA"":2,""Etna, ME"":2,""Carrolls, WA"":2}","{""Walmart"":100,""Chevron"":75,""Dollar Tree"":75,""Taco Bell"":50,""Safeway"":50,""Love's Travel Stops and Country Stores"":50,""Maverik"":50,""Walgreens"":50,""McDonald's"":50,""Sam's Club"":50,""Sonic"":25,""ULTA Beauty"":25,""Trader Joe's"":25,""BevMo"":25,""Target"":25,""Christmas Tree Shops"":25,""ALDI"":25,""The Cheesecake Factory"":25,""Ross Stores"":25,""maurices"":25}","{""Amazon"":50,""Target"":25,""Verizon Wireless"":25,""Planet Fitness"":25,""Dutch Bros. Coffee"":25,""Barclaycard US"":25,""Expedia"":25,""Klarna"":25,""Apple"":25,""U.S. Cellular"":25,""Netflix"":25,""Maverik"":25,""Costco"":25,""Dashpass"":25,""Spotify"":25,""Panda Express"":25,""TJ Maxx"":25,""Amazon Prime"":25,""LegalShield"":25,""iTunes"":25}",{},"{""Walmart"":25,""Sierra"":25}","{""T-Mobile"":25,""U.S. Cellular"":25,""Verizon Wireless"":25}","{""Amazon Prime"":25,""Netflix"":25}","{""Dashpass"":25}",{},"{""Afterpay"":25,""Affirm.com"":25,""Klarna"":25}","{""Apple Card"":50}"
176711,22c-222@5sy-bzg-gp9,,,2022-07-01,2022-08-01,3635.66,98,57,33.04,55.94,"{""25"":19.72,""75"":52.82}","[72.96,32.50,90.60,0.00,380.36,77.08,72.00,292.96,0.00,27.54,432.80,0.00,28.86,91.26,146.52,0.00,119.93,265.68,121.53,132.83,0.00,230.74,164.70,32.54,627.74,158.76,0.00,0.00,0.00,35.77,0.00]","[36.48,32.50,30.20,null,23.90,38.54,19.42,52.82,null,27.54,34.00,null,14.43,22.81,73.26,null,59.97,37.84,44.95,30.16,null,57.69,59.50,32.54,28.00,39.69,null,null,null,35.77,null]","{""Monday"":1326.22,""Tuesday"":660.65,""Wednesday"":238.77,""Thursday"":163.26,""Friday"":743.18,""Saturday"":232.97,""Sunday"":270.61}","{""Wednesday"":4,""Monday"":4,""Saturday"":5,""Thursday"":4,""Tuesday"":4,""Friday"":5,""Sunday"":5}",101.0,26.0,6,228.94,"{""No intermediary"":98}","{""No intermediary"":3635.66}","{""1"":22,""2"":31,""3"":2,""4"":2,""5-10"":0,"">10"":0}","{""1"":36.69,""2"":74.69,""3"":159.75,""4"":96.86,""5-10"":null,"">10"":null}","{""<25k"":7,""25-45k"":11,""45-60k"":2,""60-75k"":8,""75-100k"":11,""100-150k"":7,"">150k"":7}","{""<25k"":47.83,""25-45k"":70.90,""45-60k"":52.17,""60-75k"":77.53,""75-100k"":58.94,""100-150k"":62.83,"">150k"":65.20}","{""Cody, WY"":11,""Clark, WY"":4,""Troy, MN"":3,""Fairfax, VA"":3,""Lovell, WY"":2,""Grayling, MT"":2,""Chicago, IL"":2,""Bannack, MT"":2,""Mesa, AZ"":2,""Sierra Vista, AZ"":2,""Devon, KY"":2,""East Rutherford, NJ"":2,""Bridgeland, UT"":2,""Germantown, MD"":2,""Battle Lake, MN"":2,""Riverton, WY"":2,""Denver, CO"":2,""Francis, UT"":2,""Grant, ID"":2,""Erda, UT"":2,""Cleveland, OH"":2,""Bozeman, MT"":2,""Snoqualmie, WA"":2,""Galveston, TX"":2,""Malmstrom Afb, MT"":2,""Buxton, ME"":2,""Luther, MT"":2,""Idaho Falls, ID"":2,""Creswell, OR"":2,""Caldwell, ID"":2,""Mebane, NC"":2,""Bryans Road, MD"":2}","{""Walmart"":92,""McDonald's"":65,""Maverik"":58,""Albertsons"":50,""Subway"":34,""Taco John's"":30,""Exxon Mobil"":30,""Wendy's"":29,""Costco"":29,""Dairy Queen"":29,""Ace Hardware"":27,""ConocoPhillips"":25,""Walgreens"":25,""Target"":23,""Taco Bell"":23,""Verizon Wireless"":22,""Domino's Pizza"":22,""Blair's"":22,""Family Dollar Stores"":20,""Chevron"":18}","{""Apple"":51,""Amazon"":50,""Netflix"":39,""Amazon Marketplace"":27,""Maverik"":23,""Hulu"":20,""Amazon Digital Services"":20,""Walmart"":18,""Verizon Wireless"":18,""Spotify"":18,""Amazon Prime Video"":13,""Amazon Kindle"":13,""Sirius XM"":11,""Audible"":11,""AT&T"":9,""Barclaycard US"":8,""T-Mobile"":8,""Target"":6,""Dutch Bros. Coffee"":6,""Adobe Systems"":6}","{""McDonald's"":67,""Subway"":34,""Taco John's"":30,""Dairy Queen"":30,""Wendy's"":29,""Taco Bell"":23,""Domino's Pizza"":22,""Starbucks"":18,""Arby's"":18,""Burger King"":15,""Pizza Hut"":13,""Chick-fil-A"":9,""Papa Murphy's"":8,""Olive Garden"":8,""Buffalo Wild Wings"":8,""Jack in the Box"":8,""Panda Express"":8,""Little Caesars"":6,""Chipotle Mexican Grill"":6,""KFC"":6}","{""Walmart"":64,""Albertsons"":36,""Maverik"":23,""Dairy Queen"":22,""McDonald's"":20,""Wendy's"":18,""Domino's Pizza"":16,""Taco John's"":16,""Walgreens"":13,""Ace Hardware"":11,""Sierra"":11,""Arby's"":11,""Tractor Supply Co."":9,""ConocoPhillips"":8,""Burger King"":8,""Bomgaars"":6,""Papa Murphy's"":4,""The UPS Store"":4,""Boot Barn"":4,""O'Reilly Auto Parts"":4}","{""Verizon Wireless"":39,""AT&T"":13,""T-Mobile"":8,""Sprint"":4,""Disney Mobile"":2,""Straight Talk"":2,""Boost Mobile"":2}","{""Netflix"":39,""Hulu"":20,""Amazon Prime Video"":13,""Peacock"":8,""YouTube TV"":4,""Dish Network"":4,""Redbox"":4,""Starz"":4,""Roku"":2,""Fubo"":2,""Youtube"":2,""Funimation"":2,""Crunchyroll"":2,""Amazon Prime"":2,""Disney Plus"":2}","{""Dashpass"":2,""HelloFresh"":2}",{},"{""Affirm.com"":2}","{""PayPal"":6,""Apple Cash"":2,""Venmo"":2}"
176717,222-222@5sy-bzg-45f,SG_BRAND_e2c9f71790c5253598b8bd87e981ffe9,Holiday Inn,2022-07-01,2022-08-01,9418.34,29,29,221.99,221.99,"{""25"":6.60,""75"":602.79}","[3.50,221.99,0.00,2648.62,0.00,9.95,0.00,672.97,0.00,1043.90,815.43,0.00,0.00,841.16,0.00,0.00,0.00,865.76,222.14,0.00,202.75,633.65,803.64,0.00,0.00,0.00,210.89,0.00,221.99,0.00,0.00]","[3.50,221.99,null,915.62,null,3.75,null,3.50,null,521.95,407.72,null,null,420.58,null,null,null,221.99,111.07,null,202.75,312.20,803.64,null,null,null,210.89,null,221.99,null,null]","{""Monday"":4329.81,""Tuesday"":222.14,""Wednesday"":220.84,""Thursday"":1043.91,""Friday"":1532.11,""Saturday"":1025.63,""Sunday"":1043.90}","{""Wednesday"":4,""Monday"":4,""Saturday"":5,""Thursday"":4,""Tuesday"":4,""Friday"":5,""Sunday"":5}",16.0,-33.0,2,919.37,"{""No intermediary"":29}","{""No intermediary"":9418.34}","{""1"":29,""2"":0,""3"":0,""4"":0,""5-10"":0,"">10"":0}","{""1"":324.77,""2"":null,""3"":null,""4"":null,""5-10"":null,"">10"":null}","{""<25k"":4,""25-45k"":2,""45-60k"":2,""75-100k"":6,""100-150k"":5,"">150k"":10}","{""<25k"":522.93,""25-45k"":601.04,""45-60k"":568.81,""75-100k"":319.00,""100-150k"":78.37,"">150k"":330.82}","{""Brookfield, WI"":2,""Detroit Lakes, MN"":2,""Ogden, KS"":2,""Salt Lake City, UT"":2,""Cedar Rapids, IA"":2,""Bannack, MT"":2,""Yelm, WA"":2,""Watertown, NY"":2,""Marionville, MO"":2,""Belknap, IA"":2,""Ogden, UT"":2,""Cabot, AR"":2,""Hudson, CO"":2,""Seattle, WA"":2,""Gibsonville, NC"":2,""Ahtanum, WA"":2,""Buffalo, NY"":2,""Clifton, ID"":2,""Chugwater, WY"":2,""Bozeman, MT"":2,""Hinesville, GA"":2,""Humboldt, NV"":2,""Blackhawk, SD"":2,""Cheyenne, WY"":2}","{""Walmart"":76,""McDonald's"":59,""Exxon Mobil"":52,""Target"":45,""ConocoPhillips"":45,""Maverik"":45,""Starbucks"":38,""Chevron"":35,""Safeway"":35,""Albertsons"":32,""Walgreens"":32,""Lowe's"":28,""Wendy's"":28,""Shell Oil"":28,""Jimmy John's"":25,""AutoZone"":25,""Sam's Club"":25,""Subway"":25,""Big D"":21,""Verizon Wireless"":21}","{""Amazon"":56,""Netflix"":56,""Apple"":49,""Adobe Systems"":28,""Sirius XM"":21,""Amazon Digital Services"":21,""AT&T"":21,""Verizon Wireless"":18,""Spotify"":18,""Comcast"":18,""Planet Fitness"":14,""Amazon Marketplace"":14,""Walmart"":11,""PayPal"":11,""Audible"":11,""Amazon Prime Video"":11,""Chili's"":7,""Venmo"":7,""Chipotle Mexican Grill"":7,""TouchTunes"":7}","{""Best Western"":18,""Comfort Suites"":11,""Fairfield Inn & Suites by Marriott"":4,""Hampton"":4,""Super 8"":4,""Candlewood Suites"":4,""DoubleTree by Hilton"":4,""Hilton Garden Inn"":4,""Wyndham"":4,""Quality Inn"":4}","{""Albertsons"":25,""Wendy's"":21,""Walmart"":14,""McDonald's"":14,""Walgreens"":11,""Smoker Friendly"":4,""ConocoPhillips"":4,""Boot Barn"":4,""Sierra"":4,""Maverik"":4,""Dairy Queen"":4,""Arby's"":4}","{""Verizon Wireless"":38,""AT&T"":21,""T-Mobile"":7,""Disney Mobile"":4}","{""Netflix"":56,""Amazon Prime Video"":11,""Dish Network"":7,""Hulu"":7,""Roku"":4,""HBO Max"":4,""Youtube"":4,""Redbox"":4,""Time Warner Cable"":4,""Disney Plus"":4}","{""Dashpass"":4,""Uber Eats"":4}","{""Lyft"":4,""Uber"":4}","{""Sezzle"":4}","{""PayPal"":11,""Venmo"":7}"
176751,223-222@5sy-bzg-r6k,,,2022-07-01,2022-08-01,7012.58,78,34,51.28,124.41,"{""25"":31.17,""75"":88.26}","[400.40,308.34,0.00,572.55,96.64,53.90,79.81,1598.80,520.60,152.79,974.60,0.00,203.70,51.96,0.00,32.22,0.00,84.64,112.54,0.00,139.56,0.00,0.00,0.00,268.92,244.54,610.01,0.00,469.06,0.00,37.00]","[50.27,48.66,null,95.52,48.32,53.90,39.91,114.45,260.30,152.79,243.65,null,44.75,25.98,null,32.22,null,42.32,56.27,null,69.78,null,null,null,31.17,23.61,36.00,null,79.31,null,37.00]","{""Monday"":1900.71,""Tuesday"":453.72,""Wednesday"":867.61,""Thursday"":271.33,""Friday"":2468.26,""Saturday"":861.16,""Sunday"":189.79}","{""Wednesday"":4,""Monday"":4,""Saturday"":5,""Thursday"":4,""Tuesday"":4,""Friday"":5,""Sunday"":5}",38.0,75.0,0,0.0,"{""No intermediary"":78}","{""No intermediary"":7012.58}","{""1"":10,""2"":19,""3"":1,""4"":1,""5-10"":3,"">10"":0}","{""1"":121.17,""2"":214.81,""3"":123.86,""4"":229.86,""5-10"":455.29,"">10"":null}","{""<25k"":2,""25-45k"":2,""45-60k"":2,""60-75k"":5,""75-100k"":7,""100-150k"":4,"">150k"":14}","{""<25k"":64.84,""25-45k"":48.00,""45-60k"":121.58,""60-75k"":143.31,""75-100k"":267.44,""100-150k"":229.66,"">150k"":262.36}","{""Saint George, UT"":2,""Minetto, NY"":2,""Bellingham, WA"":2,""Farmington, MI"":2,""Millbury, MA"":2,""Pollock, ID"":2,""Koloa, HI"":2,""Highlands Ranch, CO"":2,""Auburn, WA"":2,""Norwalk, CT"":2,""Cody, WY"":2,""Whitefish, MT"":2,""New Alexandria, PA"":2,""Douglassville, PA"":2,""Missoula, MT"":2,""Snohomish, WA"":2,""Portland, OR"":2,""Canandaigua, NY"":2,""Boise, ID"":2,""Tigard, OR"":2,""Custer, SD"":2,""Bozeman, MT"":2,""Lakewood, WA"":2,""Atlanta, GA"":2,""East Aurora, NY"":2,""Lambertville, MI"":2,""Idaho Falls, ID"":2}","{""Walmart"":59,""Exxon Mobil"":50,""Albertsons"":42,""Verizon Wireless"":36,""Ace Hardware"":36,""Walgreens"":36,""McDonald's"":36,""Shell Oil"":33,""ConocoPhillips"":30,""Maverik"":30,""Safeway"":24,""Costco"":24,""Chevron"":21,""Love's Travel Stops and Country Stores"":21,""Target"":18,""United States Postal Service (USPS)"":18,""Dairy Queen"":15,""Tractor Supply Co."":15,""BP"":12,""Lowe's"":12}","{""Amazon"":62,""Netflix"":42,""Apple"":30,""Amazon Digital Services"":18,""Amazon Prime"":18,""Walmart"":12,""Maverik"":12,""AT&T"":12,""Comcast"":12,""Amazon Prime Video"":12,""Amazon Marketplace"":12,""Dish Network"":9,""Costco"":9,""Hulu"":9,""OnStar"":9,""Dollar Shave Club"":6,""Planet Fitness"":6,""Shell"":6,""Chewy"":6,""Barclaycard US"":6}","{""Super 8"":9,""Best Western"":9,""Hyatt Hotels & Resorts"":6,""Residence Inn by Marriott"":6,""Ramada"":3,""Travelodge"":3,""Holiday Inn"":3,""Cambria Suites"":3,""La Quinta Inns & Suites"":3,""Wyndham"":3,""Quality Inn"":3}","{""Walmart"":30,""Albertsons"":27,""Walgreens"":15,""Ace Hardware"":9,""Tractor Supply Co."":9,""Boot Barn"":6,""Maverik"":6,""Dairy Queen"":6,""United States Postal Service (USPS)"":6,""McDonald's"":6,""SmartStyle Family Hair Salons"":3,""Cellular Plus"":3,""Domino's Pizza"":3,""The UPS Store"":3,""Wendy's"":3,""ConocoPhillips"":3,""Sierra"":3,""Burger King"":3,""AutoZone"":3}","{""Verizon Wireless"":36,""AT&T"":18,""T-Mobile"":3}","{""Netflix"":42,""Amazon Prime"":18,""Amazon Prime Video"":12,""Dish Network"":9,""Hulu"":9,""YouTube TV"":3}","{""Instacart"":6}","{""Uber"":3}",{},{}
176770,zzy-222@5sy-bxw-v2k,,,2022-07-01,2022-08-01,194.0,5,3,48.0,96.0,"{""25"":25.00,""75"":48.00}","[0.00,0.00,0.00,2.00,0.00,0.00,0.00,0.00,0.00,0.00,0.00,0.00,0.00,0.00,0.00,0.00,0.00,192.00,0.00,0.00,0.00,0.00,0.00,0.00,0.00,0.00,0.00,0.00,0.00,0.00,0.00]","[null,null,null,2.00,null,null,null,null,null,null,null,null,null,null,null,null,null,48.00,null,null,null,null,null,null,null,null,null,null,null,null,null]","{""Monday"":194.00,""Tuesday"":0.00,""Wednesday"":0.00,""Thursday"":0.00,""Friday"":0.00,""Saturday"":0.00,""Sunday"":0.00}","{""Wednesday"":4,""Monday"":4,""Saturday"":5,""Thursday"":4,""Tuesday"":4,""Friday"":5,""Sunday"":5}",,-71.0,0,0.0,"{""No intermediary"":5}","{""No intermediary"":194.00}","{""1"":1,""2"":2,""3"":0,""4"":0,""5-10"":0,"">10"":0}","{""1"":2.00,""2"":96.00,""3"":null,""4"":null,""5-10"":null,"">10"":null}","{""25-45k"":2,""100-150k"":2,"">150k"":2}","{""25-45k"":96.00,""100-150k"":2.00,"">150k"":96.00}","{""West Jordan, UT"":2,""Carrolls, WA"":2}","{""Walmart"":100,""Target"":100,""Boot Barn"":100,""Texaco"":100,""ULTA Beauty"":67,""Francesca's"":67,""Chevron"":67,""Ross Stores"":67,""WinCo Foods"":67,""Safeway"":67,""Wilco Farm Stores"":67,""Victoria's Secret"":67,""Circle K"":67,""Love's Travel Stops and Country Stores"":67,""Kohl's"":67,""Taco Time Northwest"":67,""Dairy Queen"":67,""Panda Express"":67,""McDonald's"":67,""Sportsman's Warehouse"":67}","{""Dutch Bros. Coffee"":67,""Goodwill"":67,""Netflix"":67,""ADT Security Services"":34,""CenturyLink"":34,""The Home Depot"":34,""U.S. Cellular"":34,""Chick-fil-A"":34,""iTunes"":34,""T-Mobile"":34}",{},"{""Albertsons"":34,""Taco John's"":34,""Boot Barn"":34}","{""T-Mobile"":34,""U.S. Cellular"":34}","{""Netflix"":67}",{},{},{},{}
176782,227-222@5sy-bzg-ffz,,,2022-07-01,2022-08-01,2518.49,55,26,41.59,73.19,"{""25"":29.64,""75"":57.30}","[0.00,0.00,41.60,0.00,202.26,219.60,309.88,100.88,0.00,0.00,509.66,124.80,0.00,92.56,76.96,0.00,0.00,101.82,151.79,29.64,109.18,158.56,0.00,0.00,237.04,0.00,0.00,52.26,0.00,0.00,0.00]","[null,null,41.60,null,30.68,109.80,70.98,25.22,null,null,43.72,31.20,null,46.28,38.48,null,null,50.91,59.28,29.64,54.59,23.14,null,null,118.52,null,null,52.26,null,null,null]","{""Monday"":848.52,""Tuesday"":478.85,""Wednesday"":249.24,""Thursday"":563.88,""Friday"":336.40,""Saturday"":0.00,""Sunday"":41.60}","{""Wednesday"":4,""Monday"":4,""Saturday"":5,""Thursday"":4,""Tuesday"":4,""Friday"":5,""Sunday"":5}",,,0,0.0,"{""No intermediary"":55}","{""No intermediary"":2518.49}","{""1"":10,""2"":8,""3"":3,""4"":5,""5-10"":0,"">10"":0}","{""1"":62.96,""2"":68.92,""3"":193.55,""4"":151.38,""5-10"":null,"">10"":null}","{""<25k"":10,""25-45k"":6,""45-60k"":4,""60-75k"":2,""75-100k"":2,""100-150k"":2,"">150k"":2}","{""<25k"":111.01,""25-45k"":99.30,""45-60k"":78.82,""60-75k"":52.26,""75-100k"":41.58,""100-150k"":114.60,"">150k"":105.00}","{""Cody, WY"":9,""Raleigh, NC"":3,""Lake, WY"":3,""Thermopolis, WY"":2,""Lincoln, NE"":2,""Cooke City, MT"":2,""Moran, WY"":2,""Clark, WY"":2,""Bozeman, MT"":2,""Cincinnati, OH"":2,""Wake Forest, NC"":2}","{""Walmart"":85,""McDonald's"":70,""Maverik"":47,""Albertsons"":24,""Subway"":20,""Target"":16,""Taco John's"":16,""Wendy's"":16,""Ace Hardware"":16,""Arby's"":16,""Family Dollar Stores"":16,""Verizon Wireless"":12,""Bomgaars"":12,""Domino's Pizza"":12,""Lowe's"":12,""ConocoPhillips"":12,""Costco"":12,""Walgreens"":12,""Dairy Queen"":12,""United States Postal Service (USPS)"":12}","{""Apple"":58,""Amazon"":54,""Netflix"":43,""Spotify"":43,""Hulu"":20,""Amazon Marketplace"":20,""Maverik"":16,""Audible"":16,""Walmart"":12,""Verizon Wireless"":12,""HBO Max"":12,""Google Storage"":12,""Amazon Digital Services"":12,""Uber"":8,""Sirius XM"":8,""Pandora"":8,""Amazon Prime"":8,""Pizza Hut"":8,""Lyft"":4,""Chipotle Mexican Grill"":4}","{""Pet Supplies Plus"":4,""Duluth Trading"":4,""Smoker Friendly"":4}","{""Walmart"":77,""McDonald's"":31,""Maverik"":27,""Albertsons"":20,""Wendy's"":16,""Arby's"":16,""Domino's Pizza"":12,""Taco John's"":12,""ConocoPhillips"":12,""Dairy Queen"":12,""Ace Hardware"":8,""Walgreens"":8,""Subway"":8,""Smoker Friendly"":4,""Bomgaars"":4,""Burger King"":4,""Good 2 Go Stores"":4}","{""Verizon Wireless"":24,""Sprint"":4,""T-Mobile"":4,""Straight Talk"":4}","{""Netflix"":43,""Hulu"":20,""HBO Max"":12,""Amazon Prime"":8,""Youtube"":4,""Funimation"":4,""Vudu"":4,""Peacock"":4,""Disney Plus"":4}",{},"{""Uber"":8,""Lyft"":4}","{""Progressive Leasing"":4,""Zip Company"":4}",{}
176838,227-223@5sy-bzg-pjv,,,2022-07-01,2022-08-01,2046.15,50,29,27.0,54.0,"{""25"":17.41,""75"":58.45}","[0.00,0.00,20.78,0.00,602.80,89.40,66.53,243.00,18.71,73.80,84.24,41.50,112.26,0.00,128.82,0.00,112.29,0.00,29.12,0.00,389.64,33.26,0.00,0.00,0.00,0.00,0.00,0.00,0.00,0.00,0.00]","[null,null,20.78,null,38.98,44.70,66.53,60.75,9.36,73.80,21.06,20.75,18.71,null,32.21,null,56.14,null,29.12,null,194.82,16.63,null,null,null,null,null,null,null,null,null]","{""Monday"":84.24,""Tuesday"":673.42,""Wednesday"":201.66,""Thursday"":456.17,""Friday"":405.08,""Saturday"":18.71,""Sunday"":206.87}","{""Wednesday"":4,""Monday"":4,""Saturday"":5,""Thursday"":4,""Tuesday"":4,""Friday"":5,""Sunday"":5}",,,4,120.56,"{""No intermediary"":48,""Visa"":2}","{""No intermediary"":1992.15,""Visa"":54.00}","{""1"":10,""2"":18,""3"":0,""4"":1,""5-10"":0,"">10"":0}","{""1"":41.06,""2"":86.70,""3"":null,""4"":74.84,""5-10"":null,"">10"":null}","{""25-45k"":6,""45-60k"":4,""60-75k"":2,""75-100k"":3,""100-150k"":9,"">150k"":10}","{""25-45k"":31.79,""45-60k"":60.98,""60-75k"":100.76,""75-100k"":32.75,""100-150k"":83.14,"">150k"":93.84}","{""Cincinnati, OH"":3,""Brigham City, UT"":2,""Salt Lake City, UT"":2,""Morgan, UT"":2,""China Grove, NC"":2,""Cody, WY"":2,""Ogden, UT"":2,""Mesquite, TX"":2,""Rehoboth Beach, DE"":2,""Cockeysville, MD"":2,""Princeton, NC"":2,""Columbus, OH"":2,""Bakersfield, CA"":2,""Erda, UT"":2,""Bozeman, MT"":2,""Acme, WY"":2,""Bethesda, MD"":2,""Brooklyn, NY"":2,""Lees Summit, MO"":2,""Cheyenne, WY"":2,""Jackson, WY"":2}","{""Walmart"":73,""Maverik"":59,""McDonald's"":59,""Albertsons"":49,""Target"":45,""Starbucks"":32,""Wendy's"":32,""Exxon Mobil"":32,""Chick-fil-A"":28,""Chevron"":25,""Taco Bell"":25,""Smith's Food & Drug Stores"":25,""Pilot Flying J"":25,""Subway"":25,""Jimmy John's"":21,""Bomgaars"":21,""Domino's Pizza"":21,""Lowe's"":21,""Walgreens"":21,""Dairy Queen"":21}","{""Amazon"":66,""Apple"":56,""Netflix"":35,""Hulu"":25,""Spotify"":25,""Amazon Digital Services"":21,""Walmart"":18,""Amazon Marketplace"":18,""Amazon Kindle"":18,""Uber"":14,""Sirius XM"":14,""Etsy"":11,""Target"":11,""Dutch Bros. Coffee"":11,""Experian"":11,""eBay"":11,""AT&T"":11,""New York Times"":11,""Lyft"":7,""Planet Fitness"":7}","{""Deseret Book"":7,""Barnes and Noble"":4,""Seagull Book"":4}","{""Walmart"":49,""Albertsons"":32,""Maverik"":28,""McDonald's"":21,""Sierra"":11,""CARQUEST Auto Parts"":7,""Wendy's"":7,""Bomgaars"":4,""Domino's Pizza"":4,""Holiday Inn"":4,""Ace Hardware"":4,""Boot Barn"":4,""Walgreens"":4,""Dairy Queen"":4,""Burger King"":4,""United States Postal Service (USPS)"":4,""Subway"":4,""Arby's"":4}","{""AT&T"":18,""Verizon Wireless"":11,""T-Mobile"":7,""Straight Talk"":4}","{""Netflix"":35,""Hulu"":25,""Disney Plus"":14,""YouTube TV"":7,""Youtube"":7,""Dish Network"":7,""Peacock"":7,""Sling TV"":4,""Roku"":4,""Amazon Prime Video"":4,""Youtube Premium"":4,""Starz"":4}","{""HelloFresh"":4,""Uber Eats"":4}","{""Uber"":14,""Lyft"":7}","{""Afterpay"":7}","{""Apple Card"":7,""Apple Cash"":4}"
176853,222-222@5sy-bzg-v75,,,2022-07-01,2022-08-01,115.7,2,2,57.85,57.85,"{""25"":45.76,""75"":69.94}","[0.00,0.00,0.00,0.00,0.00,0.00,0.00,0.00,0.00,0.00,0.00,0.00,0.00,0.00,0.00,0.00,0.00,0.00,69.94,0.00,0.00,0.00,0.00,0.00,0.00,0.00,0.00,45.76,0.00,0.00,0.00]","[null,null,null,null,null,null,null,null,null,null,null,null,null,null,null,null,null,null,69.94,null,null,null,null,null,null,null,null,45.76,null,null,null]","{""Monday"":0.00,""Tuesday"":69.94,""Wednesday"":0.00,""Thursday"":45.76,""Friday"":0.00,""Saturday"":0.00,""Sunday"":0.00}","{""Wednesday"":4,""Monday"":4,""Saturday"":5,""Thursday"":4,""Tuesday"":4,""Friday"":5,""Sunday"":5}",,,0,0.0,"{""No intermediary"":2}","{""No intermediary"":115.70}","{""1"":2,""2"":0,""3"":0,""4"":0,""5-10"":0,"">10"":0}","{""1"":57.85,""2"":null,""3"":null,""4"":null,""5-10"":null,"">10"":null}","{""25-45k"":2,"">150k"":2}","{""25-45k"":45.76,"">150k"":69.94}","{""Cody, WY"":2}","{""Walmart"":100,""Albertsons"":100,""Bomgaars"":100,""Walgreens"":100,""Big D"":50,""Safeway"":50,""Wendy's"":50,""Ace Hardware"":50,""Maverik"":50,""Costco"":50,""United States Postal Service (USPS)"":50,""Spectrum"":50,""Exxon Mobil"":50,""Shell Oil"":50}","{""Maverik"":100,""Amazon"":50,""Experian"":50,""Apple"":50,""Netflix"":50,""Amazon Prime"":50,""Frontier Communications"":50}",{},"{""Albertsons"":100,""Maverik"":100,""Walgreens"":100,""Walmart"":50,""Wendy's"":50,""Ace Hardware"":50,""United States Postal Service (USPS)"":50}",{},"{""Amazon Prime"":50,""Netflix"":50}",{},{},{},{}
176894,zzw-223@5sy-bxw-52k,,,2022-07-01,2022-08-01,372.4,8,2,50.4,186.2,"{""25"":38.85,""75"":50.40}","[100.80,0.00,0.00,0.00,0.00,0.00,0.00,0.00,0.00,0.00,0.00,0.00,100.80,70.00,0.00,0.00,0.00,0.00,0.00,0.00,0.00,0.00,0.00,0.00,0.00,0.00,0.00,0.00,100.80,0.00,0.00]","[50.40,null,null,null,null,null,null,null,null,null,null,null,50.40,35.00,null,null,null,null,null,null,null,null,null,null,null,null,null,null,50.40,null,null]","{""Monday"":0.00,""Tuesday"":0.00,""Wednesday"":100.80,""Thursday"":70.00,""Friday"":201.60,""Saturday"":0.00,""Sunday"":0.00}","{""Wednesday"":4,""Monday"":4,""Saturday"":5,""Thursday"":4,""Tuesday"":4,""Friday"":5,""Sunday"":5}",201.0,,0,0.0,"{""No intermediary"":8}","{""No intermediary"":372.40}","{""1"":0,""2"":1,""3"":0,""4"":0,""5-10"":1,"">10"":0}","{""1"":null,""2"":70.00,""3"":null,""4"":null,""5-10"":302.40,"">10"":null}","{""45-60k"":2,""100-150k"":2}","{""45-60k"":302.40,""100-150k"":70.00}","{""Cody, WY"":2}","{""Walmart"":100,""Verizon Wireless"":100,""Albertsons"":100,""Renewal By Anderson"":50,""Bomgaars"":50,""IGA"":50,""Domino's Pizza"":50,""Taco John's"":50,""The Home Depot"":50,""Wendy's"":50,""Maverik"":50,""Costco"":50,""Murdoch's Ranch & Home Supply"":50,""McDonald's"":50,""Tractor Supply Co."":50,""Exxon Mobil"":50,""Dollar Tree"":50}","{""Amazon"":50,""Chewy"":50,""Sirius XM"":50,""Dish Network"":50,""Maverik"":50,""Audible"":50,""Sportsman's Warehouse"":50,""AliExpress"":50,""Amazon Marketplace"":50,""Charter Communications"":50}",{},"{""Walmart"":100,""Albertsons"":100,""Bomgaars"":50,""Domino's Pizza"":50,""Taco John's"":50,""Wendy's"":50,""Maverik"":50}","{""Verizon Wireless"":100}","{""Dish Network"":50}",{},{},{},{}
176896,zzy-222@5sy-bzh-2x5,,,2022-07-01,2022-08-01,2919.2,151,48,20.0,42.54,"{""25"":10.34,""75"":26.26}","[76.80,0.00,0.00,0.00,324.20,32.00,40.80,223.00,14.20,105.82,638.56,67.44,50.00,0.00,166.92,17.00,105.22,579.84,0.00,27.18,0.00,0.00,0.00,0.00,224.40,0.00,0.00,90.20,0.00,0.00,135.62]","[10.40,null,null,null,23.00,16.00,20.40,23.13,7.10,20.00,24.00,11.96,9.00,null,21.32,17.00,33.22,16.93,null,13.59,null,null,null,null,21.26,null,null,22.00,null,null,21.68]","{""Monday"":1442.80,""Tuesday"":391.64,""Wednesday"":109.18,""Thursday"":131.00,""Friday"":466.72,""Saturday"":31.20,""Sunday"":346.66}","{""Wednesday"":4,""Monday"":4,""Saturday"":5,""Thursday"":4,""Tuesday"":4,""Friday"":5,""Sunday"":5}",,,0,0.0,"{""No intermediary"":151}","{""No intermediary"":2919.20}","{""1"":4,""2"":26,""3"":3,""4"":7,""5-10"":7,"">10"":1}","{""1"":21.50,""2"":38.48,""3"":80.21,""4"":65.32,""5-10"":132.47,"">10"":207.52}","{""<25k"":4,""25-45k"":8,""45-60k"":4,""60-75k"":6,""75-100k"":5,""100-150k"":7,"">150k"":9}","{""<25k"":39.43,""25-45k"":39.50,""45-60k"":51.54,""60-75k"":54.59,""75-100k"":40.47,""100-150k"":99.49,"">150k"":81.80}","{""Cody, WY"":23,""Lees Summit, MO"":5,""Peachtree City, GA"":4,""Greybull, WY"":3,""Clark, WY"":3,""Sterling, CO"":2,""Toms River, NJ"":2,""Riverton, WY"":2,""Buena Park, CA"":2,""La Crosse, WI"":2,""Brighton, MI"":2,""Almy, WY"":2,""Lacey, WA"":2,""Aurora, CO"":2,""Acme, WY"":2,""Corvallis, OR"":2,""Fort Collins, CO"":2,""Maplewood, NJ"":2,""Logan, UT"":2}","{""Walmart"":90,""McDonald's"":63,""Albertsons"":50,""Exxon Mobil"":44,""Maverik"":42,""Subway"":38,""Bomgaars"":34,""Wendy's"":34,""Dairy Queen"":32,""Walgreens"":30,""Burger King"":28,""Target"":23,""Domino's Pizza"":23,""ConocoPhillips"":23,""Arby's"":23,""Verizon Wireless"":21,""Taco Bell"":21,""Ace Hardware"":21,""Sierra"":21,""United States Postal Service (USPS)"":21}","{""Amazon"":50,""Apple"":42,""Netflix"":32,""Amazon Marketplace"":25,""Maverik"":21,""Hulu"":21,""Walmart"":19,""Verizon Wireless"":19,""Uber"":17,""Sirius XM"":17,""Spotify"":17,""Audible"":15,""Etsy"":13,""Amazon Prime Video"":13,""The Home Depot"":11,""Amazon Digital Services"":11,""Adobe Systems"":9,""Wendy's"":9,""Kohl's"":9,""Microsoft Ultimate"":9}","{""AMC Entertainment"":5,""Regal Entertainment Group"":3,""Harkins Theatres"":3}","{""Walmart"":73,""Albertsons"":50,""McDonald's"":34,""Dairy Queen"":28,""Wendy's"":25,""Maverik"":23,""Sierra"":21,""Bomgaars"":17,""Domino's Pizza"":17,""Burger King"":17,""Walgreens"":15,""Arby's"":15,""Ace Hardware"":13,""Subway"":13,""Taco John's"":11,""ConocoPhillips"":11,""The UPS Store"":7,""Boot Barn"":7,""Tractor Supply Co."":7,""Pizza Hut"":7}","{""Verizon Wireless"":40,""AT&T"":13,""T-Mobile"":7,""Disney Mobile"":3}","{""Netflix"":32,""Hulu"":21,""Amazon Prime Video"":13,""Peacock"":11,""Redbox"":7,""Disney Plus"":7,""Fubo"":5,""Starz"":5,""Sling TV"":3,""Roku"":3,""HBO Max"":3,""Dish Network"":3,""Youtube Premium"":3}","{""HelloFresh"":5,""Dashpass"":3,""Instacart"":3,""Uber Eats"":3}","{""Uber"":17,""Lyft"":5}","{""Afterpay"":3,""Klarna"":3}","{""PayPal"":3,""Venmo"":3}"
177024,22h-222@5sy-bzg-qzz,,,2022-07-01,2022-08-01,5334.88,73,49,57.62,86.0,"{""25"":42.76,""75"":93.57}","[90.50,0.00,334.00,91.43,276.70,578.18,117.13,0.00,116.43,164.72,46.90,0.00,188.40,0.00,203.00,47.08,80.79,369.42,6.46,43.79,557.86,235.08,206.93,293.43,488.20,223.14,269.28,73.62,201.42,0.00,30.99]","[45.25,null,334.00,45.72,31.07,69.08,117.13,null,116.43,164.72,23.45,null,47.10,null,101.50,47.08,80.79,184.71,6.46,43.79,103.48,58.77,103.47,146.72,52.06,55.79,79.74,36.81,50.36,null,30.99]","{""Monday"":995.95,""Tuesday"":506.30,""Wednesday"":1079.65,""Thursday"":748.61,""Friday"":730.00,""Saturday"":370.44,""Sunday"":903.93}","{""Wednesday"":4,""Monday"":4,""Saturday"":5,""Thursday"":4,""Tuesday"":4,""Friday"":5,""Sunday"":5}",89.0,7.0,60,4621.46,"{""No intermediary"":73}","{""No intermediary"":5334.88}","{""1"":27,""2"":21,""3"":0,""4"":1,""5-10"":0,"">10"":0}","{""1"":90.90,""2"":126.55,""3"":null,""4"":223.14,""5-10"":null,"">10"":null}","{""<25k"":2,""25-45k"":6,""45-60k"":2,""60-75k"":4,""75-100k"":5,""100-150k"":9,"">150k"":14}","{""<25k"":77.57,""25-45k"":59.55,""45-60k"":54.90,""60-75k"":108.25,""75-100k"":145.93,""100-150k"":132.36,"">150k"":107.61}","{""Englewood, CO"":4,""Salt Lake City, UT"":3,""Cody, WY"":3,""Beavercreek, OH"":2,""Moorhead, MN"":2,""Lake Havasu City, AZ"":2,""Chicago, IL"":2,""Beverly, MO"":2,""Bowers, PA"":2,""Terrebonne, OR"":2,""Saint Helens, OR"":2,""Morrisville, NC"":2,""Dover, DE"":2,""Bayne, WA"":2,""Montrose, CO"":2,""Highland, UT"":2,""Fort Wayne, IN"":2,""Laguna Beach, CA"":2,""Cimarron, KS"":2,""Alachua, FL"":2,""Fredericksburg, VA"":2,""Conroe, TX"":2,""Orange Park, FL"":2,""Junction City, KS"":2,""Colorado Springs, CO"":2,""Reno, NV"":2,""Billings, MT"":2,""Helena, MT"":2,""Lakewood, WA"":2,""Asheville, NC"":2,""East Aurora, NY"":2,""Cheyenne, WY"":2,""Swanton, OH"":2}","{""Walmart"":76,""McDonald's"":56,""ConocoPhillips"":43,""Costco"":43,""Starbucks"":41,""Albertsons"":39,""Maverik"":39,""Exxon Mobil"":37,""Pilot Flying J"":31,""Shell Oil"":29,""Taco Bell"":27,""Subway"":27,""Phillips 66"":25,""Target"":23,""The Home Depot"":23,""Safeway"":23,""Wendy's"":23,""Verizon Wireless"":21,""Chevron"":21,""Loaf 'N Jug"":21}","{""Amazon"":64,""Apple"":49,""Netflix"":43,""Amazon Digital Services"":27,""Amazon Marketplace"":27,""AT&T"":19,""Comcast"":19,""Walmart"":17,""Anytime Fitness"":15,""Verizon Wireless"":15,""Spotify"":15,""Amazon Prime Video"":15,""Maverik"":13,""Hulu"":13,""Etsy"":11,""Target"":11,""Uber"":11,""Dutch Bros. Coffee"":9,""Experian"":9,""Google"":9}","{""McDonald's"":56,""Starbucks"":41,""Subway"":29,""Taco Bell"":27,""Wendy's"":25,""Jimmy John's"":17,""Chipotle Mexican Grill"":17,""Chick-fil-A"":17,""Panda Express"":17,""Arby's"":15,""Dairy Queen"":13,""Pizza Hut"":13,""In-N-Out Burger"":13,""Dunkin'"":13,""Domino's Pizza"":11,""Taco John's"":11,""Burger King"":11,""Texas Roadhouse"":11,""Sonic"":9,""Olive Garden"":9}","{""Walmart"":33,""Maverik"":25,""Albertsons"":19,""Arby's"":11,""ConocoPhillips"":9,""McDonald's"":9,""Bomgaars"":7,""The UPS Store"":7,""Wendy's"":7,""Walgreens"":7,""Ace Hardware"":5,""Boot Barn"":5,""Pizza Hut"":5,""Cellular Plus"":3,""Domino's Pizza"":3,""Taco John's"":3,""Harley Davidson"":3,""Sierra"":3,""Super 8"":3,""Dairy Queen"":3}","{""Verizon Wireless"":35,""AT&T"":21,""T-Mobile"":5,""MetroPCS"":3}","{""Netflix"":43,""Amazon Prime Video"":15,""Hulu"":13,""YouTube TV"":7,""Disney Plus"":7,""Roku"":3,""Peacock"":3}","{""Uber Eats"":7,""Dashpass"":5}","{""Uber"":11,""Lyft"":7}","{""Afterpay"":3,""Affirm.com"":3}","{""Apple Card"":7,""PayPal"":3}"
177027,222-225@5sy-bxw-54v,SG_BRAND_942c238b1dddf5d40a05dbad6851b58b,Albertsons,2022-07-01,2022-08-01,62968.39,1432,537,25.75,57.0,"{""25"":11.43,""75"":56.40}","[3887.89,1267.07,2318.82,1223.76,7444.82,1777.33,2582.34,1937.96,899.77,528.89,4247.80,1027.52,2448.07,1844.15,2008.17,895.11,1454.07,3188.12,2184.76,2210.42,2193.55,2421.90,658.57,438.01,4506.26,1462.93,1014.53,1465.57,2015.21,575.94,839.08]","[27.77,45.94,47.93,32.99,28.83,19.98,30.01,20.93,30.14,21.85,26.45,15.88,25.96,19.42,19.98,26.65,36.67,35.42,15.77,27.03,30.39,38.03,30.32,27.05,33.95,19.85,17.68,37.46,29.65,23.57,31.45]","{""Monday"":13165.94,""Tuesday"":12120.03,""Wednesday"":7450.35,""Thursday"":8085.61,""Friday"":12271.13,""Saturday"":4296.46,""Sunday"":5578.87}","{""Wednesday"":4,""Monday"":4,""Saturday"":5,""Thursday"":4,""Tuesday"":4,""Friday"":5,""Sunday"":5}",9.0,10.0,49,3178.49,"{""No intermediary"":1431,""Apple Pay"":1}","{""No intermediary"":62943.82,""Apple Pay"":24.57}","{""1"":281,""2"":111,""3"":55,""4"":23,""5-10"":47,"">10"":20}","{""1"":41.24,""2"":99.85,""3"":157.85,""4"":214.21,""5-10"":298.51,"">10"":632.88}","{""<25k"":44,""25-45k"":65,""45-60k"":45,""60-75k"":30,""75-100k"":63,""100-150k"":108,"">150k"":161}","{""<25k"":54.71,""25-45k"":122.22,""45-60k"":93.47,""60-75k"":183.92,""75-100k"":92.90,""100-150k"":117.06,"">150k"":140.87}","{""Cody, WY"":126,""Clark, WY"":14,""Bozeman, MT"":8,""Billings, MT"":8,""Cheyenne, WY"":7,""Chicago, IL"":6,""Phoenix, AZ"":6,""Reston, VA"":6,""Boise, ID"":6,""Worland, WY"":6,""Wake Forest, NC"":6,""Lubbock, TX"":5,""Morgan, UT"":5,""Acme, WY"":5,""Williamsburg, VA"":4,""Amarillo, TX"":4,""Fredericksburg, VA"":4,""Chalkhill, PA"":4,""Rapid City, SD"":4,""Anderson, NJ"":4,""Fogelsville, PA"":4,""Gobles, MI"":3,""Newcastle, WY"":3,""Salt Lake City, UT"":3,""Greybull, WY"":3,""Port Hueneme, CA"":3,""Bannack, MT"":3,""Shelley, ID"":3,""Gillette, WY"":3,""Riverton, WY"":3,""Loveland, CO"":3,""Everett, WA"":3,""Omaha, NE"":3,""Denver, CO"":3,""Las Vegas, NV"":3,""Colorado Springs, CO"":3,""Nampa, ID"":3,""Davis, CA"":3,""Newbury Park, CA"":3,""Fort Collins, CO"":3,""Hudsonville, MI"":3,""Monell, WY"":2,""Hauser, ID"":2,""Silverton, ID"":2,""Choctaw, OK"":2,""Crested Butte, CO"":2,""Oak Grove, KY"":2,""West Jordan, UT"":2,""Arlington, VA"":2,""Saint George, UT"":2,""Dade City, FL"":2,""Schertz, TX"":2,""Raleigh, NC"":2,""Gisela, AZ"":2,""Morton, WA"":2,""Bly, OR"":2,""Lovell, WY"":2,""San Diego, CA"":2,""Goodyear, AZ"":2,""Fort Myers, FL"":2,""Key West, FL"":2,""Clifton, CO"":2,""Tucson, AZ"":2,""Roy, UT"":2,""Mcmurray, PA"":2,""Sandy, UT"":2,""Lancaster, CA"":2,""Troy, MI"":2,""Hancock, MI"":2,""Oceanside, CA"":2,""Kensington, MD"":2,""Sterling, CO"":2,""Bellingham, WA"":2,""Doral, FL"":2,""Bridgeview, IL"":2,""Montgomery, AL"":2,""Morrisville, NC"":2,""Waco, TX"":2,""Fresno, CA"":2,""Troy, MN"":2,""Granbury, TX"":2,""Thermopolis, WY"":2,""Wichita, KS"":2,""Alamogordo, NM"":2,""Bayne, WA"":2,""Fort Hood, TX"":2,""Leander, TX"":2,""Hoback, WY"":2,""Pollock, ID"":2,""Medina, OH"":2,""Newburg, WI"":2,""Watertown, NY"":2,""Hewitt, TX"":2,""Lincoln, NE"":2,""Blackfoot, ID"":2,""Port Townsend, WA"":2,""Lafayette, CO"":2,""Meeteetse, WY"":2,""Santa Fe, NM"":2,""Springville, UT"":2,""Elkol, WY"":2,""Clearwater, FL"":2,""Birmingham, AL"":2,""Mesa, AZ"":2,""Oak Harbor, WA"":2,""Queen Creek, AZ"":2,""Rockwall, TX"":2,""Woodside, UT"":2,""Victorville, CA"":2,""Dix, NE"":2,""O Fallon, IL"":2,""Gilbert, AZ"":2,""Houston, TX"":2,""Boca Raton, FL"":2,""Shreveport, LA"":2,""Loomis, CA"":2,""Benjamin, UT"":2,""Charlotte, NC"":2,""Blewett, TX"":2,""Provo, UT"":2,""Mckinney, TX"":2,""Highland, UT"":2,""Whitefish, MT"":2,""Apopka, FL"":2,""Belgrade, MT"":2,""Avondale, AZ"":2,""Battle Lake, MN"":2,""Douglassville, PA"":2,""Basin, WY"":2,""Missoula, MT"":2,""Ogden, UT"":2,""Madisonburg, OH"":2,""Ethel, WA"":2,""Pocatello, ID"":2,""Winston Salem, NC"":2,""Alliance, OH"":2,""Clearfield, UT"":2,""Cabot, AR"":2,""Minot Afb, ND"":2,""Aberdeen, NC"":2,""Lamont, WY"":2,""Hayward, WI"":2,""Cary, NC"":2,""Spring, TX"":2,""Rehoboth Beach, DE"":2,""Dacono, CO"":2,""Marietta, GA"":2,""Portland, OR"":2,""Opelika, AL"":2,""Navarre, FL"":2,""Moran, WY"":2,""Coeur D Alene, ID"":2,""Cockeysville, MD"":2,""Buena Park, CA"":2,""La Puente, CA"":2,""Great Falls, MT"":2,""Marinette, WI"":2,""Leavenworth, KS"":2,""West Des Moines, IA"":2,""Jacksonville, FL"":2,""New York, NY"":2,""Gardnerville, NV"":2,""Conroe, TX"":2,""North Brunswick, NJ"":2,""Seattle, WA"":2,""Sedona, AZ"":2,""Bliss, ID"":2,""Bonnetsville, NC"":2,""Ankeny, IA"":2,""Fayetteville, NC"":2,""Reidsville, NC"":2,""Thatcher, AZ"":2,""Mays Landing, NJ"":2,""Tigard, OR"":2,""Emigrant, MT"":2,""Spokane, WA"":2,""Ashland, OR"":2,""Hesperia, CA"":2,""Bakersfield, CA"":2,""Melbourne, FL"":2,""Monument, CO"":2,""Windsor, WI"":2,""Kingston, TN"":2,""Southbury, CT"":2,""Port Charlotte, FL"":2,""Gorham, ME"":2,""Bellevue, WA"":2,""Keller, GA"":2,""Martinsburg, WV"":2,""Marshall, TX"":2,""Pajaro, CA"":2,""Chugwater, WY"":2,""Homosassa, FL"":2,""Glen Carbon, IL"":2,""Rexburg, ID"":2,""Erda, UT"":2,""Carrolls, WA"":2,""Canton, GA"":2,""San Antonio, TX"":2,""Allentown, PA"":2,""Brighton, MI"":2,""Kalispell, MT"":2,""Charleston, NV"":2,""Yankton, SD"":2,""Dotsero, CO"":2,""Almy, WY"":2,""Jacksonville, AR"":2,""Lexington, SC"":2,""Simpsonville, SC"":2,""Deadwood, SD"":2,""Indianapolis, IN"":2,""Cottonwood, SD"":2,""Lake Jackson, TX"":2,""Eugene, OR"":2,""Mcminnville, OR"":2,""Casper, WY"":2,""Albany, NY"":2,""Aurora, CO"":2,""Cedar Falls, IA"":2,""Orem, UT"":2,""Lynnwood, WA"":2,""Highlands, NC"":2,""Fountain, CO"":2,""Lakeland, MO"":2,""Cragsmoor, NY"":2,""Lander, WY"":2,""Coxsackie, NY"":2,""Malmstrom Afb, MT"":2,""Lees Summit, MO"":2,""Chamblee, GA"":2,""Encampment, WY"":2,""Idaho Falls, ID"":2,""Frankfort, KY"":2,""Jackson, WY"":2,""Creswell, OR"":2,""Brunswick, OH"":2,""Greenwich, CT"":2,""Delphia, MT"":2,""Bryans Road, MD"":2,""Frederick, MD"":2,""Louisville, CO"":2,""York, PA"":2,""Newton, MA"":2}","{""Walmart"":79,""McDonald's"":51,""Maverik"":47,""Exxon Mobil"":37,""Walgreens"":34,""ConocoPhillips"":32,""Target"":27,""Wendy's"":26,""Starbucks"":24,""Dairy Queen"":23,""Costco"":23,""Shell Oil"":22,""Verizon Wireless"":21,""Ace Hardware"":21,""Subway"":21,""Chevron"":19,""Bomgaars"":17,""The Home Depot"":16,""Chick-fil-A"":16,""Taco Bell"":16}","{""Amazon"":58,""Apple"":39,""Netflix"":36,""Amazon Marketplace"":25,""Amazon Digital Services"":21,""Walmart"":19,""Hulu"":17,""Maverik"":17,""Spotify"":17,""AT&T"":14,""Verizon Wireless"":13,""Audible"":12,""Sirius XM"":10,""Target"":9,""Amazon Prime Video"":9,""Comcast"":7,""Google"":7,""Amazon Kindle"":6,""Chewy"":6,""Etsy"":6}","{""Safeway"":15,""Circle K"":11,""Blair's"":9,""7-Eleven"":8,""Smith's Food & Drug Stores"":7,""Casey's General Stores"":7,""Trader Joe's"":7,""ALDI"":6,""Publix Super Markets"":6,""Fred Meyer"":6,""WinCo Foods"":5,""Whole Foods Market"":5,""King Soopers"":5,""Kwik Trip"":4,""Sprouts Farmers Market"":4,""H-E-B"":4,""Natural Grocers"":3,""Weis Markets"":3,""Kroger"":3,""Food Lion"":3}","{""Walmart"":50,""Maverik"":25,""McDonald's"":16,""Dairy Queen"":15,""Wendy's"":14,""Walgreens"":13,""ConocoPhillips"":11,""Ace Hardware"":11,""Sierra"":11,""Arby's"":7,""Bomgaars"":7,""Domino's Pizza"":7,""Taco John's"":6,""Burger King"":6,""Subway"":6,""Tractor Supply Co."":5,""Boot Barn"":3,""Dollar Tree"":3,""United States Postal Service (USPS)"":3,""Pizza Hut"":3}","{""Verizon Wireless"":33,""AT&T"":18,""T-Mobile"":7,""Straight Talk"":3,""Disney Mobile"":2,""Google Fi"":1,""Sprint"":1,""Cricket Wireless"":1,""TracFone Wireless"":1,""U.S. Cellular"":1,""Boost Mobile"":1}","{""Netflix"":36,""Hulu"":17,""Amazon Prime Video"":9,""Disney Plus"":8,""YouTube TV"":4,""Roku"":3,""Dish Network"":3,""Peacock"":3,""Youtube Premium"":3,""Youtube"":3,""Redbox"":2,""Sling TV"":2,""Fubo"":2,""Time Warner Cable"":2,""HBO Max"":1,""Amazon Prime"":1,""DirecTV"":1,""Starz"":1,""Crunchyroll"":1,""Funimation"":1}","{""Dashpass"":3,""Uber Eats"":3,""HelloFresh"":2,""Instacart"":1,""DoorDash"":1,""Postmates"":1,""Grubhub"":1,""Go Puff"":1,""Shipt"":1}","{""Uber"":5,""Lyft"":3}","{""Affirm.com"":3,""Klarna"":2,""Afterpay"":1,""Sezzle"":1}","{""Apple Card"":4,""PayPal"":3,""Apple Cash"":2,""Venmo"":1}"
177051,222-222@5sy-bxw-3wk,,,2022-07-01,2022-08-01,754.0,3,2,177.0,377.0,"{""25"":177.00,""75"":400.00}","[0.00,0.00,0.00,0.00,0.00,0.00,0.00,0.00,0.00,400.00,0.00,0.00,0.00,0.00,0.00,0.00,0.00,0.00,0.00,0.00,354.00,0.00,0.00,0.00,0.00,0.00,0.00,0.00,0.00,0.00,0.00]","[null,null,null,null,null,null,null,null,null,400.00,null,null,null,null,null,null,null,null,null,null,177.00,null,null,null,null,null,null,null,null,null,null]","{""Monday"":0.00,""Tuesday"":0.00,""Wednesday"":0.00,""Thursday"":354.00,""Friday"":0.00,""Saturday"":0.00,""Sunday"":400.00}","{""Wednesday"":4,""Monday"":4,""Saturday"":5,""Thursday"":4,""Tuesday"":4,""Friday"":5,""Sunday"":5}",,,0,0.0,"{""No intermediary"":3}","{""No intermediary"":754.00}","{""1"":1,""2"":1,""3"":0,""4"":0,""5-10"":0,"">10"":0}","{""1"":400.00,""2"":354.00,""3"":null,""4"":null,""5-10"":null,"">10"":null}","{""75-100k"":2,"">150k"":2}","{""75-100k"":354.00,"">150k"":400.00}","{""Branch, MN"":2}","{""Walmart"":50,""Rosauers"":50,""Kwik Trip"":50,""Casey's General Stores"":50,""Total Wine & More"":50,""ALDI"":50,""Holiday Station"":50,""ConocoPhillips"":50,""Menard's"":50,""Phillips 66"":50,""Shell Oil"":50,""Subway"":50,""La Quinta Inns & Suites"":50}","{""Sirius XM"":50,""Comcast"":50}","{""La Quinta Inns & Suites"":50}",{},{},{},{},{},{},{}
177123,223-222@5sy-bzg-pjv,,,2022-07-01,2022-08-01,5875.68,92,52,62.46,97.62,"{""25"":26.83,""75"":90.89}","[416.52,324.08,265.16,42.86,577.44,132.93,0.00,182.58,0.00,270.77,878.24,315.56,0.00,152.86,321.96,0.00,0.00,207.60,49.46,218.60,77.18,0.00,137.42,15.45,555.72,437.10,0.00,0.00,54.00,145.54,96.65]","[50.56,162.04,90.77,42.86,89.55,66.47,null,45.64,null,62.48,68.41,78.89,null,76.43,22.67,null,null,39.25,24.73,109.30,38.59,null,68.71,15.45,94.00,40.53,null,null,27.00,72.77,96.65]","{""Monday"":1684.42,""Tuesday"":1379.56,""Wednesday"":351.53,""Thursday"":230.04,""Friday"":975.06,""Saturday"":607.04,""Sunday"":648.03}","{""Wednesday"":4,""Monday"":4,""Saturday"":5,""Thursday"":4,""Tuesday"":4,""Friday"":5,""Sunday"":5}",130.0,51.0,3,201.54,"{""No intermediary"":92}","{""No intermediary"":5875.68}","{""1"":18,""2"":30,""3"":2,""4"":2,""5-10"":0,"">10"":0}","{""1"":82.05,""2"":120.68,""3"":144.73,""4"":244.53,""5-10"":null,"">10"":null}","{""<25k"":2,""25-45k"":2,""45-60k"":8,""60-75k"":2,""75-100k"":6,""100-150k"":8,"">150k"":20}","{""<25k"":54.34,""25-45k"":41.15,""45-60k"":85.80,""60-75k"":76.03,""75-100k"":125.12,""100-150k"":153.09,"">150k"":116.63}","{""Cody, WY"":4,""Meridian, ID"":3,""Cottonwood, SD"":3,""Grayling, MT"":2,""Brigham City, UT"":2,""Roy, UT"":2,""Chicago, IL"":2,""Manorhaven, NY"":2,""Indio, CA"":2,""Waco, TX"":2,""Fresno, CA"":2,""Refton, PA"":2,""Granbury, TX"":2,""Yelm, WA"":2,""Vernal, UT"":2,""Meeteetse, WY"":2,""Highland, UT"":2,""Sarasota, FL"":2,""Clearfield, UT"":2,""Portland, OR"":2,""Clark, WY"":2,""Bridgeville, PA"":2,""Circleville, TX"":2,""Colorado Springs, CO"":2,""Windsor, WI"":2,""Glen Allen, VA"":2,""Bozeman, MT"":2,""Emerald Isle, NC"":2,""Acme, WY"":2,""Huntersville, NC"":2,""South Charleston, WV"":2,""Ypsilanti, MI"":2,""Blanford, IN"":2,""Malmstrom Afb, MT"":2,""Lees Summit, MO"":2,""Cheyenne, WY"":2,""Maplewood, NJ"":2,""Louisville, CO"":2}","{""Walmart"":77,""McDonald's"":54,""Albertsons"":52,""Maverik"":47,""Target"":41,""Exxon Mobil"":41,""ConocoPhillips"":35,""Dairy Queen"":33,""Shell Oil"":33,""Wendy's"":31,""Subway"":29,""Walgreens"":27,""Taco John's"":24,""Costco"":24,""Chick-fil-A"":24,""Pilot Flying J"":24,""Verizon Wireless"":22,""BP"":22,""Arby's"":22,""Panera Bread"":20}","{""Apple"":54,""Amazon"":50,""Netflix"":33,""Amazon Digital Services"":33,""Spotify"":24,""Hulu"":22,""Amazon Marketplace"":22,""Walmart"":16,""Target"":16,""Planet Fitness"":16,""Sirius XM"":14,""Adobe Systems"":14,""AT&T"":14,""Comcast"":14,""Chewy"":10,""Experian"":10,""Maverik"":10,""Audible"":10,""Etsy"":8,""Chipotle Mexican Grill"":8}","{""McDonald's"":54,""Wendy's"":33,""Dairy Queen"":33,""Subway"":31,""Chick-fil-A"":25,""Taco John's"":24,""Arby's"":22,""Starbucks"":20,""Panera Bread"":20,""Jimmy John's"":18,""Burger King"":16,""Dunkin'"":16,""Panda Express"":14,""Chipotle Mexican Grill"":12,""Taco Bell"":12,""Applebee's"":12,""Pizza Hut"":12,""Buffalo Wild Wings"":10,""Culver's"":10,""Sonic"":8}","{""Walmart"":50,""Albertsons"":35,""Dairy Queen"":24,""Wendy's"":14,""McDonald's"":14,""ConocoPhillips"":10,""Maverik"":10,""Arby's"":10,""Taco John's"":8,""Bomgaars"":6,""Walgreens"":6,""Holiday Inn"":4,""Ace Hardware"":4,""Boot Barn"":4,""Sierra"":4,""Pizza Hut"":4,""Subway"":4,""Smoker Friendly"":2,""Cellular Plus"":2,""maurices"":2}","{""Verizon Wireless"":25,""AT&T"":18,""T-Mobile"":4,""Disney Mobile"":2,""Cricket Wireless"":2}","{""Netflix"":33,""Hulu"":22,""Disney Plus"":12,""Roku"":6,""Amazon Prime Video"":6,""Youtube"":4,""YouTube TV"":2,""Fubo"":2,""Peacock"":2,""DirecTV"":2,""Youtube Premium"":2,""Starz"":2}","{""HelloFresh"":2,""DoorDash"":2}","{""Uber"":6,""Lyft"":4}","{""Affirm.com"":4,""Afterpay"":2,""Klarna"":2}","{""Apple Card"":2,""Venmo"":2}"
177173,222-222@5sy-c56-7nq,,,2022-07-01,2022-08-01,101.42,4,2,21.05,50.71,"{""25"":10.25,""75"":44.77}","[0.00,0.00,0.00,0.00,0.00,0.00,0.00,0.00,0.00,0.00,0.00,0.00,0.00,0.00,0.00,0.00,0.00,0.00,0.00,0.00,0.00,0.00,0.00,59.32,42.10,0.00,0.00,0.00,0.00,0.00,0.00]","[null,null,null,null,null,null,null,null,null,null,null,null,null,null,null,null,null,null,null,null,null,null,null,29.66,21.05,null,null,null,null,null,null]","{""Monday"":42.10,""Tuesday"":0.00,""Wednesday"":0.00,""Thursday"":0.00,""Friday"":0.00,""Saturday"":0.00,""Sunday"":59.32}","{""Wednesday"":4,""Monday"":4,""Saturday"":5,""Thursday"":4,""Tuesday"":4,""Friday"":5,""Sunday"":5}",,,0,0.0,"{""No intermediary"":4}","{""No intermediary"":101.42}","{""1"":1,""2"":0,""3"":1,""4"":0,""5-10"":0,"">10"":0}","{""1"":6.65,""2"":null,""3"":94.77,""4"":null,""5-10"":null,"">10"":null}","{""25-45k"":2,""100-150k"":2}","{""25-45k"":6.65,""100-150k"":94.77}","{""Minetto, NY"":3}","{""Walmart"":100,""Verizon Wireless"":100,""Precious Moments"":100,""Love's Travel Stops and Country Stores"":100,""Stewart's Shops"":100,""Associated Food Stores"":100,""Chevron"":50,""Taco Bell"":50,""Safeway"":50,""Speedway"":50,""City Market"":50,""Dollar General"":50,""Aramark Uniform & Career Apparel"":50,""Applebee's"":50,""Kum & Go"":50,""Microsoft Store"":50,""Phillips 66"":50,""Sunoco"":50,""Exxon Mobil"":50,""Shell Oil"":50}","{""Hulu"":100,""Steam"":50,""Amazon"":50,""GoDaddy"":50,""Netflix"":50,""Spotify"":50,""Amazon Digital Services"":50,""Amazon Prime"":50,""iTunes"":50}",{},"{""Walmart"":50}","{""Verizon Wireless"":100}","{""Hulu"":100,""Amazon Prime"":50,""Netflix"":50}",{},{},{},{}
177212,228-222@5sy-bzg-gx5,SG_BRAND_f8f168c7e78af79a796297500e221a15,maurices,2022-07-01,2022-08-01,1293.05,15,15,62.24,62.24,"{""25"":50.00,""75"":90.73}","[0.00,0.00,0.00,0.00,154.83,0.00,60.33,62.24,0.00,0.00,90.73,366.92,0.00,0.00,174.62,0.00,0.00,202.28,64.80,0.00,0.00,55.94,0.00,0.00,0.00,50.00,10.36,0.00,0.00,0.00,0.00]","[null,null,null,null,77.42,null,60.33,62.24,null,null,90.73,366.92,null,null,70.32,null,null,101.14,64.80,null,null,55.94,null,null,null,50.00,10.36,null,null,null,null]","{""Monday"":293.01,""Tuesday"":636.55,""Wednesday"":10.36,""Thursday"":60.33,""Friday"":292.80,""Saturday"":0.00,""Sunday"":0.00}","{""Wednesday"":4,""Monday"":4,""Saturday"":5,""Thursday"":4,""Tuesday"":4,""Friday"":5,""Sunday"":5}",79.0,-13.0,0,0.0,"{""No intermediary"":15}","{""No intermediary"":1293.05}","{""1"":15,""2"":0,""3"":0,""4"":0,""5-10"":0,"">10"":0}","{""1"":86.20,""2"":null,""3"":null,""4"":null,""5-10"":null,"">10"":null}","{""<25k"":2,""25-45k"":3,""45-60k"":2,""60-75k"":2,""75-100k"":2,""100-150k"":3,"">150k"":2}","{""<25k"":366.92,""25-45k"":75.77,""45-60k"":136.90,""60-75k"":40.73,""75-100k"":60.33,""100-150k"":40.63,"">150k"":60.37}","{""Cody, WY"":4,""Oak Grove, KY"":3,""Hauser, ID"":2,""Mesa, AZ"":2,""Opelika, AL"":2,""Denver, CO"":2,""North Brunswick, NJ"":2,""Nampa, ID"":2,""Cottonwood, SD"":2,""Ocean City, MD"":2}","{""Walmart"":100,""Albertsons"":60,""Maverik"":54,""McDonald's"":54,""Costco"":40,""Walgreens"":40,""Target"":34,""Wendy's"":34,""Love's Travel Stops and Country Stores"":34,""Dairy Queen"":34,""Pilot Flying J"":34,""Scheels"":27,""United States Postal Service (USPS)"":27,""Blair's"":27,""Chevron"":20,""Ross Stores"":20,""Taco Bell"":20,""The Home Depot"":20,""Ace Hardware"":20,""Sierra"":20}","{""Amazon"":60,""Netflix"":27,""Maverik"":27,""Planet Fitness"":20,""Apple"":20,""Hulu"":20,""Walmart"":14,""Papa Murphy's"":14,""YouTube TV"":14,""Sirius XM"":14,""Five Guys"":14,""Google Storage"":14,""Spotify"":14,""Amazon Digital Services"":14,""Audible"":14,""Amazon Prime Video"":14,""Amazon Marketplace"":14,""Etsy"":7,""Sling TV"":7,""Southwest Airlines"":7}","{""Victoria's Secret"":7,""H&M (Hennes & Mauritz)"":7}","{""Walmart"":80,""Albertsons"":60,""Maverik"":27,""Walgreens"":20,""Dairy Queen"":20,""Papa Murphy's"":14,""Wendy's"":14,""Sierra"":14,""McDonald's"":14,""Arby's"":14,""The UPS Store"":7,""United States Postal Service (USPS)"":7,""Tractor Supply Co."":7,""AutoZone"":7,""Subway"":7,""Dollar Tree"":7}","{""AT&T"":14,""T-Mobile"":14,""Verizon Wireless"":14,""MetroPCS"":7}","{""Netflix"":27,""Hulu"":20,""Disney Plus"":20,""YouTube TV"":14,""Peacock"":14,""Amazon Prime Video"":14,""Sling TV"":7,""Redbox"":7}",{},"{""Lyft"":7,""Uber"":7}",{},{}
177224,22d-222@5sy-bzg-ffz,,,2022-07-01,2022-08-01,93.6,2,2,46.8,46.8,"{""25"":31.20,""75"":62.40}","[0.00,0.00,0.00,0.00,0.00,0.00,0.00,0.00,0.00,0.00,0.00,0.00,0.00,0.00,0.00,0.00,31.20,0.00,62.40,0.00,0.00,0.00,0.00,0.00,0.00,0.00,0.00,0.00,0.00,0.00,0.00]","[null,null,null,null,null,null,null,null,null,null,null,null,null,null,null,null,31.20,null,62.40,null,null,null,null,null,null,null,null,null,null,null,null]","{""Monday"":0.00,""Tuesday"":62.40,""Wednesday"":0.00,""Thursday"":0.00,""Friday"":0.00,""Saturday"":0.00,""Sunday"":31.20}","{""Wednesday"":4,""Monday"":4,""Saturday"":5,""Thursday"":4,""Tuesday"":4,""Friday"":5,""Sunday"":5}",,-57.0,0,0.0,"{""No intermediary"":2}","{""No intermediary"":93.60}","{""1"":2,""2"":0,""3"":0,""4"":0,""5-10"":0,"">10"":0}","{""1"":46.80,""2"":null,""3"":null,""4"":null,""5-10"":null,"">10"":null}","{"">150k"":2}","{"">150k"":46.80}","{""Chattanooga, TN"":2,""Fellows, CA"":2}","{""Costco"":100,""Exxon Mobil"":100,""Walmart"":50,""Mellow Mushroom"":50,""ULTA Beauty"":50,""Trader Joe's"":50,""Target"":50,""Chevron"":50,""Gap"":50,""Great Clips"":50,""Sephora"":50,""Staybridge Suites"":50,""Williams-Sonoma"":50,""Murphy USA"":50,""Domino's Pizza"":50,""T.J. Maxx"":50,""Madison Reed"":50,""Speedway"":50,""Buffalo Wild Wings"":50,""Holiday Station"":50}","{""Target"":100,""Walmart"":50,""Lyft"":50,""Amazon"":50,""YouTube TV"":50,""Instant Ink"":50,""Expedia"":50,""Apple"":50,""Oculus"":50,""Instacart"":50,""Netflix"":50,""Costco"":50,""OnStar"":50,""Spotify"":50,""AT&T"":50,""Audible"":50,""Comcast"":50,""Amazon Prime Video"":50,""Intuit"":50}",{},"{""Walgreens"":50}","{""AT&T"":50}","{""YouTube TV"":50,""Amazon Prime Video"":50,""Disney Plus"":50,""Netflix"":50}","{""Instacart"":50}","{""Lyft"":50}",{},{}
177281,zzw-222@5sy-bxx-tjv,,,2022-07-01,2022-08-01,2717.47,116,60,20.0,39.0,"{""25"":15.00,""75"":30.00}","[60.00,20.00,38.00,58.00,211.54,98.57,64.00,125.50,35.00,20.19,175.44,80.00,276.76,36.00,0.00,0.00,19.00,296.50,118.32,0.00,90.00,120.00,15.60,216.13,285.80,0.00,18.00,0.00,219.12,0.00,20.00]","[30.00,10.00,19.00,20.00,22.00,22.00,15.00,10.00,35.00,20.19,19.00,40.00,20.00,18.00,null,null,19.00,19.00,25.00,null,45.00,30.00,15.60,19.34,29.00,null,18.00,null,27.28,null,20.00]","{""Monday"":815.74,""Tuesday"":409.86,""Wednesday"":393.33,""Thursday"":190.00,""Friday"":524.62,""Saturday"":70.60,""Sunday"":313.32}","{""Wednesday"":4,""Monday"":4,""Saturday"":5,""Thursday"":4,""Tuesday"":4,""Friday"":5,""Sunday"":5}",-4.0,9.0,3,100.0,"{""No intermediary"":116}","{""No intermediary"":2717.47}","{""1"":20,""2"":31,""3"":2,""4"":7,""5-10"":0,"">10"":0}","{""1"":20.20,""2"":53.21,""3"":41.28,""4"":83.05,""5-10"":null,"">10"":null}","{""<25k"":3,""25-45k"":3,""45-60k"":2,""60-75k"":3,""75-100k"":15,""100-150k"":15,"">150k"":18}","{""<25k"":30.45,""25-45k"":49.00,""45-60k"":19.00,""60-75k"":49.59,""75-100k"":41.98,""100-150k"":47.50,"">150k"":49.01}","{""Cody, WY"":5,""San Antonio, TX"":4,""Pocatello, ID"":3,""Clark, WY"":3,""Bozeman, MT"":3,""Roxboro, NC"":2,""Saint George, UT"":2,""Brigham City, UT"":2,""Fort Myers, FL"":2,""Medford, NJ"":2,""Prosser, WA"":2,""Minetto, NY"":2,""Calumet, PA"":2,""Hanover Park, IL"":2,""Garden City, ID"":2,""Oak Harbor, WA"":2,""Loomis, CA"":2,""Yorktown, VA"":2,""Whitefish, MT"":2,""Gillette, WY"":2,""Louisville, KY"":2,""Harrisville, UT"":2,""Riverton, WY"":2,""Fort Wayne, IN"":2,""Douglassville, PA"":2,""Ogden, UT"":2,""New Braunfels, TX"":2,""Boise, ID"":2,""Princeton, NC"":2,""Buffalo, NY"":2,""Lake Orion, MI"":2,""Bates City, MO"":2,""Bridgeville, PA"":2,""Colorado Springs, CO"":2,""Orland Park, IL"":2,""Francis, UT"":2,""Glen Carbon, IL"":2,""Waterloo, IA"":2,""Almy, WY"":2,""Billings, MT"":2,""Otis, OR"":2,""Canton, OH"":2,""Cottonwood, SD"":2,""Chesterville, OH"":2,""Beecher, IL"":2,""Greer, SC"":2,""Lacey, WA"":2,""Hartland, MI"":2,""Northville, MI"":2,""Lees Summit, MO"":2,""Frederick, MD"":2}","{""Walmart"":77,""McDonald's"":67,""Shell Oil"":50,""Exxon Mobil"":47,""Albertsons"":40,""Wendy's"":39,""Maverik"":39,""Target"":37,""Walgreens"":35,""ConocoPhillips"":34,""Pilot Flying J"":30,""Love's Travel Stops and Country Stores"":29,""Dairy Queen"":27,""Subway"":27,""Chick-fil-A"":25,""Chevron"":22,""BP"":22,""Lowe's"":22,""The Home Depot"":22,""Costco"":22}","{""Amazon"":57,""Apple"":52,""Netflix"":35,""Amazon Marketplace"":29,""Amazon Digital Services"":20,""Hulu"":17,""Verizon Wireless"":14,""The Home Depot"":14,""Spotify"":14,""Comcast"":14,""Amazon Kindle"":14,""Walmart"":12,""Planet Fitness"":12,""Maverik"":12,""Amazon Prime Video"":12,""Barclaycard US"":10,""AT&T"":10,""Audible"":10,""Sirius XM"":9,""Best Buy"":9}",{},"{""Walmart"":44,""Albertsons"":30,""Dairy Queen"":14,""Wendy's"":10,""Maverik"":10,""McDonald's"":5,""Smoker Friendly"":4,""Domino's Pizza"":4,""Taco John's"":4,""ConocoPhillips"":4,""Boot Barn"":4,""Sierra"":4,""Walgreens"":4,""Burger King"":4,""Arby's"":4,""Papa Murphy's"":2,""maurices"":2,""Pizza Hut"":2,""Good 2 Go Stores"":2,""AutoZone"":2}","{""Verizon Wireless"":30,""AT&T"":15,""T-Mobile"":14,""Straight Talk"":7,""Sprint"":4,""MetroPCS"":2,""Boost Mobile"":2}","{""Netflix"":35,""Hulu"":17,""Amazon Prime Video"":12,""Disney Plus"":7,""Dish Network"":5,""Roku"":2,""Youtube"":2,""Peacock"":2,""Amazon Prime"":2}","{""Postmates"":2,""Uber Eats"":2}","{""Uber"":4}","{""Affirm.com"":7,""Afterpay"":4,""Klarna"":2}","{""PayPal"":5,""Apple Card"":5,""Apple Cash"":2}"
177340,22b-222@5sy-bzg-m8v,,,2022-07-01,2022-08-01,9830.98,113,54,66.83,112.61,"{""25"":37.46,""75"":107.37}","[373.96,405.67,203.78,7.20,481.76,36.10,231.70,189.06,47.11,243.40,1611.58,214.76,877.74,108.46,1083.20,80.27,430.57,1274.62,211.87,155.00,137.96,268.40,29.92,21.72,271.90,0.00,55.15,374.92,403.20,0.00,0.00]","[93.49,202.84,59.46,7.20,58.38,36.10,66.57,47.27,47.11,121.70,130.00,53.69,103.73,54.23,103.69,80.27,181.68,57.92,50.00,155.00,68.98,6.30,29.92,21.72,67.98,null,55.15,187.46,85.00,null,null]","{""Monday"":3165.30,""Tuesday"":908.39,""Wednesday"":1123.99,""Thursday"":853.04,""Friday"":2317.82,""Saturday"":562.97,""Sunday"":899.47}","{""Wednesday"":4,""Monday"":4,""Saturday"":5,""Thursday"":4,""Tuesday"":4,""Friday"":5,""Sunday"":5}",158.0,1728.0,0,0.0,"{""No intermediary"":113}","{""No intermediary"":9830.98}","{""1"":14,""2"":33,""3"":1,""4"":4,""5-10"":2,"">10"":0}","{""1"":86.92,""2"":154.87,""3"":150.00,""4"":184.82,""5-10"":1306.97,"">10"":null}","{""<25k"":7,""25-45k"":3,""45-60k"":5,""60-75k"":6,""75-100k"":10,""100-150k"":8,"">150k"":21}","{""<25k"":228.88,""25-45k"":144.33,""45-60k"":77.04,""60-75k"":149.73,""75-100k"":75.38,""100-150k"":103.23,"">150k"":268.49}","{""Cody, WY"":12,""Raleigh, NC"":4,""Newark, OH"":3,""Pasadena, TX"":2,""Silverton, ID"":2,""Fowlerville, MI"":2,""Mercer, PA"":2,""Delray Beach, FL"":2,""New Lebanon, NY"":2,""Santa Fe, NM"":2,""Montrose, CO"":2,""Gainesville, VA"":2,""Gilbert, AZ"":2,""Harrisburg, OR"":2,""Baltimore, MD"":2,""Lakewood, CO"":2,""Amherst, NY"":2,""Sarasota, FL"":2,""Sedona, AZ"":2,""Clark, WY"":2,""Orange Park, FL"":2,""Bozeman, MT"":2,""Charleston, NV"":2,""Englewood, CO"":2,""Dallas, TX"":2,""Canton, OH"":2,""Lacey, WA"":2,""Aurora, CO"":2,""Fogelsville, PA"":2,""Boquet, PA"":2,""Peachtree City, GA"":2,""North Richland Hills, TX"":2,""Dillon, CO"":2}","{""Walmart"":78,""McDonald's"":52,""Walgreens"":47,""Target"":43,""Albertsons"":39,""Wendy's"":38,""Maverik"":38,""Shell Oil"":38,""Exxon Mobil"":36,""ConocoPhillips"":28,""Chick-fil-A"":26,""Verizon Wireless"":23,""BP"":23,""Ace Hardware"":23,""Starbucks"":21,""Dairy Queen"":21,""Lowe's"":19,""Subway"":19,""Bomgaars"":17,""The Home Depot"":17}","{""Apple"":60,""Amazon"":58,""Netflix"":26,""Hulu"":19,""Amazon Digital Services"":19,""Amazon Marketplace"":17,""Spotify"":15,""Verizon Wireless"":12,""Maverik"":12,""AT&T"":12,""Audible"":12,""Walmart"":10,""Sirius XM"":10,""Comcast"":10,""Uber"":8,""Experian"":8,""E-ZPass"":8,""Amazon Kindle"":8,""Etsy"":6,""Target"":6}","{""McDonald's"":52,""Wendy's"":38,""Chick-fil-A"":26,""Starbucks"":21,""Dairy Queen"":21,""Subway"":19,""Taco Bell"":15,""Panera Bread"":15,""Dunkin'"":15,""Jimmy John's"":12,""Domino's Pizza"":12,""Burger King"":12,""Arby's"":12,""Chipotle Mexican Grill"":10,""Taco John's"":10,""Five Guys"":10,""Panda Express"":10,""Olive Garden"":8,""Chili's Grill & Bar"":6,""Papa Murphy's"":6}","{""Walmart"":54,""Albertsons"":36,""Walgreens"":28,""Maverik"":19,""Sierra"":17,""McDonald's"":17,""Wendy's"":15,""Ace Hardware"":12,""ConocoPhillips"":10,""Dairy Queen"":10,""Bomgaars"":8,""Smoker Friendly"":6,""Domino's Pizza"":6,""Taco John's"":6,""Harley Davidson"":6,""Tractor Supply Co."":6,""Burger King"":4,""United States Postal Service (USPS)"":4,""Subway"":4,""Arby's"":4}","{""Verizon Wireless"":34,""AT&T"":17,""T-Mobile"":4,""Sprint"":2}","{""Netflix"":26,""Hulu"":19,""YouTube TV"":6,""Fubo"":6,""Amazon Prime Video"":6,""HBO Max"":4,""Peacock"":4,""Roku"":2,""Youtube"":2,""Dish Network"":2,""Amazon Prime"":2,""Disney Plus"":2,""Youtube Premium"":2}","{""HelloFresh"":6,""Instacart"":4,""DoorDash"":2}","{""Uber"":8,""Lyft"":2}","{""Klarna"":4,""Affirm.com"":2}","{""PayPal"":2}"
177360,zzw-222@5sy-bxt-fpv,SG_BRAND_6b1e006c89aa3f8b054a05fa90581501,Dollar Tree,2022-07-01,2022-08-01,486.26,27,20,11.53,12.27,"{""25"":5.20,""75"":19.25}","[11.53,13.00,0.00,0.00,3.64,10.62,5.05,0.00,10.40,0.00,15.35,0.00,0.00,20.80,0.00,92.30,0.00,36.20,0.00,0.00,28.95,54.65,3.80,19.25,0.00,0.00,0.00,89.65,40.77,20.25,10.05]","[11.53,13.00,null,null,3.64,10.62,2.53,null,10.40,null,7.68,null,null,20.80,null,92.30,null,18.10,null,null,7.80,15.05,3.80,19.25,null,null,null,44.82,40.77,10.13,10.05]","{""Monday"":51.55,""Tuesday"":3.64,""Wednesday"":10.62,""Thursday"":144.45,""Friday"":106.95,""Saturday"":139.75,""Sunday"":29.30}","{""Wednesday"":4,""Monday"":4,""Saturday"":5,""Thursday"":4,""Tuesday"":4,""Friday"":5,""Sunday"":5}",-49.0,-22.0,1,10.05,"{""No intermediary"":27}","{""No intermediary"":486.26}","{""1"":14,""2"":5,""3"":1,""4"":0,""5-10"":0,"">10"":0}","{""1"":13.55,""2"":49.27,""3"":50.25,""4"":null,""5-10"":null,"">10"":null}","{""<25k"":2,""25-45k"":6,""45-60k"":3,""60-75k"":2,""75-100k"":2,"">150k"":3}","{""<25k"":11.53,""25-45k"":15.57,""45-60k"":13.78,""60-75k"":34.40,""75-100k"":19.75,"">150k"":47.52}","{""Cody, WY"":9,""Arlington, VA"":2,""Redmond, OR"":2,""Clark, WY"":2,""Boise, ID"":2,""Ankeny, IA"":2,""Billings, MT"":2,""Aurora, CO"":2}","{""Walmart"":90,""Albertsons"":70,""McDonald's"":55,""Walgreens"":45,""Dairy Queen"":45,""Maverik"":35,""Bomgaars"":30,""Blair's"":30,""Sierra"":25,""Exxon Mobil"":25,""Wendy's"":20,""Sonic"":15,""Verizon Wireless"":15,""Papa Murphy's"":15,""Scheels"":15,""Ace Hardware"":15,""Love's Travel Stops and Country Stores"":15,""United States Postal Service (USPS)"":15,""Tractor Supply Co."":15,""AutoZone"":15}","{""Dollar Tree"":100,""Amazon"":60,""Amazon Marketplace"":50,""Apple"":40,""Walmart"":35,""Netflix"":25,""Amazon Digital Services"":25,""Etsy"":20,""Maverik"":20,""Hulu"":20,""Audible"":20,""Amazon Prime Video"":20,""Sirius XM"":15,""eBay"":15,""Verizon Wireless"":10,""Youtube"":10,""Compassion International"":10,""Sling TV"":5,""Planet Fitness"":5,""Papa Murphy's"":5}","{""Walmart"":95,""Costco"":15,""Family Dollar Stores"":15,""Target"":10,""Sam's Club"":10,""Five Below"":5}","{""Walmart"":70,""Albertsons"":65,""Dairy Queen"":40,""McDonald's"":40,""Walgreens"":35,""Sierra"":25,""Maverik"":25,""Wendy's"":15,""Tractor Supply Co."":15,""Domino's Pizza"":10,""Ace Hardware"":10,""Arby's"":10,""maurices"":5,""The UPS Store"":5,""Burger King"":5,""Pizza Hut"":5,""Subway"":5}","{""Verizon Wireless"":25,""T-Mobile"":10,""Straight Talk"":10,""Sprint"":5}","{""Netflix"":25,""Hulu"":20,""Amazon Prime Video"":20,""Youtube"":10,""Sling TV"":5,""Dish Network"":5,""Peacock"":5,""Redbox"":5,""Disney Plus"":5,""Youtube Premium"":5}","{""Dashpass"":5}",{},{},{}
177362,zzw-223@5sy-bxt-5xq,SG_BRAND_04a8ca7bf49e7ecb4a32451676e929f0,Walmart,2022-07-01,2022-08-01,157084.52,2223,1049,39.8,71.92,"{""25"":18.18,""75"":89.74}","[7118.24,4391.70,1933.79,914.13,13886.95,5595.68,4773.44,4967.43,3116.25,3788.77,9565.72,5119.56,6604.07,5170.60,5409.58,1628.13,2696.16,9951.95,5850.38,5539.76,3716.48,4210.42,3424.54,2554.17,10368.15,4403.41,4010.85,5006.25,5641.00,2498.98,3227.98]","[49.10,53.70,43.62,21.59,43.55,44.89,39.78,34.58,43.31,51.11,35.17,36.13,40.56,41.15,47.44,41.99,43.21,34.94,37.77,45.05,36.38,41.02,49.89,49.98,39.48,27.48,44.03,45.36,45.44,22.40,28.97]","{""Monday"":30799.95,""Tuesday"":29260.30,""Wednesday"":21750.36,""Thursday"":18666.77,""Friday"":27346.67,""Saturday"":15059.60,""Sunday"":14200.87}","{""Wednesday"":4,""Monday"":4,""Saturday"":5,""Thursday"":4,""Tuesday"":4,""Friday"":5,""Sunday"":5}",23.0,8.0,48,3807.69,"{""No intermediary"":2222,""Visa Direct"":1}","{""No intermediary"":157062.38,""Visa Direct"":22.14}","{""1"":616,""2"":214,""3"":91,""4"":43,""5-10"":66,"">10"":19}","{""1"":74.49,""2"":153.87,""3"":231.17,""4"":270.20,""5-10"":448.39,"">10"":843.29}","{""<25k"":131,""25-45k"":125,""45-60k"":89,""60-75k"":79,""75-100k"":126,""100-150k"":189,"">150k"":282}","{""<25k"":122.85,""25-45k"":133.39,""45-60k"":134.46,""60-75k"":144.65,""75-100k"":177.35,""100-150k"":154.49,"">150k"":156.09}","{""Cody, WY"":127,""Clark, WY"":39,""Bozeman, MT"":17,""Lovell, WY"":15,""Billings, MT"":14,""Pocatello, ID"":10,""Colorado Springs, CO"":10,""Wake Forest, NC"":9,""Salt Lake City, UT"":8,""Boise, ID"":8,""Nampa, ID"":8,""Cheyenne, WY"":8,""Alexandria, VA"":7,""Basin, WY"":7,""Worland, WY"":7,""Meridian, ID"":6,""Dallas, TX"":6,""Aurora, CO"":6,""Agawam, MT"":5,""Abo, NM"":5,""Mesa, AZ"":5,""Queen Creek, AZ"":5,""Butte, MT"":5,""Bakersfield, CA"":5,""Boquet, PA"":5,""Encampment, WY"":5,""Sandy, UT"":4,""Troy, MI"":4,""Chicago, IL"":4,""Cedar Rapids, IA"":4,""Troy, MN"":4,""Greybull, WY"":4,""Blackfoot, ID"":4,""Lincolnton, NC"":4,""Daphne, AL"":4,""Winston Salem, NC"":4,""Commerce, GA"":4,""Moran, WY"":4,""Anna, IL"":4,""Fort Worth, TX"":4,""Alma, TX"":4,""San Antonio, TX"":4,""Eaton Rapids, MI"":3,""Hauser, ID"":3,""Choctaw, OK"":3,""Greensboro, NC"":3,""Milwaukie, OR"":3,""Harker Heights, TX"":3,""Surprise, AZ"":3,""Pittsburgh, PA"":3,""Lakeside, FL"":3,""Santa Fe, NM"":3,""Laramie, WY"":3,""Lawrenceville, GA"":3,""Decatur, AL"":3,""Hillsboro, OR"":3,""Baltimore, MD"":3,""Omaha, NE"":3,""Cabot, AR"":3,""Monroe, WA"":3,""Fredericksburg, VA"":3,""Leavenworth, KS"":3,""Las Vegas, NV"":3,""Seattle, WA"":3,""South Burlington, VT"":3,""Princeton, NC"":3,""Silver Spring, MD"":3,""Brookhurst, WY"":3,""Emden, WA"":3,""Valrico, FL"":3,""Chugwater, WY"":3,""Erda, UT"":3,""Charleston, UT"":3,""Englewood, CO"":3,""Eglon, WA"":3,""Eagle, ID"":3,""Patterson, IA"":3,""Bend, OR"":3,""Sturgis, MI"":3,""Milwaukee, WI"":3,""Branford, CT"":3,""Roxboro, NC"":2,""Tacoma, WA"":2,""Monell, WY"":2,""Gobles, MI"":2,""West Jordan, UT"":2,""Arlington, VA"":2,""Plano, TX"":2,""Springfield, VA"":2,""Van Nuys, CA"":2,""Pinckney, MI"":2,""Spearfish, SD"":2,""Schertz, TX"":2,""Broadview Heights, OH"":2,""Applewold, PA"":2,""Colfax, IA"":2,""Raleigh, NC"":2,""South Jordan, UT"":2,""Alger, WA"":2,""Bly, OR"":2,""Barrackville, WV"":2,""Lancaster, PA"":2,""Grayling, MT"":2,""Papillion, NE"":2,""Tucker, GA"":2,""Stafford, OR"":2,""San Diego, CA"":2,""Brigham City, UT"":2,""Aquilla, OH"":2,""Celina, TX"":2,""Shorewood, IL"":2,""Wilson, NC"":2,""Lubbock, TX"":2,""Fowlerville, MI"":2,""Key West, FL"":2,""Detroit Lakes, MN"":2,""Tucson, AZ"":2,""Canyon Lake, TX"":2,""Stockton, CA"":2,""Roy, UT"":2,""Fort Irwin, CA"":2,""Middlefield, OH"":2,""Harvey, MI"":2,""Thornton, CO"":2,""Decatur, IL"":2,""Ten Sleep, WY"":2,""Plymouth, MN"":2,""Prosser, WA"":2,""Emmaus, PA"":2,""Sherwood, OR"":2,""Kensington, MD"":2,""Sterling, CO"":2,""Minetto, NY"":2,""San Jose, CA"":2,""Taylorsville, UT"":2,""Rancho Santa Margarita, CA"":2,""Bellingham, WA"":2,""Greenfield, WI"":2,""Bowers, PA"":2,""Steamboat Springs, CO"":2,""Indio, CA"":2,""Clemmons, NC"":2,""Saint Petersburg, FL"":2,""Paducah, KY"":2,""Morrisville, NC"":2,""Waco, TX"":2,""Clarksville, IN"":2,""Refton, PA"":2,""Southlake, TX"":2,""Gap, PA"":2,""Clay, PA"":2,""Richlands, NC"":2,""Short Hills, NJ"":2,""Amana, IA"":2,""Bowling Green, KY"":2,""Mount Vernon, IL"":2,""Bethel, ME"":2,""Pekin, NY"":2,""Thermopolis, WY"":2,""Yelm, WA"":2,""Kenosha, WI"":2,""Welcome, MN"":2,""Carmel, IN"":2,""Mascoutah, IL"":2,""Wichita, KS"":2,""New Lebanon, NY"":2,""Vernal, UT"":2,""La Pine, OR"":2,""Morgan, UT"":2,""Livingston, NY"":2,""Vacaville, CA"":2,""San Francisco, CA"":2,""Mobile, AL"":2,""Annex, OR"":2,""Bayne, WA"":2,""Newberry, SC"":2,""Hayden, ID"":2,""Amarillo, TX"":2,""Coon Rapids, MN"":2,""South Gate, CA"":2,""Lewis Center, OH"":2,""West Jefferson, NC"":2,""Leander, TX"":2,""Derry, NH"":2,""Hoback, WY"":2,""Harrisonville, OH"":2,""Pollock, ID"":2,""Oacoma, SD"":2,""Hewitt, TX"":2,""Port Townsend, WA"":2,""Flagstaff, AZ"":2,""Lafayette, CO"":2,""Kansas City, MO"":2,""Bryan, WY"":2,""Meeteetse, WY"":2,""Springville, UT"":2,""Flaherty, KY"":2,""Ann Arbor, MI"":2,""Elkol, WY"":2,""Gainesville, VA"":2,""Clearwater, FL"":2,""Birmingham, AL"":2,""Heathrow, FL"":2,""Oak Harbor, WA"":2,""Katy, TX"":2,""Pleasantville, NJ"":2,""Rockwall, TX"":2,""Logansport, IN"":2,""Victorville, CA"":2,""Doylestown, PA"":2,""Concord, CA"":2,""Delaware, OH"":2,""Chiles, KS"":2,""Clayton, DE"":2,""Gilbert, AZ"":2,""Houston, TX"":2,""Madison, WI"":2,""Shreveport, LA"":2,""Toms River, NJ"":2,""Devon, KY"":2,""Benjamin, UT"":2,""East Rutherford, NJ"":2,""Beckley, WV"":2,""Caledonia, WI"":2,""Charlotte, NC"":2,""Gunnison, CO"":2,""Virginia Beach, VA"":2,""Woodbury, MN"":2,""Cypress, TX"":2,""Phoenix, AZ"":2,""Blewett, TX"":2,""Pueblo, CO"":2,""Onalaska, WA"":2,""Provo, UT"":2,""Pleasant Grove, UT"":2,""Olympia, WA"":2,""Jericho, UT"":2,""Highland, UT"":2,""Whitefish, MT"":2,""Apopka, FL"":2,""Cooke City, MT"":2,""Belgrade, MT"":2,""Avondale, AZ"":2,""Battle Lake, MN"":2,""Park City, UT"":2,""Emmett, ID"":2,""Mechanicsville, VA"":2,""Harrisville, UT"":2,""Red Bank, NJ"":2,""Modoc, GA"":2,""Riverton, WY"":2,""Amherst, NY"":2,""Nine Mile Falls, WA"":2,""Overland Park, KS"":2,""Douglassville, PA"":2,""Kokomo, IN"":2,""Missoula, MT"":2,""Ogden, UT"":2,""Loveland, CO"":2,""Whiteman Air Force Base, MO"":2,""Hurricane, UT"":2,""Des Moines, IA"":2,""Weeksville, NC"":2,""Alliance, OH"":2,""Damascus, OH"":2,""Angela, MT"":2,""Sarasota, FL"":2,""Magna, UT"":2,""Creston, IL"":2,""Colburn, ID"":2,""Morgantown, WV"":2,""North Las Vegas, NV"":2,""Littleton, CO"":2,""Aberdeen, NC"":2,""Lamont, WY"":2,""Cary, NC"":2,""Keller, TX"":2,""Charleston, SC"":2,""Waukesha, WI"":2,""Cimarron, KS"":2,""Spring, TX"":2,""Alachua, FL"":2,""Dacono, CO"":2,""East Helena, MT"":2,""Marietta, GA"":2,""Warrenville, IL"":2,""Portland, OR"":2,""Opelika, AL"":2,""Knox, IN"":2,""Lewisville, TX"":2,""Navarre, FL"":2,""Strongsville, OH"":2,""Twin Falls, ID"":2,""Livingston, TX"":2,""Cockeysville, MD"":2,""Denver, CO"":2,""Carmel, ME"":2,""Great Falls, MT"":2,""Rapid City, SD"":2,""Marinette, WI"":2,""Broken Arrow, OK"":2,""Saint Louis, MO"":2,""Ventura, CA"":2,""Canandaigua, NY"":2,""Jacksonville, FL"":2,""New York, NY"":2,""Gardnerville, NV"":2,""Toledo, OH"":2,""Parsippany, NJ"":2,""Willis, TX"":2,""Vernon, FL"":2,""Conroe, TX"":2,""Sedona, AZ"":2,""Hacienda Heights, CA"":2,""Saginaw, MI"":2,""Genola, UT"":2,""Hollywood, FL"":2,""Eden, WY"":2,""Homedale, ID"":2,""The Villages, FL"":2,""Placerville, ID"":2,""La Crosse, WI"":2,""Dalton, GA"":2,""Fayetteville, NC"":2,""Reidsville, NC"":2,""Riverton, UT"":2,""Ahtanum, WA"":2,""La Vergne, TN"":2,""Thatcher, AZ"":2,""Lake, WY"":2,""Show Low, AZ"":2,""Anoka, MN"":2,""La Vernia, TX"":2,""Bates City, MO"":2,""Emigrant, MT"":2,""Cedarburg, WI"":2,""Midvale, UT"":2,""Spokane, WA"":2,""Baldwin, GA"":2,""Alpharetta, GA"":2,""Kuna, ID"":2,""Hesperia, CA"":2,""Marcellus, NY"":2,""Carbonville, UT"":2,""Saint Augustine, FL"":2,""Newton, KS"":2,""Milton, FL"":2,""Junction City, KS"":2,""Bloomington, IL"":2,""Melbourne, FL"":2,""Indialantic, FL"":2,""Chubbuck, ID"":2,""Littlefield, TX"":2,""Francis, UT"":2,""Port Charlotte, FL"":2,""Armbrust, PA"":2,""Northglenn, CO"":2,""Minot, ND"":2,""Bellevue, WA"":2,""Keller, GA"":2,""Midland, MI"":2,""Martinsburg, WV"":2,""Bel Air, MD"":2,""Henly, TX"":2,""Marshall, TX"":2,""Pajaro, CA"":2,""Custer, SD"":2,""Glenview, IL"":2,""Homosassa, FL"":2,""Buffalo, WY"":2,""Rexburg, ID"":2,""Carrolls, WA"":2,""Stafford, VA"":2,""Knoxville, TN"":2,""Cincinnati, OH"":2,""Corrigan, TX"":2,""Ashburn, VA"":2,""Junction City, OR"":2,""Pearland, TX"":2,""Rouzerville, PA"":2,""Cookeville, TN"":2,""Petersburg, AK"":2,""La Mesa, CA"":2,""Charleston, NV"":2,""Branson, MO"":2,""Clifton Park, NY"":2,""Yankton, SD"":2,""Burlington, IA"":2,""Shippensburg, PA"":2,""Almy, WY"":2,""Riverton, VA"":2,""Otis, OR"":2,""Fairview Heights, IL"":2,""Appomattox, VA"":2,""Indianapolis, IN"":2,""Cottonwood, SD"":2,""Maysville, CO"":2,""Cape Coral, FL"":2,""Lakeland, FL"":2,""Chesterville, OH"":2,""Eugene, OR"":2,""Beecher, IL"":2,""Ladentown, NY"":2,""Parker, ID"":2,""Columbia, MO"":2,""Mount Washington, KY"":2,""Byron, GA"":2,""South Elgin, IL"":2,""Northfield, OH"":2,""Killdeer, ND"":2,""Ravenna, OH"":2,""Henderson, NV"":2,""Lafayette, IN"":2,""Hawley, CO"":2,""Neptune Beach, FL"":2,""Greenville, AL"":2,""Marshfield, WI"":2,""Casper, WY"":2,""Silverton, OR"":2,""Warsaw, IN"":2,""Lacey, WA"":2,""Tallahassee, FL"":2,""Acme, WY"":2,""Cuyahoga Falls, OH"":2,""Hartland, MI"":2,""Santiago, MN"":2,""Huntersville, NC"":2,""Fogelsville, PA"":2,""Orem, UT"":2,""Lancaster, OH"":2,""Vancouver, WA"":2,""Scottsdale, AZ"":2,""Pantano, AZ"":2,""Oklahoma City, OK"":2,""Ashton, ID"":2,""Stevens Point, WI"":2,""Gig Harbor, WA"":2,""Caroleen, NC"":2,""Ellensburg, WA"":2,""Bethesda, MD"":2,""Cragsmoor, NY"":2,""Harrison Township, MI"":2,""Mena, AR"":2,""Glendale, AZ"":2,""Long Beach, CA"":2,""Wolf, WY"":2,""Lander, WY"":2,""Ypsilanti, MI"":2,""Blanford, IN"":2,""Malmstrom Afb, MT"":2,""Buxton, ME"":2,""Lees Summit, MO"":2,""Luther, MT"":2,""Coronado, CA"":2,""Fort Collins, CO"":2,""Briggs, OK"":2,""Somerset, KY"":2,""Chamblee, GA"":2,""Canadys, SC"":2,""Pooler, GA"":2,""Fate, TX"":2,""Peachtree City, GA"":2,""Idaho Falls, ID"":2,""Suffolk, VA"":2,""Star, ID"":2,""Parker, CO"":2,""Bowie, MD"":2,""Pataskala, OH"":2,""Chelsea, MI"":2,""Richmond, KY"":2,""Greeley, CO"":2,""Jackson, WY"":2,""Creswell, OR"":2,""Caldwell, ID"":2,""Mebane, NC"":2,""Adams, WI"":2,""Dewitt, MI"":2,""Ocean City, MD"":2,""Centerville, MN"":2,""Charlottesville, VA"":2,""Castle Rock, CO"":2,""Cumming, GA"":2,""Bryans Road, MD"":2,""Albuquerque, NM"":2,""Tumwater, WA"":2,""North Richland Hills, TX"":2,""Logan, UT"":2,""Louisville, CO"":2,""Kimberly, ID"":2,""Skagway, AK"":2,""Waterville, OH"":2,""Bonneauville, PA"":2,""Albany, OR"":2,""Worley, ID"":2}","{""McDonald's"":54,""Maverik"":42,""Albertsons"":35,""Exxon Mobil"":35,""Shell Oil"":27,""Wendy's"":27,""ConocoPhillips"":27,""Target"":26,""Walgreens"":24,""Subway"":23,""Dairy Queen"":22,""Costco"":21,""Verizon Wireless"":20,""Taco Bell"":20,""Chick-fil-A"":19,""Starbucks"":19,""Pilot Flying J"":18,""Chevron"":18,""Arby's"":18,""Ace Hardware"":17}","{""Amazon"":57,""Apple"":41,""Netflix"":32,""Amazon Marketplace"":23,""Walmart"":19,""Spotify"":19,""Amazon Digital Services"":17,""Hulu"":17,""AT&T"":14,""Maverik"":13,""Verizon Wireless"":11,""Target"":10,""Sirius XM"":10,""Audible"":9,""Comcast"":8,""Google"":8,""Amazon Prime Video"":8,""Planet Fitness"":7,""Google Storage"":6,""Amazon Kindle"":6}","{""Target"":31,""Costco"":22,""Sam's Club"":13,""Dollar Tree"":12,""Family Dollar Stores"":12,""Dollar General"":10,""Big Lots Stores"":2,""Belk"":2,""BJ's Wholesale Club"":2,""Five Below"":1,""Tuesday Morning"":1,""Navy Exchange"":1,""Ollie's Bargain Outlet"":1,""Mills Fleet Farm"":1,""99 Cents Only Stores"":1,""Dirt Cheap"":1,""DAISO"":1,""Roses Express"":1,""Christmas Tree Shops"":1,""Brookstone"":1}","{""Albertsons"":26,""Maverik"":14,""McDonald's"":12,""Dairy Queen"":12,""Wendy's"":11,""Walgreens"":8,""Sierra"":7,""Arby's"":7,""Ace Hardware"":7,""ConocoPhillips"":5,""Domino's Pizza"":5,""Subway"":5,""Taco John's"":5,""Bomgaars"":4,""Burger King"":4,""Tractor Supply Co."":4,""Boot Barn"":3,""Pizza Hut"":2,""Dollar Tree"":2,""United States Postal Service (USPS)"":2}","{""Verizon Wireless"":30,""AT&T"":19,""T-Mobile"":7,""Straight Talk"":3,""Sprint"":2,""Cricket Wireless"":1,""Disney Mobile"":1,""MetroPCS"":1,""Google Fi"":1,""U.S. Cellular"":1,""Boost Mobile"":1}","{""Netflix"":32,""Hulu"":17,""Disney Plus"":8,""Amazon Prime Video"":8,""Youtube"":4,""YouTube TV"":3,""Dish Network"":3,""Roku"":3,""Redbox"":3,""Youtube Premium"":3,""Peacock"":2,""HBO Max"":2,""Amazon Prime"":2,""Fubo"":1,""Time Warner Cable"":1,""Sling TV"":1,""DirecTV"":1,""Starz"":1,""Funimation"":1,""Vudu"":1}","{""Dashpass"":3,""Uber Eats"":3,""HelloFresh"":2,""DoorDash"":2,""Instacart"":1,""Grubhub"":1,""Shipt"":1,""Postmates"":1,""Go Puff"":1}","{""Uber"":6,""Lyft"":3}","{""Affirm.com"":3,""Klarna"":2,""Afterpay"":2,""Sezzle"":1,""Acima Credit"":1,""Zip Company"":1,""Progressive Leasing"":1}","{""Apple Card"":3,""Apple Cash"":2,""PayPal"":2,""Venmo"":1,""Cash App"":1}"
177502,zzw-225@5sy-bxt-pn5,,,2022-07-01,2022-08-01,757.64,37,16,17.68,33.28,"{""25"":10.40,""75"":27.69}","[42.12,5.72,0.00,0.00,52.32,28.60,0.00,71.76,0.00,0.00,84.76,0.00,0.00,92.90,166.40,0.00,0.00,41.60,0.00,0.00,0.00,0.00,26.00,0.00,0.00,10.00,23.14,0.00,95.68,16.64,0.00]","[10.53,5.72,null,null,13.08,28.60,null,35.88,null,null,21.19,null,null,23.23,41.60,null,null,10.40,null,null,null,null,26.00,null,null,5.00,23.14,null,23.92,16.64,null]","{""Monday"":126.36,""Tuesday"":62.32,""Wednesday"":51.74,""Thursday"":92.90,""Friday"":375.96,""Saturday"":48.36,""Sunday"":0.00}","{""Wednesday"":4,""Monday"":4,""Saturday"":5,""Thursday"":4,""Tuesday"":4,""Friday"":5,""Sunday"":5}",43.0,118.0,37,757.64,"{""No intermediary"":37}","{""No intermediary"":757.64}","{""1"":4,""2"":8,""3"":1,""4"":2,""5-10"":1,"">10"":0}","{""1"":23.60,""2"":36.07,""3"":140.92,""4"":63.18,""5-10"":107.46,"">10"":null}","{""<25k"":2,""25-45k"":3,""45-60k"":3,""60-75k"":2,""75-100k"":4,""100-150k"":2,"">150k"":2}","{""<25k"":35.36,""25-45k"":39.17,""45-60k"":31.49,""60-75k"":74.53,""75-100k"":84.76,""100-150k"":23.14,"">150k"":26.16}","{""Cody, WY"":4,""Troy, MN"":2,""Greybull, WY"":2,""China Grove, NC"":2,""Canandaigua, NY"":2,""Clark, WY"":2,""Emigrant, MT"":2,""Worland, WY"":2,""Martinsburg, WV"":2,""Washington, DC"":2,""Yankton, SD"":2,""Parker, CO"":2}","{""Walmart"":88,""Exxon Mobil"":50,""Albertsons"":44,""McDonald's"":44,""Subway"":44,""Verizon Wireless"":32,""Bomgaars"":32,""Taco Bell"":32,""Starbucks"":32,""Ace Hardware"":32,""Maverik"":32,""Dairy Queen"":32,""Burger King"":32,""Target"":25,""Domino's Pizza"":25,""ConocoPhillips"":25,""Costco"":25,""United States Postal Service (USPS)"":25,""Shell Oil"":25,""Arby's"":25}","{""Amazon"":38,""Maverik"":32,""Hulu"":25,""Amazon Digital Services"":25,""Amazon Prime Video"":25,""Walmart"":19,""Goodwill"":19,""Apple"":19,""AT&T"":19,""Uber"":13,""Sirius XM"":13,""Dish Network"":13,""Spotify"":13,""Comcast"":13,""Pizza Hut"":13,""Amazon Marketplace"":13,""Petco"":7,""Sling TV"":7,""Advance Auto Parts"":7,""Shell"":7}",{},"{""Walmart"":75,""Albertsons"":38,""Subway"":25,""Domino's Pizza"":19,""Wendy's"":19,""Ace Hardware"":19,""Sierra"":19,""Maverik"":19,""Dairy Queen"":19,""Burger King"":19,""McDonald's"":19,""Taco John's"":13,""ConocoPhillips"":13,""Walgreens"":13,""United States Postal Service (USPS)"":13,""Tractor Supply Co."":13,""Bomgaars"":7,""Boot Barn"":7,""O'Reilly Auto Parts"":7,""Pizza Hut"":7}","{""Verizon Wireless"":32,""AT&T"":25,""T-Mobile"":7}","{""Hulu"":25,""Amazon Prime Video"":25,""Dish Network"":13,""Sling TV"":7,""Funimation"":7,""Netflix"":7,""Amazon Prime"":7}",{},"{""Uber"":13}",{},"{""Apple Card"":7,""Apple Cash"":7}"
177534,222-222@5sy-bxt-fvf,,,2022-07-01,2022-08-01,22.84,3,3,6.45,6.45,"{""25"":6.45,""75"":9.94}","[0.00,0.00,0.00,0.00,0.00,0.00,0.00,0.00,0.00,0.00,0.00,0.00,0.00,0.00,0.00,0.00,0.00,0.00,0.00,22.84,0.00,0.00,0.00,0.00,0.00,0.00,0.00,0.00,0.00,0.00,0.00]","[null,null,null,null,null,null,null,null,null,null,null,null,null,null,null,null,null,null,null,6.45,null,null,null,null,null,null,null,null,null,null,null]","{""Monday"":0.00,""Tuesday"":0.00,""Wednesday"":22.84,""Thursday"":0.00,""Friday"":0.00,""Saturday"":0.00,""Sunday"":0.00}","{""Wednesday"":4,""Monday"":4,""Saturday"":5,""Thursday"":4,""Tuesday"":4,""Friday"":5,""Sunday"":5}",,-86.0,0,0.0,"{""No intermediary"":3}","{""No intermediary"":22.84}","{""1"":3,""2"":0,""3"":0,""4"":0,""5-10"":0,"">10"":0}","{""1"":7.61,""2"":null,""3"":null,""4"":null,""5-10"":null,"">10"":null}","{""75-100k"":2,""100-150k"":2}","{""75-100k"":8.20,""100-150k"":6.45}","{""Fort Myers, FL"":3,""Mountain View, WY"":2}","{""Verizon Wireless"":100,""Albertsons"":100,""Wendy's"":100,""Walmart"":67,""ULTA Beauty"":67,""Target"":67,""Hoka One One"":67,""At Home"":67,""KFC"":67,""Holiday Station"":67,""Starbucks"":67,""Shoe Carnival"":67,""Maverik"":67,""Costco"":67,""Walgreens"":67,""Burger King"":67,""McDonald's"":67,""Tractor Supply Co."":67,""Pizza Hut"":67,""Exxon Mobil"":67}","{""Roku"":67,""Sirius XM"":67,""Taco John's"":67,""Macy's"":67,""Apple Card"":67,""Netflix"":67,""Dashpass"":67,""Weight Watchers"":67,""McDonald's"":67,""Blizzard Entertainment"":67,""Amazon Marketplace"":67,""Subway"":67,""Walmart"":34,""Amazon"":34,""Pandora"":34,""Google Storage"":34,""Costa Vida"":34,""Supercell"":34}","{""ULTA Beauty"":67,""Walgreens"":67}","{""Albertsons"":67,""Wendy's"":67,""Burger King"":67,""Pizza Hut"":67,""McDonald's"":34}","{""Verizon Wireless"":100}","{""Roku"":67,""Netflix"":67}","{""Dashpass"":67}",{},{},"{""Apple Card"":67}"
177587,225-222@5sy-bzg-ffz,,,2022-07-01,2022-08-01,582.4,12,7,26.0,52.0,"{""25"":18.20,""75"":93.60}","[31.20,57.20,0.00,0.00,0.00,15.60,0.00,0.00,0.00,0.00,0.00,0.00,374.40,0.00,0.00,0.00,0.00,0.00,0.00,0.00,0.00,0.00,0.00,0.00,0.00,0.00,0.00,0.00,104.00,0.00,0.00]","[15.60,57.20,null,null,null,15.60,null,null,null,null,null,null,93.60,null,null,null,null,null,null,null,null,null,null,null,null,null,null,null,26.00,null,null]","{""Monday"":0.00,""Tuesday"":0.00,""Wednesday"":390.00,""Thursday"":0.00,""Friday"":135.20,""Saturday"":57.20,""Sunday"":0.00}","{""Wednesday"":4,""Monday"":4,""Saturday"":5,""Thursday"":4,""Tuesday"":4,""Friday"":5,""Sunday"":5}",,,0,0.0,"{""Square"":12}","{""Square"":582.40}","{""1"":2,""2"":5,""3"":0,""4"":0,""5-10"":0,"">10"":0}","{""1"":36.40,""2"":101.92,""3"":null,""4"":null,""5-10"":null,"">10"":null}","{""25-45k"":2,""45-60k"":2,"">150k"":4}","{""25-45k"":52.00,""45-60k"":15.60,"">150k"":115.70}","{""Vacaville, CA"":2,""Tampa, FL"":2,""Bryan, TX"":2,""Lafayette, LA"":2,""Hartland, MI"":2}","{""Walmart"":100,""McDonald's"":72,""Target"":58,""Verizon Wireless"":43,""Kroger"":43,""Ace Hardware"":43,""Marshalls"":43,""Sportsman's Warehouse"":43,""Shell Oil"":43,""Chevron"":29,""BP"":29,""Murphy USA"":29,""Taco Bell"":29,""Lowe's"":29,""MOD Pizza"":29,""T.J. Maxx"":29,""Wendy's"":29,""Broulim's"":29,""Academy Sports + Outdoors"":29,""Boot Barn"":29}","{""Amazon"":100,""Etsy"":43,""Dutch Bros. Coffee"":43,""Apple"":43,""Netflix"":43,""Target"":29,""Chipotle Mexican Grill"":29,""Nintendo"":29,""Adobe Systems"":29,""Youtube"":29,""Banfield Pet Hospital"":29,""Amazon Digital Services"":29,""AT&T"":29,""DirecTV"":29,""Ticketmaster"":15,""Verizon Wireless"":15,""Nothing Bundt Cakes"":15,""Nike"":15,""Fandango"":15,""Sirius XM"":15}","{""Pet Supplies Plus"":15}","{""Walmart"":29,""Bomgaars"":15,""Maverik"":15}","{""Verizon Wireless"":58,""AT&T"":29,""Sprint"":15}","{""Netflix"":43,""Youtube"":29,""DirecTV"":29,""Disney Plus"":15,""Amazon Prime Video"":15}","{""Uber Eats"":15}",{},{},{}
177589,227-222@5sy-bxt-dvz,SG_BRAND_8e5762f2bca5e0a62ef5da4b78de3ed5,O'Reilly Auto Parts,2022-07-01,2022-08-01,891.2,17,16,34.29,29.1,"{""25"":9.87,""75"":50.43}","[0.00,0.00,0.00,0.00,57.19,0.00,0.00,12.47,0.00,23.91,0.00,361.90,64.47,0.00,7.27,4.67,0.00,37.43,49.08,43.66,0.00,6.02,0.00,0.00,0.00,0.00,129.76,0.00,34.29,59.08,0.00]","[null,null,null,null,57.19,null,null,12.47,null,23.91,null,361.90,64.47,null,7.27,4.67,null,37.43,24.54,43.66,null,6.02,null,null,null,null,64.88,null,34.29,29.54,null]","{""Monday"":37.43,""Tuesday"":468.17,""Wednesday"":237.89,""Thursday"":0.00,""Friday"":60.05,""Saturday"":63.75,""Sunday"":23.91}","{""Wednesday"":4,""Monday"":4,""Saturday"":5,""Thursday"":4,""Tuesday"":4,""Friday"":5,""Sunday"":5}",-56.0,-42.0,0,0.0,"{""No intermediary"":17}","{""No intermediary"":891.20}","{""1"":15,""2"":1,""3"":0,""4"":0,""5-10"":0,"">10"":0}","{""1"":53.59,""2"":87.32,""3"":null,""4"":null,""5-10"":null,"">10"":null}","{""<25k"":2,""25-45k"":2,""60-75k"":2,""75-100k"":2,""100-150k"":4,"">150k"":5}","{""<25k"":23.91,""25-45k"":47.31,""60-75k"":27.02,""75-100k"":39.33,""100-150k"":77.06,"">150k"":58.80}","{""Troy, MN"":5,""Junction City, OR"":4,""Port Townsend, WA"":2,""Cody, WY"":2,""Moran, WY"":2,""New York, NY"":2,""Clark, WY"":2,""Philadelphia, PA"":2,""Bozeman, MT"":2,""San Antonio, TX"":2,""Fogelsville, PA"":2,""Lakeland, MO"":2,""Bend, OR"":2}","{""Walmart"":88,""McDonald's"":63,""Albertsons"":57,""Tractor Supply Co."":50,""Exxon Mobil"":50,""ConocoPhillips"":38,""Maverik"":38,""Dairy Queen"":38,""Pilot Flying J"":32,""Subway"":32,""Verizon Wireless"":25,""Casey's General Stores"":25,""Bomgaars"":25,""Starbucks"":25,""Ace Hardware"":25,""Phillips 66"":25,""Trader Joe's"":19,""Lowe's"":19,""7-Eleven"":19,""Love's Travel Stops and Country Stores"":19}","{""Apple"":63,""Amazon"":44,""Amazon Digital Services"":38,""Netflix"":32,""Walmart"":25,""Spotify"":25,""Sirius XM"":19,""Amazon Prime Video"":19,""Target"":13,""Verizon Wireless"":13,""Hulu"":13,""Uber Eats"":13,""AT&T"":13,""Audible"":13,""New York Times"":13,""Amazon Marketplace"":13,""Etsy"":7,""Sling TV"":7,""Google Fi"":7,""Dollar Shave Club"":7}","{""AutoZone"":13,""Advance Auto Parts"":7,""NAPA Auto Parts"":7,""Les Schwab"":7}","{""Walmart"":63,""Albertsons"":44,""Tractor Supply Co."":38,""McDonald's"":19,""Taco John's"":13,""ConocoPhillips"":13,""Maverik"":13,""Dairy Queen"":13,""Subway"":13,""SmartStyle Family Hair Salons"":7,""Ace Hardware"":7,""Boot Barn"":7,""Walgreens"":7,""AutoZone"":7}","{""Verizon Wireless"":38,""AT&T"":19,""U.S. Cellular"":7,""Google Fi"":7}","{""Netflix"":32,""Amazon Prime Video"":19,""Hulu"":13,""Disney Plus"":13,""Sling TV"":7,""Roku"":7,""HBO Max"":7,""YouTube TV"":7,""Dish Network"":7,""Peacock"":7}","{""Uber Eats"":13,""HelloFresh"":7,""Instacart"":7}","{""Uber"":7}",{},"{""Apple Cash"":7}"
177625,22p-222@5sy-bzg-qzz,,,2022-07-01,2022-08-01,235.9,10,5,24.96,49.92,"{""25"":13.01,""75"":30.46}","[0.00,0.00,0.00,0.00,0.00,0.00,0.00,26.86,0.00,0.00,105.10,49.92,0.00,0.00,0.00,0.00,0.00,0.00,0.00,0.00,0.00,0.00,0.00,0.00,0.00,54.02,0.00,0.00,0.00,0.00,0.00]","[null,null,null,null,null,null,null,13.43,null,null,26.28,24.96,null,null,null,null,null,null,null,null,null,null,null,null,null,27.01,null,null,null,null,null]","{""Monday"":105.10,""Tuesday"":103.94,""Wednesday"":0.00,""Thursday"":0.00,""Friday"":26.86,""Saturday"":0.00,""Sunday"":0.00}","{""Wednesday"":4,""Monday"":4,""Saturday"":5,""Thursday"":4,""Tuesday"":4,""Friday"":5,""Sunday"":5}",18.0,,0,0.0,"{""No intermediary"":10}","{""No intermediary"":235.90}","{""1"":0,""2"":5,""3"":0,""4"":0,""5-10"":0,"">10"":0}","{""1"":null,""2"":47.18,""3"":null,""4"":null,""5-10"":null,"">10"":null}","{""25-45k"":2,""60-75k"":2,"">150k"":2}","{""25-45k"":23.48,""60-75k"":26.86,"">150k"":61.85}","{""Alliance, OH"":2,""Clark, WY"":2,""Princeton, NC"":2,""Keavy, KY"":2,""Albany, OR"":2}","{""Walmart"":100,""Maverik"":80,""McDonald's"":60,""Target"":40,""Chevron"":40,""BP"":40,""Albertsons"":40,""Taco Bell"":40,""Lowe's"":40,""Speedway"":40,""Starbucks"":40,""Denny's"":40,""Walgreens"":40,""Burger King"":40,""Food Lion"":40,""Phillips 66"":40,""Petco"":20,""Belk"":20,""Sonic"":20,""Cabela's"":20}","{""Amazon"":100,""Apple"":60,""Belk"":40,""Netflix"":40,""AT&T"":40,""Walmart"":20,""Verizon Wireless"":20,""Planet Fitness"":20,""Dutch Bros. Coffee"":20,""Chewy"":20,""Expedia"":20,""Lowe's"":20,""Straight Talk"":20,""HelloFresh"":20,""Macy's"":20,""Wendy's"":20,""eBay"":20,""Kohl's"":20,""Ancestry.Com"":20,""Chick-fil-A"":20}","{""McDonald's"":60,""Taco Bell"":40,""Starbucks"":40,""Wendy's"":40,""Denny's"":40,""Burger King"":40,""Sonic"":20,""Chipotle Mexican Grill"":20,""Dickey's Barbecue Pit"":20,""Popeyes Louisiana Kitchen"":20,""Dutch Bros Coffee"":20,""Chick-fil-A"":20,""Applebee's"":20,""McAlister's Deli"":20,""Panda Express"":20,""Cracker Barrel"":20,""Texas Roadhouse"":20,""Beans & Brews Coffeehouse"":20,""Robeks"":20,""Cold Stone Creamery"":20}","{""Walmart"":80,""Walgreens"":40,""Albertsons"":20}","{""AT&T"":40,""Verizon Wireless"":40,""MetroPCS"":20,""Straight Talk"":20}","{""Netflix"":40,""Amazon Prime"":20,""Hulu"":20,""Disney Plus"":20}","{""HelloFresh"":20}",{},{},{}
177659,226-222@5sy-bzg-gx5,,,2022-07-01,2022-08-01,5686.16,48,23,45.86,87.14,"{""25"":31.15,""75"":99.09}","[64.18,0.00,0.00,76.77,282.50,48.15,0.00,215.92,0.00,0.00,247.66,875.00,0.00,0.00,22.84,0.00,0.00,2799.46,37.32,18.66,183.10,569.64,0.00,0.00,41.48,203.48,0.00,0.00,0.00,0.00,0.00]","[32.09,null,null,76.77,43.57,48.15,null,53.98,null,null,61.92,437.50,null,null,11.42,null,null,69.46,37.32,18.66,91.55,111.61,null,null,20.74,31.15,null,null,null,null,null]","{""Monday"":3165.37,""Tuesday"":1398.30,""Wednesday"":66.81,""Thursday"":183.10,""Friday"":872.58,""Saturday"":0.00,""Sunday"":0.00}","{""Wednesday"":4,""Monday"":4,""Saturday"":5,""Thursday"":4,""Tuesday"":4,""Friday"":5,""Sunday"":5}",335.0,11.0,0,0.0,"{""No intermediary"":48}","{""No intermediary"":5686.16}","{""1"":4,""2"":16,""3"":0,""4"":3,""5-10"":0,"">10"":0}","{""1"":45.23,""2"":302.47,""3"":null,""4"":221.92,""5-10"":null,"">10"":null}","{""<25k"":2,""25-45k"":2,""45-60k"":2,""60-75k"":2,""75-100k"":2,""100-150k"":2,"">150k"":5}","{""<25k"":20.75,""25-45k"":70.48,""45-60k"":194.00,""60-75k"":474.82,""75-100k"":139.12,""100-150k"":99.13,"">150k"":503.64}","{""Golinda, TX"":2,""Steamboat Springs, CO"":2,""Blackfoot, ID"":2,""Stillwater, OK"":2,""East Rutherford, NJ"":2,""Howell, MI"":2,""Cody, WY"":2,""Gillette, WY"":2,""Denver, CO"":2,""Saginaw, MI"":2,""Boise, ID"":2,""The Villages, FL"":2,""Bloomington, IL"":2,""Acme, WY"":2,""Wolf, WY"":2,""Cheyenne, WY"":2}","{""Walmart"":83,""McDonald's"":61,""Maverik"":57,""Walgreens"":57,""Target"":44,""Wendy's"":40,""Shell Oil"":40,""Subway"":35,""Albertsons"":31,""United States Postal Service (USPS)"":31,""Bomgaars"":27,""King Soopers"":27,""ConocoPhillips"":27,""Sierra"":27,""Dairy Queen"":27,""Pilot Flying J"":27,""Exxon Mobil"":27,""Big D"":22,""Cabela's"":22,""Verizon Wireless"":22}","{""Apple"":53,""Netflix"":48,""Amazon"":35,""Amazon Marketplace"":31,""Spotify"":27,""Hulu"":22,""Amazon Digital Services"":18,""AT&T"":14,""Audible"":14,""Amazon Prime Video"":14,""Verizon Wireless"":9,""Youtube"":9,""Starbucks"":9,""Apple Card"":9,""Google"":9,""Pandora"":9,""Patreon"":9,""Maverik"":9,""OnStar"":9,""Best Buy"":9}",{},"{""Walmart"":61,""McDonald's"":31,""Albertsons"":22,""Dairy Queen"":22,""Ace Hardware"":18,""Sierra"":18,""Maverik"":18,""Walgreens"":18,""Taco John's"":14,""Bomgaars"":9,""ConocoPhillips"":9,""Subway"":9,""Arby's"":9,""Smoker Friendly"":5,""The UPS Store"":5,""Wendy's"":5,""Burger King"":5,""United States Postal Service (USPS)"":5,""AT&T"":5,""Tractor Supply Co."":5}","{""Verizon Wireless"":31,""AT&T"":18,""Disney Mobile"":5,""Straight Talk"":5,""Sprint"":5}","{""Netflix"":48,""Hulu"":22,""Amazon Prime Video"":14,""Youtube"":9,""Fubo"":5,""Funimation"":5,""Dish Network"":5,""Amazon Prime"":5,""Disney Plus"":5}",{},{},"{""Afterpay"":5,""Affirm.com"":5}","{""Apple Card"":9}"
177668,222-222@5sy-ds7-m49,,,2022-07-01,2022-08-01,4650.85,35,11,95.72,395.6,"{""25"":21.70,""75"":137.12}","[136.44,395.60,0.00,0.00,1021.20,130.73,0.00,0.00,0.00,0.00,0.00,1335.36,83.20,0.00,68.64,0.00,0.00,49.92,0.00,0.00,0.00,493.20,0.00,5.20,931.36,0.00,0.00,0.00,0.00,0.00,0.00]","[34.11,395.60,null,null,510.60,130.73,null,null,null,null,null,333.84,20.80,null,17.16,null,null,24.96,null,null,null,123.30,null,5.20,116.42,null,null,null,null,null,null]","{""Monday"":981.28,""Tuesday"":2356.56,""Wednesday"":213.93,""Thursday"":0.00,""Friday"":698.28,""Saturday"":395.60,""Sunday"":5.20}","{""Wednesday"":4,""Monday"":4,""Saturday"":5,""Thursday"":4,""Tuesday"":4,""Friday"":5,""Sunday"":5}",328.0,,0,0.0,"{""No intermediary"":35}","{""No intermediary"":4650.85}","{""1"":2,""2"":4,""3"":0,""4"":2,""5-10"":3,"">10"":0}","{""1"":200.40,""2"":50.75,""3"":null,""4"":709.28,""5-10"":876.16,"">10"":null}","{""<25k"":2,""25-45k"":2,""45-60k"":2,""60-75k"":2,""75-100k"":2,""100-150k"":2,"">150k"":2}","{""<25k"":49.92,""25-45k"":93.04,""45-60k"":712.28,""60-75k"":712.28,""75-100k"":206.12,""100-150k"":709.28,"">150k"":623.67}","{""Littlefield, TX"":3,""Tucson, AZ"":2,""Eustis, MT"":2,""Orland Park, IL"":2,""Deadwood, SD"":2,""Indianapolis, IN"":2,""Canton, OH"":2}","{""Walmart"":64,""ConocoPhillips"":64,""Shell Oil"":55,""Speedway"":46,""Maverik"":46,""Exxon Mobil"":46,""Verizon Wireless"":37,""Safeway"":37,""Phillips 66"":37,""Subway"":37,""Taco John's"":28,""Dollar General"":28,""Wendy's"":28,""Yesway Convenience"":28,""Love's Travel Stops and Country Stores"":28,""Kum & Go"":28,""McDonald's"":28,""Sonic"":19,""Jimmy John's"":19,""Target"":19}","{""Amazon"":73,""Walmart"":37,""Netflix"":37,""Apple"":28,""Verizon Wireless"":19,""Airbnb"":19,""The Home Depot"":19,""Google"":19,""Hulu"":19,""OnStar"":19,""Spotify"":19,""AT&T"":19,""Amazon Kindle"":19,""Advance Auto Parts"":10,""Target"":10,""Dropbox"":10,""Papa Murphy's"":10,""HBO Max"":10,""Sirius XM"":10,""Barclaycard US"":10}","{""Econo Lodge"":10,""Embassy Suites Hotels"":10,""Best Western"":10,""La Quinta Inns & Suites"":10,""Wyndham"":10,""Quality Inn"":10}","{""Walmart"":19,""Burger King"":19,""Albertsons"":10,""Wendy's"":10,""ConocoPhillips"":10,""Maverik"":10}","{""Verizon Wireless"":55,""AT&T"":19,""T-Mobile"":10}","{""Netflix"":37,""Hulu"":19,""Disney Plus"":19,""HBO Max"":10,""Amazon Prime Video"":10}",{},{},{},{}
177788,222-222@5sy-bzh-3h5,,,2022-07-01,2022-08-01,530.35,15,8,16.5,48.18,"{""25"":6.50,""75"":60.00}","[0.00,0.00,0.00,0.00,82.00,0.00,0.00,0.00,0.00,0.00,12.00,0.00,0.00,0.00,0.00,0.00,0.00,188.00,63.35,0.00,0.00,0.00,0.00,0.00,65.00,0.00,0.00,0.00,120.00,0.00,0.00]","[null,null,null,null,41.00,null,null,null,null,null,6.00,null,null,null,null,null,null,47.00,63.35,null,null,null,null,null,16.25,null,null,null,60.00,null,null]","{""Monday"":265.00,""Tuesday"":145.35,""Wednesday"":0.00,""Thursday"":0.00,""Friday"":120.00,""Saturday"":0.00,""Sunday"":0.00}","{""Wednesday"":4,""Monday"":4,""Saturday"":5,""Thursday"":4,""Tuesday"":4,""Friday"":5,""Sunday"":5}",61.0,76.0,0,0.0,"{""No intermediary"":15}","{""No intermediary"":530.35}","{""1"":1,""2"":7,""3"":0,""4"":0,""5-10"":0,"">10"":0}","{""1"":63.35,""2"":66.71,""3"":null,""4"":null,""5-10"":null,"">10"":null}","{""<25k"":2,""25-45k"":2,""75-100k"":4,""100-150k"":2,"">150k"":2}","{""<25k"":120.00,""25-45k"":12.00,""75-100k"":32.00,""100-150k"":119.18,"">150k"":42.67}","{""Cody, WY"":4,""Dover, DE"":2,""Clayton, DE"":2,""Clark, WY"":2,""Bozeman, MT"":2}","{""Walmart"":75,""Albertsons"":50,""Wendy's"":50,""Maverik"":50,""McDonald's"":50,""Walgreens"":38,""Dairy Queen"":38,""Exxon Mobil"":38,""Subway"":38,""Verizon Wireless"":25,""Bomgaars"":25,""Domino's Pizza"":25,""Taco Bell"":25,""Taco John's"":25,""The Home Depot"":25,""Starbucks"":25,""Wawa"":25,""Costco"":25,""Burger King"":25,""United States Postal Service (USPS)"":25}","{""Apple"":38,""Amazon Marketplace"":38,""Steam"":25,""Maverik"":25,""Walmart"":13,""Lyft"":13,""Verizon Wireless"":13,""Planet Fitness"":13,""Papa Murphy's"":13,""Gap"":13,""Uber"":13,""Amazon"":13,""Ipsy"":13,""Barclaycard US"":13,""Old Navy"":13,""Peloton Cycles"":13,""Youtube"":13,""Epic Games"":13,""HelloFresh"":13,""Dish Network"":13}","{""Planet Fitness"":13}","{""Walmart"":75,""Albertsons"":50,""Wendy's"":50,""Dairy Queen"":38,""Bomgaars"":25,""Domino's Pizza"":25,""Maverik"":25,""McDonald's"":25,""Subway"":25,""Taco John's"":13,""Ace Hardware"":13,""Boot Barn"":13,""Sierra"":13,""Burger King"":13,""Good 2 Go Stores"":13}","{""Verizon Wireless"":38,""T-Mobile"":13,""Straight Talk"":13}","{""Youtube"":13,""Dish Network"":13,""Netflix"":13,""Hulu"":13,""Amazon Prime Video"":13}","{""HelloFresh"":13}","{""Lyft"":13,""Uber"":13}",{},"{""PayPal"":13}"
177835,224-222@5sy-bzg-r6k,,,2022-07-01,2022-08-01,570.89,28,17,17.68,22.88,"{""25"":7.91,""75"":31.29}","[0.00,44.18,21.53,0.00,0.00,0.00,0.00,0.00,21.83,0.00,0.00,0.00,0.00,0.00,0.00,7.18,0.00,70.72,9.82,22.09,0.00,0.00,22.88,0.00,43.18,90.82,48.65,88.50,0.00,79.51,0.00]","[null,11.05,21.53,null,null,null,null,null,21.83,null,null,null,null,null,null,7.18,null,17.68,9.82,22.09,null,null,22.88,null,7.24,45.41,24.33,44.25,null,39.75,null]","{""Monday"":113.90,""Tuesday"":100.64,""Wednesday"":70.74,""Thursday"":88.50,""Friday"":0.00,""Saturday"":175.58,""Sunday"":21.53}","{""Wednesday"":4,""Monday"":4,""Saturday"":5,""Thursday"":4,""Tuesday"":4,""Friday"":5,""Sunday"":5}",165.0,373.0,0,0.0,"{""No intermediary"":28}","{""No intermediary"":570.89}","{""1"":12,""2"":4,""3"":0,""4"":0,""5-10"":1,"">10"":0}","{""1"":23.31,""2"":34.95,""3"":null,""4"":null,""5-10"":151.43,"">10"":null}","{""45-60k"":2,""75-100k"":4,""100-150k"":2,"">150k"":7}","{""45-60k"":22.88,""75-100k"":33.79,""100-150k"":25.82,"">150k"":24.21}","{""Loomis, CA"":4,""Ogden, UT"":3,""Nampa, ID"":3,""West Jordan, UT"":2,""Cody, WY"":2,""Pocatello, ID"":2,""Midvale, UT"":2,""Albany, NY"":2,""Star, ID"":2,""Wake Forest, NC"":2}","{""Walmart"":83,""Albertsons"":65,""Maverik"":65,""Walgreens"":53,""McDonald's"":48,""The Home Depot"":42,""Wendy's"":42,""Arby's"":42,""Target"":36,""WinCo Foods"":36,""Ace Hardware"":36,""Chevron"":30,""Bomgaars"":30,""Taco Bell"":30,""Costco"":30,""Chick-fil-A"":30,""Dairy Queen"":30,""C-A-L Ranch Stores"":24,""United States Postal Service (USPS)"":24,""Shell Oil"":24}","{""Amazon"":65,""Netflix"":30,""Maverik"":30,""Amazon Digital Services"":30,""Walmart"":24,""Apple"":24,""Costa Vida"":24,""Amazon Marketplace"":24,""CenturyLink"":12,""Sirius XM"":12,""Dashpass"":12,""Hulu"":12,""Dairy Queen"":12,""AT&T"":12,""Audible"":12,""Cinemark Theatres"":12,""Affirm.com"":12,""Etsy"":6,""Planet Fitness"":6,""Papa Murphy's"":6}","{""McDonald's"":48,""Wendy's"":42,""Dairy Queen"":42,""Arby's"":42,""Chick-fil-A"":36,""Taco Bell"":30,""Costa Vida"":24,""Menchie's"":18,""Jimmy John's"":18,""Jack in the Box"":18,""Little Caesars"":12,""Chipotle Mexican Grill"":12,""Papa Murphy's"":12,""Domino's Pizza"":12,""Taco John's"":12,""KFC"":12,""Del Taco"":12,""Starbucks"":12,""Panera Bread"":12,""Panda Express"":12}","{""Walmart"":59,""Albertsons"":59,""Maverik"":42,""Dairy Queen"":24,""Ace Hardware"":18,""McDonald's"":18,""Arby's"":18,""maurices"":12,""Boot Barn"":12,""Sierra"":12,""Papa Murphy's"":6,""Taco John's"":6,""Wendy's"":6,""ConocoPhillips"":6,""Walgreens"":6,""Tractor Supply Co."":6,""Dollar Tree"":6}","{""AT&T"":12,""Sprint"":6,""T-Mobile"":6}","{""Netflix"":30,""Redbox"":18,""Hulu"":12,""YouTube TV"":6,""Dish Network"":6,""Peacock"":6,""Amazon Prime Video"":6}","{""Dashpass"":12}",{},"{""Affirm.com"":12}",{}
177870,222-222@5sy-bxx-rx5,,,2022-07-01,2022-08-01,7541.16,29,17,265.64,381.06,"{""25"":194.88,""75"":277.24}","[0.00,381.06,762.12,0.00,1709.84,60.61,461.68,0.00,277.24,0.00,0.00,554.48,554.48,0.00,0.00,0.00,0.00,484.88,441.67,0.00,0.00,0.00,0.00,0.00,0.00,1143.18,346.26,0.00,363.66,0.00,0.00]","[null,190.53,381.06,null,277.24,60.61,230.84,null,277.24,null,null,277.24,277.24,null,null,null,null,242.44,220.83,null,null,null,null,null,null,571.59,57.71,null,181.83,null,null]","{""Monday"":484.88,""Tuesday"":3849.17,""Wednesday"":961.35,""Thursday"":461.68,""Friday"":363.66,""Saturday"":658.30,""Sunday"":762.12}","{""Wednesday"":4,""Monday"":4,""Saturday"":5,""Thursday"":4,""Tuesday"":4,""Friday"":5,""Sunday"":5}",91.0,57.0,1,199.23,"{""No intermediary"":29}","{""No intermediary"":7541.16}","{""1"":9,""2"":5,""3"":2,""4"":1,""5-10"":0,"">10"":0}","{""1"":227.39,""2"":651.46,""3"":575.80,""4"":1085.76,""5-10"":null,"">10"":null}","{""<25k"":2,""25-45k"":2,""60-75k"":2,""75-100k"":4,""100-150k"":2,"">150k"":8}","{""<25k"":755.02,""25-45k"":727.32,""60-75k"":554.48,""75-100k"":554.48,""100-150k"":317.55,"">150k"":389.35}","{""Greer, SC"":4,""Bayne, WA"":3,""Bakersfield, CA"":3,""Saint George, UT"":2,""Geneva, IL"":2,""San Jose, CA"":2,""Leesburg, FL"":2,""Littleton, CO"":2,""Conroe, TX"":2,""Bozeman, MT"":2,""Huntersville, NC"":2,""Winterville, NC"":2}","{""Walmart"":71,""McDonald's"":59,""Wendy's"":48,""Exxon Mobil"":48,""Target"":42,""Albertsons"":30,""Taco Bell"":30,""Sunoco"":30,""Shell Oil"":30,""Chevron"":24,""BP"":24,""Great Clips"":24,""ALDI"":24,""Starbucks"":24,""Circle K"":24,""Costco"":24,""Chick-fil-A"":24,""Walgreens"":24,""Pilot Flying J"":24,""Publix Super Markets"":24}","{""Amazon"":71,""Target"":24,""Apple"":24,""Netflix"":24,""Walmart"":18,""Chipotle Mexican Grill"":18,""Lowe's"":18,""Hulu"":18,""Amazon Marketplace"":18,""Verizon Wireless"":12,""Chevron"":12,""Instacart"":12,""BevMo!"":12,""xfinity"":12,""Microsoft"":12,""Walgreens"":12,""McAlister's Deli"":12,""Uber Eats"":12,""Amazon Digital Services"":12,""SunPass Operations"":12}","{""Comfort Suites"":18,""Best Western"":18,""Holiday Inn"":12,""Home2 Suites"":12,""Fairfield Inn & Suites by Marriott"":6,""Clarion"":6,""Howard Johnson (HoJo)"":6,""Hampton"":6,""Super 8"":6,""Quality Inn"":6}","{""Walmart"":18,""Albertsons"":12,""Cellular Plus"":6,""Boot Barn"":6,""Dairy Queen"":6,""Arby's"":6}","{""AT&T"":18,""Verizon Wireless"":18,""T-Mobile"":12}","{""Netflix"":24,""Hulu"":18,""Redbox"":12,""Amazon Prime Video"":12,""YouTube TV"":6,""Dish Network"":6,""Crunchyroll"":6}","{""Instacart"":12,""Uber Eats"":12}",{},"{""Afterpay"":6,""Affirm.com"":6,""Zip Company"":6}","{""PayPal"":6,""Apple Card"":6,""Apple Cash"":6}"
177894,zzw-222@5sy-bxt-fvf,SG_BRAND_3d6b29efd16692aedfed87724bf05e42,AmericInn,2022-07-01,2022-08-01,2269.71,5,3,288.71,577.42,"{""25"":268.73,""75"":721.77}","[0.00,0.00,0.00,0.00,0.00,0.00,0.00,0.00,0.00,0.00,577.42,0.00,0.00,0.00,0.00,248.75,0.00,0.00,0.00,0.00,0.00,0.00,0.00,0.00,1443.54,0.00,0.00,0.00,0.00,0.00,0.00]","[null,null,null,null,null,null,null,null,null,null,288.71,null,null,null,null,248.75,null,null,null,null,null,null,null,null,721.77,null,null,null,null,null,null]","{""Monday"":2020.96,""Tuesday"":0.00,""Wednesday"":0.00,""Thursday"":0.00,""Friday"":0.00,""Saturday"":248.75,""Sunday"":0.00}","{""Wednesday"":4,""Monday"":4,""Saturday"":5,""Thursday"":4,""Tuesday"":4,""Friday"":5,""Sunday"":5}",322.0,-15.0,0,0.0,"{""No intermediary"":5}","{""No intermediary"":2269.71}","{""1"":1,""2"":2,""3"":0,""4"":0,""5-10"":0,"">10"":0}","{""1"":248.75,""2"":1010.48,""3"":null,""4"":null,""5-10"":null,"">10"":null}","{""75-100k"":2,"">150k"":2}","{""75-100k"":248.75,"">150k"":1010.48}","{""Colorado Springs, CO"":3,""Delaware, OH"":2,""Rochester, MN"":2}","{""Walmart"":67,""Circle K"":67,""Burger King"":67,""BIBIBOP Asian Grill"":34,""Jimmy John's"":34,""Verizon Wireless"":34,""Chipotle Mexican Grill"":34,""Kwik Trip"":34,""Chevron"":34,""BP"":34,""Barnes and Noble"":34,""ALDI"":34,""Loaf 'N Jug"":34,""Kroger"":34,""Scheels"":34,""KFC"":34,""Defense Commissary Agency (DeCA)"":34,""City Market"":34,""Dollar General"":34,""Kroger Fuel Center"":34}","{""Apple"":67,""Toyota"":34,""Planet Fitness"":34,""Amazon"":34,""Chewy"":34,""Experian"":34,""eBay"":34,""Hulu"":34,""Spectrum"":34,""Weight Watchers"":34,""Comcast"":34,""Disney Plus"":34,""Amazon Marketplace"":34}","{""Hampton"":34,""Holiday Inn"":34,""Baymont Inn & Suites"":34}","{""Dairy Queen"":34,""Burger King"":34,""Walmart"":34}","{""Verizon Wireless"":34}","{""Hulu"":34,""Disney Plus"":34}",{},{},{},{}
178023,223-222@5sy-bzg-psq,,,2022-07-01,2022-08-01,12190.66,395,142,22.56,46.25,"{""25"":10.39,""75"":40.73}","[433.70,150.12,259.01,230.81,2805.58,390.76,100.54,839.12,38.79,26.12,1212.72,114.02,258.74,891.24,572.96,29.24,109.64,940.42,202.55,114.49,185.48,347.50,8.58,171.75,276.86,433.34,249.14,124.20,489.74,114.17,69.33]","[22.69,33.53,38.35,24.60,25.01,18.25,22.17,38.48,15.81,10.00,19.55,10.00,16.53,16.99,25.69,14.62,23.59,35.15,21.85,17.67,14.14,17.83,8.58,16.20,20.13,28.60,12.18,11.46,27.82,15.74,34.67]","{""Monday"":2660.81,""Tuesday"":3555.49,""Wednesday"":1013.13,""Thursday"":1301.46,""Friday"":2683.02,""Saturday"":340.90,""Sunday"":635.85}","{""Wednesday"":4,""Monday"":4,""Saturday"":5,""Thursday"":4,""Tuesday"":4,""Friday"":5,""Sunday"":5}",135.0,39.0,2,39.12,"{""No intermediary"":395}","{""No intermediary"":12190.66}","{""1"":35,""2"":72,""3"":4,""4"":9,""5-10"":18,"">10"":4}","{""1"":30.29,""2"":63.43,""3"":118.63,""4"":140.90,""5-10"":161.68,"">10"":477.67}","{""<25k"":17,""25-45k"":17,""45-60k"":14,""60-75k"":11,""75-100k"":21,""100-150k"":26,"">150k"":29}","{""<25k"":95.80,""25-45k"":113.86,""45-60k"":64.72,""60-75k"":47.34,""75-100k"":115.41,""100-150k"":82.30,"">150k"":74.06}","{""Cody, WY"":40,""Bozeman, MT"":5,""Marionville, MO"":4,""Baltimore, MD"":3,""Cockeysville, MD"":3,""Worland, WY"":3,""Grayling, MT"":2,""Alexandria, VA"":2,""Roy, UT"":2,""Thornton, CO"":2,""Chicago, IL"":2,""Prosser, WA"":2,""Steamboat Springs, CO"":2,""Bannack, MT"":2,""Thermopolis, WY"":2,""Morgan, UT"":2,""Pollock, ID"":2,""Flagstaff, AZ"":2,""Santa Fe, NM"":2,""Sierra Vista, AZ"":2,""Rockwall, TX"":2,""Stevensville, MT"":2,""Gilbert, AZ"":2,""Houston, TX"":2,""Madison, WI"":2,""Caledonia, MN"":2,""Charlotte, NC"":2,""Avondale, AZ"":2,""Lakewood, CO"":2,""Harrisville, UT"":2,""New Alexandria, PA"":2,""Missoula, MT"":2,""Loveland, CO"":2,""Rehoboth Beach, DE"":2,""Las Vegas, NV"":2,""Newark, OH"":2,""Conroe, TX"":2,""Seattle, WA"":2,""Hollywood, FL"":2,""Clark, WY"":2,""South Burlington, VT"":2,""Boise, ID"":2,""Placerville, ID"":2,""Ahtanum, WA"":2,""Thatcher, AZ"":2,""Emigrant, MT"":2,""Midvale, UT"":2,""Greenwood, IL"":2,""Bakersfield, CA"":2,""Colorado Springs, CO"":2,""Windsor, WI"":2,""Chubbuck, ID"":2,""Littlefield, TX"":2,""Orland Park, IL"":2,""Farmington, UT"":2,""Watford City, ND"":2,""Dallas, TX"":2,""Helena, MT"":2,""Eugene, OR"":2,""Lewiston, ID"":2,""Greenville, AL"":2,""Casper, WY"":2,""Acme, WY"":2,""Eglon, WA"":2,""Luther, MT"":2,""Fort Collins, CO"":2,""Cheyenne, WY"":2,""Peachtree City, GA"":2,""Encampment, WY"":2,""Idaho Falls, ID"":2,""Greeley, CO"":2,""Ocean City, MD"":2,""Logan, UT"":2,""Wake Forest, NC"":2}","{""Walmart"":74,""Albertsons"":59,""McDonald's"":52,""Maverik"":46,""Wendy's"":32,""Walgreens"":32,""Exxon Mobil"":31,""ConocoPhillips"":27,""Dairy Queen"":26,""Target"":23,""Subway"":22,""Verizon Wireless"":22,""Shell Oil"":22,""Ace Hardware"":21,""Bomgaars"":20,""Lowe's"":18,""Arby's"":18,""Taco Bell"":17,""Costco"":17,""Chevron"":17}","{""Amazon"":56,""Apple"":41,""Netflix"":38,""Amazon Marketplace"":28,""Spotify"":22,""Maverik"":21,""Walmart"":20,""Hulu"":18,""Amazon Digital Services"":15,""AT&T"":13,""Verizon Wireless"":10,""Sirius XM"":10,""Target"":9,""Uber"":9,""Audible"":9,""Google"":8,""Comcast"":8,""Pizza Hut"":7,""Amazon Prime Video"":6,""Amazon Kindle"":6}","{""The Beer Store"":1,""Twin Liquors"":1,""Spec's Wine, Spirits & Finer Foods"":1,""Total Wine & More"":1}","{""Walmart"":51,""Albertsons"":48,""Maverik"":22,""Wendy's"":19,""Dairy Queen"":18,""McDonald's"":17,""Walgreens"":16,""Ace Hardware"":12,""Bomgaars"":10,""ConocoPhillips"":10,""Domino's Pizza"":10,""Taco John's"":10,""Sierra"":10,""Arby's"":8,""Burger King"":7,""Tractor Supply Co."":6,""Subway"":5,""The UPS Store"":4,""Holiday Inn"":3,""Boot Barn"":3}","{""Verizon Wireless"":31,""AT&T"":20,""Straight Talk"":5,""T-Mobile"":5,""Sprint"":2,""Disney Mobile"":1,""Boost Mobile"":1}","{""Netflix"":38,""Hulu"":18,""Disney Plus"":6,""Amazon Prime Video"":6,""Youtube Premium"":5,""YouTube TV"":5,""Peacock"":4,""HBO Max"":3,""Youtube"":3,""Redbox"":3,""Amazon Prime"":3,""Fubo"":2,""Dish Network"":2,""Starz"":2,""Roku"":1,""DirecTV"":1}","{""Dashpass"":3,""Uber Eats"":3,""DoorDash"":2,""Instacart"":2,""HelloFresh"":1}","{""Uber"":9,""Lyft"":3}","{""Affirm.com"":3,""Afterpay"":1,""Klarna"":1}","{""PayPal"":4,""Apple Card"":2,""Apple Cash"":1,""Venmo"":1}"
178059,zzw-222@5sy-bxt-rhq,SG_BRAND_d6fdfe0213b3ad6f7bec024ed7719b7e,Dairy Queen,2022-07-01,2022-08-01,5219.16,297,206,13.08,17.18,"{""25"":8.35,""75"":21.47}","[87.02,9.96,229.89,185.78,631.36,253.78,243.37,470.84,169.63,26.06,122.78,258.12,50.95,111.00,187.14,65.31,62.69,550.41,87.64,68.37,74.86,55.52,163.52,21.69,364.00,223.96,251.68,43.28,148.55,0.00,0.00]","[14.44,9.96,12.55,13.38,15.83,18.32,34.57,13.08,17.53,13.03,12.40,11.34,11.82,16.20,10.99,14.17,16.66,15.36,11.73,9.16,11.84,10.79,15.32,10.84,10.08,18.38,8.62,10.02,11.63,null,null]","{""Monday"":1222.97,""Tuesday"":1201.08,""Wednesday"":624.78,""Thursday"":472.51,""Friday"":949.07,""Saturday"":408.42,""Sunday"":340.33}","{""Wednesday"":4,""Monday"":4,""Saturday"":5,""Thursday"":4,""Tuesday"":4,""Friday"":5,""Sunday"":5}",8.0,3.0,7,70.94,"{""No intermediary"":297}","{""No intermediary"":5219.16}","{""1"":157,""2"":31,""3"":6,""4"":8,""5-10"":4,"">10"":0}","{""1"":18.60,""2"":36.35,""3"":55.51,""4"":68.61,""5-10"":72.64,"">10"":null}","{""<25k"":14,""25-45k"":25,""45-60k"":16,""60-75k"":12,""75-100k"":24,""100-150k"":35,"">150k"":71}","{""<25k"":29.62,""25-45k"":23.38,""45-60k"":16.60,""60-75k"":15.01,""75-100k"":25.47,""100-150k"":27.14,"">150k"":28.34}","{""Cody, WY"":39,""Clark, WY"":9,""Lovell, WY"":5,""Pocatello, ID"":4,""Aberdeen, NC"":4,""Placerville, ID"":4,""Billings, MT"":4,""Acme, WY"":4,""Sterling, VA"":3,""South Burlington, VT"":3,""Baldwin, GA"":3,""Grant, ID"":3,""Bozeman, MT"":3,""Chesterville, OH"":3,""Richmond, KY"":3,""Eaton Rapids, MI"":2,""Oak Grove, KY"":2,""Arlington, VA"":2,""Saint George, UT"":2,""Van Nuys, CA"":2,""Schertz, TX"":2,""South Jordan, UT"":2,""Alger, WA"":2,""Lancaster, PA"":2,""Bentleyville, PA"":2,""Joanna, PA"":2,""Alexandria, VA"":2,""Celina, TX"":2,""Lubbock, TX"":2,""Syracuse, UT"":2,""Surprise, AZ"":2,""Crestwood, IL"":2,""Kensington, MD"":2,""Madison, AL"":2,""Indio, CA"":2,""Cedar Rapids, IA"":2,""Waco, TX"":2,""Fresno, CA"":2,""Troy, MN"":2,""Greybull, WY"":2,""Garden City, ID"":2,""Limestone, OK"":2,""Ashland, KY"":2,""Mont Belvieu, TX"":2,""South Gate, CA"":2,""Watertown, NY"":2,""Blackfoot, ID"":2,""Santa Fe, NM"":2,""Springville, UT"":2,""Victor, ID"":2,""Indianola, IA"":2,""Elkol, WY"":2,""Fort Greely, AK"":2,""Bridgeport, TX"":2,""Houston, TX"":2,""Level, MD"":2,""Benjamin, UT"":2,""Charlotte, NC"":2,""Baltimore, MD"":2,""Phoenix, AZ"":2,""Meridian, ID"":2,""Highland, UT"":2,""Avondale, AZ"":2,""Battle Lake, MN"":2,""Gillette, WY"":2,""Bayfield, CO"":2,""Kokomo, IN"":2,""Loveland, CO"":2,""Whiteman Air Force Base, MO"":2,""Keller, TX"":2,""Marietta, GA"":2,""Denver, CO"":2,""Broken Arrow, OK"":2,""Las Vegas, NV"":2,""Conroe, TX"":2,""Homedale, ID"":2,""Boise, ID"":2,""The Villages, FL"":2,""Ankeny, IA"":2,""Worland, WY"":2,""Colorado Springs, CO"":2,""Valrico, FL"":2,""Wilmington, NC"":2,""Chesterbrook, PA"":2,""Irmo, SC"":2,""Keller, GA"":2,""Erda, UT"":2,""Nampa, ID"":2,""Birmingham, MI"":2,""Boiling Springs, SC"":2,""San Antonio, TX"":2,""Lecanto, FL"":2,""Almy, WY"":2,""Gastonia, NC"":2,""Otis, OR"":2,""Dallas, TX"":2,""Cottonwood, SD"":2,""Lewiston, ID"":2,""Aurora, CO"":2,""Bridger, MT"":2,""Independence, IA"":2,""Blanford, IN"":2,""Malmstrom Afb, MT"":2,""Saint Johns, FL"":2,""Fort Collins, CO"":2,""Cheyenne, WY"":2,""Encampment, WY"":2,""Idaho Falls, ID"":2,""Jackson, WY"":2,""Bryans Road, MD"":2,""Logan, UT"":2,""Wake Forest, NC"":2}","{""Walmart"":86,""McDonald's"":73,""Maverik"":54,""Albertsons"":49,""Exxon Mobil"":45,""Wendy's"":36,""ConocoPhillips"":32,""Subway"":32,""Walgreens"":29,""Shell Oil"":25,""Target"":24,""Taco Bell"":24,""Verizon Wireless"":24,""Chick-fil-A"":24,""Pilot Flying J"":24,""Ace Hardware"":23,""Costco"":23,""Starbucks"":22,""Taco John's"":20,""Arby's"":19}","{""Amazon"":62,""Apple"":44,""Netflix"":40,""Amazon Marketplace"":33,""Amazon Digital Services"":28,""Walmart"":25,""Hulu"":21,""Spotify"":20,""Maverik"":20,""Sirius XM"":15,""Amazon Prime Video"":15,""AT&T"":14,""Verizon Wireless"":13,""Audible"":13,""Target"":11,""Google"":9,""Google Storage"":9,""Amazon Kindle"":9,""Planet Fitness"":8,""Kohl's"":7}","{""McDonald's"":73,""Wendy's"":37,""Subway"":33,""Taco Bell"":25,""Chick-fil-A"":24,""Starbucks"":22,""Taco John's"":20,""Arby's"":20,""Domino's Pizza"":17,""Burger King"":15,""Pizza Hut"":14,""Sonic"":12,""Panda Express"":12,""Jimmy John's"":11,""Panera Bread"":10,""Papa Murphy's"":10,""Dunkin'"":9,""KFC"":8,""Applebee's"":7,""Olive Garden"":6}","{""Walmart"":57,""Albertsons"":37,""McDonald's"":23,""Maverik"":19,""Wendy's"":17,""Walgreens"":11,""Sierra"":10,""Arby's"":10,""ConocoPhillips"":9,""Subway"":8,""Bomgaars"":8,""Ace Hardware"":8,""Taco John's"":7,""Domino's Pizza"":7,""Burger King"":6,""Tractor Supply Co."":6,""Pizza Hut"":5,""Dollar Tree"":4,""Boot Barn"":3,""AutoZone"":3}","{""Verizon Wireless"":35,""AT&T"":19,""T-Mobile"":6,""Straight Talk"":3,""U.S. Cellular"":2,""Disney Mobile"":1,""MetroPCS"":1,""Sprint"":1}","{""Netflix"":40,""Hulu"":21,""Amazon Prime Video"":15,""Disney Plus"":10,""Redbox"":6,""Dish Network"":5,""Peacock"":3,""Youtube Premium"":3,""Roku"":3,""Fubo"":3,""YouTube TV"":2,""Youtube"":2,""Sling TV"":2,""HBO Max"":2,""Time Warner Cable"":2,""DirecTV"":2,""Funimation"":1,""Vudu"":1,""Crunchyroll"":1,""Amazon Prime"":1}","{""Dashpass"":6,""HelloFresh"":3,""DoorDash"":2,""Uber Eats"":2,""Instacart"":2,""Postmates"":1,""Shipt"":1}","{""Uber"":6,""Lyft"":2}","{""Affirm.com"":3,""Sezzle"":1,""Klarna"":1,""Zip Company"":1,""Afterpay"":1}","{""PayPal"":3,""Apple Card"":2,""Venmo"":1,""Apple Cash"":1,""Cash App"":1}"
178087,227-222@5sy-bzg-pgk,SG_BRAND_962f9b1d1de0bf5b87f4782eafcfd5e5,Wendy's,2022-07-01,2022-08-01,4421.12,265,201,13.29,16.92,"{""25"":9.45,""75"":21.54}","[278.79,44.56,156.77,62.31,336.08,149.01,214.77,99.46,40.58,115.64,336.17,211.67,145.44,184.59,75.54,97.42,42.91,243.69,199.03,101.56,95.07,207.53,10.60,103.21,270.41,175.02,58.86,118.99,132.87,37.08,75.49]","[14.05,22.28,12.73,12.98,14.83,9.77,21.79,9.22,10.80,12.37,15.97,24.21,18.20,12.08,17.46,18.80,10.59,17.85,15.89,17.55,12.16,11.20,10.60,16.47,16.35,12.04,12.40,14.13,11.01,37.08,13.29]","{""Monday"":912.58,""Tuesday"":921.80,""Wednesday"":454.87,""Thursday"":613.42,""Friday"":794.19,""Saturday"":230.24,""Sunday"":494.02}","{""Wednesday"":4,""Monday"":4,""Saturday"":5,""Thursday"":4,""Tuesday"":4,""Friday"":5,""Sunday"":5}",22.0,-2.0,9,134.62,"{""No intermediary"":265}","{""No intermediary"":4421.12}","{""1"":165,""2"":21,""3"":7,""4"":4,""5-10"":4,"">10"":0}","{""1"":17.31,""2"":37.55,""3"":45.70,""4"":56.54,""5-10"":57.74,"">10"":null}","{""<25k"":16,""25-45k"":27,""45-60k"":13,""60-75k"":14,""75-100k"":28,""100-150k"":32,"">150k"":53}","{""<25k"":21.31,""25-45k"":16.67,""45-60k"":19.58,""60-75k"":26.29,""75-100k"":28.26,""100-150k"":20.64,"">150k"":21.04}","{""Cody, WY"":42,""Grandview, MO"":6,""Westminster, CA"":6,""Billings, MT"":6,""Hauser, ID"":5,""Jarrell, TX"":5,""Clark, WY"":5,""San Diego, CA"":4,""New Bern, NC"":4,""Cleveland, OH"":4,""Thornton, CO"":3,""Kenosha, WI"":3,""Caledonia, WI"":3,""Seattle, WA"":3,""Ahtanum, WA"":3,""Bozeman, MT"":3,""Appomattox, VA"":3,""Casper, WY"":3,""Longmont, CO"":2,""Rockford, IL"":2,""West Jordan, UT"":2,""Arlington, VA"":2,""Saint George, UT"":2,""Lovell, WY"":2,""Papillion, NE"":2,""Alexandria, VA"":2,""Woodbridge, VA"":2,""Brigham City, UT"":2,""Fort Myers, FL"":2,""Clifton, CO"":2,""Detroit Lakes, MN"":2,""Decatur, IL"":2,""Chicago, IL"":2,""Oceanside, CA"":2,""Ten Sleep, WY"":2,""Salt Lake City, UT"":2,""Cedar Rapids, IA"":2,""Waco, TX"":2,""Yelm, WA"":2,""Wichita, KS"":2,""Morgan, UT"":2,""Medina, OH"":2,""Watertown, NY"":2,""Shelley, ID"":2,""Flagstaff, AZ"":2,""Lafayette, CO"":2,""Santa Fe, NM"":2,""Gainesville, FL"":2,""Gainesville, VA"":2,""Laramie, WY"":2,""Logansport, IN"":2,""Clayton, DE"":2,""Gilbert, AZ"":2,""Baltimore, MD"":2,""Bridgeland, UT"":2,""Northwood, ND"":2,""South Salt Lake, UT"":2,""Cooke City, MT"":2,""Avondale, AZ"":2,""Lakewood, CO"":2,""Tampa, FL"":2,""Riverton, WY"":2,""Basin, WY"":2,""Morgantown, WV"":2,""Dacono, CO"":2,""Denver, CO"":2,""Newark, OH"":2,""Toledo, OH"":2,""Boise, ID"":2,""Ankeny, IA"":2,""Cedar City, UT"":2,""Bates City, MO"":2,""Emigrant, MT"":2,""Leadville, CO"":2,""Butte, MT"":2,""Saint Augustine, FL"":2,""Worland, WY"":2,""Valrico, FL"":2,""Orland Park, IL"":2,""Francis, UT"":2,""Keller, GA"":2,""Pukalani, HI"":2,""Layton, UT"":2,""Claymont, DE"":2,""Corrigan, TX"":2,""Almy, WY"":2,""Fairview Heights, IL"":2,""Dallas, TX"":2,""Ladentown, NY"":2,""Featherville, ID"":2,""Aurora, CO"":2,""Acme, WY"":2,""River Falls, WI"":2,""Ashton, ID"":2,""Atlanta, GA"":2,""Fountain, CO"":2,""Bethesda, MD"":2,""Brooklyn, NY"":2,""Avon, OH"":2,""Blackhawk, SD"":2,""Luther, MT"":2,""Cheyenne, WY"":2,""Encampment, WY"":2,""Peoria, AZ"":2,""Brunswick, OH"":2,""Austin, TX"":2,""Albuquerque, NM"":2,""Logan, UT"":2,""Wake Forest, NC"":2}","{""Walmart"":81,""McDonald's"":61,""Maverik"":50,""Exxon Mobil"":42,""Albertsons"":41,""Walgreens"":33,""ConocoPhillips"":31,""Subway"":31,""Target"":31,""Dairy Queen"":28,""Arby's"":24,""Verizon Wireless"":22,""Burger King"":22,""Taco Bell"":21,""Costco"":21,""Chick-fil-A"":21,""Shell Oil"":21,""Taco John's"":20,""Starbucks"":19,""Chevron"":18}","{""Amazon"":58,""Apple"":43,""Netflix"":37,""Amazon Marketplace"":31,""Walmart"":21,""Hulu"":20,""Spotify"":19,""Amazon Digital Services"":19,""Maverik"":17,""Google"":14,""AT&T"":14,""Verizon Wireless"":14,""Audible"":11,""Amazon Prime Video"":11,""Sirius XM"":8,""Adobe Systems"":8,""Comcast"":7,""Etsy"":6,""Airbnb"":6,""Nintendo"":6}","{""McDonald's"":62,""Subway"":33,""Dairy Queen"":28,""Arby's"":25,""Burger King"":22,""Taco Bell"":21,""Chick-fil-A"":21,""Taco John's"":21,""Starbucks"":19,""Domino's Pizza"":18,""Panera Bread"":11,""Pizza Hut"":10,""Chipotle Mexican Grill"":9,""Jimmy John's"":9,""Sonic"":8,""Culver's"":8,""Little Caesars"":7,""Panda Express"":6,""Buffalo Wild Wings"":6,""Five Guys"":6}","{""Walmart"":53,""Albertsons"":37,""McDonald's"":24,""Maverik"":19,""Dairy Queen"":17,""ConocoPhillips"":13,""Arby's"":13,""Walgreens"":11,""Bomgaars"":11,""Taco John's"":10,""Subway"":10,""Domino's Pizza"":9,""Burger King"":9,""Sierra"":8,""Ace Hardware"":7,""Holiday Inn"":3,""Pizza Hut"":3,""Tractor Supply Co."":3,""Smoker Friendly"":2,""The UPS Store"":2}","{""Verizon Wireless"":35,""AT&T"":21,""T-Mobile"":7,""Straight Talk"":4,""Disney Mobile"":3,""Boost Mobile"":1,""Google Fi"":1,""MetroPCS"":1,""TracFone Wireless"":1}","{""Netflix"":37,""Hulu"":20,""Amazon Prime Video"":11,""Disney Plus"":10,""Youtube"":5,""Dish Network"":4,""Roku"":3,""Peacock"":3,""YouTube TV"":2,""Fubo"":2,""Youtube Premium"":2,""Sling TV"":1,""Funimation"":1,""Redbox"":1,""Amazon Prime"":1,""HBO Max"":1,""Vudu"":1,""Time Warner Cable"":1}","{""Dashpass"":2,""DoorDash"":1,""Instacart"":1,""Uber Eats"":1,""Grubhub"":1}","{""Uber"":5,""Lyft"":4}","{""Affirm.com"":2,""Klarna"":1,""Progressive Leasing"":1}","{""Apple Cash"":4,""PayPal"":3,""Apple Card"":2,""Venmo"":1}"
178095,226-222@5sy-bzg-r6k,,,2022-07-01,2022-08-01,206.39,19,9,11.98,14.38,"{""25"":7.56,""75"":14.38}","[15.60,0.00,0.00,0.00,44.88,0.00,0.00,0.00,14.49,0.00,0.00,0.00,0.00,0.00,0.00,0.00,0.00,23.96,0.00,28.76,0.00,0.00,0.00,0.00,11.04,48.12,0.00,7.56,0.00,11.98,0.00]","[7.80,null,null,null,11.22,null,null,null,14.49,null,null,null,null,null,null,null,null,11.98,null,14.38,null,null,null,null,5.52,12.03,null,7.56,null,11.98,null]","{""Monday"":35.00,""Tuesday"":93.00,""Wednesday"":28.76,""Thursday"":7.56,""Friday"":15.60,""Saturday"":26.47,""Sunday"":0.00}","{""Wednesday"":4,""Monday"":4,""Saturday"":5,""Thursday"":4,""Tuesday"":4,""Friday"":5,""Sunday"":5}",22.0,42.0,0,0.0,"{""Square"":16,""No intermediary"":3}","{""Square"":163.14,""No intermediary"":43.25}","{""1"":4,""2"":3,""3"":0,""4"":1,""5-10"":1,"">10"":0}","{""1"":12.70,""2"":19.72,""3"":null,""4"":36.52,""5-10"":59.90,"">10"":null}","{""<25k"":2,""25-45k"":2,""45-60k"":2,""60-75k"":3,""100-150k"":2,"">150k"":2}","{""<25k"":13.27,""25-45k"":7.56,""45-60k"":36.52,""60-75k"":59.90,""100-150k"":24.06,"">150k"":14.49}","{""Pasadena, TX"":2,""Cody, WY"":2,""Emigrant, MT"":2,""Martinsburg, WV"":2,""Bozeman, MT"":2,""Tallahassee, FL"":2}","{""Walmart"":100,""Target"":56,""Albertsons"":56,""Exxon Mobil"":45,""Taco Bell"":34,""Starbucks"":34,""McDonald's"":34,""Safeway"":23,""Wendy's"":23,""ConocoPhillips"":23,""Maverik"":23,""Chick-fil-A"":23,""Pizza Hut"":23,""Petco"":12,""IHOP"":12,""Smoker Friendly"":12,""BFS Foods"":12,""Express Oil Change"":12,""Casey's General Stores"":12,""Total Wine & More"":12}","{""Amazon"":45,""Apple"":45,""Netflix"":34,""Amazon Digital Services"":23,""AT&T"":23,""Bank of America Merchant Services"":12,""Target"":12,""Planet Fitness"":12,""Sirius XM"":12,""Expedia"":12,""Old Navy"":12,""Adobe Systems"":12,""Goodwill"":12,""Poshmark"":12,""Hotels.com"":12,""Maverik"":12,""Panda Express"":12,""The Human Bean"":12,""Audible"":12,""Comcast"":12}","{""Taco Bell"":34,""Starbucks"":34,""McDonald's"":34,""Wendy's"":23,""Chick-fil-A"":23,""Panda Express"":23,""Pizza Hut"":23,""IHOP"":12,""Salata"":12,""Jersey Mike's"":12,""Shake Shack"":12,""Taco John's"":12,""KFC"":12,""Burgerville"":12,""Caribou Coffee"":12,""Human Bean"":12,""Panera Bread"":12,""Raising Cane's"":12,""Cracker Barrel"":12,""In-N-Out Burger"":12}","{""Walmart"":89,""Albertsons"":34,""ConocoPhillips"":23,""Wendy's"":12,""Sierra"":12,""Maverik"":12,""United States Postal Service (USPS)"":12,""McDonald's"":12,""Pizza Hut"":12}","{""AT&T"":23,""T-Mobile"":12}","{""Netflix"":34}",{},{},{},"{""Apple Cash"":12}"
178303,226-222@5sy-c5h-89z,,,2022-07-01,2022-08-01,390.0,5,3,75.0,150.0,"{""25"":67.50,""75"":90.00}","[0.00,0.00,0.00,0.00,0.00,0.00,0.00,0.00,0.00,60.00,180.00,0.00,0.00,0.00,150.00,0.00,0.00,0.00,0.00,0.00,0.00,0.00,0.00,0.00,0.00,0.00,0.00,0.00,0.00,0.00,0.00]","[null,null,null,null,null,null,null,null,null,60.00,90.00,null,null,null,75.00,null,null,null,null,null,null,null,null,null,null,null,null,null,null,null,null]","{""Monday"":180.00,""Tuesday"":0.00,""Wednesday"":0.00,""Thursday"":0.00,""Friday"":150.00,""Saturday"":0.00,""Sunday"":60.00}","{""Wednesday"":4,""Monday"":4,""Saturday"":5,""Thursday"":4,""Tuesday"":4,""Friday"":5,""Sunday"":5}",,688.0,0,0.0,"{""Square"":4,""No intermediary"":1}","{""Square"":330.00,""No intermediary"":60.00}","{""1"":1,""2"":2,""3"":0,""4"":0,""5-10"":0,"">10"":0}","{""1"":60.00,""2"":165.00,""3"":null,""4"":null,""5-10"":null,"">10"":null}","{""100-150k"":2,"">150k"":2}","{""100-150k"":105.00,"">150k"":180.00}","{""Bozeman, MT"":2,""Ten Sleep, WY"":2,""Cody, WY"":2}","{""Bomgaars"":100,""Walmart"":67,""Albertsons"":67,""Walgreens"":67,""United States Postal Service (USPS)"":67,""McDonald's"":67,""Tractor Supply Co."":67,""Petco"":34,""Weis Markets"":34,""SmartStyle Family Hair Salons"":34,""Olive Garden"":34,""Taco John's"":34,""KFC"":34,""Saks Off Fifth"":34,""The Home Depot"":34,""PetSmart"":34,""The UPS Store"":34,""Starbucks"":34,""Wendy's"":34,""Maverik"":34}","{""Walmart"":34,""Anytime Fitness"":34,""Verizon Wireless"":34,""Patreon.com"":34,""Amazon"":34,""Apple"":34,""Maverik"":34,""Hulu"":34,""Amazon Digital Services"":34,""SP+ Parking"":34,""AT&T"":34}","{""SP+ Parking"":34}","{""Walmart"":67,""Albertsons"":67,""Walgreens"":67,""Tractor Supply Co."":67,""SmartStyle Family Hair Salons"":34,""Taco John's"":34,""The UPS Store"":34,""Wendy's"":34,""Maverik"":34,""O'Reilly Auto Parts"":34,""Dairy Queen"":34,""United States Postal Service (USPS)"":34,""McDonald's"":34,""Arby's"":34}","{""AT&T"":34,""Verizon Wireless"":34}","{""Hulu"":34,""Peacock"":34}",{},{},{},{}
178402,228-222@5sy-bzg-ffz,,,2022-07-01,2022-08-01,2294.29,8,5,249.83,348.65,"{""25"":37.00,""75"":368.63}","[0.00,151.00,0.00,31.00,0.00,0.00,952.38,0.00,0.00,0.00,0.00,0.00,0.00,0.00,737.26,0.00,0.00,0.00,0.00,0.00,0.00,0.00,0.00,0.00,0.00,0.00,0.00,0.00,74.00,0.00,348.65]","[null,151.00,null,31.00,null,null,952.38,null,null,null,null,null,null,null,368.63,null,null,null,null,null,null,null,null,null,null,null,null,null,37.00,null,348.65]","{""Monday"":31.00,""Tuesday"":0.00,""Wednesday"":0.00,""Thursday"":952.38,""Friday"":811.26,""Saturday"":151.00,""Sunday"":348.65}","{""Wednesday"":4,""Monday"":4,""Saturday"":5,""Thursday"":4,""Tuesday"":4,""Friday"":5,""Sunday"":5}",128.0,-45.0,0,0.0,"{""No intermediary"":8}","{""No intermediary"":2294.29}","{""1"":2,""2"":3,""3"":0,""4"":0,""5-10"":0,"">10"":0}","{""1"":650.52,""2"":331.09,""3"":null,""4"":null,""5-10"":null,"">10"":null}","{""60-75k"":4,"">150k"":2}","{""60-75k"":74.00,"">150k"":555.07}","{""Greer, SC"":2,""Haines, AK"":2,""Granbury, TX"":2,""New Alexandria, PA"":2}","{""Target"":40,""ConocoPhillips"":40,""Walgreens"":40,""Publix Super Markets"":40,""Subway"":40,""Walmart"":20,""Old Chicago Pizza and Taproom"":20,""Jimmy John's"":20,""Ollie's Bargain Outlet"":20,""Trader Joe's"":20,""Verizon Wireless"":20,""Nike"":20,""Auntie Anne's"":20,""Casey's General Stores"":20,""Giant Eagle"":20,""Fox Rent A Car"":20,""Albertsons"":20,""RaceTrac"":20,""La-Z-Boy"":20,""J.Jill"":20}","{""Apple"":60,""Target"":40,""Verizon Wireless"":40,""Amazon"":40,""Netflix"":40,""Uber"":20,""Sirius XM"":20,""OptumRx"":20,""Ancestry.Com"":20,""Spotify"":20,""GetGo"":20,""Charter Communications"":20}","{""Hampton"":20,""Hilton International"":20}","{""Walgreens"":20,""Albertsons"":20}","{""Verizon Wireless"":60}","{""Netflix"":40}",{},"{""Uber"":20}",{},{}
178422,zzw-223@5sy-bxv-zmk,SG_BRAND_857fcc0687933d1589554945329fe236,Maverik,2022-07-01,2022-08-01,10693.12,342,232,22.04,34.22,"{""25"":8.58,""75"":43.82}","[334.81,305.36,140.83,385.52,1216.15,441.96,314.99,148.03,56.47,248.53,321.43,158.25,293.56,183.63,427.19,215.96,137.46,729.51,285.81,350.27,222.95,326.91,460.13,200.74,747.47,242.98,738.83,335.07,194.92,167.07,360.33]","[26.28,44.58,18.50,22.70,35.46,14.54,20.36,10.78,10.13,16.30,15.16,29.00,38.02,9.97,6.50,46.50,9.14,30.85,15.12,17.34,17.77,30.67,50.73,27.80,29.44,16.73,32.63,27.31,37.96,28.01,27.55]","{""Monday"":2183.93,""Tuesday"":1903.19,""Wednesday"":1824.62,""Thursday"":1056.64,""Friday"":1431.86,""Saturday"":1204.99,""Sunday"":1087.89}","{""Wednesday"":4,""Monday"":4,""Saturday"":5,""Thursday"":4,""Tuesday"":4,""Friday"":5,""Sunday"":5}",61.0,55.0,24,527.88,"{""No intermediary"":341,""Visa"":1}","{""No intermediary"":10673.14,""Visa"":19.98}","{""1"":163,""2"":47,""3"":14,""4"":5,""5-10"":2,"">10"":1}","{""1"":34.34,""2"":66.99,""3"":67.20,""4"":89.73,""5-10"":160.90,"">10"":235.58}","{""<25k"":25,""25-45k"":24,""45-60k"":22,""60-75k"":12,""75-100k"":35,""100-150k"":41,"">150k"":53}","{""<25k"":41.98,""25-45k"":44.01,""45-60k"":46.33,""60-75k"":35.02,""75-100k"":41.01,""100-150k"":53.78,"">150k"":51.25}","{""Cody, WY"":27,""Ocala, FL"":11,""Cedar City, UT"":9,""Buffalo, SD"":6,""Pocatello, ID"":6,""Salt Lake City, UT"":5,""Renton, WA"":4,""Vernal, UT"":4,""Laramie, WY"":4,""Ogden, UT"":4,""Lexington, KY"":4,""Anchorage, AK"":4,""Cowley, WY"":4,""Pittsburgh, PA"":3,""Hewitt, TX"":3,""Benjamin, UT"":3,""Highland, UT"":3,""La Puente, CA"":3,""Grant, ID"":3,""Post, OR"":3,""Reno, NV"":3,""Acme, WY"":3,""Logan, UT"":3,""Plainfield, WI"":2,""Williamsburg, VA"":2,""Brookfield, WI"":2,""Myrtle Beach, SC"":2,""Saint George, UT"":2,""Severna Park, MD"":2,""Amalga, UT"":2,""Raleigh, NC"":2,""South Jordan, UT"":2,""Lake Havasu City, AZ"":2,""Lubbock, TX"":2,""Clifton, CO"":2,""Struthers, OH"":2,""Stockton, CA"":2,""Roy, UT"":2,""Thornton, CO"":2,""Chicago, IL"":2,""Taylorsville, UT"":2,""Doral, FL"":2,""Cedar Rapids, IA"":2,""Saint Petersburg, FL"":2,""Morrisville, NC"":2,""Williston, ND"":2,""Wichita, KS"":2,""Morgan, UT"":2,""Vacaville, CA"":2,""Annex, OR"":2,""Leander, TX"":2,""Billerica, MA"":2,""Blackfoot, ID"":2,""Mansfield, OH"":2,""Plymouth, NH"":2,""Springville, UT"":2,""Elkol, WY"":2,""Highlands Ranch, CO"":2,""Victorville, CA"":2,""Boca Raton, FL"":2,""Phoenix, AZ"":2,""Meridian, ID"":2,""Apopka, FL"":2,""Belgrade, MT"":2,""Battle Lake, MN"":2,""Gillette, WY"":2,""Amherst, NY"":2,""Madisonburg, OH"":2,""Clearfield, UT"":2,""Magna, UT"":2,""Princeton, NJ"":2,""Rancho Santa Fe, CA"":2,""Coeur D Alene, ID"":2,""Augusta, ME"":2,""Great Falls, MT"":2,""Brooks, KY"":2,""Picayune, MS"":2,""Las Vegas, NV"":2,""Genola, UT"":2,""Clark, WY"":2,""Worth, IL"":2,""Boise, ID"":2,""Placerville, ID"":2,""Thatcher, AZ"":2,""Emigrant, MT"":2,""Midvale, UT"":2,""Urbana, IA"":2,""West Columbia, SC"":2,""Ahuimanu, HI"":2,""Melbourne, FL"":2,""Monument, CO"":2,""Southbury, CT"":2,""Chubbuck, ID"":2,""Orland Park, IL"":2,""Armbrust, PA"":2,""Bellevue, WA"":2,""Martinsburg, WV"":2,""Marshall, TX"":2,""Chugwater, WY"":2,""Erda, UT"":2,""Layton, UT"":2,""Cooper City, FL"":2,""San Antonio, TX"":2,""Rochester, MN"":2,""Charleston, UT"":2,""Moneta, VA"":2,""Hawley, CO"":2,""Casper, WY"":2,""Aurora, CO"":2,""Denver, NC"":2,""Orem, UT"":2,""Sundance, WY"":2,""Kalamazoo, MI"":2,""Lakeland, MO"":2,""Glendale, AZ"":2,""Cheyenne, WY"":2,""Rosita, CO"":2,""Craig, CO"":2,""Idaho Falls, ID"":2,""Star, ID"":2,""Jackson, WY"":2,""Greenwich, CT"":2,""Washington, KY"":2}","{""Walmart"":73,""McDonald's"":51,""Albertsons"":44,""Exxon Mobil"":39,""ConocoPhillips"":31,""Chevron"":30,""Shell Oil"":29,""Wendy's"":29,""Walgreens"":29,""Costco"":26,""Pilot Flying J"":22,""Starbucks"":22,""Subway"":22,""Taco Bell"":21,""Chick-fil-A"":20,""Dairy Queen"":19,""Love's Travel Stops and Country Stores"":19,""Target"":17,""Ace Hardware"":17,""Burger King"":17}","{""Amazon"":60,""Apple"":37,""Netflix"":33,""Amazon Digital Services"":20,""Maverik"":19,""Hulu"":17,""Walmart"":16,""Spotify"":16,""Amazon Marketplace"":13,""AT&T"":13,""Verizon Wireless"":10,""Sirius XM"":10,""Audible"":8,""Comcast"":8,""Target"":8,""Google Storage"":8,""Google"":7,""Costa Vida"":7,""Amazon Prime Video"":7,""T-Mobile"":7}","{""Big D"":9,""Sapp Bros"":1,""Good To Go"":1}","{""Albertsons"":33,""Walmart"":29,""McDonald's"":16,""Walgreens"":11,""Wendy's"":8,""Dairy Queen"":8,""ConocoPhillips"":7,""Domino's Pizza"":6,""Sierra"":5,""Taco John's"":5,""Arby's"":4,""Subway"":4,""Ace Hardware"":4,""Burger King"":3,""Good 2 Go Stores"":3,""Boot Barn"":2,""Tractor Supply Co."":2,""AutoZone"":2,""Papa Murphy's"":1,""Bomgaars"":1}","{""Verizon Wireless"":25,""AT&T"":17,""T-Mobile"":8,""Straight Talk"":2,""Sprint"":2,""Cricket Wireless"":1,""Disney Mobile"":1,""Boost Mobile"":1}","{""Netflix"":33,""Hulu"":17,""Disney Plus"":11,""Amazon Prime Video"":7,""Youtube"":4,""Roku"":4,""Dish Network"":4,""Youtube Premium"":3,""YouTube TV"":3,""Peacock"":3,""HBO Max"":2,""Redbox"":2,""DirecTV"":1,""Sling TV"":1,""Crunchyroll"":1}","{""Dashpass"":4,""Instacart"":3,""DoorDash"":3,""HelloFresh"":3,""Uber Eats"":2,""Grubhub"":1}","{""Uber"":6,""Lyft"":1}","{""Affirm.com"":3,""Afterpay"":1,""Klarna"":1}","{""Apple Cash"":6,""PayPal"":2,""Apple Card"":2,""Venmo"":1}"
178465,222-222@5sy-bzg-psq,SG_BRAND_63ea689e38887d2a25b1f57a6f86748f,Walgreens,2022-07-01,2022-08-01,6674.39,212,170,22.01,27.13,"{""25"":10.31,""75"":44.15}","[240.89,33.17,126.05,141.00,622.98,159.61,191.15,284.41,13.62,147.37,328.35,84.80,77.90,321.66,365.00,193.88,354.68,297.65,239.35,154.64,253.45,803.39,76.13,94.26,364.93,215.82,25.33,59.18,121.52,43.65,238.57]","[38.45,16.59,29.38,28.46,14.72,42.30,12.34,18.66,13.62,38.47,32.82,16.47,38.95,51.54,26.80,16.41,35.85,22.55,18.93,25.10,38.86,37.29,21.70,13.61,12.03,31.33,6.22,19.67,18.86,21.83,26.71]","{""Monday"":1131.93,""Tuesday"":1162.95,""Wednesday"":417.48,""Thursday"":825.44,""Friday"":1815.21,""Saturday"":360.45,""Sunday"":960.93}","{""Wednesday"":4,""Monday"":4,""Saturday"":5,""Thursday"":4,""Tuesday"":4,""Friday"":5,""Sunday"":5}",10.0,3.0,7,218.79,"{""No intermediary"":210,""Visa"":2}","{""No intermediary"":6644.39,""Visa"":30.00}","{""1"":139,""2"":24,""3"":4,""4"":2,""5-10"":1,"">10"":0}","{""1"":32.42,""2"":51.85,""3"":132.56,""4"":92.68,""5-10"":208.69,"">10"":null}","{""<25k"":20,""25-45k"":27,""45-60k"":12,""60-75k"":7,""75-100k"":18,""100-150k"":26,"">150k"":52}","{""<25k"":30.07,""25-45k"":28.89,""45-60k"":49.49,""60-75k"":23.53,""75-100k"":48.11,""100-150k"":36.72,"">150k"":46.93}","{""Cody, WY"":25,""Amherst, NY"":5,""Clark, WY"":5,""Granbury, TX"":4,""Vernal, UT"":4,""Gilbert, AZ"":4,""Lubbock, TX"":3,""Bellingham, WA"":3,""Manti, UT"":3,""Buford, GA"":3,""Keller, TX"":3,""Cedar City, UT"":3,""Bakersfield, CA"":3,""Bozeman, MT"":3,""Billings, MT"":3,""Aurora, CO"":3,""Fellows, CA"":3,""Luther, MT"":3,""Los Angeles, CA"":2,""Spring Hill, FL"":2,""Amalga, UT"":2,""Raleigh, NC"":2,""Lovell, WY"":2,""Bennett, CO"":2,""Fowlerville, MI"":2,""Tucson, AZ"":2,""Blakeslee, OH"":2,""Ten Sleep, WY"":2,""Pensacola, FL"":2,""Salt Lake City, UT"":2,""Paducah, KY"":2,""Santa Rosa Beach, FL"":2,""Mobile, AL"":2,""Amarillo, TX"":2,""Watertown, NY"":2,""Meeteetse, WY"":2,""Elkol, WY"":2,""Gainesville, FL"":2,""Birmingham, AL"":2,""Mesa, AZ"":2,""Concord, CA"":2,""Houston, TX"":2,""Boca Raton, FL"":2,""Toms River, NJ"":2,""Charlotte, NC"":2,""Baltimore, MD"":2,""Lincolndale, NY"":2,""Howell, MI"":2,""Highland, UT"":2,""Whitefish, MT"":2,""Belgrade, MT"":2,""Avondale, AZ"":2,""Niagara Falls, NY"":2,""Alliance, OH"":2,""Omaha, NE"":2,""Angela, MT"":2,""Steubenville, OH"":2,""Edler, CO"":2,""Cary, NC"":2,""Bacton, PA"":2,""Marietta, GA"":2,""Warrenville, IL"":2,""Portland, OR"":2,""Opelika, AL"":2,""Strongsville, OH"":2,""Denver, CO"":2,""Marion, IA"":2,""Parsippany, NJ"":2,""Seattle, WA"":2,""Homedale, ID"":2,""South Burlington, VT"":2,""Boise, ID"":2,""Thatcher, AZ"":2,""Lake, WY"":2,""Columbus, OH"":2,""Greenwood, IL"":2,""Colorado Springs, CO"":2,""Kingston, TN"":2,""Farmington, UT"":2,""Marshall, TX"":2,""Pajaro, CA"":2,""Buffalo, WY"":2,""Erda, UT"":2,""Nampa, ID"":2,""Deadwood, SD"":2,""Cowley, WY"":2,""Emerald Isle, NC"":2,""Lakewood, WA"":2,""Fogelsville, PA"":2,""Blackwood, NJ"":2,""Scottsdale, AZ"":2,""Ennis, MT"":2,""Eglon, WA"":2,""Asheville, NC"":2,""Ypsilanti, MI"":2,""Lees Summit, MO"":2,""Canadys, SC"":2,""Peachtree City, GA"":2,""Encampment, WY"":2,""Idaho Falls, ID"":2,""Peoria, AZ"":2,""Creswell, OR"":2,""Ocean City, MD"":2,""Bryans Road, MD"":2,""Logan, UT"":2,""Frederick, MD"":2,""Arnett, TX"":2}","{""Walmart"":68,""Albertsons"":53,""McDonald's"":48,""Maverik"":38,""Exxon Mobil"":35,""Target"":30,""Wendy's"":29,""ConocoPhillips"":27,""Shell Oil"":26,""Subway"":24,""Starbucks"":23,""Costco"":22,""Chevron"":22,""Dairy Queen"":21,""Taco Bell"":20,""Chick-fil-A"":19,""Ace Hardware"":16,""Domino's Pizza"":16,""CVS"":15,""United States Postal Service (USPS)"":14}","{""Amazon"":60,""Apple"":48,""Netflix"":37,""Amazon Digital Services"":21,""Maverik"":19,""AT&T"":19,""Amazon Marketplace"":16,""Audible"":15,""Hulu"":14,""Spotify"":14,""Walmart"":13,""Verizon Wireless"":12,""Sirius XM"":11,""Target"":9,""Uber"":9,""Amazon Prime Video"":9,""Comcast"":8,""Etsy"":6,""Adobe Systems"":6,""Google Storage"":6}","{""CVS"":16,""ULTA Beauty"":4,""Rite Aid"":4,""GNC (General Nutrition Centers)"":2,""Family Pharmacy"":2,""Sephora"":2,""Priceline"":2,""Pearle Vision"":2,""Bartell Drugs"":2,""Bath & Body Works"":2,""Davis Food & Drug"":2,""Sunglass Hut"":1,""The Medicine Shoppe"":1,""MAC Cosmetics"":1,""Kinney Drugs"":1,""Sally Beauty Supply"":1}","{""Walmart"":47,""Albertsons"":41,""Maverik"":24,""Wendy's"":13,""Dairy Queen"":13,""McDonald's"":12,""Sierra"":10,""Ace Hardware"":6,""Domino's Pizza"":6,""ConocoPhillips"":6,""Tractor Supply Co."":6,""The UPS Store"":5,""Arby's"":5,""Dollar Tree"":5,""Taco John's"":3,""Boot Barn"":3,""United States Postal Service (USPS)"":3,""Subway"":3,""maurices"":2,""Holiday Inn"":2}","{""AT&T"":25,""Verizon Wireless"":23,""T-Mobile"":6,""Sprint"":2,""Cricket Wireless"":1,""Straight Talk"":1,""Boost Mobile"":1}","{""Netflix"":37,""Hulu"":14,""Amazon Prime Video"":9,""Disney Plus"":8,""Roku"":5,""Peacock"":3,""Dish Network"":3,""Sling TV"":2,""YouTube TV"":2,""Youtube Premium"":2,""HBO Max"":2,""Youtube"":2,""Redbox"":2,""Time Warner Cable"":2,""Amazon Prime"":2,""Fubo"":1,""Funimation"":1,""Vudu"":1,""Crunchyroll"":1}","{""Uber Eats"":4,""HelloFresh"":3,""Instacart"":3,""DoorDash"":2,""Dashpass"":2,""Grubhub"":1,""Shipt"":1}","{""Uber"":9,""Lyft"":4}","{""Affirm.com"":4,""Afterpay"":2,""Sezzle"":1,""Zip Company"":1}","{""PayPal"":5,""Apple Card"":5,""Apple Cash"":3,""Venmo"":1}"
178469,zzw-222@5sy-dwr-t9z,,,2022-07-01,2022-08-01,961.4,3,2,345.0,480.7,"{""25"":271.40,""75"":345.00}","[0.00,0.00,0.00,0.00,0.00,0.00,0.00,0.00,0.00,0.00,0.00,0.00,0.00,0.00,0.00,0.00,0.00,0.00,0.00,0.00,0.00,0.00,0.00,0.00,690.00,0.00,271.40,0.00,0.00,0.00,0.00]","[null,null,null,null,null,null,null,null,null,null,null,null,null,null,null,null,null,null,null,null,null,null,null,null,345.00,null,271.40,null,null,null,null]","{""Monday"":690.00,""Tuesday"":0.00,""Wednesday"":271.40,""Thursday"":0.00,""Friday"":0.00,""Saturday"":0.00,""Sunday"":0.00}","{""Wednesday"":4,""Monday"":4,""Saturday"":5,""Thursday"":4,""Tuesday"":4,""Friday"":5,""Sunday"":5}",-5.0,,0,0.0,"{""No intermediary"":3}","{""No intermediary"":961.40}","{""1"":1,""2"":1,""3"":0,""4"":0,""5-10"":0,"">10"":0}","{""1"":271.40,""2"":690.00,""3"":null,""4"":null,""5-10"":null,"">10"":null}","{""100-150k"":2,"">150k"":2}","{""100-150k"":271.40,"">150k"":690.00}","{""Aurora, CO"":3,""Niceville, FL"":2}","{""Walmart"":100,""Target"":100,""Verizon Wireless"":100,""Loaf 'N Jug"":100,""Lowe's"":100,""King Soopers"":100,""Circle K"":100,""Maverik"":100,""Chick-fil-A"":100,""Phillips 66"":100,""Sam's Club"":100,""Exxon Mobil"":100,""Petco"":50,""Big D"":50,""Little Caesars"":50,""Jimmy John's"":50,""Chili's Grill & Bar"":50,""Trader Joe's"":50,""Safeway Fuel Station"":50,""Total Wine & More"":50}","{""Amazon"":50,""Epic Games"":50,""Google"":50,""Netflix"":50,""Xsolla"":50,""Hulu"":50,""Google Storage"":50,""Amazon Digital Services"":50,""SunPass Operations"":50,""Audible"":50,""Comcast"":50,""Cinemark Theatres"":50,""Amazon Marketplace"":50}",{},"{""Walmart"":50}","{""Verizon Wireless"":100}","{""Hulu"":50,""Netflix"":50}",{},{},{},{}
178488,222-222@5sy-bzg-pjv,,,2022-07-01,2022-08-01,2460.4,18,13,81.84,139.4,"{""25"":69.70,""75"":172.81}","[0.00,0.00,0.00,83.57,0.00,693.51,0.00,0.00,0.00,96.47,0.00,287.50,0.00,0.00,0.00,0.00,0.00,414.52,80.11,66.49,0.00,0.00,112.36,0.00,181.82,0.00,216.88,161.32,0.00,65.85,0.00]","[null,null,null,83.57,null,693.51,null,null,null,48.24,null,71.88,null,null,null,null,null,207.26,80.11,66.49,null,null,112.36,null,90.91,null,216.88,161.32,null,65.85,null]","{""Monday"":679.91,""Tuesday"":367.61,""Wednesday"":976.88,""Thursday"":161.32,""Friday"":0.00,""Saturday"":178.21,""Sunday"":96.47}","{""Wednesday"":4,""Monday"":4,""Saturday"":5,""Thursday"":4,""Tuesday"":4,""Friday"":5,""Sunday"":5}",96.0,643.0,0,0.0,"{""No intermediary"":18}","{""No intermediary"":2460.40}","{""1"":8,""2"":5,""3"":0,""4"":0,""5-10"":0,"">10"":0}","{""1"":185.01,""2"":196.06,""3"":null,""4"":null,""5-10"":null,"">10"":null}","{""<25k"":2,""45-60k"":2,""75-100k"":3,""100-150k"":2,"">150k"":4}","{""<25k"":80.11,""45-60k"":81.16,""75-100k"":115.84,""100-150k"":216.88,"">150k"":318.11}","{""Detroit Lakes, MN"":4,""Greenwood, IL"":4,""Cody, WY"":3,""Granbury, TX"":2,""Strongsville, OH"":2,""Pearl River, NY"":2,""Dallas, TX"":2,""Burley, ID"":2,""Blanford, IN"":2,""Jackson, WY"":2}","{""Walmart"":70,""Albertsons"":54,""McDonald's"":54,""Ace Hardware"":39,""Walgreens"":39,""Dairy Queen"":39,""Shell Oil"":39,""Maverik"":31,""Exxon Mobil"":31,""Loaf 'N Jug"":24,""Holiday Station"":24,""Wendy's"":24,""Holiday Inn"":24,""Chick-fil-A"":24,""Publix Super Markets"":24,""Subway"":24,""Jimmy John's"":16,""Bomgaars"":16,""Lowe's"":16,""7-Eleven"":16}","{""Apple"":47,""Netflix"":47,""Amazon"":31,""Hulu"":31,""AT&T"":24,""OnStar"":16,""Amazon Prime Video"":16,""Etsy"":8,""Walmart"":8,""Lyft"":8,""Target"":8,""Chipotle Mexican Grill"":8,""Planet Fitness"":8,""Rouses Markets"":8,""Uber"":8,""Chewy"":8,""Barclaycard US"":8,""Experian"":8,""Adobe Systems"":8,""Lids"":8}","{""McDonald's"":54,""Dairy Queen"":39,""Wendy's"":24,""Chick-fil-A"":24,""Subway"":24,""Jimmy John's"":16,""Chipotle Mexican Grill"":16,""Sonic"":8,""Auntie Anne's"":8,""The Lost Cajun"":8,""Jamba"":8,""Domino's Pizza"":8,""Taco John's"":8,""Monical's Pizza"":8,""World of Beer"":8,""Hungry Howie's Pizza & Subs"":8,""Buffalo Wild Wings"":8,""Pappasito's Cantina"":8,""Papa John's"":8,""Starbucks"":8}","{""Walmart"":47,""Albertsons"":47,""Walgreens"":39,""Ace Hardware"":24,""Dairy Queen"":24,""Maverik"":16,""McDonald's"":16,""Tractor Supply Co."":16,""The UPS Store"":8,""Wendy's"":8,""Holiday Inn"":8,""Boot Barn"":8,""Arby's"":8}","{""AT&T"":24}","{""Netflix"":47,""Hulu"":31,""Amazon Prime Video"":16,""Fubo"":8,""Disney Plus"":8}",{},"{""Lyft"":8,""Uber"":8}",{},{}
178600,zzy-222@5sy-bzg-gkz,,,2022-07-01,2022-08-01,13.0,4,2,3.25,6.5,"{""25"":3.25,""75"":3.25}","[0.00,0.00,0.00,0.00,0.00,0.00,0.00,0.00,0.00,0.00,0.00,0.00,0.00,0.00,0.00,0.00,0.00,0.00,0.00,0.00,13.00,0.00,0.00,0.00,0.00,0.00,0.00,0.00,0.00,0.00,0.00]","[null,null,null,null,null,null,null,null,null,null,null,null,null,null,null,null,null,null,null,null,3.25,null,null,null,null,null,null,null,null,null,null]","{""Monday"":0.00,""Tuesday"":0.00,""Wednesday"":0.00,""Thursday"":13.00,""Friday"":0.00,""Saturday"":0.00,""Sunday"":0.00}","{""Wednesday"":4,""Monday"":4,""Saturday"":5,""Thursday"":4,""Tuesday"":4,""Friday"":5,""Sunday"":5}",,,0,0.0,"{""No intermediary"":4}","{""No intermediary"":13.00}","{""1"":0,""2"":2,""3"":0,""4"":0,""5-10"":0,"">10"":0}","{""1"":null,""2"":6.50,""3"":null,""4"":null,""5-10"":null,"">10"":null}","{""25-45k"":2,"">150k"":2}","{""25-45k"":6.50,"">150k"":6.50}","{""Layton, UT"":2}","{""Walmart"":100,""Chevron"":100,""7-Eleven"":100,""ConocoPhillips"":100,""Denny's"":100,""Maverik"":100,""Sinclair Oil"":100,""O'Reilly Auto Parts"":100,""Pilot Flying J"":100,""Phillips 66"":100,""AutoZone"":100,""Shell Oil"":100,""Smith's Food & Drug Stores"":50,""Costco"":50,""Walgreens"":50,""McDonald's"":50,""CVS"":50,""Texas Roadhouse"":50}","{""Chevron"":100,""Apple"":100,""Maverik"":100,""Pilot Flying J"":100,""Spotify"":100,""Amazon"":50,""Jamba Juice"":50,""Phillips 66"":50}",{},{},{},{},{},{},{},{}
178690,222-222@5sy-bzg-nyv,SG_BRAND_27ee73cd1fb6f5e432852fea401eacce,United States Postal Service (USPS),2022-07-01,2022-08-01,282.75,19,15,12.0,12.0,"{""25"":8.95,""75"":17.90}","[8.95,0.00,0.00,0.00,0.00,14.48,0.00,55.72,16.95,0.00,10.65,6.44,0.00,29.90,0.00,0.00,0.00,0.00,13.20,43.65,8.95,37.33,0.00,0.00,26.31,0.00,0.00,0.00,10.22,0.00,0.00]","[8.95,null,null,null,null,7.24,null,15.21,16.95,null,10.65,6.44,null,14.95,null,null,null,null,13.20,43.65,8.95,8.95,null,null,26.31,null,null,null,10.22,null,null]","{""Monday"":36.96,""Tuesday"":19.64,""Wednesday"":58.13,""Thursday"":38.85,""Friday"":112.22,""Saturday"":16.95,""Sunday"":0.00}","{""Wednesday"":4,""Monday"":4,""Saturday"":5,""Thursday"":4,""Tuesday"":4,""Friday"":5,""Sunday"":5}",-67.0,-56.0,0,0.0,"{""No intermediary"":19}","{""No intermediary"":282.75}","{""1"":12,""2"":2,""3"":1,""4"":0,""5-10"":0,"">10"":0}","{""1"":12.76,""2"":38.74,""3"":52.17,""4"":null,""5-10"":null,"">10"":null}","{""<25k"":2,""25-45k"":2,""45-60k"":2,""60-75k"":3,""75-100k"":3,""100-150k"":2,"">150k"":4}","{""<25k"":8.95,""25-45k"":6.44,""45-60k"":53.65,""60-75k"":11.33,""75-100k"":12.60,""100-150k"":32.09,"">150k"":17.82}","{""Cody, WY"":5,""Bellingham, WA"":2,""Clark, WY"":2,""Ashburn, VA"":2,""Yankton, SD"":2,""Ocean City, MD"":2,""Wake Forest, NC"":2}","{""Walmart"":94,""Albertsons"":74,""Ace Hardware"":40,""Walgreens"":40,""Bomgaars"":34,""The UPS Store"":34,""ConocoPhillips"":34,""Exxon Mobil"":34,""Costco"":27,""Pilot Flying J"":27,""Subway"":27,""Safeway"":20,""Starbucks"":20,""Wendy's"":20,""Maverik"":20,""Dairy Queen"":20,""Burger King"":20,""Big D"":14,""Weis Markets"":14,""Target"":14}","{""Amazon"":54,""Apple"":54,""Maverik"":47,""Netflix"":27,""AT&T"":27,""Etsy"":14,""Walmart"":14,""Verizon Wireless"":14,""The Home Depot"":14,""Hulu"":14,""Frontier Communications"":14,""Delta Dental"":7,""Anytime Fitness"":7,""Target"":7,""Nayax"":7,""King"":7,""CenturyLink"":7,""Chewy"":7,""Sirius XM"":7,""Barclaycard US"":7}",{},"{""Walmart"":87,""Albertsons"":74,""Maverik"":40,""Walgreens"":34,""Ace Hardware"":27,""The UPS Store"":20,""Burger King"":20,""Domino's Pizza"":14,""Wendy's"":14,""Sierra"":14,""Dairy Queen"":14,""McDonald's"":14,""Tractor Supply Co."":14,""Arby's"":14,""maurices"":7,""ConocoPhillips"":7,""Sherwin-Williams"":7,""Pizza Hut"":7}","{""AT&T"":34,""Verizon Wireless"":27,""T-Mobile"":7}","{""Netflix"":27,""Hulu"":14,""Amazon Prime"":7,""Dish Network"":7}","{""Uber Eats"":7}",{},{},{}
178718,226-224@5sy-bxv-zmk,,,2022-07-01,2022-08-01,120.0,4,2,30.0,60.0,"{""25"":30.00,""75"":30.00}","[0.00,0.00,0.00,0.00,0.00,0.00,0.00,0.00,0.00,0.00,120.00,0.00,0.00,0.00,0.00,0.00,0.00,0.00,0.00,0.00,0.00,0.00,0.00,0.00,0.00,0.00,0.00,0.00,0.00,0.00,0.00]","[null,null,null,null,null,null,null,null,null,null,30.00,null,null,null,null,null,null,null,null,null,null,null,null,null,null,null,null,null,null,null,null]","{""Monday"":120.00,""Tuesday"":0.00,""Wednesday"":0.00,""Thursday"":0.00,""Friday"":0.00,""Saturday"":0.00,""Sunday"":0.00}","{""Wednesday"":4,""Monday"":4,""Saturday"":5,""Thursday"":4,""Tuesday"":4,""Friday"":5,""Sunday"":5}",,,0,0.0,"{""No intermediary"":4}","{""No intermediary"":120.00}","{""1"":0,""2"":2,""3"":0,""4"":0,""5-10"":0,"">10"":0}","{""1"":null,""2"":60.00,""3"":null,""4"":null,""5-10"":null,"">10"":null}","{""100-150k"":2}","{""100-150k"":60.00}","{""Cody, WY"":3}","{""Sonic"":100,""Walmart"":100,""Weis Markets"":100,""Jimmy John's"":100,""Target"":100,""ALDI"":100,""Murphy USA"":100,""Taco Bell"":100,""Mister Car Wash"":100,""Apple Retail Store"":100,""Caribou Coffee"":100,""Turkey Hill"":100,""Wegmans Food Markets"":100,""Chick-fil-A"":100,""Giant Food"":100,""Panda Express"":100,""Burger King"":100,""Weight Watchers"":100,""McDonald's"":100,""Tim Hortons"":100}","{""Verizon Wireless"":100,""Poshmark"":100,""Apple"":100,""Disney Plus"":100,""Sam's Club"":100}",{},"{""McDonald's"":100,""Subway"":100}","{""Verizon Wireless"":100}","{""Disney Plus"":100}",{},{},{},{}
178761,222-222@5sy-bxt-ghq,,,2022-07-01,2022-08-01,356.0,6,4,54.0,78.0,"{""25"":45.50,""75"":81.00}","[0.00,0.00,0.00,0.00,0.00,0.00,0.00,0.00,0.00,38.00,0.00,108.00,0.00,0.00,0.00,0.00,0.00,162.00,0.00,48.00,0.00,0.00,0.00,0.00,0.00,0.00,0.00,0.00,0.00,0.00,0.00]","[null,null,null,null,null,null,null,null,null,38.00,null,54.00,null,null,null,null,null,81.00,null,48.00,null,null,null,null,null,null,null,null,null,null,null]","{""Monday"":162.00,""Tuesday"":108.00,""Wednesday"":48.00,""Thursday"":0.00,""Friday"":0.00,""Saturday"":0.00,""Sunday"":38.00}","{""Wednesday"":4,""Monday"":4,""Saturday"":5,""Thursday"":4,""Tuesday"":4,""Friday"":5,""Sunday"":5}",,,0,0.0,"{""No intermediary"":6}","{""No intermediary"":356.00}","{""1"":2,""2"":2,""3"":0,""4"":0,""5-10"":0,"">10"":0}","{""1"":43.00,""2"":135.00,""3"":null,""4"":null,""5-10"":null,"">10"":null}","{""45-60k"":2,""75-100k"":2,"">150k"":2}","{""45-60k"":108.00,""75-100k"":48.00,"">150k"":100.00}","{""Cody, WY"":2,""Chandler, AZ"":2,""Mancos, CO"":2}","{""Albertsons"":75,""Exxon Mobil"":75,""Shell Oil"":75,""Walmart"":50,""Safeway"":50,""Wendy's"":50,""Maverik"":50,""Costco"":50,""United States Postal Service (USPS)"":50,""McDonald's"":50,""CVS"":50,""Big D"":25,""Chili's Grill & Bar"":25,""Honda"":25,""Target"":25,""Verizon Wireless"":25,""Kwik Trip"":25,""Casey's General Stores"":25,""Bomgaars"":25,""Cubby's"":25}","{""Honda"":25,""Amazon"":25,""YouTube TV"":25,""Save-A-Lot"":25,""Airbnb"":25,""Sirius XM"":25,""Albertsons"":25,""AMC Theatres"":25,""Starbucks"":25,""Apple"":25,""Apple Card"":25,""Google"":25,""Netflix"":25,""Maverik"":25,""Hulu"":25,""Spotify"":25,""Uber Eats"":25,""McDonald's"":25,""Amazon Prime"":25,""Comcast"":25}",{},"{""Albertsons"":50,""CARQUEST Auto Parts"":25,""Ace Hardware"":25,""Maverik"":25,""Walgreens"":25,""United States Postal Service (USPS)"":25}","{""Verizon Wireless"":25}","{""YouTube TV"":25,""Netflix"":25,""Redbox"":25,""Hulu"":25,""Amazon Prime"":25}","{""Uber Eats"":25}",{},{},"{""Apple Card"":25}"
