,PLACEKEY,SAFEGRAPH_BRAND_IDS,BRANDS,SPEND_DATE_RANGE_START,SPEND_DATE_RANGE_END,RAW_TOTAL_SPEND,RAW_NUM_TRANSACTIONS,RAW_NUM_CUSTOMERS,MEDIAN_SPEND_PER_TRANSACTION,MEDIAN_SPEND_PER_CUSTOMER,SPEND_PER_TRANSACTION_PERCENTILES,SPEND_BY_DAY,SPEND_PER_TRANSACTION_BY_DAY,SPEND_BY_DAY_OF_WEEK,DAY_COUNTS,SPEND_PCT_CHANGE_VS_PREV_MONTH,SPEND_PCT_CHANGE_VS_PREV_YEAR,ONLINE_TRANSACTIONS,ONLINE_SPEND,TRANSACTION_INTERMEDIARY,SPEND_BY_TRANSACTION_INTERMEDIARY,BUCKETED_CUSTOMER_FREQUENCY,MEAN_SPEND_PER_CUSTOMER_BY_FREQUENCY,BUCKETED_CUSTOMER_INCOMES,MEAN_SPEND_PER_CUSTOMER_BY_INCOME,CUSTOMER_HOME_CITY,RELATED_CROSS_SHOPPING_PHYSICAL_BRANDS_PCT,RELATED_CROSS_SHOPPING_ONLINE_MERCHANTS_PCT,RELATED_CROSS_SHOPPING_SAME_CATEGORY_BRANDS_PCT,RELATED_CROSS_SHOPPING_LOCAL_BRANDS_PCT,RELATED_WIRELESS_CARRIER_PCT,RELATED_STREAMING_CABLE_PCT,RELATED_DELIVERY_SERVICE_PCT,RELATED_RIDESHARE_SERVICE_PCT,RELATED_BUYNOWPAYLATER_SERVICE_PCT,RELATED_PAYMENT_PLATFORM_PCT
164666,222-222@5wf-jgt-b6k,SG_BRAND_a0ccd5fb65a3df0d5a340321693f0a16,ConocoPhillips,2022-05-01,2022-06-01,7989.54,282,172,21.63,34.03,"{""25"":7.07,""75"":41.03}","[67.91,43.22,194.14,353.55,146.56,288.11,72.46,282.88,48.04,159.76,158.70,334.47,64.55,140.89,147.95,579.10,107.93,353.00,415.13,143.24,225.39,197.35,391.37,352.83,465.94,298.96,138.69,346.28,391.19,661.80,418.15]","[18.46,21.61,25.82,28.96,7.80,22.58,36.23,30.41,6.67,36.63,27.58,26.19,9.63,22.27,22.99,30.46,33.67,25.19,28.14,41.12,14.55,17.77,13.50,11.10,20.64,10.66,37.58,38.87,30.33,29.35,11.76]","{""Monday"":1723.53,""Tuesday"":1232.81,""Wednesday"":1331.19,""Thursday"":1195.12,""Friday"":634.59,""Saturday"":785.02,""Sunday"":1087.28}","{""Wednesday"":4,""Monday"":5,""Saturday"":4,""Thursday"":4,""Tuesday"":5,""Friday"":4,""Sunday"":5}",209.0,13.0,24,987.01,"{""No intermediary"":282}","{""No intermediary"":7989.54}","{""1"":124,""2"":31,""3"":8,""4"":2,""5-10"":5,"">10"":2}","{""1"":31.72,""2"":68.18,""3"":69.59,""4"":120.01,""5-10"":82.34,"">10"":367.31}","{""<25k"":20,""25-45k"":19,""45-60k"":17,""60-75k"":5,""75-100k"":12,""100-150k"":31,"">150k"":63}","{""<25k"":26.00,""25-45k"":43.56,""45-60k"":34.15,""60-75k"":30.44,""75-100k"":76.13,""100-150k"":55.82,"">150k"":50.02}","{""Peoria, AZ"":6,""Logan, UT"":6,""Erda, UT"":5,""Gardiner, MT"":4,""Cary, NC"":4,""Port Orange, FL"":4,""Poquoson, VA"":3,""Grayling, MT"":3,""Salt Lake City, UT"":3,""Boaz, AL"":3,""Palm Harbor, FL"":3,""Winston Salem, NC"":3,""Radcliff, KY"":3,""Sun City, AZ"":3,""Draper, UT"":3,""Bozeman, MT"":3,""Layton, UT"":3,""Fort Gratiot, MI"":3,""Yuma, AZ"":3,""Bloomingdale, IL"":2,""West Wendover, NV"":2,""Los Angeles, CA"":2,""Arlington, VA"":2,""South Jordan, UT"":2,""Beavercreek, OH"":2,""Alexandria, VA"":2,""North Adams, MA"":2,""Durango, CO"":2,""Island Park, ID"":2,""Rosemead, CA"":2,""Tucson, AZ"":2,""Roy, UT"":2,""Chicago, IL"":2,""Emmaus, PA"":2,""Lincoln City, OR"":2,""Pensacola, FL"":2,""Apple Valley, CA"":2,""Gaithersburg, MD"":2,""Pittsburgh, PA"":2,""Centerville, UT"":2,""Southlake, TX"":2,""Custer, MT"":2,""Hardinsburg, KY"":2,""Morgan, UT"":2,""Brewton, AL"":2,""Gering, NE"":2,""Staunton, VA"":2,""Chagrin Falls, OH"":2,""Fayetteville, NY"":2,""Deltona, FL"":2,""Sturtevant, WI"":2,""Victor, ID"":2,""Ann Arbor, MI"":2,""Bristol, PA"":2,""Darbydale, OH"":2,""Oakland, ME"":2,""Charlotte, NC"":2,""Phoenix, AZ"":2,""Palo Alto, CA"":2,""Folsom, CA"":2,""Belgrade, MT"":2,""Centre Hall, PA"":2,""Alder, MT"":2,""Harrisville, UT"":2,""Champaign, IL"":2,""Jerome, ID"":2,""Ogden, UT"":2,""Pocatello, ID"":2,""Elizaville, IN"":2,""Keller, TX"":2,""Spring, TX"":2,""Portland, OR"":2,""Mexico, NY"":2,""Twin Falls, ID"":2,""Cockeysville, MD"":2,""New York, NY"":2,""Toledo, OH"":2,""Livermore, CA"":2,""Port Angeles, WA"":2,""Seattle, WA"":2,""Coppell, TX"":2,""State College, PA"":2,""Whitehall, PA"":2,""Boise, ID"":2,""Cedar City, UT"":2,""Wisconsin Rapids, WI"":2,""Hope Hull, AL"":2,""Buffalo, NY"":2,""Emigrant, MT"":2,""Mount Airy, MD"":2,""Grand Junction, CO"":2,""Hingham, MA"":2,""Colorado Springs, CO"":2,""Francis, UT"":2,""Berkeley, CA"":2,""Kummer, WA"":2,""Cincinnati, OH"":2,""Eagle Mountain, UT"":2,""Dillsburg, PA"":2,""Pinconning, MI"":2,""Simpsonville, SC"":2,""Brickerville, PA"":2,""Pasadena, CA"":2,""Helena, MT"":2,""West Mclean, VA"":2,""Burley, ID"":2,""Aurora, CO"":2,""Woodland, WA"":2,""Eagle, ID"":2,""Bethesda, MD"":2,""Hattiesburg, MS"":2,""Massillon, OH"":2,""Campbell, CA"":2,""Luther, MT"":2,""Fort Collins, CO"":2,""Idaho Falls, ID"":2,""Fayetteville, MO"":2,""Milwaukee, WI"":2,""Austin, TX"":2,""Albuquerque, NM"":2,""Wake Forest, NC"":2,""Granger, IN"":2}","{""Walmart"":55,""McDonald's"":46,""Exxon Mobil"":38,""Shell Oil"":34,""Chevron"":30,""Maverik"":30,""Costco"":27,""Target"":25,""Wendy's"":25,""Love's Travel Stops and Country Stores"":24,""Taco Bell"":23,""Starbucks"":23,""Verizon Wireless"":21,""The Home Depot"":21,""Subway"":21,""Albertsons"":20,""Chick-fil-A"":20,""Phillips 66"":19,""Lowe's"":18,""Burger King"":18}","{""Amazon"":63,""Apple"":42,""Netflix"":26,""Spotify"":21,""Hulu"":16,""AT&T"":16,""Google"":14,""Comcast"":14,""Amazon Digital Services"":14,""Amazon Marketplace"":13,""Verizon Wireless"":12,""Uber"":12,""Walmart"":12,""Target"":10,""Sirius XM"":10,""Planet Fitness"":9,""Google Storage"":9,""Audible"":9,""Airbnb"":8,""ExxonMobil"":8}","{""Exxon Mobil"":41,""Shell Oil"":34,""Chevron"":30,""Love's Travel Stops and Country Stores"":24,""Phillips 66"":20,""Pilot Flying J"":14,""Holiday Station"":14,""BP"":12,""Speedway"":11,""Marathon"":11,""Stinker Stores"":9,""Sunoco"":9,""Loaf 'N Jug"":7,""Kum & Go"":7,""Kroger Fuel Center"":6,""Murphy USA"":5,""CITGO"":5,""Buc-ee's"":3,""Sheetz"":3,""QuikTrip"":3}","{""Super 8"":2,""United States Postal Service (USPS)"":1}","{""Verizon Wireless"":31,""AT&T"":17,""T-Mobile"":9,""Google Fi"":2,""Straight Talk"":2,""TracFone Wireless"":2,""Disney Mobile"":1,""U.S. Cellular"":1}","{""Netflix"":26,""Hulu"":16,""Disney Plus"":7,""Dish Network"":4,""YouTube TV"":3,""Youtube"":3,""Redbox"":3,""Amazon Prime"":3,""Youtube Premium"":3,""Roku"":2,""HBO Max"":2,""Peacock"":2,""Amazon Prime Video"":2,""Fubo"":1,""Time Warner Cable"":1}","{""Uber Eats"":6,""HelloFresh"":2,""Dashpass"":2,""DoorDash"":1,""Postmates"":1,""Go Puff"":1}","{""Uber"":12,""Lyft"":7}","{""Klarna"":3,""Afterpay"":2,""Zip Company"":1}","{""Apple Card"":5,""PayPal"":2,""Venmo"":2,""Apple Cash"":1}"
165263,226-222@5wf-jgs-q75,,,2022-05-01,2022-06-01,2151.3,76,61,14.0,15.75,"{""25"":10.69,""75"":25.92}","[0.00,0.00,0.00,47.42,0.00,0.00,135.17,18.20,0.00,0.00,14.39,11.98,14.75,0.00,6.75,120.05,167.25,33.45,106.57,62.03,48.05,0.00,0.00,594.00,0.00,105.94,165.95,17.45,10.50,82.67,388.73]","[null,null,null,10.84,null,null,135.17,9.10,null,null,14.39,11.98,14.75,null,6.75,20.85,24.52,13.48,26.61,13.00,48.05,null,null,594.00,null,11.87,17.70,8.73,10.50,41.34,13.48]","{""Monday"":202.72,""Tuesday"":1149.98,""Wednesday"":95.26,""Thursday"":224.49,""Friday"":242.73,""Saturday"":200.67,""Sunday"":35.45}","{""Wednesday"":4,""Monday"":5,""Saturday"":4,""Thursday"":4,""Tuesday"":5,""Friday"":4,""Sunday"":5}",1771.0,48.0,1,21.98,"{""Square"":61,""No intermediary"":15}","{""Square"":1267.20,""No intermediary"":884.10}","{""1"":48,""2"":12,""3"":0,""4"":1,""5-10"":0,"">10"":0}","{""1"":32.67,""2"":44.06,""3"":null,""4"":54.35,""5-10"":null,"">10"":null}","{""<25k"":6,""25-45k"":3,""45-60k"":8,""60-75k"":4,""75-100k"":2,""100-150k"":8,"">150k"":22}","{""<25k"":20.73,""25-45k"":22.15,""45-60k"":26.42,""60-75k"":19.70,""75-100k"":11.22,""100-150k"":96.82,"">150k"":28.26}","{""Meridian, ID"":6,""Boone, NC"":4,""Gainesville, MO"":3,""Estero, FL"":3,""Hickory, NC"":2,""Grayling, MT"":2,""Frisco, TX"":2,""Decatur, GA"":2,""Clover, SC"":2,""Apple Valley, CA"":2,""Montgomery, AL"":2,""Salt Lake City, UT"":2,""Pittsburgh, PA"":2,""Georgetown, MA"":2,""El Paso, TX"":2,""Gainesville, FL"":2,""Katy, TX"":2,""Charlotte, NC"":2,""Louisville, KY"":2,""Champaign, IL"":2,""Cary, NC"":2,""Spiceland, IN"":2,""Las Vegas, NV"":2,""Seattle, WA"":2,""Hollywood, FL"":2,""State College, PA"":2,""Homedale, ID"":2,""Emigrant, MT"":2,""Spokane, WA"":2,""San Mateo, CA"":2,""Hingham, MA"":2,""Chantilly, VA"":2,""Fairless Hills, PA"":2,""Cincinnati, OH"":2,""Nampa, ID"":2,""Rainbow City, AL"":2,""Brickerville, PA"":2,""Pasadena, CA"":2,""Appomattox, VA"":2,""Helena, MT"":2,""Lynchburg, VA"":2,""Fort Collins, CO"":2,""Austin, TX"":2,""Logan, UT"":2}","{""Walmart"":64,""McDonald's"":55,""Target"":40,""Shell Oil"":37,""The Home Depot"":32,""Starbucks"":32,""ConocoPhillips"":32,""Exxon Mobil"":30,""Albertsons"":28,""Pilot Flying J"":27,""Wendy's"":25,""Chick-fil-A"":25,""Walgreens"":25,""CVS"":25,""Taco Bell"":22,""Speedway"":22,""Maverik"":22,""Chevron"":20,""Costco"":20,""Subway"":20}","{""Amazon"":66,""Apple"":45,""Spotify"":27,""AT&T"":20,""Comcast"":20,""Verizon Wireless"":19,""Netflix"":19,""Target"":15,""Uber"":15,""Amazon Digital Services"":15,""Amazon Marketplace"":15,""Sirius XM"":12,""Chewy"":10,""Hulu"":10,""Google Storage"":10,""Fandango"":9,""Planet Fitness"":7,""Google"":7,""Fabletics"":7,""Uber Eats"":7}","{""McDonald's"":55,""Starbucks"":35,""Wendy's"":25,""Chick-fil-A"":25,""Taco Bell"":22,""Subway"":20,""Dairy Queen"":19,""Dunkin'"":19,""Panda Express"":17,""Arby's"":17,""Burger King"":15,""Sonic"":12,""Little Caesars"":10,""Domino's Pizza"":10,""Jimmy John's"":9,""Chipotle Mexican Grill"":9,""Five Guys"":9,""KFC"":7,""Popeyes Louisiana Kitchen"":7,""Zaxby's"":7}","{""ConocoPhillips"":19,""Super 8"":7,""United States Postal Service (USPS)"":2,""Travelodge"":2}","{""Verizon Wireless"":25,""AT&T"":20,""T-Mobile"":4,""Google Fi"":2,""Cricket Wireless"":2,""Straight Talk"":2,""MetroPCS"":2}","{""Netflix"":19,""Hulu"":10,""Sling TV"":4,""Youtube"":4,""Dish Network"":4,""Disney Plus"":4,""Roku"":2,""YouTube TV"":2,""Amazon Prime"":2,""Youtube Premium"":2}","{""Uber Eats"":7,""Instacart"":2,""Postmates"":2}","{""Uber"":15,""Lyft"":4}","{""Afterpay"":5}","{""Apple Card"":5,""Venmo"":2,""Cash App"":2}"
165798,zzw-222@5wf-jgs-vvf,,,2022-05-01,2022-06-01,412.5,5,2,62.5,206.25,"{""25"":42.50,""75"":132.50}","[0.00,0.00,0.00,0.00,0.00,0.00,0.00,0.00,0.00,62.50,0.00,0.00,0.00,0.00,0.00,0.00,62.50,0.00,0.00,0.00,0.00,0.00,42.50,0.00,0.00,0.00,202.50,0.00,42.50,0.00,0.00]","[null,null,null,null,null,null,null,null,null,62.50,null,null,null,null,null,null,62.50,null,null,null,null,null,42.50,null,null,null,202.50,null,42.50,null,null]","{""Monday"":42.50,""Tuesday"":125.00,""Wednesday"":0.00,""Thursday"":0.00,""Friday"":202.50,""Saturday"":0.00,""Sunday"":42.50}","{""Wednesday"":4,""Monday"":5,""Saturday"":4,""Thursday"":4,""Tuesday"":5,""Friday"":4,""Sunday"":5}",6775.0,-48.0,0,0.0,"{""No intermediary"":5}","{""No intermediary"":412.50}","{""1"":0,""2"":1,""3"":1,""4"":0,""5-10"":0,"">10"":0}","{""1"":null,""2"":265.00,""3"":147.50,""4"":null,""5-10"":null,"">10"":null}","{""25-45k"":2,"">150k"":2}","{""25-45k"":147.50,"">150k"":265.00}","{""Milwaukee, WI"":2,""Sturtevant, WI"":2}","{""Albertsons"":100,""ConocoPhillips"":100,""United States Postal Service (USPS)"":100,""Advance Auto Parts"":50,""Verizon Wireless"":50,""Kwik Trip"":50,""BP"":50,""The Home Depot"":50,""CARQUEST Auto Parts"":50,""Holiday Station"":50,""Ford Motor Company"":50,""Road Ranger"":50,""Love's Travel Stops and Country Stores"":50,""Panera Bread"":50,""CENEX"":50,""Pilot Flying J"":50,""Culver's"":50,""Burger King"":50,""Kum & Go"":50,""Spectrum"":50}","{""Google Storage"":100,""Target"":50,""Verizon Wireless"":50,""Amazon"":50,""Lowe's"":50,""Peloton Cycles"":50,""The Home Depot"":50,""Ring"":50,""Google Play"":50,""Courtesy"":50,""Klarna"":50,""Google"":50,""Netflix"":50,""Sony Playstation Networks"":50,""U-Haul"":50,""Youtube Premium"":50}",{},"{""ConocoPhillips"":100}","{""Verizon Wireless"":100}","{""Netflix"":50,""Youtube Premium"":50}",{},{},"{""Klarna"":50}",{}
166009,22k-222@5wf-jgs-pvz,,,2022-05-01,2022-06-01,918.75,6,6,135.88,135.88,"{""25"":11.50,""75"":312.00}","[0.00,0.00,0.00,0.00,0.00,0.00,0.00,0.00,0.00,0.00,0.00,0.00,0.00,0.00,0.00,34.75,0.00,0.00,0.00,0.00,0.00,0.00,0.00,0.00,884.00,0.00,0.00,0.00,0.00,0.00,0.00]","[null,null,null,null,null,null,null,null,null,null,null,null,null,null,null,11.50,null,null,null,null,null,null,null,null,312.00,null,null,null,null,null,null]","{""Monday"":34.75,""Tuesday"":0.00,""Wednesday"":884.00,""Thursday"":0.00,""Friday"":0.00,""Saturday"":0.00,""Sunday"":0.00}","{""Wednesday"":4,""Monday"":5,""Saturday"":4,""Thursday"":4,""Tuesday"":5,""Friday"":4,""Sunday"":5}",744.0,,1,260.0,"{""Square"":6}","{""Square"":918.75}","{""1"":6,""2"":0,""3"":0,""4"":0,""5-10"":0,"">10"":0}","{""1"":153.13,""2"":null,""3"":null,""4"":null,""5-10"":null,"">10"":null}","{""<25k"":2,""45-60k"":2,"">150k"":4}","{""<25k"":11.75,""45-60k"":11.50,"">150k"":294.67}","{""Austin, TX"":3,""Morgantown, WV"":2,""Bridgeville, PA"":2,""Santa Rosa, CA"":2}","{""McDonald's"":67,""Walmart"":50,""Cabela's"":50,""Target"":50,""Taco Bell"":50,""KFC"":50,""The Home Depot"":50,""Arby's"":50,""Petco"":34,""Sonic"":34,""ULTA Beauty"":34,""Sprouts Farmers Market"":34,""Great Clips"":34,""Hyatt Hotels & Resorts"":34,""TCBY"":34,""Baskin Robbins"":34,""Popeyes Louisiana Kitchen"":34,""Wingstop"":34,""Dollar General"":34,""Starbucks"":34}","{""Apple"":67,""Etsy"":50,""Lyft"":50,""Netflix"":50,""Spotify"":50,""Target"":34,""Amazon"":34,""YouTube TV"":34,""Discord"":34,""Hulu"":34,""Amazon Digital Services"":34,""AT&T"":34,""Amazon Marketplace"":34,""Airbnb"":17,""Whole Foods Market"":17,""Bridgecrest.com"":17,""Tim Hortons"":17,""Qapital"":17,""Phillips 66"":17,""Xbox"":17}","{""24 Hour Fitness"":34}",{},"{""AT&T"":50,""Verizon Wireless"":17}","{""Netflix"":50,""YouTube TV"":34,""Hulu"":34,""Disney Plus"":34}",{},"{""Lyft"":50}",{},{}
166135,zzw-222@5wf-hrs-4vz,SG_BRAND_a57232142367eb326bf60ca1d7660233,Sinclair Oil,2022-05-01,2022-06-01,72.33,2,2,36.17,36.17,"{""25"":8.28,""75"":64.05}","[0.00,0.00,0.00,0.00,0.00,0.00,0.00,0.00,0.00,0.00,0.00,0.00,0.00,0.00,0.00,0.00,0.00,0.00,0.00,0.00,0.00,0.00,0.00,0.00,0.00,0.00,0.00,0.00,64.05,8.28,0.00]","[null,null,null,null,null,null,null,null,null,null,null,null,null,null,null,null,null,null,null,null,null,null,null,null,null,null,null,null,64.05,8.28,null]","{""Monday"":8.28,""Tuesday"":0.00,""Wednesday"":0.00,""Thursday"":0.00,""Friday"":0.00,""Saturday"":0.00,""Sunday"":64.05}","{""Wednesday"":4,""Monday"":5,""Saturday"":4,""Thursday"":4,""Tuesday"":5,""Friday"":4,""Sunday"":5}",,,0,0.0,"{""No intermediary"":2}","{""No intermediary"":72.33}","{""1"":2,""2"":0,""3"":0,""4"":0,""5-10"":0,"">10"":0}","{""1"":36.17,""2"":null,""3"":null,""4"":null,""5-10"":null,"">10"":null}","{""100-150k"":2,"">150k"":2}","{""100-150k"":8.28,"">150k"":64.05}","{""Layton, UT"":2}","{""Chevron"":100,""IHOP"":50,""Sonic"":50,""Walmart"":50,""Little Caesars"":50,""Lowe's"":50,""WinCo Foods"":50,""The Home Depot"":50,""Speedway"":50,""Apple Retail Store"":50,""PetSmart"":50,""7-Eleven"":50,""Starbucks"":50,""Smith's Food & Drug Stores"":50,""Maverik"":50,""Chick-fil-A"":50,""Redbox"":50,""Walgreens"":50,""LabCorp"":50,""Scooter’s Coffee and Yogurt"":50}","{""Comcast"":100,""Target"":50,""Amazon"":50,""Apple"":50,""Apple Card"":50,""Netflix"":50,""eBay"":50,""Maverik"":50,""Hulu"":50,""Noodles & Company"":50,""McDonald's"":50,""Xbox"":50,""T-Mobile"":50}","{""Chevron"":100,""Speedway"":50}",{},"{""T-Mobile"":50}","{""Hulu"":50,""Netflix"":50,""Redbox"":50}",{},{},{},"{""Apple Card"":50,""Apple Cash"":50}"
166291,222-222@5wf-jgs-y5f,,,2022-05-01,2022-06-01,3617.54,41,40,80.6,84.66,"{""25"":44.63,""75"":121.42}","[0.00,0.00,23.72,128.16,115.68,184.42,0.00,123.32,54.91,51.68,84.36,60.88,20.00,0.00,94.50,264.56,232.18,0.00,249.70,286.10,0.00,156.52,512.95,32.00,175.52,140.08,0.00,39.32,115.68,156.00,315.30]","[null,null,23.72,128.16,115.68,92.21,null,123.32,54.91,51.68,42.18,60.88,20.00,null,94.50,66.14,88.72,null,124.85,143.05,null,156.52,161.00,32.00,75.36,70.04,null,39.32,115.68,156.00,74.00]","{""Monday"":988.42,""Tuesday"":654.88,""Wednesday"":388.04,""Thursday"":566.34,""Friday"":490.52,""Saturday"":39.32,""Sunday"":490.02}","{""Wednesday"":4,""Monday"":5,""Saturday"":4,""Thursday"":4,""Tuesday"":5,""Friday"":4,""Sunday"":5}",,-7.0,1,47.42,"{""No intermediary"":41}","{""No intermediary"":3617.54}","{""1"":39,""2"":1,""3"":0,""4"":0,""5-10"":0,"">10"":0}","{""1"":88.86,""2"":151.88,""3"":null,""4"":null,""5-10"":null,"">10"":null}","{""<25k"":2,""25-45k"":9,""45-60k"":2,""75-100k"":3,""100-150k"":8,"">150k"":8}","{""<25k"":76.17,""25-45k"":67.89,""45-60k"":124.78,""75-100k"":125.94,""100-150k"":96.79,"">150k"":93.75}","{""Massillon, OH"":5,""Farmville, VA"":4,""San Francisco, CA"":3,""Poquoson, VA"":2,""Saint George, UT"":2,""Bloomington, IN"":2,""Alexandria, VA"":2,""Redmond, WA"":2,""Gaithersburg, MD"":2,""Morgan, UT"":2,""Lakewood, OH"":2,""Chagrin Falls, OH"":2,""Deltona, FL"":2,""Ogden, UT"":2,""Keller, TX"":2,""Emigrant, MT"":2,""Lexington, KY"":2,""Francis, UT"":2,""Navesink, NJ"":2,""Draper, UT"":2,""Berkeley, CA"":2,""San Antonio, TX"":2,""Billings, MT"":2,""Helena, MT"":2,""Brambleton, VA"":2,""Hillsboro, VA"":2,""Clemson, SC"":2,""Tallahassee, FL"":2,""Huntersville, NC"":2,""Atlanta, GA"":2,""Peoria, AZ"":2,""Albuquerque, NM"":2,""Granger, IN"":2}","{""ConocoPhillips"":45,""Walmart"":43,""Exxon Mobil"":40,""Target"":35,""Lowe's"":33,""Chick-fil-A"":30,""McDonald's"":30,""Subway"":28,""Starbucks"":25,""Apple Retail Store"":23,""Verizon Wireless"":20,""Chevron"":20,""The Home Depot"":20,""Love's Travel Stops and Country Stores"":20,""Maverik"":20,""Walgreens"":20,""CVS"":20,""Shell Oil"":20,""Publix Super Markets"":18,""Taco Bell"":15}","{""Amazon"":58,""Apple"":50,""AT&T"":30,""Netflix"":25,""Spotify"":25,""Hulu"":23,""Comcast"":20,""Verizon Wireless"":15,""Uber"":15,""Sirius XM"":13,""Amazon Kindle"":13,""Amazon Digital Services"":10,""Etsy"":8,""Target"":8,""ConocoPhillips"":8,""Instacart"":8,""E-ZPass"":8,""Audible"":8,""New York Times"":8,""Cinemark Theatres"":8}","{""Chick-fil-A"":30,""McDonald's"":30,""Subway"":28,""Starbucks"":25,""Taco Bell"":15,""Wendy's"":15,""Dunkin'"":15,""Burger King"":13,""Little Caesars"":10,""Chipotle Mexican Grill"":10,""Panera Bread"":10,""Cold Stone Creamery"":10,""Arby's"":10,""Domino's Pizza"":8,""KFC"":8,""Red Robin Gourmet Burgers"":8,""Five Guys"":8,""Dairy Queen"":8,""IHOP"":5,""Mellow Mushroom"":5}","{""ConocoPhillips"":33,""United States Postal Service (USPS)"":3,""Super 8"":3,""Travelodge"":3}","{""AT&T"":35,""Verizon Wireless"":33,""T-Mobile"":8,""Sprint"":3}","{""Netflix"":25,""Hulu"":23,""Disney Plus"":13,""Sling TV"":3,""HBO Max"":3,""Funimation"":3,""Dish Network"":3,""DirecTV"":3}","{""Instacart"":8,""HelloFresh"":5,""DoorDash"":3,""Dashpass"":3,""Uber Eats"":3}","{""Uber"":15,""Lyft"":5}","{""Afterpay"":5,""Klarna"":3}","{""Apple Card"":3}"
166698,22p-222@5wf-jgv-mzf,SG_BRAND_6437599b41150ccc0b9c63702c5f7ba7,Travelodge,2022-06-01,2022-07-01,825.53,2,2,412.77,412.77,"{""25"":242.91,""75"":582.62}","[0.00,0.00,0.00,0.00,0.00,0.00,242.91,0.00,582.62,0.00,0.00,0.00,0.00,0.00,0.00,0.00,0.00,0.00,0.00,0.00,0.00,0.00,0.00,0.00,0.00,0.00,0.00,0.00,0.00,0.00]","[null,null,null,null,null,null,242.91,null,582.62,null,null,null,null,null,null,null,null,null,null,null,null,null,null,null,null,null,null,null,null,null]","{""Monday"":0.00,""Tuesday"":242.91,""Wednesday"":0.00,""Thursday"":582.62,""Friday"":0.00,""Saturday"":0.00,""Sunday"":0.00}","{""Wednesday"":5,""Monday"":4,""Saturday"":4,""Thursday"":5,""Tuesday"":4,""Friday"":4,""Sunday"":4}",-1.0,-94.0,0,0.0,"{""No intermediary"":2}","{""No intermediary"":825.53}","{""1"":2,""2"":0,""3"":0,""4"":0,""5-10"":0,"">10"":0}","{""1"":412.77,""2"":null,""3"":null,""4"":null,""5-10"":null,"">10"":null}","{""60-75k"":2,""100-150k"":2}","{""60-75k"":242.91,""100-150k"":582.62}","{""Spicer, MN"":2,""Georgetown, KY"":2}","{""Starbucks"":100,""ConocoPhillips"":100,""CENEX"":100,""Culver's"":100,""Menard's"":100,""McDonald's"":100,""Phillips 66"":100,""Exxon Mobil"":100,""Walmart"":50,""Francesca's"":50,""Ramada"":50,""Target"":50,""Chipotle Mexican Grill"":50,""Kwik Trip"":50,""Casey's General Stores"":50,""Great Clips"":50,""Bruster's Ice Cream"":50,""ALDI"":50,""Loaf 'N Jug"":50,""maurices"":50}","{""Amazon"":100,""Apple"":100,""Walmart"":50,""Chipotle Mexican Grill"":50,""Planet Fitness"":50,""Chewy"":50,""KFC"":50,""Netflix"":50,""Zappos"":50,""Chick-fil-A"":50,""Burger King"":50,""AT&T"":50,""Pizza Hut"":50,""Amazon Prime Video"":50}","{""Ramada"":50}","{""ConocoPhillips"":100}","{""AT&T"":50}","{""Amazon Prime Video"":50,""Netflix"":50}",{},{},{},{}
167155,223-222@5wf-jgs-t9z,,,2022-06-01,2022-07-01,10211.98,226,91,27.94,45.32,"{""25"":13.29,""75"":56.25}","[249.26,353.72,619.30,371.65,227.26,409.54,603.12,194.45,351.92,361.01,231.73,283.87,3579.50,387.27,98.72,284.40,195.23,196.34,39.91,70.04,23.36,103.05,165.52,67.19,174.82,195.56,42.70,55.95,262.22,13.37]","[27.62,14.24,26.75,17.99,20.90,43.55,31.49,97.23,20.12,25.76,16.56,26.97,60.41,38.02,30.95,80.53,27.49,41.25,19.96,19.37,11.68,51.52,26.16,11.18,51.83,59.93,42.70,13.29,32.30,13.37]","{""Monday"":4101.78,""Tuesday"":1069.70,""Wednesday"":907.70,""Thursday"":1168.93,""Friday"":1242.73,""Saturday"":974.54,""Sunday"":746.60}","{""Wednesday"":5,""Monday"":4,""Saturday"":4,""Thursday"":5,""Tuesday"":4,""Friday"":4,""Sunday"":4}",-14.0,-24.0,1,30.39,"{""No intermediary"":226}","{""No intermediary"":10211.98}","{""1"":54,""2"":13,""3"":6,""4"":5,""5-10"":9,"">10"":4}","{""1"":33.10,""2"":162.79,""3"":92.42,""4"":269.18,""5-10"":313.41,"">10"":396.74}","{""<25k"":9,""25-45k"":13,""45-60k"":3,""60-75k"":2,""75-100k"":7,""100-150k"":24,"">150k"":35}","{""<25k"":185.49,""25-45k"":140.72,""45-60k"":61.85,""60-75k"":77.68,""75-100k"":40.91,""100-150k"":159.84,"">150k"":88.57}","{""Gardiner, MT"":10,""Emigrant, MT"":6,""Austin, TX"":6,""Ponte Vedra, FL"":4,""Saginaw, TX"":3,""Salt Lake City, UT"":3,""Omaha, NE"":3,""Rosenberg, TX"":3,""Apex, NC"":3,""Washington, DC"":3,""Helena, MT"":3,""Aptakisic, IL"":2,""West Wendover, NV"":2,""Saint George, UT"":2,""South Jordan, UT"":2,""Bloomington, IN"":2,""Grayling, MT"":2,""Aquilla, OH"":2,""Conifer, CO"":2,""Hickory Hills, IL"":2,""Orangevale, CA"":2,""Troy, MI"":2,""Chicago, IL"":2,""Amelia, OH"":2,""Kent, OH"":2,""Clemmons, NC"":2,""Carlisle, IA"":2,""Murfreesboro, TN"":2,""Gotha, FL"":2,""Pennsburg, PA"":2,""Chandler, AZ"":2,""Thorndale, PA"":2,""Carol Stream, IL"":2,""Marietta, PA"":2,""Mckinney, TX"":2,""North Olmsted, OH"":2,""San Ramon, CA"":2,""Ogden, UT"":2,""Pocatello, ID"":2,""Sarasota, FL"":2,""Morgantown, WV"":2,""Strongsville, OH"":2,""Greenwood, SC"":2,""Dayton, TN"":2,""Broken Arrow, OK"":2,""Bolivia, NC"":2,""Midvale, UT"":2,""Ashland, OR"":2,""Lexington, KY"":2,""Orlando, FL"":2,""Spicer, MN"":2,""Monument, CO"":2,""Southbury, CT"":2,""Greensboro, GA"":2,""Almy, WY"":2,""Lake Saint Louis, MO"":2,""Billings, MT"":2,""Indianapolis, IN"":2,""Aurora, CO"":2,""Orem, UT"":2,""Atlanta, GA"":2,""Fort Collins, CO"":2,""Hayden, CO"":2,""Logan, UT"":2}","{""ConocoPhillips"":58,""McDonald's"":51,""Walmart"":50,""Albertsons"":33,""Exxon Mobil"":33,""Target"":31,""Costco"":30,""Starbucks"":28,""Walgreens"":26,""Shell Oil"":25,""Chevron"":22,""Lowe's"":22,""7-Eleven"":22,""Maverik"":22,""Subway"":22,""Wendy's"":21,""CVS"":20,""The Home Depot"":19,""Ace Hardware"":19,""Smith's Food & Drug Stores"":19}","{""Amazon"":55,""Apple"":42,""Netflix"":25,""Spotify"":21,""Walmart"":20,""Amazon Digital Services"":19,""AT&T"":18,""Target"":15,""Amazon Marketplace"":13,""Google"":11,""Etsy"":10,""Hulu"":10,""YouTube TV"":9,""Audible"":9,""Comcast"":9,""Sirius XM"":8,""Verizon Wireless"":7,""Uber"":7,""Airbnb"":7,""The Home Depot"":7}","{""Albertsons"":33,""7-Eleven"":22,""Smith's Food & Drug Stores"":19,""Circle K"":15,""Safeway"":8,""Publix Super Markets"":8,""Trader Joe's"":7,""Casey's General Stores"":7,""WinCo Foods"":7,""GetGo"":6,""Giant Eagle"":5,""ALDI"":5,""Harmons"":5,""Kwik Trip"":4,""Sprouts Farmers Market"":4,""Fred Meyer"":4,""Wawa"":4,""Whole Foods Market"":4,""H-E-B"":4,""Food Lion"":4}","{""ConocoPhillips"":29,""Super 8"":4,""United States Postal Service (USPS)"":4,""Travelodge"":2,""Sinclair Oil"":2}","{""AT&T"":20,""Verizon Wireless"":19,""T-Mobile"":8,""Sprint"":4,""Disney Mobile"":2,""Straight Talk"":2}","{""Netflix"":25,""Hulu"":10,""Disney Plus"":10,""YouTube TV"":9,""Roku"":4,""Dish Network"":4,""Redbox"":4,""Sling TV"":3,""Youtube"":3,""Vudu"":3,""Amazon Prime Video"":3,""HBO Max"":2,""Funimation"":2,""Crunchyroll"":2,""Time Warner Cable"":2,""Youtube Premium"":2}","{""Instacart"":5,""Uber Eats"":5,""Postmates"":3,""Dashpass"":3,""DoorDash"":2,""HelloFresh"":2}","{""Uber"":7,""Lyft"":5}","{""Klarna"":5,""Affirm.com"":3}","{""Apple Card"":6,""PayPal"":3,""Apple Cash"":3,""Venmo"":2}"
167370,222-222@5wf-jgt-b6k,SG_BRAND_a0ccd5fb65a3df0d5a340321693f0a16,ConocoPhillips,2022-06-01,2022-07-01,6542.61,235,157,17.88,30.71,"{""25"":5.79,""75"":40.31}","[105.80,498.19,486.21,442.92,376.80,659.87,398.58,674.54,279.24,360.67,458.51,237.82,662.02,185.14,35.86,0.00,89.31,0.00,5.68,3.98,46.50,23.84,0.00,76.82,26.50,110.36,19.44,21.35,22.22,234.44]","[50.65,40.31,44.84,11.45,35.95,19.25,27.28,22.67,21.48,9.98,22.76,28.19,23.10,25.28,35.86,null,11.16,null,5.68,3.98,5.34,2.55,null,9.21,11.35,33.52,3.89,10.68,4.69,234.44]","{""Monday"":1345.31,""Tuesday"":651.57,""Wednesday"":862.26,""Thursday"":1011.87,""Friday"":1013.01,""Saturday"":927.93,""Sunday"":730.66}","{""Wednesday"":5,""Monday"":4,""Saturday"":4,""Thursday"":5,""Tuesday"":4,""Friday"":4,""Sunday"":4}",-18.0,-36.0,22,785.39,"{""No intermediary"":235}","{""No intermediary"":6542.61}","{""1"":120,""2"":22,""3"":10,""4"":1,""5-10"":3,"">10"":1}","{""1"":32.41,""2"":53.16,""3"":95.96,""4"":105.90,""5-10"":103.17,"">10"":108.36}","{""<25k"":15,""25-45k"":20,""45-60k"":11,""60-75k"":10,""75-100k"":12,""100-150k"":32,"">150k"":47}","{""<25k"":40.98,""25-45k"":30.66,""45-60k"":29.14,""60-75k"":26.73,""75-100k"":47.78,""100-150k"":43.70,"">150k"":49.44}","{""Emigrant, MT"":6,""Wichita Falls, TX"":6,""Ballston Spa, NY"":4,""Grayling, MT"":3,""Twin Falls, ID"":3,""Blakely, PA"":3,""Renton, WA"":2,""Saint Paul, MN"":2,""West Wendover, NV"":2,""Saint George, UT"":2,""Batesville, IN"":2,""South Jordan, UT"":2,""Corinth, TX"":2,""San Diego, CA"":2,""Ponte Vedra, FL"":2,""Brigham City, UT"":2,""Aquilla, OH"":2,""Greenfield, IA"":2,""Roy, UT"":2,""Conifer, CO"":2,""Shoreline, WA"":2,""Enola, NE"":2,""Troy, MI"":2,""Eagleville, OH"":2,""Taylorsville, UT"":2,""Tyler, TX"":2,""Amelia, OH"":2,""Salt Lake City, UT"":2,""Clemmons, NC"":2,""Stuart, FL"":2,""North Salt Lake, UT"":2,""Pittsburgh, PA"":2,""Carlisle, IA"":2,""Montreat, NC"":2,""Vernal, UT"":2,""Ocala, FL"":2,""Ashland, KY"":2,""Fayetteville, NY"":2,""Victor, ID"":2,""Birmingham, AL"":2,""Richardson, TX"":2,""Queen Creek, AZ"":2,""Rockwall, TX"":2,""Gold Canyon, AZ"":2,""Fuquay Varina, NC"":2,""Dayton, OH"":2,""Madison, WI"":2,""Poulsbo, WA"":2,""Phoenix, AZ"":2,""Dunkirk, MD"":2,""Meridian, ID"":2,""West Liberty, IA"":2,""Cody, WY"":2,""Germantown, MD"":2,""Overland Park, KS"":2,""Jerome, ID"":2,""Ogden, UT"":2,""Clovis, NM"":2,""Georgetown, KY"":2,""Clearfield, UT"":2,""Princeton, NJ"":2,""Nitro, WV"":2,""Gardiner, MT"":2,""Brady, TX"":2,""Greenwood, SC"":2,""Denver, CO"":2,""Miami, FL"":2,""Broomfield, CO"":2,""Broken Arrow, OK"":2,""Newark, OH"":2,""Eden, WY"":2,""Boise, ID"":2,""La Crosse, WI"":2,""Cedar City, UT"":2,""Fayetteville, NC"":2,""Buffalo, NY"":2,""Bolivia, NC"":2,""Johnson City, NY"":2,""De Soto, IA"":2,""Spicer, MN"":2,""Colorado Springs, CO"":2,""Lakeville, MN"":2,""Thousand Oaks, CA"":2,""Chubbuck, ID"":2,""Greensboro, GA"":2,""Dickinson, ND"":2,""Waterloo, IA"":2,""Erda, UT"":2,""Bozeman, MT"":2,""Cincinnati, OH"":2,""Dupont, WA"":2,""San Antonio, TX"":2,""Fernald, IA"":2,""Washington, DC"":2,""Billings, MT"":2,""Fe Warren Afb, WY"":2,""Dallas, TX"":2,""Helena, MT"":2,""Irondale, WA"":2,""Glasgow, MT"":2,""Deland, FL"":2,""Orem, UT"":2,""Scottsdale, AZ"":2,""Hoover, AL"":2,""Newbury Park, CA"":2,""Hattiesburg, MS"":2,""Fort Collins, CO"":2,""Fairfax, VA"":2,""Hayden, CO"":2,""Austin, TX"":2,""Charlestown, IN"":2,""Tunkhannock, PA"":2,""Shawsville, MD"":2,""Logan, UT"":2}","{""Walmart"":63,""Exxon Mobil"":53,""McDonald's"":48,""Target"":38,""Shell Oil"":30,""Albertsons"":29,""Maverik"":27,""Starbucks"":27,""Costco"":24,""Chick-fil-A"":24,""Holiday Station"":23,""Phillips 66"":23,""Chevron"":22,""The Home Depot"":22,""Pilot Flying J"":22,""Lowe's"":20,""Love's Travel Stops and Country Stores"":20,""Taco Bell"":20,""Walgreens"":20,""CVS"":19}","{""Amazon"":55,""Apple"":43,""Netflix"":34,""Spotify"":22,""Amazon Marketplace"":16,""Amazon Digital Services"":15,""Google"":13,""Verizon Wireless"":13,""AT&T"":13,""Sirius XM"":12,""Hulu"":11,""Audible"":11,""Walmart"":10,""Target"":10,""Comcast"":10,""Planet Fitness"":9,""YouTube TV"":8,""eBay"":8,""Google Storage"":8,""Airbnb"":7}","{""Exxon Mobil"":53,""Shell Oil"":30,""Phillips 66"":25,""Chevron"":23,""Holiday Station"":23,""Pilot Flying J"":22,""Love's Travel Stops and Country Stores"":20,""BP"":12,""Speedway"":11,""Kroger Fuel Center"":10,""Marathon"":9,""Kum & Go"":8,""Murphy USA"":8,""Sunoco"":7,""Loaf 'N Jug"":6,""Yesway Convenience"":5,""Sheetz"":4,""Texaco"":4,""ARCO"":4,""QuikTrip"":4}","{""United States Postal Service (USPS)"":2,""Travelodge"":2,""Super 8"":1}","{""Verizon Wireless"":26,""AT&T"":15,""T-Mobile"":9,""Disney Mobile"":2,""Straight Talk"":2,""MetroPCS"":2,""U.S. Cellular"":1,""Sprint"":1}","{""Netflix"":34,""Disney Plus"":16,""Hulu"":11,""YouTube TV"":8,""HBO Max"":6,""Dish Network"":5,""Youtube"":4,""Amazon Prime Video"":4,""Peacock"":3,""Youtube Premium"":2,""Sling TV"":2,""Roku"":2,""Vudu"":2,""Crunchyroll"":2,""Amazon Prime"":2,""Redbox"":1,""Starz"":1}","{""Instacart"":4,""Dashpass"":4,""DoorDash"":3,""HelloFresh"":2,""Postmates"":2,""Uber Eats"":2,""Shipt"":1}","{""Lyft"":5,""Uber"":4}","{""Affirm.com"":6,""Klarna"":6,""Progressive Leasing"":3,""Zip Company"":2,""Afterpay"":2}","{""Apple Card"":5,""PayPal"":2,""Venmo"":1}"
167386,zzw-224@5wf-jgs-q75,,,2022-06-01,2022-07-01,1649.5,27,23,60.46,64.66,"{""25"":37.42,""75"":80.03}","[73.78,37.42,0.00,0.00,159.39,218.08,0.00,269.48,0.00,51.06,192.43,259.51,339.74,48.61,0.00,0.00,0.00,0.00,0.00,0.00,0.00,0.00,0.00,0.00,0.00,0.00,0.00,0.00,0.00,0.00]","[36.89,37.42,null,null,79.70,87.76,null,69.10,null,51.06,63.94,64.66,60.46,48.61,null,null,null,null,null,null,null,null,null,null,null,null,null,null,null,null]","{""Monday"":557.82,""Tuesday"":48.61,""Wednesday"":343.26,""Thursday"":37.42,""Friday"":51.06,""Saturday"":192.43,""Sunday"":418.90}","{""Wednesday"":5,""Monday"":4,""Saturday"":4,""Thursday"":5,""Tuesday"":4,""Friday"":4,""Sunday"":4}",136.0,-40.0,0,0.0,"{""No intermediary"":27}","{""No intermediary"":1649.50}","{""1"":19,""2"":4,""3"":0,""4"":0,""5-10"":0,"">10"":0}","{""1"":65.14,""2"":102.95,""3"":null,""4"":null,""5-10"":null,"">10"":null}","{""<25k"":2,""25-45k"":2,""45-60k"":2,""60-75k"":2,""75-100k"":2,""100-150k"":6,"">150k"":8}","{""<25k"":52.77,""25-45k"":75.42,""45-60k"":72.05,""60-75k"":161.90,""75-100k"":120.92,""100-150k"":61.17,"">150k"":67.79}","{""Bozeman, MT"":6,""Bloomington, IN"":3,""Emigrant, MT"":3,""South Jordan, UT"":2,""Troy, MI"":2,""Tyler, TX"":2,""Murfreesboro, TN"":2,""Gotha, FL"":2,""Highlands Ranch, CO"":2,""Cypress, TX"":2,""Omaha, NE"":2,""Franklin, TN"":2,""Killeen, TX"":2,""Southbury, CT"":2,""Mcchord Afb, WA"":2,""Torrance, CA"":2,""New Albany, IN"":2,""Saint Michael, MN"":2,""Spencer, MA"":2,""Springfield, MO"":2}","{""Walmart"":79,""Exxon Mobil"":48,""ConocoPhillips"":44,""McDonald's"":44,""Shell Oil"":44,""Chick-fil-A"":35,""Target"":31,""Albertsons"":31,""The Home Depot"":31,""CVS"":31,""Verizon Wireless"":27,""Kroger"":27,""Lowe's"":27,""Starbucks"":27,""Maverik"":27,""Walgreens"":27,""Phillips 66"":27,""Sonic"":22,""Wendy's"":22,""Ace Hardware"":22}","{""Amazon"":66,""Apple"":57,""Netflix"":53,""Amazon Marketplace"":35,""AT&T"":31,""Walmart"":22,""Amazon Digital Services"":22,""Target"":18,""Comcast"":18,""Etsy"":14,""ADT Security Services"":14,""Chipotle Mexican Grill"":14,""Uber"":14,""YouTube TV"":14,""Sirius XM"":14,""The Home Depot"":14,""Hulu"":14,""Time Warner Cable"":14,""Audible"":14,""Cinemark Theatres"":14}","{""McDonald's"":44,""Chick-fil-A"":35,""Starbucks"":31,""Sonic"":22,""Wendy's"":22,""Chipotle Mexican Grill"":18,""Domino's Pizza"":18,""Taco Bell"":18,""Dairy Queen"":18,""Culver's"":18,""Cracker Barrel"":18,""Arby's"":18,""Jimmy John's"":14,""Burger King"":14,""Subway"":14,""Dunkin'"":14,""Marco's Pizza"":9,""Olive Garden"":9,""Einstein Brothers"":9,""KFC"":9}","{""ConocoPhillips"":18,""Super 8"":9}","{""Verizon Wireless"":35,""AT&T"":35,""T-Mobile"":18,""Disney Mobile"":5,""Straight Talk"":5}","{""Netflix"":53,""YouTube TV"":14,""Hulu"":14,""Time Warner Cable"":14,""Disney Plus"":14,""Youtube Premium"":14,""Youtube"":9,""Sling TV"":5,""HBO Max"":5,""Fubo"":5,""Dish Network"":5,""Vudu"":5}","{""Dashpass"":5,""DoorDash"":5}","{""Uber"":14}",{},"{""PayPal"":5}"
167416,222-222@5wf-jgs-whq,SG_BRAND_43bdfa786f5809e475a7382797eae3fd,Super 8,2022-06-01,2022-07-01,3723.16,11,10,242.83,270.26,"{""25"":224.59,""75"":505.76}","[224.59,748.59,0.00,0.00,977.92,188.48,0.00,0.00,0.00,820.24,0.00,297.68,0.00,465.66,0.00,0.00,0.00,0.00,0.00,0.00,0.00,0.00,0.00,0.00,0.00,0.00,0.00,0.00,0.00,0.00]","[224.59,374.29,null,null,488.96,188.48,null,null,null,410.12,null,297.68,null,232.83,null,null,null,null,null,null,null,null,null,null,null,null,null,null,null,null]","{""Monday"":188.48,""Tuesday"":465.66,""Wednesday"":224.59,""Thursday"":748.59,""Friday"":820.24,""Saturday"":0.00,""Sunday"":1275.60}","{""Wednesday"":5,""Monday"":4,""Saturday"":4,""Thursday"":5,""Tuesday"":4,""Friday"":4,""Sunday"":4}",-32.0,-57.0,1,224.59,"{""No intermediary"":11}","{""No intermediary"":3723.16}","{""1"":9,""2"":1,""3"":0,""4"":0,""5-10"":0,"">10"":0}","{""1"":334.49,""2"":712.72,""3"":null,""4"":null,""5-10"":null,"">10"":null}","{""<25k"":2,""25-45k"":2,""75-100k"":2,""100-150k"":3,"">150k"":2}","{""<25k"":188.48,""25-45k"":412.21,""75-100k"":303.28,""100-150k"":369.46,"">150k"":516.96}","{""Logan, UT"":3,""Trumbull, CT"":2,""Troy, MI"":2,""Amelia, OH"":2,""Dothan, AL"":2,""Strongsville, OH"":2,""Denver, CO"":2,""Colorado Springs, CO"":2,""Southbury, CT"":2}","{""Walmart"":50,""Starbucks"":50,""Walgreens"":50,""Shell Oil"":50,""ConocoPhillips"":40,""CVS"":30,""Exxon Mobil"":30,""Subway"":30,""IHOP"":20,""Tucanos Brazilian Grill"":20,""Corner Store"":20,""Trader Joe's"":20,""Target"":20,""Chipotle Mexican Grill"":20,""Chevron"":20,""Albertsons"":20,""Plato's Closet"":20,""Lowe's"":20,""PetSmart"":20,""Michaels Stores"":20}","{""Amazon"":90,""Apple"":60,""Spotify"":30,""Amazon Digital Services"":30,""Amazon Marketplace"":30,""Etsy"":20,""Chewy"":20,""Netflix"":20,""Maverik"":20,""AT&T"":20,""Crunch Fitness"":20,""Walmart"":10,""Lyft"":10,""Planet Fitness"":10,""HBO Max"":10,""YouTube TV"":10,""Fandango"":10,""Airbnb"":10,""Sirius XM"":10,""Expedia"":10}","{""Staybridge Suites"":10,""Holiday Inn"":10,""Baymont Inn & Suites"":10,""Best Western"":10,""Wyndham"":10}","{""ConocoPhillips"":10}","{""AT&T"":20,""T-Mobile"":10,""Verizon Wireless"":10}","{""Netflix"":20,""HBO Max"":10,""YouTube TV"":10,""Dish Network"":10,""Amazon Prime Video"":10,""Youtube Premium"":10}","{""Dashpass"":10,""Instacart"":10,""Uber Eats"":10}","{""Lyft"":10}",{},{}
167786,223-222@5wf-jgs-t9z,,,2022-05-01,2022-06-01,11844.02,278,131,24.42,48.87,"{""25"":11.26,""75"":53.86}","[409.81,157.25,439.34,243.83,167.25,178.34,313.58,93.23,372.21,866.48,330.24,226.66,197.35,582.22,292.76,103.58,637.25,508.80,27.93,168.15,1212.62,566.80,547.44,439.97,267.93,500.74,135.52,410.06,611.84,391.25,443.59]","[60.63,14.96,105.44,52.70,21.10,23.36,7.28,46.61,41.26,66.10,21.64,20.66,8.99,24.39,28.57,15.65,38.60,23.57,9.58,24.13,18.41,39.55,36.87,29.46,20.15,10.77,9.88,35.05,34.40,21.07,37.63]","{""Monday"":1571.73,""Tuesday"":2826.63,""Wednesday"":1350.80,""Thursday"":922.58,""Friday"":679.36,""Saturday"":2518.48,""Sunday"":1974.44}","{""Wednesday"":4,""Monday"":5,""Saturday"":4,""Thursday"":4,""Tuesday"":5,""Friday"":4,""Sunday"":5}",217.0,62.0,3,124.76,"{""No intermediary"":278}","{""No intermediary"":11844.02}","{""1"":78,""2"":23,""3"":15,""4"":3,""5-10"":10,"">10"":2}","{""1"":50.13,""2"":84.46,""3"":102.02,""4"":125.02,""5-10"":292.15,"">10"":582.20}","{""<25k"":13,""25-45k"":17,""45-60k"":9,""60-75k"":7,""75-100k"":14,""100-150k"":27,"">150k"":44}","{""<25k"":127.44,""25-45k"":60.83,""45-60k"":54.08,""60-75k"":67.04,""75-100k"":129.93,""100-150k"":81.29,"">150k"":93.89}","{""Emigrant, MT"":6,""Bozeman, MT"":6,""Campbell, CA"":6,""Salt Lake City, UT"":5,""Bellevue, NE"":5,""Charlotte, NC"":5,""Phoenix, AZ"":4,""Great Falls, MT"":4,""San Antonio, TX"":4,""Billings, MT"":4,""Brickerville, PA"":4,""Arlington, TX"":3,""Warwick, RI"":3,""Gardiner, MT"":3,""Conway, AR"":3,""Encampment, WY"":3,""West Wendover, NV"":2,""Los Angeles, CA"":2,""West Jordan, UT"":2,""South Jordan, UT"":2,""Bloomington, IN"":2,""Grayling, MT"":2,""Beavercreek, OH"":2,""Tucson, AZ"":2,""Hickory Hills, IL"":2,""Chicago, IL"":2,""Salisbury, NC"":2,""Redmond, WA"":2,""Apple Valley, CA"":2,""Arlington, WA"":2,""Paducah, KY"":2,""Gaithersburg, MD"":2,""North Salt Lake, UT"":2,""Centerville, UT"":2,""Georgetown, MA"":2,""Monroeville, PA"":2,""Vernal, UT"":2,""Ocala, FL"":2,""Brewton, AL"":2,""Gering, NE"":2,""Rocky River, OH"":2,""Covington, KY"":2,""Eagle, CO"":2,""Houston, TX"":2,""Oakland, ME"":2,""Boaz, AL"":2,""New Smyrna Beach, FL"":2,""Alder, MT"":2,""Ogden, UT"":2,""Des Moines, IA"":2,""Winston Salem, NC"":2,""Boerne, TX"":2,""Spring, TX"":2,""Portland, OR"":2,""Fairport, NY"":2,""Mexico, NY"":2,""Monroe, LA"":2,""Boise, ID"":2,""Cedar City, UT"":2,""Hope Hull, AL"":2,""Sun City, AZ"":2,""Hingham, MA"":2,""Edgerton, WI"":2,""Lake Buena Vista, FL"":2,""Draper, UT"":2,""Berkeley, CA"":2,""Erda, UT"":2,""Layton, UT"":2,""Cincinnati, OH"":2,""Media, PA"":2,""Lehi, UT"":2,""Antioch, IL"":2,""Warner Robins, GA"":2,""Pasadena, CA"":2,""Collegeville, PA"":2,""Carrollton, GA"":2,""West Mclean, VA"":2,""Clemson, SC"":2,""Farmersville, TX"":2,""Stanwood, WA"":2,""Eagle, ID"":2,""Hattiesburg, MS"":2,""Suffolk, VA"":2,""Cumming, GA"":2,""Mentor, OH"":2,""Logan, UT"":2,""Granger, IN"":2}","{""Walmart"":58,""ConocoPhillips"":52,""McDonald's"":42,""Exxon Mobil"":37,""Target"":36,""Albertsons"":33,""Shell Oil"":30,""Lowe's"":27,""The Home Depot"":26,""Chevron"":26,""Maverik"":26,""Starbucks"":25,""Costco"":25,""Wendy's"":22,""Walgreens"":20,""Verizon Wireless"":20,""Smith's Food & Drug Stores"":20,""Chick-fil-A"":19,""Subway"":19,""Holiday Station"":17}","{""Amazon"":58,""Apple"":46,""Netflix"":30,""Spotify"":25,""Amazon Digital Services"":21,""Comcast"":20,""AT&T"":17,""Hulu"":14,""Target"":13,""Walmart"":12,""Verizon Wireless"":12,""Amazon Marketplace"":11,""Sirius XM"":10,""Airbnb"":7,""Audible"":7,""Etsy"":7,""Chewy"":7,""Google"":7,""ExxonMobil"":7,""Planet Fitness"":6}","{""Albertsons"":33,""Smith's Food & Drug Stores"":20,""7-Eleven"":12,""Trader Joe's"":10,""Safeway"":10,""Circle K"":10,""Kroger"":7,""ALDI"":7,""WinCo Foods"":7,""Whole Foods Market"":7,""Publix Super Markets"":6,""Wawa"":5,""Wegmans Food Markets"":5,""Casey's General Stores"":4,""Giant Food"":4,""H-E-B"":4,""Sprouts Farmers Market"":4,""Harris Teeter"":4,""Fred Meyer"":3,""Mapco"":3}","{""ConocoPhillips"":34,""Super 8"":6,""United States Postal Service (USPS)"":4,""Sinclair Oil"":1}","{""Verizon Wireless"":30,""AT&T"":20,""T-Mobile"":7,""Google Fi"":2,""Cricket Wireless"":1,""Straight Talk"":1,""Sprint"":1}","{""Netflix"":30,""Hulu"":14,""Disney Plus"":7,""Youtube Premium"":6,""HBO Max"":4,""Dish Network"":4,""YouTube TV"":3,""Youtube"":3,""Amazon Prime"":3,""Sling TV"":2,""Roku"":2,""DirecTV"":2,""Vudu"":1,""Peacock"":1,""Crunchyroll"":1,""Redbox"":1}","{""Instacart"":4,""DoorDash"":2,""Uber Eats"":1,""Go Puff"":1}","{""Uber"":6,""Lyft"":3}","{""Klarna"":2,""Afterpay"":1}","{""Apple Card"":3,""PayPal"":2}"
168803,222-222@5wf-jgv-nbk,,,2022-05-01,2022-06-01,2134.74,52,47,33.96,43.34,"{""25"":22.99,""75"":53.72}","[23.56,19.94,98.91,49.87,20.00,105.41,50.95,104.29,51.36,33.90,0.00,0.00,0.00,0.00,157.23,78.53,25.70,29.34,19.25,108.40,0.00,0.00,370.20,130.00,88.13,0.00,135.12,0.00,159.57,227.03,48.05]","[23.56,19.94,27.44,24.94,20.00,22.44,50.95,52.14,25.68,33.90,null,null,null,null,19.45,39.27,25.70,29.34,19.25,54.20,null,null,47.04,65.00,44.07,null,29.31,null,57.27,50.82,48.05]","{""Monday"":747.06,""Tuesday"":336.56,""Wednesday"":167.34,""Thursday"":39.25,""Friday"":348.93,""Saturday"":50.95,""Sunday"":444.65}","{""Wednesday"":4,""Monday"":5,""Saturday"":4,""Thursday"":4,""Tuesday"":5,""Friday"":4,""Sunday"":5}",74.0,6.0,2,42.42,"{""No intermediary"":52}","{""No intermediary"":2134.74}","{""1"":42,""2"":5,""3"":0,""4"":0,""5-10"":0,"">10"":0}","{""1"":39.64,""2"":93.96,""3"":null,""4"":null,""5-10"":null,"">10"":null}","{""<25k"":2,""25-45k"":14,""45-60k"":9,""60-75k"":2,""75-100k"":6,""100-150k"":5,"">150k"":9}","{""<25k"":32.51,""25-45k"":44.39,""45-60k"":31.23,""60-75k"":36.34,""75-100k"":33.70,""100-150k"":42.73,"">150k"":70.74}","{""State College, PA"":6,""Grayling, MT"":3,""Sturtevant, WI"":3,""Brodheadsville, PA"":3,""Poquoson, VA"":2,""South Jordan, UT"":2,""Alexandria, VA"":2,""Hickory Hills, IL"":2,""West Mifflin, PA"":2,""Amelia, OH"":2,""Pahrump, NV"":2,""Apple Valley, CA"":2,""Salt Lake City, UT"":2,""Bowling Green, KY"":2,""Morgan, UT"":2,""San Francisco, CA"":2,""Gering, NE"":2,""Lakewood, OH"":2,""Lee, NV"":2,""Houston, TX"":2,""Charlotte, NC"":2,""Lester, WA"":2,""Gardiner, MT"":2,""Keller, TX"":2,""Denver, CO"":2,""Whitehall, PA"":2,""Ammon, ID"":2,""Oldsmar, FL"":2,""Emigrant, MT"":2,""Spokane, WA"":2,""Lake Buena Vista, FL"":2,""Berkeley, CA"":2,""Carrolls, WA"":2,""Lehi, UT"":2,""Rainbow City, AL"":2,""Massillon, OH"":2,""Campbell, CA"":2,""Encampment, WY"":2,""Idaho Falls, ID"":2,""Jackson, WY"":2}","{""Walmart"":52,""ConocoPhillips"":45,""McDonald's"":43,""Shell Oil"":37,""Subway"":32,""Starbucks"":30,""Wendy's"":30,""Albertsons"":28,""Target"":22,""Love's Travel Stops and Country Stores"":22,""Maverik"":22,""Exxon Mobil"":22,""Verizon Wireless"":20,""Panera Bread"":20,""Burger King"":20,""Taco Bell"":18,""Lowe's"":18,""Safeway"":18,""Chick-fil-A"":18,""Costco"":15}","{""Amazon"":54,""Apple"":45,""Netflix"":28,""Spotify"":18,""Verizon Wireless"":15,""Hulu"":15,""Amazon Digital Services"":15,""Walmart"":13,""AT&T"":11,""Comcast"":11,""Amazon Marketplace"":11,""Uber"":9,""PetSmart"":9,""Klarna"":9,""Google"":9,""Best Buy"":9,""Audible"":9,""Sony Playstation Networks"":9,""T-Mobile"":9,""Amazon Kindle"":9}","{""McDonald's"":45,""Subway"":32,""Starbucks"":30,""Wendy's"":30,""Panera Bread"":20,""Burger King"":20,""Taco Bell"":18,""Chick-fil-A"":18,""Dunkin'"":15,""Little Caesars"":11,""Sonic"":9,""Dairy Queen"":9,""Panda Express"":9,""In-N-Out Burger"":9,""Jersey Mike's"":7,""Domino's Pizza"":7,""KFC"":7,""Five Guys"":7,""Culver's"":7,""Cracker Barrel"":7}","{""ConocoPhillips"":26,""United States Postal Service (USPS)"":5}","{""Verizon Wireless"":35,""T-Mobile"":15,""AT&T"":13,""Sprint"":5,""Disney Mobile"":3}","{""Netflix"":28,""Hulu"":15,""HBO Max"":7,""Dish Network"":7,""Disney Plus"":5,""Youtube Premium"":5,""Starz"":5,""Sling TV"":3,""Crunchyroll"":3,""Amazon Prime"":3,""DirecTV"":3,""Amazon Prime Video"":3}","{""HelloFresh"":5,""Uber Eats"":5,""Postmates"":3,""Grubhub"":3,""Instacart"":3,""Dashpass"":3}","{""Uber"":9,""Lyft"":3}","{""Klarna"":9,""Afterpay"":5,""Sezzle"":3,""Zip Company"":3}",{}
168851,22p-222@5wf-jgv-mzf,SG_BRAND_6437599b41150ccc0b9c63702c5f7ba7,Travelodge,2022-05-01,2022-06-01,837.92,5,4,180.08,187.76,"{""25"":120.05,""75"":208.88}","[0.00,0.00,0.00,0.00,0.00,0.00,0.00,0.00,164.27,0.00,0.00,0.00,0.00,75.82,0.00,0.00,180.08,0.00,0.00,0.00,0.00,0.00,0.00,0.00,195.43,0.00,222.32,0.00,0.00,0.00,0.00]","[null,null,null,null,null,null,null,null,164.27,null,null,null,null,75.82,null,null,180.08,null,null,null,null,null,null,null,195.43,null,222.32,null,null,null,null]","{""Monday"":164.27,""Tuesday"":180.08,""Wednesday"":195.43,""Thursday"":0.00,""Friday"":222.32,""Saturday"":75.82,""Sunday"":0.00}","{""Wednesday"":4,""Monday"":5,""Saturday"":4,""Thursday"":4,""Tuesday"":5,""Friday"":4,""Sunday"":5}",,67.0,0,0.0,"{""No intermediary"":5}","{""No intermediary"":837.92}","{""1"":3,""2"":1,""3"":0,""4"":0,""5-10"":0,"">10"":0}","{""1"":150.44,""2"":386.59,""3"":null,""4"":null,""5-10"":null,"">10"":null}","{""25-45k"":2,""75-100k"":2,""100-150k"":2,"">150k"":2}","{""25-45k"":195.43,""75-100k"":75.82,""100-150k"":386.59,"">150k"":180.08}","{""Billings, MT"":2,""Snellville, GA"":2,""Hollywood, FL"":2}","{""Walmart"":50,""Albertsons"":50,""7-Eleven"":50,""Enterprise Rent-A-Car"":50,""Shell Oil"":50,""Wayback Burgers"":25,""Shipley Donuts"":25,""Trader Joe's"":25,""Target"":25,""Fairfield Inn & Suites by Marriott"":25,""Chevron"":25,""BP"":25,""Ross Stores"":25,""Kroger"":25,""Scheels"":25,""Murphy USA"":25,""RaceTrac"":25,""Whataburger"":25,""The Home Depot"":25,""PetSmart"":25}","{""Amazon"":75,""Sling TV"":50,""Adobe Systems"":50,""Lyft"":25,""Planet Fitness"":25,""Airbnb"":25,""Sirius XM"":25,""Consumer Cellular, Inc"":25,""AMC Theatres"":25,""MetroPCS"":25,""Apple"":25,""LA Fitness"":25,""Netflix"":25,""Pandora"":25,""Maverik"":25,""Hulu"":25,""JCPenney"":25,""Spotify"":25,""Audible"":25,""Comcast"":25}","{""Fairfield Inn & Suites by Marriott"":25,""Hampton"":25,""Comfort Suites"":25,""Baymont Inn & Suites"":25,""Courtyard by Marriott"":25,""AmericInn"":25,""Best Western"":25}",{},"{""MetroPCS"":25}","{""Sling TV"":50,""Hulu"":25,""Netflix"":25}",{},"{""Lyft"":25}",{},{}
168978,zzy-224@5wf-jgs-t9z,SG_BRAND_27ee73cd1fb6f5e432852fea401eacce,United States Postal Service (USPS),2022-05-01,2022-06-01,174.1,9,8,8.95,10.27,"{""25"":5.76,""75"":32.46}","[0.00,0.00,26.95,0.00,0.00,1.56,0.00,0.00,0.00,37.97,0.00,0.00,8.95,0.00,0.00,0.00,0.00,0.00,8.00,3.99,0.00,0.00,67.55,0.00,0.00,11.60,7.53,0.00,0.00,0.00,0.00]","[null,null,26.95,null,null,1.56,null,null,null,37.97,null,null,8.95,null,null,null,null,null,8.00,3.99,null,null,67.55,null,null,11.60,7.53,null,null,null,null]","{""Monday"":67.55,""Tuesday"":64.92,""Wednesday"":0.00,""Thursday"":19.60,""Friday"":22.03,""Saturday"":0.00,""Sunday"":0.00}","{""Wednesday"":4,""Monday"":5,""Saturday"":4,""Thursday"":4,""Tuesday"":5,""Friday"":4,""Sunday"":5}",177.0,44.0,0,0.0,"{""No intermediary"":9}","{""No intermediary"":174.10}","{""1"":7,""2"":1,""3"":0,""4"":0,""5-10"":0,"">10"":0}","{""1"":14.65,""2"":71.54,""3"":null,""4"":null,""5-10"":null,"">10"":null}","{""<25k"":2,""25-45k"":2,""75-100k"":2,"">150k"":2}","{""<25k"":8.00,""25-45k"":37.97,""75-100k"":6.01,"">150k"":36.70}","{""Medford, OR"":3,""Fayetteville, MO"":3,""Gardiner, MT"":2,""Essex Junction, VT"":2,""Emigrant, MT"":2,""Lake Buena Vista, FL"":2,""Bozeman, MT"":2}","{""ConocoPhillips"":63,""Walmart"":50,""Lowe's"":50,""Exxon Mobil"":50,""Target"":38,""Albertsons"":38,""The Home Depot"":38,""Costco"":38,""McDonald's"":38,""Subway"":38,""KFC"":25,""T.J. Maxx"":25,""Safeway"":25,""Wendy's"":25,""Dairy Queen"":25,""Microsoft Store"":25,""Murdoch's Ranch & Home Supply"":25,""Sportsman's Warehouse"":25,""Shell Oil"":25,""Family Dollar Stores"":25}","{""Amazon"":88,""Amazon Digital Services"":50,""Apple"":38,""Verizon Wireless"":25,""AT&T"":25,""Sling TV"":13,""Walmart"":13,""Instant Ink"":13,""Barclaycard US"":13,""Experian"":13,""Lowe's"":13,""Adobe Systems"":13,""The Home Depot"":13,""Cost Plus World Market"":13,""Ring"":13,""Zelle"":13,""Klarna"":13,""Compassion International"":13,""Google"":13,""Netflix"":13}",{},"{""ConocoPhillips"":13}","{""AT&T"":25,""Verizon Wireless"":25,""T-Mobile"":13}","{""Sling TV"":13,""Netflix"":13,""Redbox"":13,""Hulu"":13,""Disney Plus"":13}",{},{},"{""Klarna"":13}","{""Zelle"":13}"
169067,223-223@5wf-jgs-wc5,,,2022-05-01,2022-06-01,3078.62,66,58,44.22,46.84,"{""25"":29.31,""75"":51.52}","[24.09,35.54,150.14,142.08,94.53,0.00,0.00,65.29,208.88,198.54,0.00,0.00,0.00,51.80,200.62,103.71,242.31,112.79,115.76,0.00,0.00,138.41,0.00,46.80,98.87,0.00,0.00,0.00,127.56,537.66,383.24]","[24.09,35.54,29.88,47.70,47.27,null,null,65.29,41.84,50.28,null,null,null,51.80,51.29,43.47,31.85,42.38,43.80,null,null,41.82,null,23.40,49.44,null,null,null,63.78,54.97,49.75]","{""Monday"":885.79,""Tuesday"":1021.03,""Wednesday"":353.74,""Thursday"":210.29,""Friday"":0.00,""Saturday"":51.80,""Sunday"":555.97}","{""Wednesday"":4,""Monday"":5,""Saturday"":4,""Thursday"":4,""Tuesday"":5,""Friday"":4,""Sunday"":5}",582.0,-24.0,0,0.0,"{""No intermediary"":66}","{""No intermediary"":3078.62}","{""1"":53,""2"":3,""3"":1,""4"":1,""5-10"":0,"">10"":0}","{""1"":48.98,""2"":72.83,""3"":149.15,""4"":115.06,""5-10"":null,"">10"":null}","{""<25k"":4,""25-45k"":11,""45-60k"":8,""60-75k"":2,""75-100k"":3,""100-150k"":8,"">150k"":18}","{""<25k"":38.61,""25-45k"":51.57,""45-60k"":35.27,""60-75k"":29.88,""75-100k"":104.99,""100-150k"":51.60,"">150k"":60.32}","{""Pottstown, PA"":5,""Los Angeles, CA"":3,""Salt Lake City, UT"":3,""Hattiesburg, MS"":3,""Idaho Falls, ID"":3,""Myrtle Beach, SC"":2,""Broadview Heights, OH"":2,""Columbus, IN"":2,""Alexandria, VA"":2,""Refton, PA"":2,""Bowling Green, KY"":2,""Chagrin Falls, OH"":2,""Hollister, CA"":2,""Charlotte, NC"":2,""Topeka, KS"":2,""Meridian, ID"":2,""Mckinney, TX"":2,""New Smyrna Beach, FL"":2,""Champaign, IL"":2,""Winston Salem, NC"":2,""Gardiner, MT"":2,""Morgantown, WV"":2,""Cary, NC"":2,""Saint Louis, MO"":2,""Newport Beach, CA"":2,""Emigrant, MT"":2,""Bridgeville, PA"":2,""Lewisville, WA"":2,""Fort Worth, TX"":2,""Draper, UT"":2,""Broadalbin, NY"":2,""Layton, UT"":2,""Downsville, WI"":2,""San Antonio, TX"":2,""Charleston, UT"":2,""Morro Bay, CA"":2,""Coleman, FL"":2,""Scottsdale, AZ"":2,""Encampment, WY"":2,""Jackson, WY"":2,""Cumming, GA"":2,""Logan, UT"":2}","{""Walmart"":54,""McDonald's"":42,""ConocoPhillips"":40,""Target"":37,""Chick-fil-A"":35,""Shell Oil"":32,""Costco"":28,""Wendy's"":26,""Walgreens"":26,""Chevron"":25,""Exxon Mobil"":25,""Trader Joe's"":23,""Starbucks"":23,""Maverik"":23,""Taco Bell"":21,""The Home Depot"":21,""Albertsons"":18,""Arby's"":18,""Lowe's"":14,""Pilot Flying J"":14}","{""Amazon"":68,""Apple"":49,""Netflix"":32,""Spotify"":26,""Walmart"":16,""Target"":14,""Verizon Wireless"":14,""Uber"":14,""AT&T"":14,""Chipotle Mexican Grill"":11,""Adobe Systems"":11,""Amazon Digital Services"":11,""HBO Max"":9,""Airbnb"":9,""Google"":9,""Costco"":9,""Hulu"":9,""Audible"":9,""Comcast"":9,""T-Mobile"":9}","{""McDonald's"":42,""Chick-fil-A"":37,""Wendy's"":28,""Starbucks"":23,""Taco Bell"":21,""Chipotle Mexican Grill"":18,""Arby's"":18,""Subway"":14,""Burger King"":13,""Sonic"":11,""Café Zupas"":11,""Panda Express"":11,""In-N-Out Burger"":11,""Dunkin'"":11,""KFC"":9,""Five Guys"":9,""Panera Bread"":9,""Dairy Queen"":9,""Cafe Rio"":9,""Jamba"":7}","{""ConocoPhillips"":21}","{""Verizon Wireless"":25,""AT&T"":14,""T-Mobile"":11,""Sprint"":2}","{""Netflix"":32,""HBO Max"":9,""Hulu"":9,""Dish Network"":4,""Redbox"":4,""Sling TV"":2,""YouTube TV"":2,""Peacock"":2,""Disney Plus"":2}","{""HelloFresh"":4,""Instacart"":2,""Postmates"":2,""Uber Eats"":2}","{""Uber"":14}","{""Sezzle"":2,""Affirm.com"":2,""Klarna"":2}","{""Apple Card"":4,""PayPal"":2,""Apple Cash"":2,""Venmo"":2}"
169418,222-222@5wf-jgs-whq,SG_BRAND_43bdfa786f5809e475a7382797eae3fd,Super 8,2022-05-01,2022-06-01,5435.5,29,26,175.99,176.99,"{""25"":144.83,""75"":189.52}","[16.00,0.00,0.00,744.24,80.00,0.00,0.00,512.76,159.69,328.18,141.47,146.83,632.88,193.32,135.92,0.00,0.00,0.00,204.12,0.00,351.98,0.00,220.32,0.00,185.71,0.00,0.00,0.00,177.99,393.47,810.62]","[16.00,null,null,152.88,80.00,null,null,512.76,159.69,164.09,141.47,146.83,158.22,193.32,135.92,null,null,null,204.12,null,175.99,null,220.32,null,185.71,null,null,null,177.99,196.74,185.71]","{""Monday"":773.48,""Tuesday"":1138.80,""Wednesday"":1071.42,""Thursday"":430.95,""Friday"":632.88,""Saturday"":545.30,""Sunday"":842.67}","{""Wednesday"":4,""Monday"":5,""Saturday"":4,""Thursday"":4,""Tuesday"":5,""Friday"":4,""Sunday"":5}",483.0,44.0,2,429.58,"{""No intermediary"":29}","{""No intermediary"":5435.50}","{""1"":25,""2"":0,""3"":0,""4"":1,""5-10"":0,"">10"":0}","{""1"":179.29,""2"":null,""3"":null,""4"":953.25,""5-10"":null,"">10"":null}","{""<25k"":2,""25-45k"":4,""45-60k"":2,""60-75k"":3,""75-100k"":2,""100-150k"":6,"">150k"":3}","{""<25k"":439.43,""25-45k"":123.30,""45-60k"":226.68,""60-75k"":168.74,""75-100k"":203.60,""100-150k"":155.11,"">150k"":187.61}","{""Salt Lake City, UT"":4,""Texas City, TX"":3,""Lehi, UT"":3,""Chicago, IL"":2,""Indio, CA"":2,""Cody, WY"":2,""Ogden, UT"":2,""Des Moines, IA"":2,""Spiceland, IN"":2,""Chubbuck, ID"":2,""Custer, SD"":2,""Berkeley, CA"":2,""Chatham, NY"":2,""Billings, MT"":2,""Warner Robins, GA"":2,""Clemson, SC"":2}","{""Walmart"":62,""McDonald's"":54,""Albertsons"":27,""ConocoPhillips"":27,""Maverik"":27,""Exxon Mobil"":27,""Target"":24,""Dollar General"":24,""Wendy's"":24,""Holiday Inn"":24,""Costco"":24,""Walgreens"":24,""Burger King"":24,""Chevron"":20,""Taco Bell"":20,""The Home Depot"":20,""Starbucks"":20,""Ace Hardware"":20,""Chick-fil-A"":20,""Dairy Queen"":20}","{""Amazon"":47,""Verizon Wireless"":20,""Amazon Digital Services"":20,""Apple"":16,""Comcast"":16,""Etsy"":12,""Chewy"":12,""Barclaycard US"":12,""Lowe's"":12,""Goodwill"":12,""Netflix"":12,""Amazon Marketplace"":12,""Little Caesars"":8,""Airbnb"":8,""Ring"":8,""AMC Theatres"":8,""Klarna"":8,""Zip Company"":8,""Afterpay"":8,""Apple Card"":8}","{""Holiday Inn"":27,""Baymont Inn & Suites"":12,""Radisson"":8,""Days Inn"":8,""Delta Hotels"":8,""Best Western"":8,""Four Points By Sheraton"":4,""Howard Johnson (HoJo)"":4,""Hampton"":4,""Hilton International"":4,""SpringHill Suites by Marriott"":4,""Courtyard by Marriott"":4,""Quality Inn"":4}","{""ConocoPhillips"":8}","{""Verizon Wireless"":27,""AT&T"":16,""T-Mobile"":8,""Straight Talk"":4}","{""Netflix"":12,""Disney Plus"":12,""Peacock"":8,""Hulu"":8,""Dish Network"":4,""DirecTV"":4,""Youtube Premium"":4}",{},{},"{""Afterpay"":8,""Klarna"":8,""Zip Company"":8}","{""Apple Card"":8,""PayPal"":4}"
169521,zzw-225@5wf-jgs-pvz,,,2022-05-01,2022-06-01,1002.0,22,19,40.0,40.0,"{""25"":16.19,""75"":54.00}","[0.00,0.00,0.00,40.00,28.00,35.00,0.00,60.00,0.00,0.00,62.00,11.25,0.00,0.00,0.00,19.25,0.00,0.00,0.00,457.00,0.00,80.00,0.00,5.00,0.00,0.00,154.50,34.00,0.00,0.00,16.00]","[null,null,null,40.00,28.00,35.00,null,60.00,null,null,62.00,11.25,null,null,null,9.63,null,null,null,48.38,null,40.00,null,5.00,null,null,73.50,34.00,null,null,16.00]","{""Monday"":19.25,""Tuesday"":21.00,""Wednesday"":102.00,""Thursday"":39.25,""Friday"":646.50,""Saturday"":34.00,""Sunday"":140.00}","{""Wednesday"":4,""Monday"":5,""Saturday"":4,""Thursday"":4,""Tuesday"":5,""Friday"":4,""Sunday"":5}",180.0,-47.0,0,0.0,"{""No intermediary"":22}","{""No intermediary"":1002.00}","{""1"":16,""2"":3,""3"":0,""4"":0,""5-10"":0,"">10"":0}","{""1"":52.17,""2"":55.75,""3"":null,""4"":null,""5-10"":null,"">10"":null}","{""<25k"":2,""45-60k"":2,""60-75k"":2,""75-100k"":5,""100-150k"":4,"">150k"":8}","{""<25k"":23.13,""45-60k"":40.00,""60-75k"":34.00,""75-100k"":30.75,""100-150k"":65.50,"">150k"":80.43}","{""Alexandria, VA"":3,""Plain City, OH"":3,""Driggs, ID"":2,""Buhl, ID"":2,""Troy, MI"":2,""Chagrin Falls, OH"":2,""Meridian, ID"":2,""Santa Rosa, CA"":2,""Twin Falls, ID"":2,""Denver, CO"":2,""Essex Junction, VT"":2,""Seattle, WA"":2,""Bozeman, MT"":2,""Helena, MT"":2,""Burlington, VT"":2,""Luther, MT"":2,""Idaho Falls, ID"":2,""Wake Forest, NC"":2}","{""Albertsons"":53,""Chevron"":48,""Walmart"":43,""Target"":43,""Costco"":43,""McDonald's"":43,""ConocoPhillips"":37,""Verizon Wireless"":32,""Starbucks"":27,""Walgreens"":27,""Shell Oil"":27,""WinCo Foods"":22,""United States Postal Service (USPS)"":22,""Exxon Mobil"":22,""Subway"":22,""Domino's Pizza"":16,""Lowe's"":16,""Fred Meyer"":16,""Hampton"":16,""Ace Hardware"":16}","{""Amazon"":74,""Apple"":53,""Amazon Digital Services"":43,""Netflix"":32,""Hulu"":27,""Uber"":16,""Airbnb"":16,""Spotify"":16,""Amazon Marketplace"":16,""Chili's"":11,""Walmart"":11,""Chevron"":11,""Ipsy"":11,""Sirius XM"":11,""Banana Republic"":11,""Macy's"":11,""Instacart"":11,""Google"":11,""Costco"":11,""E-ZPass"":11}","{""Hampton"":16,""Hilton Garden Inn"":11,""Homewood Suites by Hilton"":6}","{""ConocoPhillips"":22,""United States Postal Service (USPS)"":11}","{""Verizon Wireless"":37,""AT&T"":11,""T-Mobile"":11}","{""Netflix"":32,""Hulu"":27,""Disney Plus"":6,""Peacock"":6}","{""Instacart"":11,""Uber Eats"":6}","{""Uber"":16,""Lyft"":6}","{""Affirm.com"":6,""Klarna"":6}","{""Apple Cash"":6}"
169551,zzw-224@5wf-jgs-q75,,,2022-05-01,2022-06-01,700.38,17,15,37.04,37.04,"{""25"":27.61,""75"":63.79}","[0.00,0.00,0.00,0.00,0.00,0.00,0.00,0.00,0.00,31.32,0.00,0.00,0.00,0.00,0.00,38.86,132.40,0.00,0.00,37.04,161.88,0.00,0.00,61.38,0.00,0.00,0.00,18.00,48.05,123.69,47.76]","[null,null,null,null,null,null,null,null,null,31.32,null,null,null,null,null,38.86,66.20,null,null,37.04,29.74,null,null,61.38,null,null,null,18.00,48.05,50.07,23.88]","{""Monday"":162.55,""Tuesday"":272.86,""Wednesday"":0.00,""Thursday"":0.00,""Friday"":37.04,""Saturday"":179.88,""Sunday"":48.05}","{""Wednesday"":4,""Monday"":5,""Saturday"":4,""Thursday"":4,""Tuesday"":5,""Friday"":4,""Sunday"":5}",,-49.0,0,0.0,"{""No intermediary"":17}","{""No intermediary"":700.38}","{""1"":13,""2"":2,""3"":0,""4"":0,""5-10"":0,"">10"":0}","{""1"":39.61,""2"":92.74,""3"":null,""4"":null,""5-10"":null,"">10"":null}","{""<25k"":2,""25-45k"":2,""75-100k"":2,""100-150k"":3,"">150k"":10}","{""<25k"":31.32,""25-45k"":37.04,""75-100k"":39.69,""100-150k"":40.67,"">150k"":53.83}","{""Chicago, IL"":3,""Bloomington, IN"":2,""Towson, MD"":2,""Brewton, AL"":2,""New Smyrna Beach, FL"":2,""Crystal Lake, IL"":2,""Thousand Oaks, CA"":2,""Fort Worth, TX"":2,""Eugene, OR"":2,""Brambleton, VA"":2,""Cumming, GA"":2}","{""ConocoPhillips"":67,""Walmart"":54,""Exxon Mobil"":54,""McDonald's"":47,""Target"":40,""Albertsons"":34,""Costco"":34,""Chevron"":20,""Enterprise Rent-A-Car"":20,""Love's Travel Stops and Country Stores"":20,""United States Postal Service (USPS)"":20,""Spectrum"":20,""CVS"":20,""Shell Oil"":20,""Subway"":20,""Trader Joe's"":14,""Verizon Wireless"":14,""Casey's General Stores"":14,""Total Wine & More"":14,""ALDI"":14}","{""Amazon"":47,""Apple"":47,""AT&T"":40,""Netflix"":34,""Walmart"":27,""Airbnb"":27,""Comcast"":27,""Verizon Wireless"":20,""New York Times"":20,""ADT Security Services"":14,""Uber"":14,""Sirius XM"":14,""Adobe Systems"":14,""The Home Depot"":14,""ExxonMobil"":14,""Amazon Digital Services"":14,""Best Buy"":14,""Sam's Club"":14,""T-Mobile"":14,""Etsy"":7}","{""McDonald's"":47,""Subway"":20,""Mackenzie River"":14,""Wendy's"":14,""Qdoba Mexican Grill"":14,""IHOP"":7,""King's Fish House"":7,""Mendocino Farms"":7,""California Pizza Kitchen"":7,""Chipotle Mexican Grill"":7,""Olive Garden"":7,""Jersey Mike's"":7,""Potbelly Sandwich Works"":7,""Wolfgang Puck"":7,""Einstein Brothers"":7,""Domino's Pizza"":7,""Whataburger"":7,""Dickey's Barbecue Pit"":7,""Popeyes Louisiana Kitchen"":7,""Papa John's"":7}","{""ConocoPhillips"":20}","{""AT&T"":47,""Verizon Wireless"":27,""T-Mobile"":14}","{""Netflix"":34,""Disney Plus"":20,""Sling TV"":7,""YouTube TV"":7,""Hulu"":7}","{""Uber Eats"":7}","{""Uber"":14,""Lyft"":7}",{},"{""Cash App"":7}"
169758,zzw-223@5wf-jgv-nbk,,,2022-05-01,2022-06-01,543.5,8,8,67.95,67.95,"{""25"":51.50,""75"":91.00}","[0.00,0.00,0.00,0.00,0.00,0.00,0.00,0.00,0.00,0.00,0.00,0.00,85.00,0.00,0.00,70.50,0.00,0.00,21.00,93.00,0.00,0.00,105.60,65.40,0.00,0.00,103.00,0.00,0.00,0.00,0.00]","[null,null,null,null,null,null,null,null,null,null,null,null,85.00,null,null,70.50,null,null,21.00,93.00,null,null,105.60,65.40,null,null,51.50,null,null,null,null]","{""Monday"":176.10,""Tuesday"":65.40,""Wednesday"":0.00,""Thursday"":21.00,""Friday"":281.00,""Saturday"":0.00,""Sunday"":0.00}","{""Wednesday"":4,""Monday"":5,""Saturday"":4,""Thursday"":4,""Tuesday"":5,""Friday"":4,""Sunday"":5}",,,8,543.5,"{""No intermediary"":8}","{""No intermediary"":543.50}","{""1"":8,""2"":0,""3"":0,""4"":0,""5-10"":0,"">10"":0}","{""1"":67.94,""2"":null,""3"":null,""4"":null,""5-10"":null,"">10"":null}","{""<25k"":2,""25-45k"":2,""75-100k"":2,""100-150k"":2,"">150k"":2}","{""<25k"":21.00,""25-45k"":51.50,""75-100k"":105.60,""100-150k"":81.75,"">150k"":75.20}","{""Troy, MI"":3,""Beulaville, NC"":2,""Myrtle Beach, SC"":2,""Driggs, ID"":2,""Farmville, VA"":2,""Pottstown, PA"":2,""Jackson, WY"":2}","{""Walmart"":50,""McDonald's"":50,""Target"":38,""Starbucks"":38,""United States Postal Service (USPS)"":38,""Cracker Barrel"":38,""Food Lion"":38,""Bojangles'"":38,""Exxon Mobil"":38,""Old Navy"":25,""Lowe's"":25,""The Home Depot"":25,""Hobby Lobby Stores"":25,""First Watch Restaurants"":25,""Dollar General"":25,""Academy Sports + Outdoors"":25,""Chick-fil-A"":25,""rue21"":25,""Handy Mart"":25,""Marathon"":25}","{""Amazon"":88,""Amazon Digital Services"":63,""Apple"":50,""Walmart"":38,""Netflix"":38,""AT&T"":38,""Etsy"":25,""Airbnb"":25,""Google"":25,""Amazon Prime Video"":25,""Intuit"":25,""Xbox"":25,""Planet Fitness"":13,""HBO Max"":13,""TouchTunes"":13,""Domino's Pizza"":13,""The Home Depot"":13,""HelloFresh"":13,""Google Play"":13,""Poshmark"":13}","{""McDonald's"":50,""Starbucks"":38,""Cracker Barrel"":38,""Bojangles'"":38,""First Watch Restaurants"":25,""Chick-fil-A"":25,""Sonic"":13,""Chili's Grill & Bar"":13,""Auntie Anne's"":13,""Freddy's Frozen Custard"":13,""Potbelly Sandwich Works"":13,""Shake Shack"":13,""Domino's Pizza"":13,""Taco Bell"":13,""Papa John's"":13,""Wendy's"":13,""P.F. Chang's China Bistro"":13,""Burger King"":13,""Tim Hortons"":13,""LongHorn Steakhouse"":13}",{},"{""AT&T"":38,""Verizon Wireless"":13}","{""Netflix"":38,""Amazon Prime Video"":25,""HBO Max"":13,""Redbox"":13}","{""HelloFresh"":13}",{},{},{}
170805,222-222@5wf-jgt-b6k,SG_BRAND_a0ccd5fb65a3df0d5a340321693f0a16,ConocoPhillips,2022-07-01,2022-08-01,1355.69,93,26,8.97,32.92,"{""25"":2.00,""75"":18.00}","[27.81,0.00,0.00,10.47,17.83,28.72,48.72,56.18,34.09,14.07,31.97,23.80,21.20,22.02,73.84,2.99,105.83,132.06,23.83,18.73,184.56,39.59,76.00,2.66,5.59,23.07,1.00,55.48,137.70,64.00,71.88]","[13.91,null,null,5.24,8.92,4.88,6.77,11.72,10.86,14.07,9.97,6.08,6.88,9.17,11.18,1.50,21.56,36.53,5.03,9.37,36.00,18.00,76.00,1.33,1.00,1.00,1.00,2.00,35.70,16.00,11.78]","{""Monday"":180.09,""Tuesday"":88.53,""Wednesday"":69.65,""Thursday"":310.78,""Friday"":335.12,""Saturday"":177.08,""Sunday"":194.44}","{""Wednesday"":4,""Monday"":4,""Saturday"":5,""Thursday"":4,""Tuesday"":4,""Friday"":5,""Sunday"":5}",-79.0,-88.0,2,28.86,"{""No intermediary"":93}","{""No intermediary"":1355.69}","{""1"":14,""2"":2,""3"":4,""4"":1,""5-10"":3,"">10"":2}","{""1"":28.61,""2"":54.51,""3"":72.37,""4"":29.41,""5-10"":78.71,"">10"":145.55}","{""<25k"":2,""25-45k"":6,""45-60k"":2,""60-75k"":2,""75-100k"":2,""100-150k"":5,"">150k"":9}","{""<25k"":36.43,""25-45k"":33.86,""45-60k"":10.19,""60-75k"":90.08,""75-100k"":55.83,""100-150k"":27.18,"">150k"":74.07}","{""Gardiner, MT"":5,""Herriman, UT"":4,""Ogden, UT"":3,""Bozeman, MT"":3,""Grant, MN"":2,""Gresham, OR"":2,""Morton, IL"":2,""Kingman, AZ"":2,""Whitefish, MT"":2,""Boise, ID"":2,""Emigrant, MT"":2,""Draper, UT"":2,""Carlsbad, CA"":2,""Leesburg, VA"":2,""Manchester, KY"":2,""Kalamazoo, MI"":2,""Peoria, AZ"":2,""Boston, MA"":2}","{""Walmart"":47,""Costco"":43,""McDonald's"":43,""Albertsons"":39,""Exxon Mobil"":39,""Subway"":35,""Ace Hardware"":31,""Shell Oil"":31,""Chevron"":27,""The Home Depot"":27,""Starbucks"":27,""Walgreens"":27,""Target"":24,""Verizon Wireless"":24,""Lowe's"":24,""Murdoch's Ranch & Home Supply"":24,""Safeway"":20,""PetSmart"":20,""Holiday Station"":20,""Love's Travel Stops and Country Stores"":20}","{""Amazon"":58,""Apple"":54,""Netflix"":35,""Spotify"":20,""Audible"":20,""Chipotle Mexican Grill"":16,""Amazon Digital Services"":16,""AT&T"":16,""Amazon Marketplace"":16,""Target"":12,""Nayax"":12,""Chewy"":12,""Lowe's"":12,""ConocoPhillips"":12,""E-ZPass"":12,""Hulu"":12,""Lyft"":8,""Dropbox"":8,""Verizon Wireless"":8,""YouTube TV"":8}","{""Exxon Mobil"":39,""Shell Oil"":31,""Chevron"":27,""Love's Travel Stops and Country Stores"":24,""Holiday Station"":20,""Sunoco"":20,""Pilot Flying J"":16,""BP"":12,""Loaf 'N Jug"":12,""Marathon"":12,""Corner Store"":8,""Speedway"":8,""Sheetz"":8,""QuikTrip"":8,""Common Cents"":4,""Buc-ee's"":4,""Mobil"":4,""Road Ranger"":4,""Holiday Oil"":4,""Petro Serve USA"":4}","{""Super 8"":4}","{""Verizon Wireless"":31,""AT&T"":20,""T-Mobile"":4}","{""Netflix"":35,""Hulu"":12,""YouTube TV"":8,""Dish Network"":4,""Amazon Prime Video"":4,""Starz"":4}","{""Dashpass"":8}","{""Lyft"":8}","{""Affirm.com"":4}","{""PayPal"":8}"
171264,222-222@5wf-jgs-whq,SG_BRAND_43bdfa786f5809e475a7382797eae3fd,Super 8,2022-07-01,2022-08-01,176.8,2,2,88.4,88.4,"{""25"":8.00,""75"":168.80}","[0.00,0.00,0.00,0.00,0.00,0.00,0.00,0.00,0.00,0.00,0.00,0.00,0.00,0.00,0.00,0.00,0.00,168.80,0.00,0.00,0.00,0.00,0.00,0.00,8.00,0.00,0.00,0.00,0.00,0.00,0.00]","[null,null,null,null,null,null,null,null,null,null,null,null,null,null,null,null,null,168.80,null,null,null,null,null,null,8.00,null,null,null,null,null,null]","{""Monday"":176.80,""Tuesday"":0.00,""Wednesday"":0.00,""Thursday"":0.00,""Friday"":0.00,""Saturday"":0.00,""Sunday"":0.00}","{""Wednesday"":4,""Monday"":4,""Saturday"":5,""Thursday"":4,""Tuesday"":4,""Friday"":5,""Sunday"":5}",-95.0,-98.0,0,0.0,"{""No intermediary"":2}","{""No intermediary"":176.80}","{""1"":2,""2"":0,""3"":0,""4"":0,""5-10"":0,"">10"":0}","{""1"":88.40,""2"":null,""3"":null,""4"":null,""5-10"":null,"">10"":null}","{""25-45k"":2,"">150k"":2}","{""25-45k"":8.00,"">150k"":168.80}","{""Gresham, OR"":2,""Corpus Christi, TX"":2}","{""Target"":100,""Subway"":100,""Sonic"":50,""Walmart"":50,""Little Caesars"":50,""Verizon Wireless"":50,""Chevron"":50,""Potbelly Sandwich Works"":50,""Murphy USA"":50,""CEFCO"":50,""Mini Mart"":50,""The Home Depot"":50,""Hertz"":50,""PetSmart"":50,""Buc-ee's"":50,""Fred Meyer"":50,""Buffalo Wild Wings"":50,""Holiday Station"":50,""Thriftway"":50,""Starbucks"":50}","{""AT&T"":100,""Patreon"":50,""Apple"":50}",{},"{""ConocoPhillips"":50}","{""AT&T"":100,""Verizon Wireless"":50}",{},{},{},{},"{""Apple Cash"":50}"
172802,zzw-222@5wf-jgs-vvf,,,2022-06-01,2022-07-01,546.2,10,5,22.52,42.5,"{""25"":6.13,""75"":82.50}","[0.00,0.00,0.00,0.00,0.00,0.00,0.00,42.50,0.00,0.00,6.76,0.00,80.58,11.36,0.00,0.00,0.00,0.00,0.00,405.00,0.00,0.00,0.00,0.00,0.00,0.00,0.00,0.00,0.00,0.00]","[null,null,null,null,null,null,null,42.50,null,null,3.38,null,20.15,11.36,null,null,null,null,null,202.50,null,null,null,null,null,null,null,null,null,null]","{""Monday"":485.58,""Tuesday"":11.36,""Wednesday"":42.50,""Thursday"":0.00,""Friday"":0.00,""Saturday"":6.76,""Sunday"":0.00}","{""Wednesday"":5,""Monday"":4,""Saturday"":4,""Thursday"":5,""Tuesday"":4,""Friday"":4,""Sunday"":4}",32.0,277.0,0,0.0,"{""No intermediary"":10}","{""No intermediary"":546.20}","{""1"":1,""2"":3,""3"":1,""4"":0,""5-10"":0,"">10"":0}","{""1"":42.50,""2"":141.66,""3"":78.72,""4"":null,""5-10"":null,"">10"":null}","{""<25k"":3,""25-45k"":2,"">150k"":3}","{""<25k"":24.63,""25-45k"":13.22,"">150k"":241.86}","{""Vernal, UT"":2,""Phoenix, AZ"":2,""Emigrant, MT"":2,""Wichita Falls, TX"":2,""Dickinson, ND"":2}","{""ConocoPhillips"":100,""Walmart"":40,""Verizon Wireless"":40,""Albertsons"":40,""The Home Depot"":40,""Holiday Inn"":40,""Love's Travel Stops and Country Stores"":40,""Chick-fil-A"":40,""Walgreens"":40,""Pilot Flying J"":40,""Panda Express"":40,""McDonald's"":40,""Exxon Mobil"":40,""Dunkin'"":40,""Sonic"":20,""Target"":20,""Four Points By Sheraton"":20,""Chevron"":20,""Safeway Fuel Station"":20,""BP"":20}","{""Amazon"":60,""Verizon Wireless"":40,""Expedia"":40,""Google"":40,""Sony Playstation Networks"":40,""Etsy"":20,""Target"":20,""Sirius XM"":20,""Taco Bell"":20,""Lowe's"":20,""Peloton Cycles"":20,""The Home Depot"":20,""Ring"":20,""Klarna"":20,""Cox Communications"":20,""Apple"":20,""Wendy's"":20,""Netflix"":20,""Google Storage"":20,""CVS"":20}","{""Jiffy Lube"":20}","{""ConocoPhillips"":100}","{""Verizon Wireless"":80}","{""Starz"":20,""Netflix"":20}",{},{},"{""Klarna"":20}",{}
173031,zzy-224@5wf-jgs-t9z,SG_BRAND_27ee73cd1fb6f5e432852fea401eacce,United States Postal Service (USPS),2022-06-01,2022-07-01,252.64,7,5,32.94,32.94,"{""25"":21.50,""75"":49.20}","[0.00,0.00,0.00,0.00,0.00,0.00,35.65,21.50,0.00,0.00,0.00,0.00,0.00,0.00,0.00,0.00,0.00,0.00,0.00,0.00,10.70,124.55,0.00,0.00,0.00,0.00,0.00,27.30,32.94,0.00]","[null,null,null,null,null,null,35.65,21.50,null,null,null,null,null,null,null,null,null,null,null,null,10.70,62.28,null,null,null,null,null,27.30,32.94,null]","{""Monday"":0.00,""Tuesday"":73.65,""Wednesday"":178.99,""Thursday"":0.00,""Friday"":0.00,""Saturday"":0.00,""Sunday"":0.00}","{""Wednesday"":5,""Monday"":4,""Saturday"":4,""Thursday"":5,""Tuesday"":4,""Friday"":4,""Sunday"":4}",45.0,-39.0,0,0.0,"{""No intermediary"":7}","{""No intermediary"":252.64}","{""1"":3,""2"":2,""3"":0,""4"":0,""5-10"":0,"">10"":0}","{""1"":23.65,""2"":90.85,""3"":null,""4"":null,""5-10"":null,"">10"":null}","{""<25k"":3,""100-150k"":2,"">150k"":2}","{""<25k"":10.70,""100-150k"":78.75,"">150k"":42.23}","{""Mchenry, IL"":3,""Emigrant, MT"":2,""Gardiner, MT"":2,""Centerville, OH"":2}","{""ConocoPhillips"":80,""Walmart"":60,""Albertsons"":40,""Wendy's"":40,""Microsoft Store"":40,""Subway"":40,""Amstar"":20,""Little Caesars"":20,""Jimmy John's"":20,""Pei Wei Asian Diner"":20,""Ramada"":20,""Target"":20,""Chipotle Mexican Grill"":20,""Papa Murphy's"":20,""Chevron"":20,""Blick Art Materials"":20,""Barnes and Noble"":20,""Jersey Mike's"":20,""Ross Stores"":20,""Murphy USA"":20}","{""Amazon"":60,""Apple"":40,""Netflix"":40,""Amazon Marketplace"":40,""Sling TV"":20,""Lyft"":20,""Verizon Wireless"":20,""Uber"":20,""HBO Max"":20,""Sirius XM"":20,""Nintendo"":20,""Experian"":20,""Cricut"":20,""Safeway"":20,""Goodwill"":20,""Dish Network"":20,""Spotify"":20,""Amazon Digital Services"":20,""Best Buy"":20,""Microsoft Ultimate"":20}",{},"{""ConocoPhillips"":40}","{""AT&T"":20,""Verizon Wireless"":20}","{""Netflix"":40,""Sling TV"":20,""HBO Max"":20,""Dish Network"":20,""Disney Plus"":20}",{},"{""Lyft"":20,""Uber"":20}",{},{}
173117,zzw-225@5wf-jgs-pvz,,,2022-06-01,2022-07-01,750.5,11,11,58.2,58.2,"{""25"":9.00,""75"":118.88}","[68.20,0.00,229.48,0.00,136.92,86.68,0.00,63.86,0.00,118.88,0.00,0.00,0.00,0.00,0.00,0.00,0.00,0.00,0.00,0.00,0.00,0.00,0.00,46.48,0.00,0.00,0.00,0.00,0.00,0.00]","[5.00,null,114.74,null,136.92,86.68,null,63.86,null,118.88,null,null,null,null,null,null,null,null,null,null,null,null,null,23.24,null,null,null,null,null,null]","{""Monday"":86.68,""Tuesday"":0.00,""Wednesday"":132.06,""Thursday"":0.00,""Friday"":394.84,""Saturday"":0.00,""Sunday"":136.92}","{""Wednesday"":5,""Monday"":4,""Saturday"":4,""Thursday"":5,""Tuesday"":4,""Friday"":4,""Sunday"":4}",-25.0,-55.0,0,0.0,"{""No intermediary"":11}","{""No intermediary"":750.50}","{""1"":11,""2"":0,""3"":0,""4"":0,""5-10"":0,"">10"":0}","{""1"":68.23,""2"":null,""3"":null,""4"":null,""5-10"":null,"">10"":null}","{""<25k"":2,""60-75k"":2,""75-100k"":2,""100-150k"":2,"">150k"":3}","{""<25k"":7.00,""60-75k"":118.88,""75-100k"":13.86,""100-150k"":111.80,"">150k"":91.58}","{""Katy, TX"":2,""Tampa, FL"":2,""Fort Wayne, IN"":2,""Spartanburg, SC"":2,""Ossian, IA"":2,""Emigrant, MT"":2,""San Leandro, CA"":2,""Bozeman, MT"":2,""Bippus, IN"":2,""Idaho Falls, ID"":2}","{""McDonald's"":55,""Walmart"":46,""Target"":46,""CVS"":46,""Albertsons"":37,""Kroger"":28,""Dollar General"":28,""Starbucks"":28,""Costco"":28,""Walgreens"":28,""Exxon Mobil"":28,""Shell Oil"":28,""Rosauers"":19,""Jimmy John's"":19,""Verizon Wireless"":19,""Pickle Barrel"":19,""BP"":19,""Shake Shack"":19,""Domino's Pizza"":19,""Lowe's"":19}","{""Apple"":73,""Amazon"":55,""Spotify"":46,""Netflix"":28,""Amazon Digital Services"":28,""Adobe Systems"":19,""Ring"":19,""Spectrum"":19,""Comcast"":19,""Affirm.com"":19,""Walmart"":10,""ADT Security Services"":10,""Lyft"":10,""Verizon Wireless"":10,""Chipotle Mexican Grill"":10,""Planet Fitness"":10,""Kwik Trip"":10,""Roku"":10,""Uber"":10,""Fandango"":10}","{""Best Western"":10,""The Ritz-Carlton"":10,""Holiday Inn"":10,""Delta Hotels"":10}",{},"{""Verizon Wireless"":28,""AT&T"":10}","{""Netflix"":28,""Roku"":10,""Dish Network"":10,""Hulu"":10,""Amazon Prime Video"":10}","{""Uber Eats"":10}","{""Lyft"":10,""Uber"":10}","{""Affirm.com"":19}",{}
173243,223-223@5wf-jgs-wc5,,,2022-06-01,2022-07-01,4730.59,65,49,46.87,52.21,"{""25"":32.76,""75"":85.20}","[52.21,0.00,0.00,0.00,291.31,488.38,392.16,236.40,39.32,36.71,205.76,0.00,2336.28,202.19,39.49,38.94,0.00,0.00,0.00,0.00,0.00,0.00,0.00,0.00,94.10,0.00,108.84,59.01,64.70,44.79]","[52.21,null,null,null,57.89,40.53,62.78,91.15,19.66,36.71,63.91,null,59.40,29.64,39.49,38.94,null,null,null,null,null,null,null,null,94.10,null,46.87,59.01,32.35,22.40]","{""Monday"":2933.50,""Tuesday"":653.36,""Wednesday"":392.80,""Thursday"":123.05,""Friday"":36.71,""Saturday"":299.86,""Sunday"":291.31}","{""Wednesday"":5,""Monday"":4,""Saturday"":4,""Thursday"":5,""Tuesday"":4,""Friday"":4,""Sunday"":4}",54.0,-39.0,0,0.0,"{""No intermediary"":65}","{""No intermediary"":4730.59}","{""1"":41,""2"":5,""3"":0,""4"":2,""5-10"":1,"">10"":0}","{""1"":52.54,""2"":139.42,""3"":null,""4"":599.28,""5-10"":680.74,"">10"":null}","{""<25k"":4,""25-45k"":13,""45-60k"":3,""60-75k"":6,""75-100k"":7,""100-150k"":4,"">150k"":8}","{""<25k"":30.36,""25-45k"":45.22,""45-60k"":21.11,""60-75k"":292.31,""75-100k"":41.65,""100-150k"":120.23,"">150k"":126.44}","{""Huntsville, AL"":4,""Coeur D Alene, ID"":4,""Rosenberg, TX"":3,""Cincinnati, OH"":3,""Fort Leonard Wood, MO"":3,""Helena, MT"":3,""Minneapolis, MN"":2,""Schertz, TX"":2,""Garciasville, TX"":2,""South Jordan, UT"":2,""Bellingham, WA"":2,""Tyler, TX"":2,""Clemmons, NC"":2,""Pittsburgh, PA"":2,""Montreat, NC"":2,""San Francisco, CA"":2,""Charlotte, NC"":2,""Virginia Beach, VA"":2,""Meridian, ID"":2,""West Liberty, IA"":2,""New Smyrna Beach, FL"":2,""Fairborn, OH"":2,""San Ramon, CA"":2,""Bigfork, MT"":2,""West Chester, PA"":2,""Bradenton, FL"":2,""Greenwood, SC"":2,""Broken Arrow, OK"":2,""Emigrant, MT"":2,""De Soto, IA"":2,""Spicer, MN"":2,""Melbourne, FL"":2,""Monument, CO"":2,""Nampa, ID"":2,""San Antonio, TX"":2,""Dallas, TX"":2,""Indianapolis, IN"":2,""Sacramento, CA"":2,""Meadows, ID"":2,""Hayden, CO"":2}","{""Walmart"":56,""McDonald's"":41,""ConocoPhillips"":39,""Costco"":35,""Exxon Mobil"":31,""Chevron"":29,""Starbucks"":29,""Shell Oil"":27,""Target"":25,""Albertsons"":25,""Maverik"":25,""Chick-fil-A"":23,""Walgreens"":23,""Lowe's"":21,""Dollar Tree"":21,""Panda Express"":19,""Subway"":19,""7-Eleven"":17,""Wendy's"":17,""Love's Travel Stops and Country Stores"":17}","{""Amazon"":52,""Apple"":45,""Netflix"":31,""AT&T"":27,""Amazon Digital Services"":23,""Hulu"":19,""Audible"":19,""Spotify"":17,""Verizon Wireless"":15,""Walmart"":13,""Uber"":13,""Sirius XM"":13,""Amazon Marketplace"":13,""Target"":11,""Planet Fitness"":11,""Amazon Kindle"":9,""Steam"":7,""Roku"":7,""YouTube TV"":7,""Dutch Bros. Coffee"":7}","{""McDonald's"":41,""Starbucks"":29,""Chick-fil-A"":23,""Panda Express"":23,""Subway"":19,""Taco Bell"":17,""Wendy's"":17,""Burger King"":15,""Jimmy John's"":11,""Panera Bread"":11,""Dairy Queen"":11,""Dunkin'"":11,""Little Caesars"":9,""Mackenzie River"":9,""Pizza Hut"":9,""Cold Stone Creamery"":9,""Arby's"":9,""Sonic"":7,""Chipotle Mexican Grill"":7,""Einstein Brothers"":7}","{""ConocoPhillips"":21,""Travelodge"":3}","{""AT&T"":29,""Verizon Wireless"":23,""T-Mobile"":11}","{""Netflix"":31,""Hulu"":19,""Roku"":7,""YouTube TV"":7,""Dish Network"":7,""Disney Plus"":5,""Amazon Prime Video"":5,""Sling TV"":3,""HBO Max"":3,""Youtube"":3,""Redbox"":3}","{""Instacart"":3,""Uber Eats"":3}","{""Uber"":13,""Lyft"":3}","{""Afterpay"":5,""Affirm.com"":3,""Klarna"":3}","{""Apple Card"":5,""PayPal"":3,""Venmo"":3}"
173612,226-222@5wf-jgs-q75,,,2022-06-01,2022-07-01,4090.57,123,70,23.66,39.86,"{""25"":10.10,""75"":41.16}","[133.46,172.88,82.72,103.82,19.48,280.44,92.28,403.66,215.26,282.78,430.93,249.88,1580.40,42.58,0.00,0.00,0.00,0.00,0.00,0.00,0.00,0.00,0.00,0.00,0.00,0.00,0.00,0.00,0.00,0.00]","[33.37,20.59,11.88,36.79,9.74,18.72,26.95,26.00,25.59,59.01,24.56,61.12,23.66,42.58,null,null,null,null,null,null,null,null,null,null,null,null,null,null,null,null]","{""Monday"":1860.84,""Tuesday"":134.86,""Wednesday"":537.12,""Thursday"":388.14,""Friday"":365.50,""Saturday"":534.75,""Sunday"":269.36}","{""Wednesday"":5,""Monday"":4,""Saturday"":4,""Thursday"":5,""Tuesday"":4,""Friday"":4,""Sunday"":4}",90.0,-24.0,2,23.65,"{""Square"":100,""No intermediary"":23}","{""Square"":2799.98,""No intermediary"":1290.59}","{""1"":41,""2"":18,""3"":1,""4"":8,""5-10"":2,"">10"":0}","{""1"":29.56,""2"":81.91,""3"":113.28,""4"":123.17,""5-10"":152.83,"">10"":null}","{""<25k"":11,""25-45k"":6,""45-60k"":2,""75-100k"":6,""100-150k"":13,"">150k"":28}","{""<25k"":37.97,""25-45k"":28.71,""45-60k"":5.46,""75-100k"":23.80,""100-150k"":40.91,"">150k"":95.02}","{""Vernal, UT"":4,""Troy, MI"":3,""Lechee, AZ"":3,""Greenwood, SC"":3,""Saint Louis, MO"":3,""Trumbull, CT"":2,""Schertz, TX"":2,""Garciasville, TX"":2,""Somers Point, NJ"":2,""Chicago, IL"":2,""Nashville, TN"":2,""Salt Lake City, UT"":2,""Carlisle, IA"":2,""Murfreesboro, TN"":2,""Peoria, IL"":2,""Ocala, FL"":2,""Ft Mitchell, KY"":2,""Dora, AL"":2,""Richardson, TX"":2,""Delmar, DE"":2,""Katy, TX"":2,""Moab, UT"":2,""Phoenix, AZ"":2,""Blaine, MN"":2,""Meridian, ID"":2,""Zachary, LA"":2,""Louisville, KY"":2,""Tampa, FL"":2,""Missoula, MT"":2,""Omaha, NE"":2,""Sarasota, FL"":2,""Bradenton, FL"":2,""Dacula, GA"":2,""Between, GA"":2,""Trussville, AL"":2,""Strongsville, OH"":2,""Northport, AL"":2,""Pinole, CA"":2,""Colorado Springs, CO"":2,""Monument, CO"":2,""Philadelphia, PA"":2,""Minot, ND"":2,""Grant, ID"":2,""Texas City, TX"":2,""Waterville, ME"":2,""Chesterfield, MO"":2,""Fort Leonard Wood, MO"":2,""Buffalo, PA"":2,""Indianapolis, IN"":2,""Fort Gratiot, MI"":2,""Middletown, IN"":2,""Lacey, WA"":2,""Aurora, CO"":2,""Cherryville, PA"":2,""Fort Collins, CO"":2,""Austin, TX"":2,""Logan, UT"":2}","{""Walmart"":65,""McDonald's"":55,""Starbucks"":50,""Target"":40,""Shell Oil"":39,""ConocoPhillips"":38,""Exxon Mobil"":36,""Chevron"":35,""CVS"":32,""Maverik"":29,""Wendy's"":26,""Chick-fil-A"":26,""Subway"":26,""The Home Depot"":25,""Costco"":25,""Taco Bell"":23,""Walgreens"":23,""Sonic"":22,""BP"":20,""Albertsons"":20}","{""Amazon"":63,""Apple"":39,""Netflix"":36,""Amazon Digital Services"":25,""Hulu"":22,""Spotify"":22,""Verizon Wireless"":20,""AT&T"":20,""Target"":19,""Comcast"":19,""Amazon Marketplace"":18,""Audible"":16,""Etsy"":15,""Sirius XM"":13,""T-Mobile"":12,""Walmart"":10,""Uber"":10,""Airbnb"":10,""YouTube TV"":9,""Fandango"":9}","{""McDonald's"":55,""Starbucks"":52,""Wendy's"":28,""Chick-fil-A"":26,""Subway"":26,""Taco Bell"":23,""Sonic"":22,""Dairy Queen"":18,""Jimmy John's"":16,""Domino's Pizza"":13,""Panera Bread"":12,""Panda Express"":12,""Burger King"":12,""Arby's"":10,""Chili's Grill & Bar"":9,""Chipotle Mexican Grill"":8,""Caribou Coffee"":8,""In-N-Out Burger"":8,""Dunkin'"":8,""Little Caesars"":6}","{""ConocoPhillips"":12,""Super 8"":5}","{""Verizon Wireless"":26,""AT&T"":25,""T-Mobile"":15,""Sprint"":2}","{""Netflix"":36,""Hulu"":22,""Disney Plus"":16,""YouTube TV"":9,""Roku"":6,""HBO Max"":6,""Dish Network"":5,""Fubo"":3,""Amazon Prime Video"":3,""Sling TV"":2,""Youtube"":2,""Peacock"":2,""Time Warner Cable"":2,""Youtube Premium"":2}","{""Instacart"":9,""Uber Eats"":8,""HelloFresh"":5,""Dashpass"":2}","{""Uber"":10,""Lyft"":8}","{""Affirm.com"":3,""Klarna"":2,""Zip Company"":2}","{""Apple Card"":2,""Venmo"":2}"
173775,222-222@5wf-jgs-y5f,,,2022-06-01,2022-07-01,3010.64,39,30,68.41,98.47,"{""25"":38.45,""75"":116.34}","[114.56,344.48,234.96,27.05,0.00,405.46,136.82,699.89,0.00,210.63,0.00,272.69,399.36,98.04,66.70,0.00,0.00,0.00,0.00,0.00,0.00,0.00,0.00,0.00,0.00,0.00,0.00,0.00,0.00,0.00]","[114.56,69.68,47.12,27.05,null,48.02,68.41,116.34,null,105.32,null,92.21,99.84,13.15,66.70,null,null,null,null,null,null,null,null,null,null,null,null,null,null,null]","{""Monday"":804.82,""Tuesday"":234.86,""Wednesday"":881.15,""Thursday"":344.48,""Friday"":445.59,""Saturday"":27.05,""Sunday"":272.69}","{""Wednesday"":5,""Monday"":4,""Saturday"":4,""Thursday"":5,""Tuesday"":4,""Friday"":4,""Sunday"":4}",-17.0,-70.0,0,0.0,"{""No intermediary"":39}","{""No intermediary"":3010.64}","{""1"":25,""2"":3,""3"":0,""4"":2,""5-10"":0,"">10"":0}","{""1"":91.08,""2"":178.73,""3"":null,""4"":98.73,""5-10"":null,"">10"":null}","{""<25k"":4,""25-45k"":6,""45-60k"":4,""60-75k"":2,""75-100k"":2,""100-150k"":4,"">150k"":9}","{""<25k"":53.93,""25-45k"":77.28,""45-60k"":37.54,""60-75k"":157.96,""75-100k"":105.64,""100-150k"":120.53,"">150k"":140.18}","{""Bozeman, MT"":5,""Bellevue, NE"":4,""Victor, ID"":3,""Overland Park, KS"":3,""Berea, OH"":2,""Wilson, NC"":2,""Chambersburg, PA"":2,""Salt Lake City, UT"":2,""Stratford, NJ"":2,""Montreat, NC"":2,""Carol Stream, IL"":2,""Dora, AL"":2,""Birmingham, AL"":2,""Cody, WY"":2,""Westminster, CO"":2,""Gardiner, MT"":2,""Strongsville, OH"":2,""Boise, ID"":2,""Emigrant, MT"":2,""Athens, GA"":2,""Exton, PA"":2,""Annandale, VA"":2,""Hoover, AL"":2,""Fairfax, VA"":2,""Hayden, CO"":2}","{""Walmart"":67,""McDonald's"":60,""ConocoPhillips"":47,""Target"":44,""Albertsons"":34,""Exxon Mobil"":34,""Chick-fil-A"":27,""Costco"":24,""Walgreens"":24,""Shell Oil"":24,""Taco Bell"":20,""The Home Depot"":20,""Ace Hardware"":20,""Panera Bread"":20,""Holiday Station"":17,""Starbucks"":17,""CVS"":17,""Phillips 66"":17,""Chevron"":14,""Lowe's"":14}","{""Amazon"":57,""Apple"":37,""Netflix"":30,""Spotify"":30,""Verizon Wireless"":27,""Comcast"":20,""AT&T"":17,""Sirius XM"":14,""Amazon Digital Services"":14,""Target"":10,""Chipotle Mexican Grill"":10,""Steam"":10,""Uber"":10,""Google Storage"":10,""Best Buy"":10,""Fandango"":7,""Chewy"":7,""Coinbase"":7,""The Home Depot"":7,""Klarna"":7}","{""McDonald's"":60,""Chick-fil-A"":30,""Chipotle Mexican Grill"":20,""Taco Bell"":20,""Panera Bread"":20,""Starbucks"":17,""Buffalo Wild Wings"":14,""Burger King"":14,""Subway"":14,""Domino's Pizza"":10,""Whataburger"":10,""Dairy Queen"":10,""Raising Cane's"":10,""Dunkin'"":10,""Jack's Family Restaurants"":7,""Jimmy John's"":7,""Mellow Mushroom"":7,""Chili's Grill & Bar"":7,""Olive Garden"":7,""Mackenzie River"":7}","{""ConocoPhillips"":34,""Super 8"":4}","{""Verizon Wireless"":34,""AT&T"":17,""T-Mobile"":4}","{""Netflix"":30,""Dish Network"":7,""Disney Plus"":7,""Starz"":7,""Roku"":4,""HBO Max"":4,""Peacock"":4,""Hulu"":4,""DirecTV"":4}","{""Uber Eats"":7,""Dashpass"":4,""HelloFresh"":4,""Postmates"":4}","{""Uber"":10}","{""Klarna"":7,""Afterpay"":4}","{""Apple Card"":4}"
174248,zzw-222@5wf-hrs-4vz,SG_BRAND_a57232142367eb326bf60ca1d7660233,Sinclair Oil,2022-06-01,2022-07-01,197.83,10,8,5.8,4.39,"{""25"":2.49,""75"":45.31}","[0.00,0.00,0.00,0.00,0.00,0.00,97.76,5.38,23.48,0.00,4.98,66.23,0.00,0.00,0.00,0.00,0.00,0.00,0.00,0.00,0.00,0.00,0.00,0.00,0.00,0.00,0.00,0.00,0.00,0.00]","[null,null,null,null,null,null,42.98,5.38,11.74,null,2.49,33.12,null,null,null,null,null,null,null,null,null,null,null,null,null,null,null,null,null,null]","{""Monday"":0.00,""Tuesday"":97.76,""Wednesday"":5.38,""Thursday"":23.48,""Friday"":0.00,""Saturday"":4.98,""Sunday"":66.23}","{""Wednesday"":5,""Monday"":4,""Saturday"":4,""Thursday"":5,""Tuesday"":4,""Friday"":4,""Sunday"":4}",174.0,-73.0,0,0.0,"{""No intermediary"":10}","{""No intermediary"":197.83}","{""1"":7,""2"":0,""3"":1,""4"":0,""5-10"":0,"">10"":0}","{""1"":15.93,""2"":null,""3"":86.32,""4"":null,""5-10"":null,"">10"":null}","{""25-45k"":4,""45-60k"":2,""60-75k"":3,""100-150k"":2,"">150k"":2}","{""25-45k"":20.05,""45-60k"":2.49,""60-75k"":86.32,""100-150k"":42.98,"">150k"":2.94}","{""Saint George, UT"":2,""Grayling, MT"":2,""Sandy, UT"":2,""Salt Lake City, UT"":2,""Ogden, UT"":2,""Orlando, FL"":2,""Layton, UT"":2}","{""Walmart"":75,""Costco"":75,""McDonald's"":75,""Maverik"":63,""Smith's Food & Drug Stores"":50,""Target"":38,""Ross Stores"":38,""Chick-fil-A"":38,""Harmons"":38,""Burger King"":38,""Carl's Jr."":38,""Phillips 66"":38,""FiiZ Drinks"":38,""Shell Oil"":38,""Subway"":38,""Arby's"":38,""Verizon Wireless"":25,""Chevron"":25,""Taco Bell"":25,""Lowe's"":25}","{""Amazon"":75,""Spotify"":50,""Target"":38,""Verizon Wireless"":38,""Netflix"":38,""Etsy"":25,""Trader Joe's"":25,""Google"":25,""Bath & Body Works"":25,""Amazon Digital Services"":25,""McDonald's"":25,""Paramount Acceptance"":25,""Cinemark Theatres"":25,""Walmart"":13,""Little Caesars"":13,""LevelUp"":13,""Jimmy John's"":13,""Snack & Soda"":13,""Disney Mobile"":13,""Planet Fitness"":13}","{""Phillips 66"":38,""Shell Oil"":38,""Chevron"":25,""ConocoPhillips"":25,""Exxon Mobil"":25,""Loaf 'N Jug"":13,""Mobil"":13,""Love's Travel Stops and Country Stores"":13,""Holiday Oil"":13,""Pilot Flying J"":13}",{},"{""Verizon Wireless"":50,""Disney Mobile"":13}","{""Netflix"":38,""Roku"":13,""Fubo"":13,""Redbox"":13,""Hulu"":13,""Disney Plus"":13,""Amazon Prime Video"":13,""Starz"":13}",{},"{""Uber"":13}","{""Klarna"":25}",{}
174700,22k-222@5wf-jgs-pvz,,,2022-06-01,2022-07-01,1053.47,7,5,65.47,312.0,"{""25"":26.00,""75"":312.00}","[0.00,0.00,260.00,52.00,0.00,0.00,0.00,0.00,0.00,0.00,65.47,624.00,0.00,0.00,0.00,0.00,0.00,0.00,0.00,0.00,52.00,0.00,0.00,0.00,0.00,0.00,0.00,0.00,0.00,0.00]","[null,null,260.00,52.00,null,null,null,null,null,null,65.47,312.00,null,null,null,null,null,null,null,null,26.00,null,null,null,null,null,null,null,null,null]","{""Monday"":0.00,""Tuesday"":52.00,""Wednesday"":0.00,""Thursday"":0.00,""Friday"":260.00,""Saturday"":117.47,""Sunday"":624.00}","{""Wednesday"":5,""Monday"":4,""Saturday"":4,""Thursday"":5,""Tuesday"":4,""Friday"":4,""Sunday"":4}",15.0,,2,312.0,"{""Square"":7}","{""Square"":1053.47}","{""1"":3,""2"":2,""3"":0,""4"":0,""5-10"":0,"">10"":0}","{""1"":229.82,""2"":182.00,""3"":null,""4"":null,""5-10"":null,"">10"":null}","{"">150k"":4}","{"">150k"":210.69}","{""Saint Paul, MN"":4,""Bellevue, WA"":2,""Sarasota, FL"":2,""Leesburg, VA"":2}","{""Walmart"":80,""Target"":80,""Trader Joe's"":60,""Verizon Wireless"":60,""Total Wine & More"":60,""Lowe's"":60,""The UPS Store"":60,""Chick-fil-A"":60,""Walgreens"":60,""Dick's Sporting Goods"":60,""McDonald's"":60,""Exxon Mobil"":60,""ULTA Beauty"":40,""Bruster's Ice Cream"":40,""Albertsons"":40,""Taco Bell"":40,""7-Eleven"":40,""Ace Hardware"":40,""Sheetz"":40,""Bed Bath & Beyond"":40}","{""Netflix"":100,""Amazon"":80,""Apple"":60,""Spotify"":60,""Audible"":60,""Walmart"":40,""Cabela's"":40,""Target"":40,""Sirius XM"":40,""E-ZPass"":40,""Amazon Digital Services"":40,""Comcast"":40,""Amazon Marketplace"":40,""Express Scripts"":40,""Anytime Fitness"":20,""Trader Joe's"":20,""Lyft"":20,""Steam"":20,""YouTube TV"":20,""Airbnb"":20}","{""Anytime Fitness"":20,""Lifetime Fitness"":20}","{""ConocoPhillips"":20}","{""Verizon Wireless"":60,""AT&T"":40}","{""Netflix"":100,""YouTube TV"":20,""Hulu"":20}",{},"{""Lyft"":20}",{},{}
174942,222-222@5wf-jgv-nbk,,,2022-06-01,2022-07-01,1213.14,28,22,38.8,45.01,"{""25"":25.15,""75"":57.84}","[0.00,20.84,32.88,18.84,45.83,83.96,27.88,97.42,0.00,99.32,115.90,102.68,502.32,0.00,0.00,0.00,0.00,0.00,0.00,0.00,0.00,0.00,0.00,25.94,0.00,0.00,39.33,0.00,0.00,0.00]","[null,20.84,32.88,18.84,45.83,41.98,13.94,19.28,null,49.66,38.26,51.34,62.49,null,null,null,null,null,null,null,null,null,null,25.94,null,null,39.33,null,null,null]","{""Monday"":625.61,""Tuesday"":27.88,""Wednesday"":97.42,""Thursday"":20.84,""Friday"":158.14,""Saturday"":134.74,""Sunday"":148.51}","{""Wednesday"":5,""Monday"":4,""Saturday"":4,""Thursday"":5,""Tuesday"":4,""Friday"":4,""Sunday"":4}",-43.0,-17.0,0,0.0,"{""No intermediary"":28}","{""No intermediary"":1213.14}","{""1"":16,""2"":6,""3"":0,""4"":0,""5-10"":0,"">10"":0}","{""1"":36.07,""2"":106.01,""3"":null,""4"":null,""5-10"":null,"">10"":null}","{""<25k"":2,""25-45k"":7,""45-60k"":2,""75-100k"":2,""100-150k"":3,"">150k"":7}","{""<25k"":13.94,""25-45k"":65.18,""45-60k"":39.55,""75-100k"":36.11,""100-150k"":43.62,"">150k"":72.15}","{""Clovis, NM"":5,""Youngstown, OH"":2,""Ponte Vedra, FL"":2,""Conifer, CO"":2,""Orangevale, CA"":2,""Boardman, OH"":2,""Bellingham, WA"":2,""Vernal, UT"":2,""Gardiner, MT"":2,""Greenwood, SC"":2,""Broken Arrow, OK"":2,""Colorado Springs, CO"":2,""Monument, CO"":2,""Chubbuck, ID"":2,""Lake Saint Louis, MO"":2,""Fort Leonard Wood, MO"":2,""Helena, MT"":2,""Denton, TX"":2,""North Royalton, OH"":2,""Bend, OR"":2}","{""Walmart"":64,""Target"":46,""ConocoPhillips"":41,""McDonald's"":41,""Lowe's"":32,""Costco"":28,""Subway"":28,""Chevron"":23,""Albertsons"":23,""Taco Bell"":23,""Safeway"":23,""Maverik"":23,""Chick-fil-A"":23,""Pilot Flying J"":23,""Shell Oil"":23,""Arby's"":23,""Great Clips"":19,""Ace Hardware"":19,""Love's Travel Stops and Country Stores"":19,""Walgreens"":19}","{""Amazon"":60,""Netflix"":41,""Apple"":37,""Amazon Marketplace"":32,""Amazon Digital Services"":28,""AT&T"":19,""Target"":14,""Sirius XM"":14,""The Home Depot"":14,""Dish Network"":14,""eBay"":14,""Kohl's"":14,""Costco"":14,""Hulu"":14,""Spotify"":14,""Verizon Wireless"":10,""Dutch Bros. Coffee"":10,""Chewy"":10,""OnStar"":10,""Jersey Mike's Subs"":10}","{""McDonald's"":41,""Subway"":28,""Taco Bell"":23,""Chick-fil-A"":23,""Arby's"":23,""Burger King"":19,""Baskin Robbins"":14,""Starbucks"":14,""Wendy's"":14,""Panera Bread"":14,""Dairy Queen"":14,""Pizza Hut"":14,""Perkins Restaurant & Bakery"":14,""IHOP"":10,""Chipotle Mexican Grill"":10,""Jersey Mike's"":10,""Domino's Pizza"":10,""Smoothie King"":10,""Buffalo Wild Wings"":10,""Del Taco"":10}","{""ConocoPhillips"":28}","{""AT&T"":19,""Verizon Wireless"":19,""T-Mobile"":10}","{""Netflix"":41,""Disney Plus"":23,""Dish Network"":14,""Hulu"":14,""Roku"":5,""YouTube TV"":5,""Funimation"":5,""Vudu"":5,""Crunchyroll"":5,""Amazon Prime Video"":5}","{""Dashpass"":5,""Instacart"":5,""Uber Eats"":5,""DoorDash"":5}",{},"{""Klarna"":5}","{""Apple Card"":5}"
175340,zzw-222@5wf-hrs-4vz,SG_BRAND_a57232142367eb326bf60ca1d7660233,Sinclair Oil,2022-07-01,2022-08-01,85.3,3,3,8.27,8.27,"{""25"":2.03,""75"":75.00}","[0.00,0.00,0.00,0.00,0.00,0.00,2.03,0.00,0.00,8.27,0.00,0.00,0.00,0.00,0.00,0.00,0.00,0.00,0.00,0.00,0.00,0.00,0.00,0.00,0.00,0.00,0.00,0.00,0.00,75.00,0.00]","[null,null,null,null,null,null,2.03,null,null,8.27,null,null,null,null,null,null,null,null,null,null,null,null,null,null,null,null,null,null,null,75.00,null]","{""Monday"":0.00,""Tuesday"":0.00,""Wednesday"":0.00,""Thursday"":2.03,""Friday"":0.00,""Saturday"":75.00,""Sunday"":8.27}","{""Wednesday"":4,""Monday"":4,""Saturday"":5,""Thursday"":4,""Tuesday"":4,""Friday"":5,""Sunday"":5}",-57.0,-79.0,0,0.0,"{""No intermediary"":3}","{""No intermediary"":85.30}","{""1"":3,""2"":0,""3"":0,""4"":0,""5-10"":0,"">10"":0}","{""1"":28.43,""2"":null,""3"":null,""4"":null,""5-10"":null,"">10"":null}","{""45-60k"":2,""75-100k"":2,"">150k"":2}","{""45-60k"":2.03,""75-100k"":75.00,"">150k"":8.27}","{""North Las Vegas, NV"":2,""South Jordan, UT"":2,""West Jordan, UT"":2}","{""Chevron"":100,""Costco"":100,""Walmart"":67,""The Home Depot"":67,""Wendy's"":67,""Smith's Food & Drug Stores"":67,""Maverik"":67,""Pilot Flying J"":67,""McDonald's"":67,""AutoZone"":67,""Petco"":34,""Little Caesars"":34,""Vasa Fitness"":34,""Sprouts Farmers Market"":34,""Olive Garden"":34,""CenturyLink"":34,""Ross Stores"":34,""Scheels"":34,""Taco Bell"":34,""Macey's"":34}","{""Apple"":67,""Maverik"":67,""Costco"":67,""Walmart"":34,""Amazon"":34,""Sephora"":34,""Nintendo"":34,""Epic Games"":34,""Popeyes Louisiana Kitchen"":34,""Netflix"":34,""eBay"":34,""Chick-fil-A"":34,""Hulu"":34,""Spotify"":34,""AT&T"":34,""In-N-Out Burger"":34,""Sam's Club"":34}","{""Chevron"":100,""Pilot Flying J"":67,""Speedway"":34,""ConocoPhillips"":34,""Texaco"":34,""Phillips 66"":34,""Shell Oil"":34}",{},"{""AT&T"":34}","{""Hulu"":34,""Netflix"":34}",{},{},{},{}
175350,222-222@5wf-jgv-nbk,,,2022-07-01,2022-08-01,698.07,21,11,31.01,62.02,"{""25"":21.49,""75"":47.12}","[0.00,0.00,0.00,0.00,45.40,50.35,0.00,0.00,0.00,0.00,148.76,50.78,0.00,0.00,195.70,0.00,20.10,0.00,0.00,0.00,0.00,0.00,0.00,0.00,0.00,0.00,0.00,0.00,145.92,0.00,41.06]","[null,null,null,null,22.70,50.35,null,null,null,null,37.19,12.70,null,null,48.93,null,20.10,null,null,null,null,null,null,null,null,null,null,null,36.48,null,41.06]","{""Monday"":148.76,""Tuesday"":96.18,""Wednesday"":50.35,""Thursday"":0.00,""Friday"":341.62,""Saturday"":0.00,""Sunday"":61.16}","{""Wednesday"":4,""Monday"":4,""Saturday"":5,""Thursday"":4,""Tuesday"":4,""Friday"":5,""Sunday"":5}",-42.0,-62.0,2,98.36,"{""No intermediary"":21}","{""No intermediary"":698.07}","{""1"":1,""2"":10,""3"":0,""4"":0,""5-10"":0,"">10"":0}","{""1"":20.10,""2"":67.80,""3"":null,""4"":null,""5-10"":null,"">10"":null}","{""25-45k"":3,""45-60k"":4,""60-75k"":2,""100-150k"":3,"">150k"":2}","{""25-45k"":49.02,""45-60k"":94.23,""60-75k"":86.74,""100-150k"":52.45,"">150k"":59.23}","{""Bairdford, PA"":3,""Gardiner, MT"":3,""Kingman, AZ"":2,""Folsom, CA"":2,""Moran, WY"":2,""Port Angeles, WA"":2,""Emigrant, MT"":2,""Philadelphia, PA"":2,""Austin, TX"":2}","{""Walmart"":73,""ConocoPhillips"":55,""McDonald's"":46,""Sunoco"":46,""Chipotle Mexican Grill"":37,""Chevron"":28,""Albertsons"":28,""Lowe's"":28,""Dairy Queen"":28,""Shell Oil"":28,""Dunkin'"":28,""Target"":19,""Verizon Wireless"":19,""BP"":19,""ALDI"":19,""Taco Bell"":19,""The Home Depot"":19,""Speedway"":19,""7-Eleven"":19,""Buffalo Wild Wings"":19}","{""Apple"":64,""Netflix"":37,""Amazon"":28,""Spotify"":28,""Lyft"":19,""Target"":19,""E-ZPass"":19,""Comcast"":19,""Amazon Marketplace"":19,""Anytime Fitness"":10,""Verizon Wireless"":10,""Chipotle Mexican Grill"":10,""Nayax"":10,""Chewy"":10,""Sirius XM"":10,""Youtube"":10,""The Home Depot"":10,""Speedway"":10,""Google Play"":10,""Macy's"":10}","{""McDonald's"":46,""Chipotle Mexican Grill"":37,""Dairy Queen"":28,""Dunkin'"":28,""Taco Bell"":19,""Buffalo Wild Wings"":19,""Starbucks"":19,""Old Chicago Pizza and Taproom"":10,""Chili's Grill & Bar"":10,""Cook Out"":10,""Olive Garden"":10,""Wild Wing Cafe"":10,""Domino's Pizza"":10,""Taco John's"":10,""KFC"":10,""BJ's Restaurants"":10,""Mackenzie River"":10,""Burgatory"":10,""Jose Peppers"":10,""Wendy's"":10}","{""ConocoPhillips"":19,""United States Postal Service (USPS)"":10}","{""Verizon Wireless"":28,""T-Mobile"":19,""AT&T"":10}","{""Netflix"":37,""Amazon Prime"":10,""Youtube"":10}","{""Dashpass"":10}","{""Lyft"":19}",{},{}
176054,22k-222@5wf-jgs-pvz,,,2022-07-01,2022-08-01,1058.08,16,11,39.87,37.4,"{""25"":14.69,""75"":133.37}","[0.00,0.00,0.00,0.00,0.00,18.46,0.00,0.00,0.00,0.00,0.00,0.00,0.00,349.44,122.08,0.00,15.86,37.40,0.00,0.00,24.94,158.48,0.00,0.00,0.00,0.00,0.00,28.60,0.00,302.82,0.00]","[null,null,null,null,null,18.46,null,null,null,null,null,null,null,174.72,61.04,null,15.86,18.70,null,null,12.47,79.24,null,null,null,null,null,14.30,null,151.41,null]","{""Monday"":37.40,""Tuesday"":0.00,""Wednesday"":18.46,""Thursday"":402.98,""Friday"":280.56,""Saturday"":302.82,""Sunday"":15.86}","{""Wednesday"":4,""Monday"":4,""Saturday"":5,""Thursday"":4,""Tuesday"":4,""Friday"":5,""Sunday"":5}",0.0,,0,0.0,"{""Square"":16}","{""Square"":1058.08}","{""1"":6,""2"":5,""3"":0,""4"":0,""5-10"":0,"">10"":0}","{""1"":60.96,""2"":138.47,""3"":null,""4"":null,""5-10"":null,"">10"":null}","{""<25k"":2,""75-100k"":2,""100-150k"":2,"">150k"":5}","{""<25k"":14.30,""75-100k"":24.94,""100-150k"":18.46,"">150k"":140.87}","{""New York, NY"":4,""Seattle, WA"":4,""Estero, FL"":4,""Whitefish, MT"":2,""California, MD"":2,""Emigrant, MT"":2,""Northwood, NH"":2,""Leesburg, VA"":2,""Boston, MA"":2}","{""Albertsons"":64,""ConocoPhillips"":64,""Walmart"":55,""Lowe's"":55,""Exxon Mobil"":55,""Costco"":46,""Walgreens"":46,""McDonald's"":46,""Verizon Wireless"":37,""The Home Depot"":37,""7-Eleven"":37,""REI"":37,""Marathon"":37,""Sunoco"":37,""Shell Oil"":37,""BP"":28,""Harbor Freight Tools"":28,""Safeway"":28,""Starbucks"":28,""Love's Travel Stops and Country Stores"":28}","{""Amazon"":73,""Apple"":55,""Netflix"":55,""Spotify"":37,""Chewy"":28,""E-ZPass"":28,""Audible"":28,""Amazon Marketplace"":28,""Nayax"":19,""The Wall Street Journal"":19,""Kohl's"":19,""Amazon Digital Services"":19,""AT&T"":19,""Comcast"":19,""Express Scripts"":19,""Etsy"":10,""Walmart"":10,""Cabela's"":10,""Anytime Fitness"":10,""Target"":10}","{""Anytime Fitness"":10}","{""ConocoPhillips"":46}","{""Verizon Wireless"":46,""AT&T"":19}","{""Netflix"":55,""YouTube TV"":10,""Hulu"":10,""Disney Plus"":10,""Amazon Prime Video"":10}","{""DoorDash"":10}","{""Uber"":10}","{""Afterpay"":10}",{}
176716,223-223@5wf-jgs-wc5,,,2022-07-01,2022-08-01,3831.44,74,37,50.16,96.72,"{""25"":22.78,""75"":71.39}","[96.84,0.00,0.00,0.00,284.80,152.30,107.92,0.00,0.00,207.16,516.70,339.70,496.92,25.92,33.36,0.00,80.95,628.36,71.61,245.86,111.50,0.00,0.00,20.85,312.18,45.56,0.00,52.95,0.00,0.00,0.00]","[48.42,null,null,null,15.72,57.97,107.92,null,null,30.61,71.39,48.36,59.97,12.96,8.34,null,80.95,62.90,71.61,57.91,55.75,null,null,20.85,50.16,22.78,null,52.95,null,null,null]","{""Monday"":1457.24,""Tuesday"":741.67,""Wednesday"":895.08,""Thursday"":298.29,""Friday"":130.20,""Saturday"":0.00,""Sunday"":308.96}","{""Wednesday"":4,""Monday"":4,""Saturday"":5,""Thursday"":4,""Tuesday"":4,""Friday"":5,""Sunday"":5}",-19.0,-49.0,0,0.0,"{""No intermediary"":74}","{""No intermediary"":3831.44}","{""1"":8,""2"":25,""3"":1,""4"":2,""5-10"":1,"">10"":0}","{""1"":77.15,""2"":109.76,""3"":192.47,""4"":107.44,""5-10"":62.97,"">10"":null}","{""<25k"":2,""25-45k"":2,""45-60k"":3,""60-75k"":2,""75-100k"":6,""100-150k"":4,"">150k"":12}","{""<25k"":60.13,""25-45k"":62.82,""45-60k"":108.61,""60-75k"":88.06,""75-100k"":101.41,""100-150k"":126.76,"">150k"":111.70}","{""Billings, MT"":4,""Colorado Springs, CO"":3,""Raleigh, NC"":2,""Dover, DE"":2,""Friday Harbor, WA"":2,""Virginia Beach, VA"":2,""Phoenix, AZ"":2,""Belgrade, MT"":2,""Tampa, FL"":2,""Gardiner, MT"":2,""Port Angeles, WA"":2,""Centerville, OH"":2,""Boise, ID"":2,""Lake Charles, LA"":2,""Columbus, OH"":2,""Emigrant, MT"":2,""Spokane, WA"":2,""Sanford, NC"":2,""Northwood, NH"":2,""Bozeman, MT"":2,""Helena, MT"":2,""Alexandria, IN"":2,""Bridger, MT"":2,""Scottsdale, AZ"":2,""Ashton, ID"":2,""Bethesda, MD"":2,""Moraine, OH"":2}","{""Walmart"":63,""McDonald's"":52,""ConocoPhillips"":49,""Target"":44,""Costco"":38,""Albertsons"":36,""CVS"":36,""Lowe's"":33,""Exxon Mobil"":33,""Taco Bell"":28,""Safeway"":28,""The Home Depot"":25,""Wendy's"":25,""Ace Hardware"":25,""Chick-fil-A"":25,""Starbucks"":22,""Walgreens"":22,""Dairy Queen"":22,""Shell Oil"":22,""Chipotle Mexican Grill"":19}","{""Amazon"":49,""Apple"":38,""Netflix"":30,""Spotify"":30,""AT&T"":19,""Google"":17,""Target"":14,""Verizon Wireless"":14,""Amazon Digital Services"":14,""Spectrum"":14,""Amazon Marketplace"":14,""Etsy"":11,""Walmart"":11,""Sirius XM"":11,""Audible"":11,""Amazon Prime Video"":11,""Fubo"":9,""AMC Theatres"":9,""Macy's"":9,""Klarna"":9}","{""McDonald's"":52,""Taco Bell"":30,""Wendy's"":25,""Chick-fil-A"":25,""Starbucks"":22,""Dairy Queen"":22,""Chipotle Mexican Grill"":19,""Culver's"":19,""Burger King"":17,""Subway"":17,""Panera Bread"":14,""Panda Express"":14,""In-N-Out Burger"":14,""Jimmy John's"":11,""Papa Murphy's"":11,""Domino's Pizza"":11,""Taco John's"":11,""Arby's"":11,""Freddy's Frozen Custard"":9,""Liberty Burger"":9}","{""United States Postal Service (USPS)"":3}","{""Verizon Wireless"":30,""AT&T"":19,""T-Mobile"":9,""Sprint"":3}","{""Netflix"":30,""Amazon Prime Video"":11,""Fubo"":9,""Peacock"":9,""Hulu"":9,""Dish Network"":6,""Disney Plus"":6,""Starz"":3}","{""Dashpass"":6,""Uber Eats"":3,""Go Puff"":3,""Grubhub"":3}","{""Lyft"":6,""Uber"":6}","{""Klarna"":9,""Afterpay"":6,""Affirm.com"":3}","{""PayPal"":6,""Apple Card"":3}"
177456,zzw-225@5wf-jgs-pvz,,,2022-07-01,2022-08-01,798.13,19,9,37.24,74.48,"{""25"":19.76,""75"":47.75}","[0.00,0.00,0.00,0.00,0.00,0.00,0.00,0.00,0.00,0.00,103.12,0.00,0.00,136.40,151.40,0.00,0.00,0.00,0.00,232.27,0.00,0.00,0.00,0.00,0.00,0.00,0.00,60.94,114.00,0.00,0.00]","[null,null,null,null,null,null,null,null,null,null,25.78,null,null,34.10,75.70,null,null,null,null,33.20,null,null,null,null,null,null,null,60.94,28.50,null,null]","{""Monday"":103.12,""Tuesday"":0.00,""Wednesday"":232.27,""Thursday"":197.34,""Friday"":265.40,""Saturday"":0.00,""Sunday"":0.00}","{""Wednesday"":4,""Monday"":4,""Saturday"":5,""Thursday"":4,""Tuesday"":4,""Friday"":5,""Sunday"":5}",6.0,-41.0,0,0.0,"{""No intermediary"":19}","{""No intermediary"":798.13}","{""1"":1,""2"":7,""3"":0,""4"":1,""5-10"":0,"">10"":0}","{""1"":60.94,""2"":90.58,""3"":null,""4"":103.12,""5-10"":null,"">10"":null}","{""<25k"":2,""45-60k"":2,""60-75k"":3,""75-100k"":2,""100-150k"":2,"">150k"":3}","{""<25k"":103.12,""45-60k"":151.40,""60-75k"":127.62,""75-100k"":60.94,""100-150k"":51.51,"">150k"":58.64}","{""Greensboro, NC"":2,""Bloomington, IN"":2,""Carmel, IN"":2,""Ann Arbor, MI"":2,""Virginia Beach, VA"":2,""Emigrant, MT"":2,""Carlsbad, CA"":2,""Austin, TX"":2}","{""Walmart"":45,""Albertsons"":45,""ConocoPhillips"":45,""Target"":34,""Starbucks"":34,""Wendy's"":34,""Circle K"":34,""Whole Foods Market"":34,""Chick-fil-A"":34,""Walgreens"":34,""McDonald's"":34,""Exxon Mobil"":34,""Shell Oil"":34,""Trader Joe's"":23,""Chipotle Mexican Grill"":23,""Chevron"":23,""Kroger"":23,""Lowe's"":23,""Safeway"":23,""Dollar General"":23}","{""Amazon"":56,""Spotify"":56,""Apple"":34,""Google"":34,""Netflix"":34,""Etsy"":23,""Target"":23,""Ring"":23,""Amazon Digital Services"":23,""Lyft"":12,""Dropbox"":12,""Chipotle Mexican Grill"":12,""Planet Fitness"":12,""Uber"":12,""Ipsy"":12,""Chewy"":12,""Sirius XM"":12,""Speedway"":12,""Delta Air Lines"":12,""Mercari Group"":12}","{""Courtyard by Marriott"":12,""Holiday Inn"":12,""Westin Hotels & Resorts"":12}","{""ConocoPhillips"":12}","{""Verizon Wireless"":12}","{""Netflix"":34,""Amazon Prime"":12,""Hulu"":12}","{""Instacart"":12}","{""Lyft"":12,""Uber"":12}",{},{}
177691,zzy-224@5wf-jgs-t9z,SG_BRAND_27ee73cd1fb6f5e432852fea401eacce,United States Postal Service (USPS),2022-07-01,2022-08-01,254.41,8,6,18.48,30.0,"{""25"":8.95,""75"":57.25}","[0.00,0.00,0.00,0.00,0.00,87.57,0.00,62.00,0.00,0.00,77.89,0.00,0.00,0.00,0.00,0.00,0.00,0.00,0.00,0.00,0.00,0.00,0.00,0.00,0.00,0.00,0.00,0.00,26.95,0.00,0.00]","[null,null,null,null,null,87.57,null,62.00,null,null,8.95,null,null,null,null,null,null,null,null,null,null,null,null,null,null,null,null,null,26.95,null,null]","{""Monday"":77.89,""Tuesday"":0.00,""Wednesday"":87.57,""Thursday"":0.00,""Friday"":88.95,""Saturday"":0.00,""Sunday"":0.00}","{""Wednesday"":4,""Monday"":4,""Saturday"":5,""Thursday"":4,""Tuesday"":4,""Friday"":5,""Sunday"":5}",1.0,-18.0,0,0.0,"{""No intermediary"":8}","{""No intermediary"":254.41}","{""1"":4,""2"":2,""3"":0,""4"":0,""5-10"":0,"">10"":0}","{""1"":22.48,""2"":82.26,""3"":null,""4"":null,""5-10"":null,"">10"":null}","{""<25k"":2,""25-45k"":2,""45-60k"":2,""100-150k"":2,"">150k"":2}","{""<25k"":49.99,""25-45k"":62.00,""45-60k"":10.00,""100-150k"":114.52,"">150k"":8.95}","{""Bozeman, MT"":2,""Gardiner, MT"":2,""Hayward, WI"":2,""Helena, MT"":2}","{""ConocoPhillips"":100,""Albertsons"":84,""Walmart"":67,""McDonald's"":67,""Taco John's"":50,""Dairy Queen"":50,""Subway"":50,""Little Caesars"":34,""Target"":34,""Verizon Wireless"":34,""Kwik Trip"":34,""Sprouts Farmers Market"":34,""CenturyLink"":34,""Hornbacher's"":34,""ALDI"":34,""Loaf 'N Jug"":34,""Lowe's"":34,""The Home Depot"":34,""Hobby Lobby Stores"":34,""PetSmart"":34}","{""The Home Depot"":50,""Target"":34,""Amazon"":34,""Sirius XM"":34,""Barclaycard US"":34,""Experian"":34,""Cricut"":34,""Express Scripts"":34,""Sling TV"":17,""Verizon Wireless"":17,""Klarna"":17,""Apple"":17,""Netflix"":17,""Spotify"":17,""Amazon Digital Services"":17,""Blizzard Entertainment"":17,""Disney Plus"":17,""T-Mobile"":17}",{},{},"{""Verizon Wireless"":50,""T-Mobile"":34,""Straight Talk"":34}","{""Disney Plus"":17,""Sling TV"":17,""Netflix"":17}",{},{},"{""Klarna"":17}",{}
178511,226-222@5wf-jgs-q75,,,2022-07-01,2022-08-01,1101.52,28,16,25.88,31.59,"{""25"":17.14,""75"":55.63}","[0.00,0.00,0.00,0.00,0.00,0.00,0.00,0.00,0.00,0.00,0.00,37.08,308.72,399.66,0.00,0.00,0.00,66.16,83.74,51.76,10.92,0.00,0.00,0.00,0.00,0.00,0.00,0.00,111.26,0.00,32.22]","[null,null,null,null,null,null,null,null,null,null,null,18.54,67.77,21.77,null,null,null,16.54,30.95,25.88,5.46,null,null,null,null,null,null,null,55.63,null,32.22]","{""Monday"":66.16,""Tuesday"":120.82,""Wednesday"":360.48,""Thursday"":410.58,""Friday"":111.26,""Saturday"":0.00,""Sunday"":32.22}","{""Wednesday"":4,""Monday"":4,""Saturday"":5,""Thursday"":4,""Tuesday"":4,""Friday"":5,""Sunday"":5}",-73.0,-83.0,0,0.0,"{""Square"":24,""No intermediary"":4}","{""Square"":668.42,""No intermediary"":433.10}","{""1"":6,""2"":9,""3"":0,""4"":1,""5-10"":0,"">10"":0}","{""1"":27.95,""2"":95.11,""3"":null,""4"":77.82,""5-10"":null,"">10"":null}","{""25-45k"":2,""100-150k"":3,"">150k"":12}","{""25-45k"":12.92,""100-150k"":73.77,"">150k"":72.28}","{""San Diego, CA"":3,""Ballston Spa, NY"":3,""Lancaster, PA"":2,""Kenosha, WI"":2,""Middletown, NJ"":2,""Missoula, MT"":2,""Brighton, CO"":2,""Maryville, TN"":2,""Sanford, NC"":2,""Lexington, KY"":2,""Leesburg, VA"":2,""Butte, AK"":2}","{""Walmart"":69,""Albertsons"":63,""Target"":57,""Starbucks"":57,""Exxon Mobil"":50,""McDonald's"":44,""Shell Oil"":44,""Chipotle Mexican Grill"":38,""Lowe's"":38,""ConocoPhillips"":38,""Love's Travel Stops and Country Stores"":38,""The Home Depot"":32,""Costco"":32,""Chick-fil-A"":32,""Walgreens"":32,""Dairy Queen"":32,""Subway"":32,""Dunkin'"":32,""Jimmy John's"":25,""Loaf 'N Jug"":25}","{""Amazon"":63,""Apple"":44,""Audible"":38,""Netflix"":32,""Hulu"":32,""Apple Card"":25,""Amazon Digital Services"":25,""Comcast"":25,""Amazon Marketplace"":25,""Target"":19,""Nayax"":19,""Airbnb"":19,""Compassion International"":19,""Google Storage"":19,""Express Scripts"":19,""Walmart"":13,""Anytime Fitness"":13,""Fandango"":13,""Sirius XM"":13,""Nintendo"":13}","{""Starbucks"":57,""McDonald's"":50,""Chipotle Mexican Grill"":38,""Chick-fil-A"":32,""Dairy Queen"":32,""Subway"":32,""Dunkin'"":32,""Jimmy John's"":25,""Domino's Pizza"":19,""Panera Bread"":19,""Rita's Italian Ice"":13,""Pappadeaux Seafood Kitchen"":13,""Macaroni Grill"":13,""Auntie Anne's"":13,""Taco John's"":13,""Braum's Ice Cream and Dairy Stores"":13,""Mackenzie River"":13,""Liberty Burger"":13,""Qdoba Mexican Grill"":13,""Red Robin Gourmet Burgers"":13}","{""ConocoPhillips"":13}","{""Verizon Wireless"":25,""AT&T"":13,""Sprint"":7,""T-Mobile"":7}","{""Netflix"":32,""Hulu"":32,""Disney Plus"":25,""Sling TV"":7,""Roku"":7,""YouTube TV"":7,""Amazon Prime"":7,""Amazon Prime Video"":7}","{""HelloFresh"":7,""Instacart"":7}","{""Lyft"":7,""Uber"":7}",{},"{""Apple Card"":25}"
178660,223-222@5wf-jgs-t9z,,,2022-07-01,2022-08-01,9618.66,205,43,26.28,118.02,"{""25"":14.91,""75"":59.20}","[344.60,126.09,123.92,89.18,889.72,53.61,63.83,275.56,31.75,74.56,147.48,351.58,403.14,263.56,134.84,31.66,146.01,1028.72,60.11,889.48,182.58,169.28,122.26,0.00,1600.14,899.60,5.68,175.78,106.42,474.59,352.93]","[14.68,19.99,24.98,21.87,22.66,15.03,16.22,24.98,31.75,37.28,21.18,21.87,59.01,52.69,18.48,15.83,20.16,72.02,21.45,154.71,20.32,21.76,35.60,null,46.60,77.11,5.68,46.37,12.99,56.05,64.61]","{""Monday"":2865.52,""Tuesday"":2201.01,""Wednesday"":1351.91,""Thursday"":685.75,""Friday"":1030.70,""Saturday"":786.35,""Sunday"":697.42}","{""Wednesday"":4,""Monday"":4,""Saturday"":5,""Thursday"":4,""Tuesday"":4,""Friday"":5,""Sunday"":5}",-6.0,-35.0,0,0.0,"{""No intermediary"":205}","{""No intermediary"":9618.66}","{""1"":9,""2"":15,""3"":2,""4"":6,""5-10"":5,"">10"":6}","{""1"":53.20,""2"":82.11,""3"":121.92,""4"":365.14,""5-10"":552.50,"">10"":451.85}","{""<25k"":2,""25-45k"":5,""45-60k"":3,""60-75k"":2,""75-100k"":7,""100-150k"":3,"">150k"":12}","{""<25k"":30.64,""25-45k"":220.64,""45-60k"":118.73,""60-75k"":165.47,""75-100k"":137.26,""100-150k"":78.48,"">150k"":405.52}","{""Gardiner, MT"":9,""Bozeman, MT"":5,""Scottsdale, AZ"":5,""Carmel, IN"":3,""Clearfield, UT"":3,""Emigrant, MT"":3,""Advance, MI"":3,""Bairdford, PA"":2,""Friday Harbor, WA"":2,""Depew, NY"":2,""South Salt Lake, UT"":2,""Issaquah, WA"":2,""Fremont, UT"":2,""Ogden, UT"":2,""Keller, TX"":2,""Seattle, WA"":2,""Spokane, WA"":2,""Richland Hills, TX"":2,""Leesburg, VA"":2,""Vancouver, WA"":2,""Idaho Falls, ID"":2,""Boston, MA"":2}","{""ConocoPhillips"":47,""Walmart"":40,""Albertsons"":40,""McDonald's"":35,""Exxon Mobil"":33,""Target"":31,""Costco"":28,""Murdoch's Ranch & Home Supply"":26,""Shell Oil"":24,""Lowe's"":21,""Maverik"":21,""Subway"":21,""Verizon Wireless"":19,""The Home Depot"":17,""Safeway"":17,""Love's Travel Stops and Country Stores"":17,""United States Postal Service (USPS)"":17,""Chevron"":14,""Holiday Station"":14,""Starbucks"":14}","{""Amazon"":59,""Apple"":45,""Netflix"":31,""Audible"":24,""Spotify"":21,""Amazon Digital Services"":19,""Amazon Marketplace"":17,""AT&T"":14,""Target"":12,""Comcast"":12,""Amazon Kindle"":12,""Chewy"":10,""Hulu"":10,""Amazon Prime Video"":10,""Walmart"":7,""Verizon Wireless"":7,""Nayax"":7,""Gap"":7,""Airbnb"":7,""Sirius XM"":7}","{""Albertsons"":40,""Safeway"":17,""Smith's Food & Drug Stores"":14,""Kroger"":7,""Circle K"":7,""Wegmans Food Markets"":7,""Rosauers"":5,""Family Fare"":5,""7-Eleven"":5,""Fred Meyer"":5,""Thriftway"":5,""GetGo"":5,""Food Lion"":5,""QFC (Quality Food Centers)"":5,""Allsup's"":5,""Martin's Foods"":3,""Trader Joe's"":3,""Kwik Trip"":3,""Giant Eagle"":3,""Hornbacher's"":3}","{""ConocoPhillips"":24,""United States Postal Service (USPS)"":7}","{""Verizon Wireless"":26,""AT&T"":17,""T-Mobile"":5,""Disney Mobile"":3,""Straight Talk"":3}","{""Netflix"":31,""Hulu"":10,""Amazon Prime Video"":10,""Disney Plus"":5,""Sling TV"":3,""YouTube TV"":3,""Dish Network"":3,""Starz"":3}","{""Dashpass"":5}",{},"{""Klarna"":5}","{""PayPal"":3,""Apple Card"":3}"
