,PLACEKEY,SAFEGRAPH_BRAND_IDS,BRANDS,SPEND_DATE_RANGE_START,SPEND_DATE_RANGE_END,RAW_TOTAL_SPEND,RAW_NUM_TRANSACTIONS,RAW_NUM_CUSTOMERS,MEDIAN_SPEND_PER_TRANSACTION,MEDIAN_SPEND_PER_CUSTOMER,SPEND_PER_TRANSACTION_PERCENTILES,SPEND_BY_DAY,SPEND_PER_TRANSACTION_BY_DAY,SPEND_BY_DAY_OF_WEEK,DAY_COUNTS,SPEND_PCT_CHANGE_VS_PREV_MONTH,SPEND_PCT_CHANGE_VS_PREV_YEAR,ONLINE_TRANSACTIONS,ONLINE_SPEND,TRANSACTION_INTERMEDIARY,SPEND_BY_TRANSACTION_INTERMEDIARY,BUCKETED_CUSTOMER_FREQUENCY,MEAN_SPEND_PER_CUSTOMER_BY_FREQUENCY,BUCKETED_CUSTOMER_INCOMES,MEAN_SPEND_PER_CUSTOMER_BY_INCOME,CUSTOMER_HOME_CITY,RELATED_CROSS_SHOPPING_PHYSICAL_BRANDS_PCT,RELATED_CROSS_SHOPPING_ONLINE_MERCHANTS_PCT,RELATED_CROSS_SHOPPING_SAME_CATEGORY_BRANDS_PCT,RELATED_CROSS_SHOPPING_LOCAL_BRANDS_PCT,RELATED_WIRELESS_CARRIER_PCT,RELATED_STREAMING_CABLE_PCT,RELATED_DELIVERY_SERVICE_PCT,RELATED_RIDESHARE_SERVICE_PCT,RELATED_BUYNOWPAYLATER_SERVICE_PCT,RELATED_PAYMENT_PLATFORM_PCT
164425,zzy-225@5wg-jfw-p5f,,,2022-05-01,2022-06-01,1742.64,6,6,235.02,235.02,"{""25"":142.68,""75"":427.29}","[145.48,246.16,0.00,0.00,0.00,0.00,0.00,0.00,0.00,134.28,0.00,0.00,358.16,0.00,0.00,0.00,0.00,0.00,223.88,634.68,0.00,0.00,0.00,0.00,0.00,0.00,0.00,0.00,0.00,0.00,0.00]","[145.48,246.16,null,null,null,null,null,null,null,134.28,null,null,358.16,null,null,null,null,null,223.88,634.68,null,null,null,null,null,null,null,null,null,null,null]","{""Monday"":246.16,""Tuesday"":134.28,""Wednesday"":0.00,""Thursday"":223.88,""Friday"":992.84,""Saturday"":0.00,""Sunday"":145.48}","{""Wednesday"":4,""Monday"":5,""Saturday"":4,""Thursday"":4,""Tuesday"":5,""Friday"":4,""Sunday"":5}",,-66.0,0,0.0,"{""No intermediary"":6}","{""No intermediary"":1742.64}","{""1"":6,""2"":0,""3"":0,""4"":0,""5-10"":0,"">10"":0}","{""1"":290.44,""2"":null,""3"":null,""4"":null,""5-10"":null,"">10"":null}","{""<25k"":2,""25-45k"":2,""100-150k"":2,"">150k"":2}","{""<25k"":358.16,""25-45k"":190.22,""100-150k"":223.88,"">150k"":390.08}","{""Mount Airy, MD"":3,""Pittsburgh, PA"":2,""Cedar Park, TX"":2,""Mckinney, TX"":2,""Strafford, MO"":2,""Pocatello, ID"":2}","{""7-Eleven"":67,""United States Postal Service (USPS)"":67,""Target"":50,""Albertsons"":50,""Speedway"":50,""Walgreens"":50,""Exxon Mobil"":50,""Shell Oil"":50,""Walmart"":34,""Chevron"":34,""BP"":34,""Kroger"":34,""The Home Depot"":34,""Fred Meyer"":34,""Enterprise Rent-A-Car"":34,""Maverik"":34,""Chick-fil-A"":34,""McDonald's"":34,""Cinemark Theatres"":34,""Sunoco"":34}","{""Amazon"":84,""Spotify"":50,""Uber Eats"":50,""Uber"":34,""The Home Depot"":34,""Cinemark Theatres"":34,""Etsy"":17,""Walmart"":17,""Target"":17,""Verizon Wireless"":17,""Chipotle Mexican Grill"":17,""Steam"":17,""Taco Bell"":17,""Merchant Bankcard"":17,""Apple"":17,""Compassion International"":17,""Costco"":17,""ExxonMobil"":17,""E-ZPass"":17,""Amazon Digital Services"":17}","{""Comfort Suites"":17,""Super 8"":17,""Days Inn"":17,""Baymont Inn & Suites"":17,""Marriott Hotels"":17,""Best Western"":17,""Quality Inn"":17}","{""McDonald's"":17}","{""AT&T"":17,""T-Mobile"":17,""Verizon Wireless"":17}","{""Disney Plus"":17}","{""Uber Eats"":50}","{""Uber"":34}",{},{}
164471,228-222@5wg-hzm-7bk,,,2022-05-01,2022-06-01,11469.25,148,123,69.02,77.1,"{""25"":35.19,""75"":113.84}","[313.88,1041.83,111.10,158.06,111.62,119.36,0.00,444.18,684.45,74.55,136.13,535.88,182.75,100.81,350.29,1147.69,587.96,889.39,260.79,39.09,305.41,355.44,299.93,431.05,276.31,199.24,359.86,307.87,127.22,742.29,774.82]","[117.00,88.38,37.49,79.03,55.81,24.60,null,54.00,72.09,20.54,68.07,93.93,91.38,18.03,105.82,76.33,114.85,78.28,130.40,19.55,77.10,38.70,44.60,70.65,63.55,99.62,179.93,54.25,37.00,79.02,62.32]","{""Monday"":3916.19,""Tuesday"":1979.48,""Wednesday"":1459.89,""Thursday"":1107.53,""Friday"":701.06,""Saturday"":714.09,""Sunday"":1591.01}","{""Wednesday"":4,""Monday"":5,""Saturday"":4,""Thursday"":4,""Tuesday"":5,""Friday"":4,""Sunday"":5}",97.0,-39.0,0,0.0,"{""No intermediary"":148}","{""No intermediary"":11469.25}","{""1"":108,""2"":10,""3"":4,""4"":0,""5-10"":1,"">10"":0}","{""1"":84.11,""2"":138.46,""3"":200.46,""4"":null,""5-10"":199.27,"">10"":null}","{""<25k"":10,""25-45k"":26,""45-60k"":10,""60-75k"":8,""75-100k"":12,""100-150k"":15,"">150k"":35}","{""<25k"":64.76,""25-45k"":81.49,""45-60k"":71.36,""60-75k"":154.37,""75-100k"":75.23,""100-150k"":101.17,"">150k"":109.12}","{""Idaho Falls, ID"":6,""Salt Lake City, UT"":4,""Blackfoot, ID"":4,""Harbor City, CA"":4,""Cumming, GA"":4,""Bountiful, UT"":3,""Springville, UT"":3,""Ogden, UT"":3,""Seattle, WA"":3,""Farmington, UT"":3,""West Valley, UT"":3,""Saint George, UT"":2,""Lancaster, PA"":2,""Driggs, ID"":2,""Grayling, MT"":2,""Mccall, ID"":2,""Goodyear, AZ"":2,""Woods Cross, UT"":2,""Sandy, UT"":2,""West Mifflin, PA"":2,""Elmhurst, IL"":2,""Crosby, MD"":2,""Paducah, KY"":2,""Stuart, FL"":2,""Pittsburgh, PA"":2,""Bannack, MT"":2,""Vernal, UT"":2,""Key Largo, FL"":2,""Collinsburg, PA"":2,""Kimberton, PA"":2,""Kettle Falls, WA"":2,""Wilberforce, OH"":2,""Auburn, WA"":2,""Gilbert, AZ"":2,""Houston, TX"":2,""Tavernier, FL"":2,""Gunnison, CO"":2,""Phoenix, AZ"":2,""Big Sky, MT"":2,""Folsom, CA"":2,""Highland, UT"":2,""Avondale, AZ"":2,""Park City, UT"":2,""Louisville, KY"":2,""Harrisville, UT"":2,""Marshall, MN"":2,""Eden, UT"":2,""Pocatello, ID"":2,""Clearfield, UT"":2,""Goldsboro, NC"":2,""Crestview, FL"":2,""Cordova, AL"":2,""Fullerton, CA"":2,""Spring, TX"":2,""Great Falls, MT"":2,""Rapid City, SD"":2,""New Orleans, LA"":2,""California City, CA"":2,""Port Richey, FL"":2,""Orange Park, FL"":2,""Danville, IN"":2,""Ammon, ID"":2,""Butler, PA"":2,""Mcdonald, WA"":2,""Lexington, KY"":2,""Bakersfield, CA"":2,""Colorado Springs, CO"":2,""Philadelphia, PA"":2,""Basalt, CO"":2,""Draper, UT"":2,""Cincinnati, OH"":2,""Media, PA"":2,""Horsham, PA"":2,""Metairie, LA"":2,""Charleston, UT"":2,""Pottstown, PA"":2,""Dixon, CA"":2,""Helena, MT"":2,""Candia, NH"":2,""Sumiton, AL"":2,""Henderson, NV"":2,""Orem, UT"":2,""Ennis, MT"":2,""Eagle, ID"":2,""Peoria, AZ"":2,""Kendallville, IN"":2,""Logan, UT"":2}","{""Walmart"":65,""McDonald's"":57,""Chevron"":40,""Maverik"":37,""Shell Oil"":35,""ConocoPhillips"":27,""Target"":26,""7-Eleven"":25,""Walgreens"":25,""Wendy's"":23,""Exxon Mobil"":22,""Subway"":22,""Pilot Flying J"":22,""Chick-fil-A"":21,""Albertsons"":20,""The Home Depot"":20,""Starbucks"":20,""Taco Bell"":19,""Burger King"":19,""Lowe's"":18}","{""Amazon"":59,""Apple"":39,""Netflix"":32,""Amazon Digital Services"":22,""Spotify"":22,""Comcast"":20,""Hulu"":17,""AT&T"":17,""ExxonMobil"":15,""Google"":14,""Verizon Wireless"":10,""Uber Eats"":10,""Uber"":9,""Maverik"":9,""Walmart"":9,""Planet Fitness"":9,""The Home Depot"":9,""Amazon Marketplace"":9,""eBay"":8,""T-Mobile"":8}","{""McDonald's"":58,""Chick-fil-A"":25,""Wendy's"":24,""Subway"":22,""Taco Bell"":20,""Starbucks"":20,""Burger King"":20,""Arby's"":14,""Panda Express"":14,""Dairy Queen"":13,""Little Caesars"":12,""Chipotle Mexican Grill"":12,""In-N-Out Burger"":11,""Buffalo Wild Wings"":9,""Dunkin'"":9,""Olive Garden"":9,""KFC"":9,""Jack in the Box"":9,""Panera Bread"":9,""Culver's"":8}","{""McDonald's"":16,""Exxon Mobil"":13,""Phillips 66"":6,""Chevron"":5,""ConocoPhillips"":4,""NAPA Auto Parts"":3,""Haagen Dazs"":3,""United States Postal Service (USPS)"":2,""Days Inn"":1}","{""Verizon Wireless"":23,""AT&T"":22,""T-Mobile"":9,""Google Fi"":3,""Sprint"":3,""Straight Talk"":2,""MetroPCS"":1,""TracFone Wireless"":1}","{""Netflix"":32,""Hulu"":17,""Disney Plus"":7,""HBO Max"":6,""YouTube TV"":5,""Youtube Premium"":4,""Roku"":3,""Youtube"":3,""Dish Network"":3,""Sling TV"":2,""Funimation"":1,""Time Warner Cable"":1,""Amazon Prime"":1}","{""Uber Eats"":10,""DoorDash"":5,""Postmates"":1,""Instacart"":1,""Dashpass"":1}","{""Uber"":9,""Lyft"":6}","{""Afterpay"":4,""Klarna"":4,""Zip Company"":3}","{""Apple Cash"":3,""Apple Card"":3,""PayPal"":3,""Venmo"":1,""Cash App"":1}"
164508,223-224@5wg-hzm-9s5,SG_BRAND_5b0bdabac6b05c2e37cd904ce2c6fadf,Mobil,2022-05-01,2022-06-01,69.06,2,2,34.53,34.53,"{""25"":7.69,""75"":61.37}","[0.00,0.00,0.00,0.00,0.00,0.00,0.00,0.00,0.00,0.00,0.00,0.00,0.00,0.00,0.00,0.00,0.00,0.00,0.00,0.00,0.00,0.00,0.00,7.69,0.00,0.00,0.00,0.00,0.00,0.00,61.37]","[null,null,null,null,null,null,null,null,null,null,null,null,null,null,null,null,null,null,null,null,null,null,null,7.69,null,null,null,null,null,null,61.37]","{""Monday"":0.00,""Tuesday"":69.06,""Wednesday"":0.00,""Thursday"":0.00,""Friday"":0.00,""Saturday"":0.00,""Sunday"":0.00}","{""Wednesday"":4,""Monday"":5,""Saturday"":4,""Thursday"":4,""Tuesday"":5,""Friday"":4,""Sunday"":5}",,,0,0.0,"{""No intermediary"":2}","{""No intermediary"":69.06}","{""1"":2,""2"":0,""3"":0,""4"":0,""5-10"":0,"">10"":0}","{""1"":34.53,""2"":null,""3"":null,""4"":null,""5-10"":null,"">10"":null}","{""<25k"":2,""45-60k"":2}","{""<25k"":61.37,""45-60k"":7.69}","{""Queensbury, NY"":2,""Salt Lake City, UT"":2}","{""Speedway"":100,""Hannaford Supermarkets"":50,""T.J. Maxx"":50,""Hampton"":50,""Mutual of Omaha Bank"":50,""Costco"":50,""Boost Mobile"":50,""Harmons"":50,""United Pacific"":50,""Walgreens"":50,""BJ's Wholesale Club"":50,""REI"":50,""Spectrum"":50,""Stewart's Shops"":50,""Zoom Tan"":50,""ShopRite"":50,""Sunoco"":50,""Exxon Mobil"":50,""Shell Oil"":50}","{""Amazon"":50,""The Home Depot"":50,""Macy's"":50,""Netflix"":50,""eBay"":50,""Costco"":50,""Microsoft"":50,""E-ZPass"":50,""PayPal"":50}","{""Speedway"":100,""United Pacific"":50,""Sunoco"":50,""Exxon Mobil"":50,""Shell Oil"":50}",{},"{""Boost Mobile"":50}","{""Netflix"":50}",{},{},{},"{""PayPal"":50}"
164609,222-222@5wg-jfw-gff,,,2022-05-01,2022-06-01,9110.72,22,19,371.6,371.6,"{""25"":223.76,""75"":542.37}","[229.92,0.00,447.52,127.00,0.00,147.16,0.00,0.00,0.00,0.00,371.60,1114.80,0.00,0.00,0.00,788.00,0.00,0.00,0.00,1062.72,0.00,733.80,1343.40,806.04,0.00,0.00,749.92,0.00,0.00,0.00,1188.84]","[114.96,null,223.76,127.00,null,147.16,null,null,null,null,371.60,557.40,null,null,null,394.00,null,null,null,1062.72,null,366.90,537.36,806.04,null,null,749.92,null,null,null,468.48]","{""Monday"":2131.40,""Tuesday"":2442.40,""Wednesday"":498.60,""Thursday"":1114.80,""Friday"":1959.80,""Saturday"":0.00,""Sunday"":963.72}","{""Wednesday"":4,""Monday"":5,""Saturday"":4,""Thursday"":4,""Tuesday"":5,""Friday"":4,""Sunday"":5}",350.0,-2.0,3,1486.4,"{""No intermediary"":22}","{""No intermediary"":9110.72}","{""1"":16,""2"":3,""3"":0,""4"":0,""5-10"":0,"">10"":0}","{""1"":424.05,""2"":775.31,""3"":null,""4"":null,""5-10"":null,"">10"":null}","{""<25k"":2,""25-45k"":3,""45-60k"":2,""60-75k"":3,""75-100k"":3,""100-150k"":3,"">150k"":2}","{""<25k"":394.00,""25-45k"":232.13,""45-60k"":469.49,""60-75k"":537.36,""75-100k"":504.39,""100-150k"":670.56,"">150k"":717.16}","{""West Jordan, UT"":2,""Roy, UT"":2,""Park Ridge, IL"":2,""Pittsburgh, PA"":2,""Rockville, MD"":2,""Kansas City, MO"":2,""Park City, UT"":2,""Pocatello, ID"":2,""Clearfield, UT"":2,""Coeur D Alene, ID"":2,""Ammon, ID"":2,""Port Charlotte, FL"":2,""Bellevue, WA"":2,""Idaho Falls, ID"":2}","{""McDonald's"":48,""Walmart"":43,""7-Eleven"":43,""Shell Oil"":37,""Target"":32,""Lowe's"":27,""Apple Retail Store"":27,""Chevron"":22,""Albertsons"":22,""Smith's Food & Drug Stores"":22,""Chick-fil-A"":22,""Subway"":22,""ULTA Beauty"":16,""Taco Bell"":16,""The Home Depot"":16,""Maverik"":16,""Walgreens"":16,""Panera Bread"":16,""Batteries Plus Bulbs"":16,""CVS"":16}","{""Amazon"":48,""Apple"":48,""Netflix"":32,""Hulu"":27,""Comcast"":22,""Walmart"":16,""Goodwill"":16,""Spotify"":16,""Burger King"":16,""T-Mobile"":16,""Uber"":11,""Airbnb"":11,""Sirius XM"":11,""ExxonMobil"":11,""Amazon Digital Services"":11,""Best Buy"":11,""AT&T"":11,""Amazon Marketplace"":11,""Simplisafe"":11,""Sling TV"":6}","{""Howard Johnson (HoJo)"":6,""Holiday Inn"":6,""Days Inn"":6,""Sleep Inn"":6,""Baymont Inn & Suites"":6,""Marriott Hotels"":6,""Best Western"":6}","{""McDonald's"":22,""Days Inn"":6}","{""T-Mobile"":16,""AT&T"":11,""Verizon Wireless"":11,""Sprint"":6}","{""Netflix"":32,""Hulu"":27,""Sling TV"":6}",{},"{""Uber"":11}",{},"{""PayPal"":6}"
164632,224-222@5wg-hzm-9pv,,,2022-05-01,2022-06-01,3576.41,84,67,35.51,41.54,"{""25"":27.75,""75"":51.35}","[0.00,0.00,0.00,0.00,0.00,0.00,0.00,0.00,0.00,0.00,0.00,0.00,0.00,37.15,141.69,178.94,61.37,31.16,155.03,382.62,105.96,148.38,400.44,168.29,211.87,88.40,133.95,46.04,280.89,462.28,541.95]","[null,null,null,null,null,null,null,null,null,null,null,null,null,37.15,32.47,33.69,30.69,31.16,26.16,30.27,105.96,23.10,41.48,43.83,30.79,34.95,66.98,46.04,57.16,36.06,39.27]","{""Monday"":1041.66,""Tuesday"":771.61,""Wednesday"":243.03,""Thursday"":243.43,""Friday"":516.57,""Saturday"":189.15,""Sunday"":570.96}","{""Wednesday"":4,""Monday"":5,""Saturday"":4,""Thursday"":4,""Tuesday"":5,""Friday"":4,""Sunday"":5}",,7.0,0,0.0,"{""No intermediary"":84}","{""No intermediary"":3576.41}","{""1"":56,""2"":10,""3"":0,""4"":0,""5-10"":1,"">10"":0}","{""1"":46.60,""2"":75.14,""3"":null,""4"":null,""5-10"":215.44,"">10"":null}","{""<25k"":4,""25-45k"":6,""45-60k"":7,""60-75k"":5,""75-100k"":9,""100-150k"":13,"">150k"":13}","{""<25k"":42.04,""25-45k"":34.62,""45-60k"":34.38,""60-75k"":46.06,""75-100k"":55.12,""100-150k"":67.69,"">150k"":59.58}","{""Smyrna, GA"":3,""New Bern, NC"":3,""Pocatello, ID"":3,""Boise, ID"":3,""Logan, UT"":3,""Bountiful, UT"":2,""Sandy, UT"":2,""Nashville, TN"":2,""Laguna Niguel, CA"":2,""Riverview, FL"":2,""Salt Lake City, UT"":2,""San Francisco, CA"":2,""Montpelier, ID"":2,""Blackfoot, ID"":2,""Norfolk, VA"":2,""Springfield, IL"":2,""Big Sky, MT"":2,""Meridian, ID"":2,""Fife, WA"":2,""Ogden, UT"":2,""Loveland, CO"":2,""Boerne, TX"":2,""Kreamer, PA"":2,""Las Vegas, NV"":2,""Placerville, ID"":2,""Columbus, OH"":2,""Commerce, TX"":2,""Philadelphia, PA"":2,""Florence, AZ"":2,""Erda, UT"":2,""Bozeman, MT"":2,""Layton, UT"":2,""Cincinnati, OH"":2,""Kaysville, UT"":2,""Media, PA"":2,""Canton, GA"":2,""San Antonio, TX"":2,""Antioch, IL"":2,""Brickerville, PA"":2,""Torrance, CA"":2,""Lakeland, FL"":2,""Parker, ID"":2,""Featherville, ID"":2,""Coalfield, TN"":2,""Orem, UT"":2,""Lockport, NY"":2,""Overton, NV"":2,""Asheville, NC"":2,""Idaho Falls, ID"":2,""Huckabay, TX"":2,""Caldwell, ID"":2,""Austin, TX"":2}","{""Walmart"":66,""McDonald's"":56,""Maverik"":54,""Shell Oil"":45,""Chevron"":44,""Chick-fil-A"":35,""Wendy's"":32,""Subway"":29,""Lowe's"":27,""The Home Depot"":27,""Costco"":27,""Albertsons"":26,""Exxon Mobil"":26,""Starbucks"":24,""Walgreens"":24,""Verizon Wireless"":21,""Burger King"":21,""Taco Bell"":20,""Love's Travel Stops and Country Stores"":20,""Target"":18}","{""Amazon"":54,""Apple"":39,""Netflix"":30,""ExxonMobil"":20,""Comcast"":18,""Hulu"":14,""Maverik"":12,""Spotify"":12,""T-Mobile"":11,""Amazon Digital Services"":9,""Costa Vida"":9,""Amazon Marketplace"":9,""Sam's Club"":9,""Walmart"":8,""AT&T"":8,""Verizon Wireless"":6,""Uber"":6,""Chewy"":6,""Sirius XM"":6,""Barclaycard US"":6}","{""McDonald's"":56,""Wendy's"":36,""Chick-fil-A"":35,""Subway"":29,""Starbucks"":24,""Burger King"":21,""Taco Bell"":20,""Panda Express"":14,""Jimmy John's"":12,""Carl's Jr."":12,""IHOP"":11,""Costa Vida"":11,""Buffalo Wild Wings"":9,""Del Taco"":9,""Applebee's"":9,""Panera Bread"":9,""Culver's"":9,""Cracker Barrel"":9,""Sonic"":8,""Jersey Mike's"":8}","{""Exxon Mobil"":15,""McDonald's"":9,""Phillips 66"":5,""Chevron"":3,""Haagen Dazs"":3,""NAPA Auto Parts"":2,""ConocoPhillips"":2,""CENEX"":2,""Days Inn"":2}","{""Verizon Wireless"":26,""T-Mobile"":12,""AT&T"":11,""Sprint"":3,""Straight Talk"":2}","{""Netflix"":30,""Hulu"":14,""Disney Plus"":9,""Sling TV"":3,""YouTube TV"":3,""Redbox"":3,""Roku"":2,""HBO Max"":2,""Dish Network"":2,""Vudu"":2,""Amazon Prime"":2,""Starz"":2}","{""Uber Eats"":6,""DoorDash"":3,""Instacart"":2,""Dashpass"":2,""Shipt"":2}","{""Uber"":6}","{""Klarna"":3,""Sezzle"":2}","{""PayPal"":2,""Apple Card"":2,""Venmo"":2}"
164856,zzy-222@5wg-hzm-9vf,,,2022-05-01,2022-06-01,28.34,4,3,7.76,7.76,"{""25"":5.73,""75"":7.76}","[0.00,0.00,0.00,0.00,0.00,0.00,0.00,0.00,0.00,0.00,0.00,0.00,0.00,0.00,0.00,0.00,0.00,0.00,0.00,0.00,0.00,0.00,0.00,0.00,0.00,0.00,0.00,28.34,0.00,0.00,0.00]","[null,null,null,null,null,null,null,null,null,null,null,null,null,null,null,null,null,null,null,null,null,null,null,null,null,null,null,7.76,null,null,null]","{""Monday"":0.00,""Tuesday"":0.00,""Wednesday"":0.00,""Thursday"":0.00,""Friday"":0.00,""Saturday"":28.34,""Sunday"":0.00}","{""Wednesday"":4,""Monday"":5,""Saturday"":4,""Thursday"":4,""Tuesday"":5,""Friday"":4,""Sunday"":5}",,-90.0,0,0.0,"{""No intermediary"":4}","{""No intermediary"":28.34}","{""1"":2,""2"":1,""3"":0,""4"":0,""5-10"":0,"">10"":0}","{""1"":6.41,""2"":15.52,""3"":null,""4"":null,""5-10"":null,"">10"":null}","{""100-150k"":2,"">150k"":2}","{""100-150k"":6.41,"">150k"":15.52}","{""Moab, UT"":2,""Franklin, TN"":2,""Erda, UT"":2}","{""Einstein Brothers"":100,""Maverik"":100,""Chick-fil-A"":100,""Jimmy John's"":67,""Target"":67,""Verizon Wireless"":67,""Chipotle Mexican Grill"":67,""PetSmart"":67,""Harmons"":67,""Walmart"":34,""ULTA Beauty"":34,""Family Pharmacy"":34,""Jamba"":34,""Albertsons"":34,""Harbor Freight Tools"":34,""Domino's Pizza"":34,""Lowe's"":34,""WinCo Foods"":34,""The Home Depot"":34,""Apple Retail Store"":34}","{""Amazon"":100,""Netflix"":100,""Spotify"":100,""Amazon Digital Services"":100,""Verizon Wireless"":67,""Apple Card"":67,""Jamba Juice"":67,""Google"":67,""Maverik"":67,""Comcast"":67,""Smith's"":67,""Target"":34,""Nike"":34,""Airbnb"":34,""Nintendo"":34,""Taco Bell"":34,""The Home Depot"":34,""Einstein Bros. Bagels"":34,""Apple"":34,""Afterpay"":34}","{""Einstein Brothers"":100,""Chick-fil-A"":100,""Jimmy John's"":67,""Chipotle Mexican Grill"":67,""Jamba"":67,""The Crack Shack"":67,""Domino's Pizza"":34,""Taco Bell"":34,""Togo's Eateries"":34,""Del Taco"":34,""Starbucks"":34,""Wendy's"":34,""Krispy Kreme Doughnuts"":34,""Dutch Bros Coffee"":34,""Taco Time Northwest"":34,""Costa Vida"":34,""Maggiano's Little Italy"":34,""Cold Stone Creamery"":34,""Arby's"":34}",{},"{""Verizon Wireless"":100,""AT&T"":34}","{""Netflix"":100,""Amazon Prime"":34}",{},{},"{""Afterpay"":34}","{""Apple Card"":67}"
165272,229-222@5wg-hzm-7h5,,,2022-05-01,2022-06-01,2288.01,35,33,53.68,56.0,"{""25"":30.08,""75"":82.00}","[0.00,233.42,0.00,65.08,48.10,0.00,0.00,0.00,109.64,80.93,64.98,0.00,0.00,180.00,124.49,189.19,0.00,112.32,181.78,0.00,0.00,51.60,232.50,83.76,160.65,0.00,291.74,0.00,77.83,0.00,0.00]","[null,82.00,null,65.08,48.10,null,null,null,26.94,19.24,64.98,null,null,180.00,62.25,94.60,null,56.16,90.89,null,null,25.80,116.25,41.88,80.32,null,110.28,null,77.83,null,null]","{""Monday"":764.75,""Tuesday"":164.69,""Wednesday"":403.03,""Thursday"":229.88,""Friday"":291.74,""Saturday"":180.00,""Sunday"":253.92}","{""Wednesday"":4,""Monday"":5,""Saturday"":4,""Thursday"":4,""Tuesday"":5,""Friday"":4,""Sunday"":5}",545.0,73.0,0,0.0,"{""No intermediary"":35}","{""No intermediary"":2288.01}","{""1"":32,""2"":0,""3"":1,""4"":0,""5-10"":0,"">10"":0}","{""1"":67.71,""2"":null,""3"":121.32,""4"":null,""5-10"":null,"">10"":null}","{""<25k"":4,""25-45k"":2,""45-60k"":6,""60-75k"":3,""75-100k"":2,""100-150k"":7,"">150k"":7}","{""<25k"":26.13,""25-45k"":37.07,""45-60k"":56.98,""60-75k"":57.70,""75-100k"":135.04,""100-150k"":75.77,"">150k"":108.69}","{""State College, PA"":3,""West Wendover, NV"":2,""Brigham City, UT"":2,""Troy, MI"":2,""Surprise, AZ"":2,""Salt Lake City, UT"":2,""Collinsburg, PA"":2,""Blackfoot, ID"":2,""Houston, TX"":2,""Las Vegas, NV"":2,""Seattle, WA"":2,""Boise, ID"":2,""Cedar City, UT"":2,""Ammon, ID"":2,""Springfield, OR"":2,""Milton, FL"":2,""Port Charlotte, FL"":2,""Rexburg, ID"":2,""Erda, UT"":2,""Bozeman, MT"":2,""Layton, UT"":2,""Elk Grove Village, IL"":2,""Burley, ID"":2,""Ennis, MT"":2,""Auburn, AL"":2,""Idaho Falls, ID"":2,""Boston, MA"":2,""Kulpsville, PA"":2}","{""McDonald's"":76,""Walmart"":67,""Target"":46,""Maverik"":46,""Subway"":43,""Chevron"":40,""Taco Bell"":34,""Panda Express"":34,""Wendy's"":31,""Burger King"":31,""Shell Oil"":31,""Smith's Food & Drug Stores"":28,""Costco"":28,""Walgreens"":28,""Dollar Tree"":25,""Albertsons"":22,""The Home Depot"":22,""Starbucks"":22,""Love's Travel Stops and Country Stores"":22,""Chick-fil-A"":22}","{""Amazon"":58,""Apple"":43,""Spotify"":34,""Amazon Digital Services"":22,""Netflix"":19,""Maverik"":19,""AT&T"":19,""Lyft"":16,""Comcast"":16,""Uber"":13,""Google"":13,""Uber Eats"":13,""Walmart"":10,""The Home Depot"":10,""ConocoPhillips"":10,""eBay"":10,""Burger King"":10,""Costa Vida"":10,""CVS"":10,""iTunes"":10}","{""McDonald's"":76,""Subway"":43,""Taco Bell"":34,""Panda Express"":34,""Burger King"":34,""Wendy's"":31,""KFC"":22,""Starbucks"":22,""Chick-fil-A"":22,""Dairy Queen"":22,""Buffalo Wild Wings"":19,""Arby's"":19,""Domino's Pizza"":16,""Popeyes Louisiana Kitchen"":16,""Jack in the Box"":16,""IHOP"":13,""Jimmy John's"":13,""Arctic Circle"":13,""Raising Cane's"":13,""Carl's Jr."":13}","{""McDonald's"":28,""ConocoPhillips"":10,""Chevron"":4,""NAPA Auto Parts"":4,""Days Inn"":4,""Phillips 66"":4,""Exxon Mobil"":4}","{""AT&T"":22,""Verizon Wireless"":19,""Sprint"":7,""T-Mobile"":7}","{""Netflix"":19,""Sling TV"":7,""Dish Network"":7,""Redbox"":7,""Hulu"":7,""Amazon Prime"":7,""Disney Plus"":7,""Youtube"":4,""Peacock"":4,""Amazon Prime Video"":4,""Youtube Premium"":4}","{""Uber Eats"":13,""HelloFresh"":4,""Instacart"":4}","{""Lyft"":16,""Uber"":13}",{},"{""Apple Card"":4}"
165282,222-222@5wg-hzm-789,SG_BRAND_a144a8c10e1fe8006125571afd1a1e80,Exxon Mobil,2022-05-01,2022-06-01,11040.26,286,204,34.48,42.8,"{""25"":17.85,""75"":55.74}","[727.13,0.00,128.40,185.12,228.73,107.11,113.96,85.49,137.12,202.09,290.46,325.38,199.77,74.03,391.02,360.76,302.60,221.66,308.01,465.51,333.85,563.26,225.89,543.23,370.54,852.70,523.82,455.78,565.56,958.54,792.74]","[62.36,null,48.91,25.52,32.34,107.11,19.28,23.26,68.56,47.80,31.69,32.61,49.17,37.02,48.00,27.11,22.37,41.58,19.39,38.30,36.07,32.47,24.74,38.13,36.29,34.90,41.17,42.80,16.20,46.50,26.00]","{""Monday"":1682.31,""Tuesday"":1969.06,""Wednesday"":1067.78,""Thursday"":1714.82,""Friday"":1296.21,""Saturday"":977.62,""Sunday"":2332.46}","{""Wednesday"":4,""Monday"":5,""Saturday"":4,""Thursday"":4,""Tuesday"":5,""Friday"":4,""Sunday"":5}",565.0,7.0,51,2194.03,"{""No intermediary"":286}","{""No intermediary"":11040.26}","{""1"":152,""2"":41,""3"":7,""4"":0,""5-10"":3,"">10"":1}","{""1"":39.33,""2"":79.17,""3"":123.34,""4"":null,""5-10"":132.83,"">10"":554.82}","{""<25k"":19,""25-45k"":21,""45-60k"":16,""60-75k"":14,""75-100k"":28,""100-150k"":36,"">150k"":61}","{""<25k"":46.56,""25-45k"":28.81,""45-60k"":45.49,""60-75k"":42.02,""75-100k"":62.78,""100-150k"":55.70,"">150k"":66.98}","{""Bozeman, MT"":11,""Charleston, UT"":7,""Grayling, MT"":6,""Spring, TX"":6,""Reno, NV"":6,""Salt Lake City, UT"":5,""Gilbert, AZ"":5,""Boise, ID"":5,""Bannertown, NC"":4,""Billings, MT"":4,""Litchfield Park, AZ"":4,""Clarkdale, AZ"":3,""Dayton, OH"":3,""Benjamin, UT"":3,""Mckinney, TX"":3,""Park City, UT"":3,""Ogden, UT"":3,""State College, PA"":3,""Ammon, ID"":3,""Draper, UT"":3,""Sumiton, AL"":3,""Ennis, MT"":3,""Logan, UT"":3,""Hauser, ID"":2,""West Wendover, NV"":2,""West Jordan, UT"":2,""Saint George, UT"":2,""Amalga, UT"":2,""Mcbh Kaneohe Bay, HI"":2,""San Diego, CA"":2,""Bountiful, UT"":2,""Alexandria, VA"":2,""North Pole, AK"":2,""Syracuse, UT"":2,""Tucson, AZ"":2,""Shoreline, WA"":2,""Troy, MI"":2,""Chicago, IL"":2,""Salina, KS"":2,""Laguna Niguel, CA"":2,""Lincoln City, OR"":2,""Elmhurst, IL"":2,""Pittsburgh, PA"":2,""Centerville, UT"":2,""Gallatin Gateway, MT"":2,""Southlake, TX"":2,""Williston, ND"":2,""La Pine, OR"":2,""Morgan, UT"":2,""Afton, WY"":2,""Puyallup, WA"":2,""Blackfoot, ID"":2,""Flagstaff, AZ"":2,""Calera, AL"":2,""Santa Fe, NM"":2,""Tempe, AZ"":2,""Houston, TX"":2,""Dothan, AL"":2,""Concord, NC"":2,""Crouch, ID"":2,""Cypress, TX"":2,""Phoenix, AZ"":2,""Big Sky, MT"":2,""Olmsted Falls, OH"":2,""Provo, UT"":2,""Pleasant Grove, UT"":2,""Meridian, ID"":2,""Prescott Valley, AZ"":2,""Jefferson, NC"":2,""Adelino, NM"":2,""Harrisville, UT"":2,""Holly Springs, NC"":2,""Amherst, NY"":2,""Fernandina Beach, FL"":2,""Pocatello, ID"":2,""Omaha, NE"":2,""Cordova, AL"":2,""Manhattan Beach, CA"":2,""Buena Park, CA"":2,""Savannah, GA"":2,""Seattle, WA"":2,""Clark, WY"":2,""Lava Hot Springs, ID"":2,""Port Richey, FL"":2,""Orange Park, FL"":2,""Cedar City, UT"":2,""Riverton, UT"":2,""Baker, ID"":2,""Crystal Lake, IL"":2,""Midvale, UT"":2,""Spokane, WA"":2,""Mcdonald, WA"":2,""Lexington, KY"":2,""Los Altos, CA"":2,""Colorado Springs, CO"":2,""Farmington, UT"":2,""Medford, OR"":2,""Newport, WA"":2,""Andrew, LA"":2,""Rocky Mount, VA"":2,""Cherry Hill, NJ"":2,""Rexburg, ID"":2,""Cincinnati, OH"":2,""Kaysville, UT"":2,""Nampa, ID"":2,""Canton, GA"":2,""San Antonio, TX"":2,""Lehi, UT"":2,""Horsham, PA"":2,""Heyburn, ID"":2,""Brickerville, PA"":2,""Dallas, TX"":2,""Henderson, TX"":2,""Saratoga Springs, UT"":2,""Henderson, NV"":2,""Orem, UT"":2,""Erie, PA"":2,""Overton, NV"":2,""Patterson, IA"":2,""Herriman, UT"":2,""Asheville, NC"":2,""Daniels, ID"":2,""Boone, NC"":2,""Idaho Falls, ID"":2,""Peoria, AZ"":2,""Columbus, GA"":2,""Frederick, MD"":2,""Wake Forest, NC"":2}","{""Walmart"":63,""Maverik"":47,""McDonald's"":47,""Chevron"":39,""Costco"":36,""ConocoPhillips"":33,""Shell Oil"":32,""Albertsons"":30,""The Home Depot"":28,""Chick-fil-A"":25,""Lowe's"":24,""Target"":23,""Wendy's"":22,""Walgreens"":22,""Phillips 66"":21,""Taco Bell"":19,""Subway"":19,""Verizon Wireless"":18,""Love's Travel Stops and Country Stores"":17,""Starbucks"":17}","{""ExxonMobil"":100,""Amazon"":56,""Apple"":31,""Netflix"":27,""Spotify"":18,""Comcast"":15,""Verizon Wireless"":13,""AT&T"":13,""Hulu"":13,""Sirius XM"":12,""Amazon Digital Services"":12,""Walmart"":10,""Maverik"":10,""Amazon Marketplace"":10,""Google"":9,""Costco"":8,""Phillips 66"":8,""Target"":8,""Uber"":8,""ConocoPhillips"":7}","{""Chevron"":39,""ConocoPhillips"":38,""Shell Oil"":33,""Phillips 66"":27,""Love's Travel Stops and Country Stores"":17,""Pilot Flying J"":15,""Holiday Station"":8,""Speedway"":7,""Loaf 'N Jug"":6,""Marathon"":6,""QuikTrip"":6,""ARCO"":6,""Murphy USA"":5,""BP"":5,""Stinker Stores"":5,""Sheetz"":4,""Holiday Oil"":4,""Safeway Fuel Station"":3,""Buc-ee's"":3,""Texaco"":3}","{""McDonald's"":13,""Phillips 66"":4,""ConocoPhillips"":3,""Chevron"":3,""Haagen Dazs"":3,""NAPA Auto Parts"":1,""CENEX"":1,""United States Postal Service (USPS)"":1}","{""Verizon Wireless"":29,""AT&T"":15,""T-Mobile"":8,""Straight Talk"":4,""Cricket Wireless"":2,""Google Fi"":2,""Disney Mobile"":1,""MetroPCS"":1,""U.S. Cellular"":1}","{""Netflix"":27,""Hulu"":13,""Disney Plus"":9,""Youtube"":6,""YouTube TV"":5,""Redbox"":5,""Dish Network"":4,""Youtube Premium"":4,""Amazon Prime"":2,""Sling TV"":2,""Peacock"":2,""Roku"":1,""Fubo"":1,""DirecTV"":1,""HBO Max"":1,""Funimation"":1,""Vudu"":1,""Crunchyroll"":1,""Time Warner Cable"":1}","{""Uber Eats"":5,""DoorDash"":2,""Instacart"":2}","{""Uber"":8,""Lyft"":2}","{""Afterpay"":2,""Klarna"":1,""Progressive Leasing"":1}","{""Apple Card"":3,""Venmo"":2,""PayPal"":2,""Apple Cash"":2}"
165305,zzy-223@5wg-jfw-rzf,SG_BRAND_27ee73cd1fb6f5e432852fea401eacce,United States Postal Service (USPS),2022-05-01,2022-06-01,553.19,15,13,12.7,21.2,"{""25"":9.45,""75"":60.00}","[0.00,0.00,0.00,51.80,8.95,0.00,0.00,0.00,0.00,8.95,0.00,0.00,250.00,0.00,0.00,120.00,11.75,0.00,0.00,0.00,0.00,0.00,32.29,9.45,0.00,60.00,0.00,0.00,0.00,0.00,0.00]","[null,null,null,17.90,8.95,null,null,null,null,8.95,null,null,125.00,null,null,60.00,11.75,null,null,null,null,null,11.60,9.45,null,60.00,null,null,null,null,null]","{""Monday"":152.29,""Tuesday"":30.15,""Wednesday"":51.80,""Thursday"":68.95,""Friday"":250.00,""Saturday"":0.00,""Sunday"":0.00}","{""Wednesday"":4,""Monday"":5,""Saturday"":4,""Thursday"":4,""Tuesday"":5,""Friday"":4,""Sunday"":5}",37790.0,277.0,0,0.0,"{""No intermediary"":15}","{""No intermediary"":553.19}","{""1"":11,""2"":2,""3"":0,""4"":0,""5-10"":0,"">10"":0}","{""1"":45.84,""2"":24.50,""3"":null,""4"":null,""5-10"":null,"">10"":null}","{""<25k"":3,""25-45k"":2,""45-60k"":2,""60-75k"":2,""75-100k"":2,"">150k"":2}","{""<25k"":24.05,""25-45k"":40.60,""45-60k"":125.00,""60-75k"":18.40,""75-100k"":35.88,"">150k"":68.30}","{""Saint George, UT"":2,""Southport, NC"":2,""Las Cruces, NM"":2,""Highland, UT"":2,""Marshall, MN"":2,""Amherst, NY"":2,""Clovis, NM"":2,""Newport, WA"":2,""Salem, OR"":2,""Acme, WY"":2}","{""Walmart"":77,""Target"":62,""Maverik"":39,""NAPA Auto Parts"":31,""McDonald's"":31,""Phillips 66"":31,""Subway"":31,""The Home Depot"":24,""Costco"":24,""Walgreens"":24,""Verizon Wireless"":16,""C-A-L Ranch Stores"":16,""Ross Stores"":16,""Harbor Freight Tools"":16,""WinCo Foods"":16,""Apple Retail Store"":16,""Fred Meyer"":16,""City Market"":16,""Starbucks"":16,""Bed Bath & Beyond"":16}","{""Verizon Wireless"":39,""Apple"":39,""Planet Fitness"":24,""ExxonMobil"":24,""ConocoPhillips"":16,""U-Haul"":16,""Walmart"":8,""Target"":8,""DoorDash"":8,""Amazon"":8,""Chewy"":8,""Cost Plus World Market"":8,""Goodwill"":8,""Starbucks"":8,""Netflix"":8,""eBay"":8,""Hulu"":8,""Spotify"":8,""Spectrum"":8,""Audible"":8}",{},"{""McDonald's"":31,""NAPA Auto Parts"":24,""ConocoPhillips"":16,""CENEX"":8,""Exxon Mobil"":8}","{""Verizon Wireless"":54}","{""Disney Plus"":16,""Hulu"":8,""Netflix"":8}","{""DoorDash"":8}",{},{},{}
165325,226-222@5wg-hzm-9zz,,,2022-05-01,2022-06-01,2474.77,53,48,36.2,35.9,"{""25"":27.30,""75"":51.03}","[0.00,0.00,0.00,0.00,0.00,0.00,0.00,0.00,87.00,0.00,180.64,98.10,226.14,20.58,0.00,25.77,71.42,79.24,75.48,51.80,52.10,100.00,7.62,152.65,54.92,62.33,38.00,24.72,319.20,387.23,359.83]","[null,null,null,null,null,null,null,null,87.00,null,45.16,31.00,113.07,20.58,null,25.77,35.71,39.62,37.74,25.90,52.10,100.00,7.62,34.85,54.92,31.17,38.00,12.36,34.79,45.76,53.73]","{""Monday"":507.62,""Tuesday"":583.90,""Wednesday"":314.80,""Thursday"":235.91,""Friday"":315.94,""Saturday"":97.40,""Sunday"":419.20}","{""Wednesday"":4,""Monday"":5,""Saturday"":4,""Thursday"":4,""Tuesday"":5,""Friday"":4,""Sunday"":5}",,-40.0,2,83.72,"{""No intermediary"":53}","{""No intermediary"":2474.77}","{""1"":47,""2"":0,""3"":0,""4"":0,""5-10"":1,"">10"":0}","{""1"":47.60,""2"":null,""3"":null,""4"":null,""5-10"":237.66,"">10"":null}","{""<25k"":4,""25-45k"":8,""45-60k"":2,""60-75k"":2,""75-100k"":5,""100-150k"":12,"">150k"":10}","{""<25k"":25.53,""25-45k"":27.58,""45-60k"":50.33,""60-75k"":45.47,""75-100k"":65.27,""100-150k"":64.96,"">150k"":55.46}","{""Pittsburgh, PA"":4,""Folsom, CA"":4,""Georgetown, TX"":4,""Media, PA"":3,""West Jordan, UT"":2,""Hamilton, NJ"":2,""Alexandria, VA"":2,""Roy, UT"":2,""Stone Mountain, GA"":2,""Lechee, AZ"":2,""Collinsville, CT"":2,""Saint Petersburg, FL"":2,""Ocala, FL"":2,""Annex, OR"":2,""Warren, OH"":2,""Blackfoot, ID"":2,""Rocky River, OH"":2,""Dayton, OH"":2,""Ogden, UT"":2,""Clovis, NM"":2,""Clearfield, UT"":2,""Gardiner, MT"":2,""Broomfield, CO"":2,""Cedar City, UT"":2,""Ammon, ID"":2,""Sun City, AZ"":2,""Chubbuck, ID"":2,""Rexburg, ID"":2,""Erda, UT"":2,""Greenhorn, CA"":2,""Nampa, ID"":2,""Watford City, ND"":2,""Casper, WY"":2,""Albany, NY"":2,""Orem, UT"":2,""Elizabeth, PA"":2,""Idaho Falls, ID"":2,""Cumming, GA"":2,""Logan, UT"":2}","{""McDonald's"":63,""Walmart"":61,""Chevron"":42,""Maverik"":42,""Wendy's"":40,""The Home Depot"":30,""Costco"":30,""Lowe's"":28,""ConocoPhillips"":28,""Shell Oil"":28,""Target"":25,""Walgreens"":25,""Albertsons"":23,""Chick-fil-A"":23,""CVS"":23,""Starbucks"":21,""Dairy Queen"":21,""Exxon Mobil"":21,""Subway"":21,""Arby's"":21}","{""Amazon"":61,""Apple"":44,""Netflix"":32,""Spotify"":25,""Comcast"":25,""Sirius XM"":21,""Walmart"":19,""Google"":19,""T-Mobile"":19,""AT&T"":17,""Hulu"":15,""Target"":13,""Verizon Wireless"":13,""E-ZPass"":13,""Phillips 66"":13,""Etsy"":11,""Uber"":11,""Maverik"":11,""Amazon Digital Services"":11,""Panda Express"":11}","{""McDonald's"":65,""Wendy's"":44,""Chick-fil-A"":28,""Dairy Queen"":23,""Arby's"":23,""Starbucks"":21,""Subway"":21,""Jimmy John's"":19,""Taco Bell"":19,""Panda Express"":19,""Burger King"":15,""Texas Roadhouse"":15,""In-N-Out Burger"":15,""Jack in the Box"":13,""Sonic"":11,""Del Taco"":11,""Pizza Hut"":11,""Dunkin'"":11,""Little Caesars"":9,""Olive Garden"":9}","{""Phillips 66"":11,""ConocoPhillips"":7,""McDonald's"":7,""Chevron"":5,""Days Inn"":5,""Exxon Mobil"":5}","{""AT&T"":21,""T-Mobile"":21,""Verizon Wireless"":17,""Cricket Wireless"":3,""Sprint"":3}","{""Netflix"":32,""Hulu"":15,""Redbox"":9,""Disney Plus"":9,""Roku"":7,""HBO Max"":3,""Youtube"":3,""Vudu"":3,""Peacock"":3,""Amazon Prime"":3}","{""Uber Eats"":9,""DoorDash"":3}","{""Uber"":11,""Lyft"":3}","{""Afterpay"":3,""Affirm.com"":3}","{""PayPal"":7,""Venmo"":3}"
165381,226-222@5wg-hzn-y9z,,,2022-05-01,2022-06-01,751.16,3,3,278.76,278.76,"{""25"":185.80,""75"":286.60}","[0.00,0.00,0.00,0.00,0.00,0.00,0.00,0.00,0.00,0.00,185.80,0.00,0.00,286.60,0.00,0.00,0.00,0.00,0.00,0.00,0.00,0.00,278.76,0.00,0.00,0.00,0.00,0.00,0.00,0.00,0.00]","[null,null,null,null,null,null,null,null,null,null,185.80,null,null,286.60,null,null,null,null,null,null,null,null,278.76,null,null,null,null,null,null,null,null]","{""Monday"":278.76,""Tuesday"":0.00,""Wednesday"":185.80,""Thursday"":0.00,""Friday"":0.00,""Saturday"":286.60,""Sunday"":0.00}","{""Wednesday"":4,""Monday"":5,""Saturday"":4,""Thursday"":4,""Tuesday"":5,""Friday"":4,""Sunday"":5}",30.0,-22.0,0,0.0,"{""No intermediary"":3}","{""No intermediary"":751.16}","{""1"":3,""2"":0,""3"":0,""4"":0,""5-10"":0,"">10"":0}","{""1"":250.39,""2"":null,""3"":null,""4"":null,""5-10"":null,"">10"":null}","{""60-75k"":2,""100-150k"":2,"">150k"":2}","{""60-75k"":286.60,""100-150k"":185.80,"">150k"":278.76}","{""Logan, UT"":2,""Placerville, ID"":2,""Post, OR"":2}","{""The Home Depot"":100,""Verizon Wireless"":67,""Lowe's"":67,""Starbucks"":67,""Walmart"":34,""Target"":34,""Papa Murphy's"":34,""Chevron"":34,""CenturyLink"":34,""Albertsons"":34,""Harbor Freight Tools"":34,""Domino's Pizza"":34,""Macey's"":34,""Ray's Food Place"":34,""T.J. Maxx"":34,""Fred Meyer"":34,""Idaho Pizza Company"":34,""Popeyes Louisiana Kitchen"":34,""ConocoPhillips"":34,""Ace Hardware"":34}","{""Walmart"":67,""Amazon"":67,""Apple"":67,""Sling TV"":34,""Target"":34,""Instant Ink"":34,""Sirius XM"":34,""Expedia"":34,""Fred Meyer"":34,""xfinity"":34,""Amazon Digital Services"":34,""The Human Bean"":34,""AT&T"":34,""Comcast"":34,""Amazon Marketplace"":34,""Big 5 Sporting Goods"":34}",{},{},"{""Verizon Wireless"":67,""AT&T"":34}","{""Peacock"":34,""Sling TV"":34}",{},{},{},{}
165581,224-222@5wg-hzm-9mk,,,2022-05-01,2022-06-01,264.52,26,25,9.06,8.84,"{""25"":6.20,""75"":13.12}","[0.00,0.00,0.00,0.00,0.00,0.00,0.00,0.00,0.00,0.00,0.00,0.00,0.00,0.00,12.40,55.57,0.00,23.08,0.00,0.00,26.24,12.56,120.32,14.35,0.00,0.00,0.00,0.00,0.00,0.00,0.00]","[null,null,null,null,null,null,null,null,null,null,null,null,null,null,6.20,11.40,null,23.08,null,null,8.72,12.56,8.84,14.35,null,null,null,null,null,null,null]","{""Monday"":175.89,""Tuesday"":14.35,""Wednesday"":23.08,""Thursday"":0.00,""Friday"":0.00,""Saturday"":26.24,""Sunday"":24.96}","{""Wednesday"":4,""Monday"":5,""Saturday"":4,""Thursday"":4,""Tuesday"":5,""Friday"":4,""Sunday"":5}",,-44.0,2,29.95,"{""Square"":16,""No intermediary"":10}","{""Square"":158.28,""No intermediary"":106.24}","{""1"":24,""2"":1,""3"":0,""4"":0,""5-10"":0,"">10"":0}","{""1"":9.88,""2"":27.51,""3"":null,""4"":null,""5-10"":null,"">10"":null}","{""<25k"":7,""25-45k"":3,""45-60k"":4,""60-75k"":2,""75-100k"":2,""100-150k"":2,"">150k"":3}","{""<25k"":7.86,""25-45k"":18.59,""45-60k"":7.04,""60-75k"":23.08,""75-100k"":10.70,""100-150k"":7.39,"">150k"":9.54}","{""Clearfield, UT"":4,""Wendell, ID"":2,""Driggs, ID"":2,""Salt Lake City, UT"":2,""Flagstaff, AZ"":2,""Charlotte, NC"":2,""Cypress, TX"":2,""Twin Falls, ID"":2,""Ammon, ID"":2,""Georgetown, TX"":2,""Rexburg, ID"":2,""Bozeman, MT"":2,""Lehi, UT"":2,""Charleston, UT"":2,""Saratoga Springs, UT"":2,""Corvallis, OR"":2,""Litchfield Park, AZ"":2}","{""McDonald's"":60,""Walmart"":56,""Wendy's"":40,""Target"":36,""Chevron"":36,""Maverik"":36,""Exxon Mobil"":36,""Albertsons"":32,""Love's Travel Stops and Country Stores"":32,""Walgreens"":32,""Shell Oil"":32,""Starbucks"":28,""Smith's Food & Drug Stores"":28,""Phillips 66"":28,""Lowe's"":24,""The Home Depot"":24,""Costco"":24,""Pilot Flying J"":24,""Subway"":24,""Sonic"":20}","{""Amazon"":52,""Spotify"":32,""Apple"":24,""Netflix"":24,""ExxonMobil"":24,""Hulu"":24,""Uber"":20,""Walmart"":16,""Starbucks"":16,""Jamba Juice"":16,""Amazon Digital Services"":16,""Target"":12,""Patreon"":12,""Maverik"":12,""AT&T"":12,""Comcast"":12,""T-Mobile"":12,""Little Caesars"":8,""Planet Fitness"":8,""DoorDash"":8}",{},"{""Exxon Mobil"":24,""McDonald's"":8,""Chevron"":4}","{""AT&T"":12,""T-Mobile"":12,""Verizon Wireless"":12,""Disney Mobile"":4}","{""Netflix"":24,""Hulu"":24,""Youtube"":8,""YouTube TV"":4,""Amazon Prime"":4,""Disney Plus"":4}","{""Uber Eats"":8,""DoorDash"":8}","{""Uber"":20}","{""Klarna"":4}","{""Apple Cash"":16,""PayPal"":4,""Venmo"":4}"
165649,zzy-227@5wg-hzm-9pv,SG_BRAND_cec86c6d3aff8dec59ed81b51073cd5e,Haagen Dazs,2022-05-01,2022-06-01,1277.42,72,61,16.24,17.73,"{""25"":10.19,""75"":20.63}","[0.00,28.07,0.00,33.51,18.46,105.27,15.46,43.43,39.62,0.00,0.00,0.00,35.86,28.95,92.90,64.34,34.32,46.32,89.75,9.20,0.00,8.79,16.89,58.57,38.18,52.74,122.12,30.12,0.00,109.26,155.29]","[null,14.04,null,16.76,18.46,18.30,15.46,18.34,10.14,null,null,null,17.93,14.48,21.61,20.25,8.81,23.16,17.20,9.20,null,8.79,8.45,12.42,38.18,11.81,25.31,15.06,null,15.95,24.44]","{""Monday"":258.18,""Tuesday"":248.18,""Wednesday"":118.01,""Thursday"":160.95,""Friday"":272.45,""Saturday"":74.53,""Sunday"":145.12}","{""Wednesday"":4,""Monday"":5,""Saturday"":4,""Thursday"":4,""Tuesday"":5,""Friday"":4,""Sunday"":5}",540.0,-54.0,5,115.1,"{""No intermediary"":72}","{""No intermediary"":1277.42}","{""1"":51,""2"":9,""3"":1,""4"":0,""5-10"":0,"">10"":0}","{""1"":18.19,""2"":28.70,""3"":91.33,""4"":null,""5-10"":null,"">10"":null}","{""<25k"":6,""25-45k"":9,""45-60k"":7,""60-75k"":4,""75-100k"":6,""100-150k"":12,"">150k"":17}","{""<25k"":12.02,""25-45k"":17.95,""45-60k"":17.34,""60-75k"":13.30,""75-100k"":21.30,""100-150k"":23.86,"">150k"":26.82}","{""Wake Forest, NC"":5,""Farmington, UT"":4,""Albany, GA"":3,""Coalfield, TN"":3,""Los Angeles, CA"":2,""Driggs, ID"":2,""Grayling, MT"":2,""Bountiful, UT"":2,""Saint Joseph, MO"":2,""Salt Lake City, UT"":2,""Bowling Green, OH"":2,""Dover, DE"":2,""Vacaville, CA"":2,""Flagstaff, AZ"":2,""Springville, UT"":2,""Benjamin, UT"":2,""Phoenix, AZ"":2,""Big Sky, MT"":2,""Meridian, ID"":2,""Harrisville, UT"":2,""Champaign, IL"":2,""Fort Wayne, IN"":2,""Ogden, UT"":2,""Pocatello, ID"":2,""Twin Falls, ID"":2,""Sedona, AZ"":2,""Loeb, TX"":2,""Boise, ID"":2,""Cedar City, UT"":2,""Ammon, ID"":2,""Philadelphia, PA"":2,""Draper, UT"":2,""Rexburg, ID"":2,""Bozeman, MT"":2,""Nampa, ID"":2,""West Valley, UT"":2,""Lewiston, ID"":2,""Saratoga Springs, UT"":2,""Aurora, CO"":2,""Orem, UT"":2,""Hyden, KY"":2,""Idaho Falls, ID"":2,""Kingstown, NC"":2}","{""Walmart"":60,""Maverik"":56,""McDonald's"":56,""Chevron"":41,""Shell Oil"":40,""Costco"":28,""Pilot Flying J"":28,""The Home Depot"":27,""Subway"":27,""Walgreens"":25,""Target"":23,""7-Eleven"":22,""Wendy's"":22,""Chick-fil-A"":22,""Exxon Mobil"":22,""Verizon Wireless"":20,""Albertsons"":20,""Starbucks"":20,""Taco Bell"":19,""Lowe's"":17}","{""Amazon"":48,""Apple"":40,""Netflix"":23,""Comcast"":20,""Amazon Digital Services"":19,""Maverik"":15,""ExxonMobil"":15,""Hulu"":15,""Spotify"":15,""Verizon Wireless"":14,""Walmart"":10,""Target"":9,""Google"":9,""Costa Vida"":9,""Uber"":7,""Dutch Bros. Coffee"":7,""Taco Bell"":7,""The Home Depot"":7,""Kohl's"":7,""Panda Express"":7}","{""McDonald's"":56,""Subway"":30,""Starbucks"":23,""Wendy's"":23,""Taco Bell"":22,""Chick-fil-A"":22,""Dairy Queen"":19,""Panda Express"":19,""Jimmy John's"":15,""Little Caesars"":14,""Texas Roadhouse"":12,""Buffalo Wild Wings"":10,""Jack in the Box"":10,""Burger King"":10,""Arby's"":10,""Culver's"":9,""Costa Vida"":9,""In-N-Out Burger"":9,""Sonic"":7,""Papa Murphy's"":7}","{""McDonald's"":10,""Exxon Mobil"":9,""Chevron"":5,""ConocoPhillips"":4,""NAPA Auto Parts"":2,""Phillips 66"":2}","{""Verizon Wireless"":28,""T-Mobile"":7,""AT&T"":5,""Straight Talk"":4,""Cricket Wireless"":2}","{""Netflix"":23,""Hulu"":15,""Disney Plus"":9,""Youtube"":4,""Dish Network"":4,""Vudu"":4,""Peacock"":4,""Redbox"":4,""Amazon Prime Video"":4,""Roku"":2,""YouTube TV"":2,""Amazon Prime"":2,""DirecTV"":2,""Youtube Premium"":2}","{""Uber Eats"":4,""HelloFresh"":2,""DoorDash"":2}","{""Uber"":7}","{""Afterpay"":2,""Acima Credit"":2,""Affirm.com"":2}","{""PayPal"":2,""Cash App"":2}"
165667,224-222@5wg-jfw-mrk,,,2022-05-01,2022-06-01,8588.82,11,10,324.75,436.73,"{""25"":284.75,""75"":623.74}","[0.00,0.00,284.75,0.00,0.00,0.00,0.00,0.00,0.00,0.00,623.74,0.00,649.50,0.00,548.70,0.00,0.00,284.75,4468.00,701.48,0.00,0.00,0.00,0.00,0.00,0.00,289.50,0.00,0.00,738.40,0.00]","[null,null,284.75,null,null,null,null,null,null,null,623.74,null,324.75,null,548.70,null,null,284.75,4468.00,701.48,null,null,null,null,null,null,289.50,null,null,369.20,null]","{""Monday"":738.40,""Tuesday"":284.75,""Wednesday"":908.49,""Thursday"":4468.00,""Friday"":1640.48,""Saturday"":0.00,""Sunday"":548.70}","{""Wednesday"":4,""Monday"":5,""Saturday"":4,""Thursday"":4,""Tuesday"":5,""Friday"":4,""Sunday"":5}",310.0,107.0,0,0.0,"{""No intermediary"":11}","{""No intermediary"":8588.82}","{""1"":9,""2"":1,""3"":0,""4"":0,""5-10"":0,"">10"":0}","{""1"":872.27,""2"":738.40,""3"":null,""4"":null,""5-10"":null,"">10"":null}","{""<25k"":2,""45-60k"":5,""60-75k"":6,""100-150k"":2,"">150k"":2}","{""<25k"":738.40,""45-60k"":311.42,""60-75k"":1819.66,""100-150k"":548.70,"">150k"":454.25}","{""Southington, CT"":3,""Bountiful, UT"":2,""Phoenix, AZ"":2,""Vallejo, CA"":2,""Manhattan, KS"":2,""Mexico, IN"":2,""Harvey, LA"":2}","{""The Home Depot"":50,""McDonald's"":50,""Walmart"":40,""Pilot Flying J"":40,""Target"":30,""Chevron"":30,""Sprouts Farmers Market"":30,""Taco Bell"":30,""Lowe's"":30,""WinCo Foods"":30,""T.J. Maxx"":30,""Starbucks"":30,""Maverik"":30,""Chick-fil-A"":30,""Burger King"":30,""United States Postal Service (USPS)"":30,""Subway"":30,""Sonic"":20,""Trader Joe's"":20,""Verizon Wireless"":20}","{""Amazon"":90,""Amazon Marketplace"":70,""Hulu"":50,""Netflix"":40,""Spotify"":40,""Apple"":30,""Google"":30,""Etsy"":20,""Chewy"":20,""Airbnb"":20,""Adobe Systems"":20,""The Home Depot"":20,""Goodwill"":20,""Wendy's"":20,""Uber Eats"":20,""Best Buy"":20,""AT&T"":20,""Comcast"":20,""IHOP"":10,""Sling TV"":10}",{},"{""McDonald's"":10,""Chevron"":10}","{""AT&T"":20,""Verizon Wireless"":20}","{""Hulu"":50,""Netflix"":40,""Sling TV"":10,""Fubo"":10,""Disney Plus"":10,""Amazon Prime Video"":10,""Youtube Premium"":10}","{""Uber Eats"":20,""Instacart"":10,""DoorDash"":10}",{},"{""Sezzle"":10,""Klarna"":10}","{""PayPal"":10,""Apple Card"":10}"
165842,222-222@5wg-hzm-9zz,,,2022-05-01,2022-06-01,2707.33,58,54,30.67,32.22,"{""25"":15.59,""75"":54.33}","[0.00,0.00,0.00,0.00,0.00,0.00,124.79,0.00,94.01,33.25,0.00,127.90,51.98,148.65,0.00,102.93,15.57,0.00,61.33,540.78,22.15,177.81,57.17,13.51,0.00,23.90,114.26,206.85,282.75,196.24,311.50]","[null,null,null,null,null,null,124.79,null,47.00,33.25,null,127.90,25.99,25.99,null,33.27,7.79,null,61.33,270.39,11.08,88.91,15.59,13.51,null,23.90,57.13,41.58,34.31,12.47,35.34]","{""Monday"":450.35,""Tuesday"":373.83,""Wednesday"":0.00,""Thursday"":213.13,""Friday"":707.02,""Saturday"":502.44,""Sunday"":460.56}","{""Wednesday"":4,""Monday"":5,""Saturday"":4,""Thursday"":4,""Tuesday"":5,""Friday"":4,""Sunday"":5}",,-31.0,3,207.86,"{""No intermediary"":58}","{""No intermediary"":2707.33}","{""1"":50,""2"":4,""3"":0,""4"":0,""5-10"":0,"">10"":0}","{""1"":48.61,""2"":69.24,""3"":null,""4"":null,""5-10"":null,"">10"":null}","{""<25k"":4,""25-45k"":8,""45-60k"":4,""60-75k"":2,""75-100k"":8,""100-150k"":10,"">150k"":23}","{""<25k"":41.27,""25-45k"":37.48,""45-60k"":31.16,""60-75k"":24.43,""75-100k"":49.06,""100-150k"":46.36,"">150k"":62.59}","{""Morgan, UT"":7,""Roy, UT"":3,""Erie, PA"":3,""Smyrna, GA"":2,""Tremonton, UT"":2,""Bloomingdale, IL"":2,""Enterprise, AL"":2,""Woods Cross, UT"":2,""Salt Lake City, UT"":2,""Pittsburgh, PA"":2,""Sylmar, CA"":2,""Blackfoot, ID"":2,""Benjamin, UT"":2,""Slidell, LA"":2,""Pueblo, CO"":2,""Tampa, FL"":2,""Champaign, IL"":2,""Jerome, ID"":2,""Ogden, UT"":2,""Pocatello, ID"":2,""Clearfield, UT"":2,""Great Falls, MT"":2,""Hampstead, MD"":2,""Marion, IA"":2,""Seattle, WA"":2,""Boise, ID"":2,""Wesley Chapel, NC"":2,""Port Richey, FL"":2,""Ammon, ID"":2,""Hermitage, PA"":2,""Milton, FL"":2,""Draper, UT"":2,""Rexburg, ID"":2,""Greenhorn, CA"":2,""Bozeman, MT"":2,""Layton, UT"":2,""Nampa, ID"":2,""Spruce Pine, NC"":2,""Chesterfield, MO"":2,""Billings, MT"":2,""Helena, MT"":2,""Independence, IA"":2,""Idaho Falls, ID"":2,""Logan, UT"":2}","{""Walmart"":84,""McDonald's"":54,""Lowe's"":41,""Costco"":41,""Maverik"":39,""Chevron"":32,""Target"":30,""The Home Depot"":30,""Chick-fil-A"":30,""ConocoPhillips"":28,""Exxon Mobil"":28,""Walgreens"":25,""Shell Oil"":25,""Albertsons"":23,""WinCo Foods"":23,""Wendy's"":23,""United States Postal Service (USPS)"":23,""Subway"":23,""Dollar Tree"":21,""Verizon Wireless"":19}","{""Amazon"":69,""Netflix"":41,""Apple"":39,""Amazon Digital Services"":28,""Spotify"":15,""AT&T"":15,""ExxonMobil"":13,""Walmart"":12,""Verizon Wireless"":12,""Google Storage"":12,""Comcast"":12,""Chipotle Mexican Grill"":10,""Planet Fitness"":10,""eBay"":10,""Hulu"":10,""Amazon Marketplace"":10,""T-Mobile"":10,""Etsy"":8,""Expedia"":8,""Apple Card"":8}","{""Staples"":12,""Hallmark Cards"":4,""Office Depot"":4,""Edible Arrangements"":2,""Party City"":2,""OfficeMax"":2}","{""McDonald's"":8,""Exxon Mobil"":8,""Chevron"":2,""ConocoPhillips"":2,""CENEX"":2,""Days Inn"":2,""Phillips 66"":2}","{""Verizon Wireless"":30,""AT&T"":21,""T-Mobile"":12,""MetroPCS"":2,""U.S. Cellular"":2}","{""Netflix"":41,""Hulu"":10,""Redbox"":8,""Dish Network"":6,""Time Warner Cable"":6,""DirecTV"":6,""Sling TV"":4,""Roku"":2,""Youtube"":2,""Amazon Prime"":2,""Disney Plus"":2}","{""DoorDash"":4,""Instacart"":2,""Uber Eats"":2}","{""Uber"":6}","{""Afterpay"":2}","{""Apple Card"":8,""PayPal"":6,""Apple Cash"":2}"
165927,zzw-222@5wg-hzm-9vf,,,2022-05-01,2022-06-01,3883.27,78,58,46.74,47.88,"{""25"":25.00,""75"":62.52}","[91.72,0.00,25.56,0.00,194.14,95.56,111.98,146.84,215.44,94.20,313.57,150.10,363.40,144.04,324.44,50.00,258.32,140.92,21.70,260.00,239.40,290.70,226.24,125.00,0.00,0.00,0.00,0.00,0.00,0.00,0.00]","[32.12,null,12.78,null,41.00,47.78,55.99,56.92,50.42,18.00,57.86,29.35,80.00,72.02,42.24,50.00,62.12,38.92,21.70,25.00,72.40,59.16,41.16,62.50,null,null,null,null,null,null,null]","{""Monday"":491.68,""Tuesday"":503.08,""Wednesday"":454.49,""Thursday"":365.94,""Friday"":718.96,""Saturday"":495.42,""Sunday"":853.70}","{""Wednesday"":4,""Monday"":5,""Saturday"":4,""Thursday"":4,""Tuesday"":5,""Friday"":4,""Sunday"":5}",7.0,-41.0,0,0.0,"{""No intermediary"":78}","{""No intermediary"":3883.27}","{""1"":46,""2"":8,""3"":3,""4"":0,""5-10"":1,"">10"":0}","{""1"":47.46,""2"":91.92,""3"":172.23,""4"":null,""5-10"":448.00,"">10"":null}","{""<25k"":8,""25-45k"":8,""45-60k"":9,""60-75k"":3,""75-100k"":3,""100-150k"":7,"">150k"":18}","{""<25k"":70.69,""25-45k"":70.73,""45-60k"":91.92,""60-75k"":41.55,""75-100k"":54.96,""100-150k"":50.32,"">150k"":63.76}","{""Boise, ID"":7,""Salt Lake City, UT"":5,""Las Cruces, NM"":4,""Kimberly, ID"":4,""Grayling, MT"":3,""Blackfoot, ID"":3,""Idaho Falls, ID"":3,""South Jordan, UT"":2,""Brigham City, UT"":2,""Troy, MI"":2,""Chicago, IL"":2,""Victor, ID"":2,""Toms River, NJ"":2,""Phoenix, AZ"":2,""Provo, UT"":2,""Ogden, UT"":2,""Pocatello, ID"":2,""Grizzly, OR"":2,""Twin Falls, ID"":2,""Rapid City, SD"":2,""Ammon, ID"":2,""Emigrant, MT"":2,""Butler, PA"":2,""Bakersfield, CA"":2,""Grant, ID"":2,""Bozeman, MT"":2,""Layton, UT"":2,""Kaysville, UT"":2,""Nampa, ID"":2,""Charleston, UT"":2,""Southgate, MI"":2,""Caldwell, ID"":2,""Logan, UT"":2,""Wake Forest, NC"":2}","{""Maverik"":69,""Walmart"":68,""McDonald's"":66,""Chevron"":49,""Target"":42,""Costco"":38,""Shell Oil"":38,""Chick-fil-A"":32,""Subway"":32,""Wendy's"":28,""Taco Bell"":25,""The Home Depot"":25,""Smith's Food & Drug Stores"":25,""Jimmy John's"":23,""Verizon Wireless"":23,""WinCo Foods"":21,""Albertsons"":19,""Starbucks"":19,""ConocoPhillips"":19,""Exxon Mobil"":19}","{""Amazon"":57,""Apple"":42,""Netflix"":33,""Walmart"":21,""Comcast"":19,""Maverik"":18,""Dutch Bros. Coffee"":16,""Spotify"":16,""Amazon Marketplace"":16,""Amazon Digital Services"":14,""Sirius XM"":13,""Hulu"":13,""Costa Vida"":13,""T-Mobile"":13,""Verizon Wireless"":11,""Planet Fitness"":11,""AT&T"":11,""Sony Playstation Networks"":11,""Uber Eats"":9,""Etsy"":7}","{""McDonald's"":66,""Wendy's"":32,""Chick-fil-A"":32,""Subway"":32,""Taco Bell"":25,""Jimmy John's"":23,""Starbucks"":19,""Arby's"":19,""Domino's Pizza"":18,""Carl's Jr."":18,""Cafe Rio"":18,""Jack in the Box"":16,""Dutch Bros Coffee"":16,""Little Caesars"":14,""Panda Express"":14,""Burger King"":14,""Sonic"":13,""Chili's Grill & Bar"":13,""Buffalo Wild Wings"":13,""Arctic Circle"":13}","{""McDonald's"":25,""Chevron"":13,""NAPA Auto Parts"":6,""Haagen Dazs"":4,""United States Postal Service (USPS)"":4,""ConocoPhillips"":2,""Days Inn"":2,""Exxon Mobil"":2}","{""Verizon Wireless"":32,""T-Mobile"":21,""AT&T"":11,""Sprint"":6,""Cricket Wireless"":4,""Disney Mobile"":2,""Straight Talk"":2}","{""Netflix"":33,""Hulu"":13,""Disney Plus"":11,""Roku"":7,""Peacock"":7,""Redbox"":7,""HBO Max"":4,""Fubo"":4,""Dish Network"":4,""Amazon Prime"":4,""Starz"":4,""Vudu"":2}","{""Uber Eats"":9,""HelloFresh"":2,""Postmates"":2,""DoorDash"":2}","{""Uber"":6,""Lyft"":2}","{""Klarna"":6}","{""Apple Card"":4,""Venmo"":4}"
166027,zzy-223@5wg-hzm-9xq,SG_BRAND_5179b21fc1d50950b99b4eecaa48c614,McDonald's,2022-05-01,2022-06-01,13238.5,845,594,12.78,16.95,"{""25"":8.00,""75"":21.09}","[304.63,697.87,189.65,392.37,256.99,265.07,188.68,325.61,434.61,338.54,273.35,396.05,246.45,200.87,329.61,548.49,304.11,209.60,303.69,427.66,307.01,219.81,977.43,285.43,364.63,432.86,531.93,428.47,528.74,492.08,2036.21]","[15.74,15.98,8.21,10.33,8.93,9.34,9.25,14.23,11.88,9.97,9.97,10.14,11.11,17.76,10.52,11.69,12.13,11.22,9.97,12.99,21.55,13.40,14.27,10.69,16.90,9.97,17.13,13.26,16.95,20.51,17.68]","{""Monday"":3150.48,""Tuesday"":3153.94,""Wednesday"":1239.95,""Thursday"":1389.59,""Friday"":1471.11,""Saturday"":1125.03,""Sunday"":1708.40}","{""Wednesday"":4,""Monday"":5,""Saturday"":4,""Thursday"":4,""Tuesday"":5,""Friday"":4,""Sunday"":5}",195.0,-23.0,39,667.44,"{""No intermediary"":845}","{""No intermediary"":13238.50}","{""1"":470,""2"":83,""3"":14,""4"":9,""5-10"":14,"">10"":4}","{""1"":17.81,""2"":30.50,""3"":37.50,""4"":56.38,""5-10"":63.07,"">10"":105.29}","{""<25k"":64,""25-45k"":80,""45-60k"":58,""60-75k"":40,""75-100k"":81,""100-150k"":117,"">150k"":144}","{""<25k"":19.48,""25-45k"":21.34,""45-60k"":20.03,""60-75k"":21.12,""75-100k"":21.12,""100-150k"":22.88,"">150k"":25.65}","{""Idaho Falls, ID"":30,""Rexburg, ID"":18,""Boise, ID"":17,""Salt Lake City, UT"":16,""Wake Forest, NC"":16,""Pocatello, ID"":9,""Grayling, MT"":8,""Bozeman, MT"":8,""Blackfoot, ID"":7,""Goodyear, AZ"":6,""Phoenix, AZ"":6,""West Valley City, UT"":6,""Chubbuck, ID"":6,""Newbury Park, CA"":6,""San Francisco, CA"":5,""Inkom, ID"":5,""Big Sky, MT"":5,""Meridian, ID"":5,""Grant, ID"":5,""West Valley, UT"":5,""Parker, ID"":5,""Orem, UT"":5,""Logan, UT"":5,""Westfield, PA"":4,""West Jordan, UT"":4,""Saint George, UT"":4,""Driggs, ID"":4,""Clover, SC"":4,""Morgan, UT"":4,""Bridgeland, UT"":4,""Ogden, UT"":4,""Clearfield, UT"":4,""Rapid City, SD"":4,""Cedar City, UT"":4,""Midvale, UT"":4,""Butler, PA"":4,""Langhorne, PA"":4,""Cincinnati, OH"":4,""Renton, WA"":3,""Mccall, ID"":3,""Tucson, AZ"":3,""Sandy, UT"":3,""Selah, WA"":3,""Harrisburg, NC"":3,""Centerville, UT"":3,""Gilbert, AZ"":3,""Baltimore, MD"":3,""Trexlertown, PA"":3,""Champaign, IL"":3,""Brian Head, UT"":3,""Winston Salem, NC"":3,""Manhattan Beach, CA"":3,""Twin Falls, ID"":3,""State College, PA"":3,""Fort Worth, TX"":3,""Eugene, OR"":3,""Hoover, AL"":3,""Grinnell, IA"":3,""Monell, WY"":2,""Blair, NE"":2,""West Wendover, NV"":2,""Anderson, SC"":2,""West Bountiful, UT"":2,""Amalga, UT"":2,""Raleigh, NC"":2,""Magnolia, AR"":2,""Lanham, MD"":2,""Lancaster, PA"":2,""Bountiful, UT"":2,""Alexandria, VA"":2,""North Adams, MA"":2,""Brigham City, UT"":2,""Carmichael, CA"":2,""Geneva, IL"":2,""Atkinson, IL"":2,""Berthoud, CO"":2,""North Pole, AK"":2,""Glendive, MT"":2,""Island Park, ID"":2,""Huntsville, AL"":2,""Stockton, CA"":2,""Roy, UT"":2,""Conifer, CO"":2,""Troy, MI"":2,""Nashville, TN"":2,""Parks, AZ"":2,""Stone Mountain, GA"":2,""Lincoln City, OR"":2,""Humble, TX"":2,""Pahrump, NV"":2,""Crosby, MD"":2,""Pittsburgh, PA"":2,""Gallatin Gateway, MT"":2,""Southlake, TX"":2,""Williston, ND"":2,""Gooding, ID"":2,""Bannack, MT"":2,""Destin, FL"":2,""Durham, NC"":2,""El Paso, TX"":2,""Gresham, OR"":2,""Providence, RI"":2,""Collinsburg, PA"":2,""Mobile, AL"":2,""Tioga, ND"":2,""Ocean Springs, MS"":2,""Liverpool, NY"":2,""Afton, WY"":2,""Montpelier, ID"":2,""Puyallup, WA"":2,""Cedar Park, TX"":2,""Shelley, ID"":2,""Orwell, OH"":2,""Flagstaff, AZ"":2,""Bryan, WY"":2,""Springville, UT"":2,""Victor, ID"":2,""Gainesville, FL"":2,""Mesa, AZ"":2,""Heathrow, FL"":2,""Las Cruces, NM"":2,""Felt, ID"":2,""Oak Harbor, WA"":2,""Huntington Beach, CA"":2,""Clermont, FL"":2,""Davie, FL"":2,""O Fallon, IL"":2,""Dayton, OH"":2,""Bowden, WV"":2,""Lawton, OK"":2,""Ola, ID"":2,""Houston, TX"":2,""Royal, AR"":2,""Benjamin, UT"":2,""Boaz, AL"":2,""Charlotte, NC"":2,""Crouch, ID"":2,""Hagerstown, MD"":2,""Provo, UT"":2,""Cottonwood Heights, UT"":2,""Mckinney, TX"":2,""Folsom, CA"":2,""Cody, WY"":2,""Highland, UT"":2,""Park City, UT"":2,""New Bern, NC"":2,""Harrisville, UT"":2,""Coxton, KY"":2,""Missoula, MT"":2,""Westminster, MD"":2,""Henderson, NC"":2,""Grapevine, TX"":2,""Everett, WA"":2,""Spartanburg, SC"":2,""Goldsboro, NC"":2,""Crestview, FL"":2,""Franklin, TN"":2,""Grizzly, OR"":2,""Edler, CO"":2,""Lamont, WY"":2,""Cary, NC"":2,""Pingree, ID"":2,""Glenshaw, PA"":2,""Denver, CO"":2,""Miami, FL"":2,""Reston, VA"":2,""Saint Louis, MO"":2,""Lompoc, CA"":2,""Las Vegas, NV"":2,""Tecumseh, NE"":2,""Jacksonville, FL"":2,""Fairfield, OH"":2,""New York, NY"":2,""Port Angeles, WA"":2,""Monroe, LA"":2,""Genola, UT"":2,""Bliss, ID"":2,""New Orleans, LA"":2,""Homedale, ID"":2,""Fraser, CO"":2,""Lava Hot Springs, ID"":2,""Richfield, ID"":2,""Wesley Chapel, NC"":2,""Port Richey, FL"":2,""Fayetteville, NC"":2,""Riverton, UT"":2,""Columbus, OH"":2,""Ammon, ID"":2,""Lake Orion, MI"":2,""Columbus, MT"":2,""Shamrock, OK"":2,""Emigrant, MT"":2,""Mcdonald, WA"":2,""Benton, LA"":2,""Milton, FL"":2,""Colorado Springs, CO"":2,""Universal City, TX"":2,""Ridgecrest, CA"":2,""Las Vegas, NM"":2,""Port Charlotte, FL"":2,""Philadelphia, PA"":2,""Medford, OR"":2,""Draper, UT"":2,""Berkeley, CA"":2,""Baton Rouge, LA"":2,""Erda, UT"":2,""Carrolls, WA"":2,""Cleveland, OH"":2,""Layton, UT"":2,""Kaysville, UT"":2,""Nampa, ID"":2,""San Antonio, TX"":2,""Lehi, UT"":2,""Salem, OR"":2,""Newport, OR"":2,""Washington, DC"":2,""Charleston, UT"":2,""Lake Saint Louis, MO"":2,""Billings, MT"":2,""Brickerville, PA"":2,""Dallas, TX"":2,""Helena, MT"":2,""Boardman, OR"":2,""Lewis, WI"":2,""Anchorage, AK"":2,""Gulnare, KY"":2,""Port Orange, FL"":2,""Grace, ID"":2,""East Tallassee, AL"":2,""Heglar, ID"":2,""Bernardsville, NJ"":2,""Saratoga Springs, UT"":2,""Queens, NY"":2,""Mount Pleasant, SC"":2,""Burley, ID"":2,""Aurora, CO"":2,""Burke, ID"":2,""Hialeah, FL"":2,""Ashton, ID"":2,""Eastvale, PA"":2,""Palm Coast, FL"":2,""Klossner, MN"":2,""Monolith, CA"":2,""Astoria, OR"":2,""Bothell, WA"":2,""Eagle, ID"":2,""Kissimmee, FL"":2,""Amsterdam, NY"":2,""Lander, WY"":2,""Daniels, ID"":2,""Saint Johns, FL"":2,""Manchester, CA"":2,""Annandale, NJ"":2,""Encampment, WY"":2,""Milwaukee, WI"":2,""Parker, CO"":2,""Jackson, WY"":2,""Aberdeen, ID"":2,""Albuquerque, NM"":2,""Springfield, MO"":2,""Farmington, GA"":2}","{""Walmart"":73,""Maverik"":55,""Chevron"":40,""Costco"":35,""Shell Oil"":34,""Wendy's"":31,""Subway"":31,""Target"":30,""Albertsons"":30,""Chick-fil-A"":28,""Taco Bell"":27,""Walgreens"":24,""Exxon Mobil"":24,""Burger King"":23,""Pilot Flying J"":22,""The Home Depot"":22,""Starbucks"":22,""Lowe's"":19,""ConocoPhillips"":19,""WinCo Foods"":18}","{""Amazon"":59,""Apple"":40,""Netflix"":26,""Spotify"":21,""Amazon Digital Services"":19,""Hulu"":16,""Amazon Marketplace"":14,""Verizon Wireless"":13,""Comcast"":13,""Walmart"":11,""Sirius XM"":10,""Maverik"":10,""AT&T"":10,""Target"":10,""ExxonMobil"":10,""Uber"":10,""Google"":10,""Costa Vida"":9,""Audible"":8,""Planet Fitness"":8}","{""Subway"":33,""Wendy's"":33,""Taco Bell"":29,""Chick-fil-A"":29,""Burger King"":25,""Starbucks"":22,""Panda Express"":16,""Dairy Queen"":15,""Arby's"":15,""Little Caesars"":14,""Domino's Pizza"":13,""Sonic"":12,""Jimmy John's"":11,""Chipotle Mexican Grill"":10,""Jack in the Box"":9,""KFC"":9,""Costa Vida"":9,""Culver's"":8,""Pizza Hut"":8,""Dutch Bros Coffee"":8}","{""Chevron"":5,""Exxon Mobil"":5,""Phillips 66"":4,""ConocoPhillips"":3,""NAPA Auto Parts"":2,""CENEX"":2,""Haagen Dazs"":2,""United States Postal Service (USPS)"":1,""Days Inn"":1}","{""Verizon Wireless"":27,""AT&T"":14,""T-Mobile"":9,""Sprint"":3,""Straight Talk"":3,""Cricket Wireless"":2,""Disney Mobile"":2,""MetroPCS"":1,""Google Fi"":1,""U.S. Cellular"":1,""TracFone Wireless"":1}","{""Netflix"":26,""Hulu"":16,""Disney Plus"":11,""Redbox"":5,""Roku"":4,""YouTube TV"":4,""Dish Network"":3,""HBO Max"":3,""Youtube"":3,""Peacock"":2,""Vudu"":2,""Sling TV"":2,""Amazon Prime"":2,""Youtube Premium"":2,""Fubo"":1,""Crunchyroll"":1,""DirecTV"":1,""Starz"":1,""Funimation"":1,""Time Warner Cable"":1}","{""Uber Eats"":6,""DoorDash"":3,""Instacart"":2,""Dashpass"":2,""HelloFresh"":2,""Postmates"":1,""Grubhub"":1}","{""Uber"":10,""Lyft"":3}","{""Afterpay"":3,""Klarna"":3,""Affirm.com"":1,""Sezzle"":1,""Zip Company"":1,""Progressive Leasing"":1,""Acima Credit"":1}","{""Apple Card"":5,""Apple Cash"":4,""PayPal"":2,""Venmo"":1}"
166109,zzw-222@5wg-jfw-gff,,,2022-05-01,2022-06-01,1128.85,4,4,250.37,250.37,"{""25"":174.25,""75"":422.02}","[0.00,278.21,0.00,0.00,0.00,0.00,158.16,0.00,0.00,0.00,0.00,0.00,469.95,0.00,0.00,0.00,0.00,0.00,0.00,0.00,0.00,0.00,0.00,222.53,0.00,0.00,0.00,0.00,0.00,0.00,0.00]","[null,278.21,null,null,null,null,158.16,null,null,null,null,null,469.95,null,null,null,null,null,null,null,null,null,null,222.53,null,null,null,null,null,null,null]","{""Monday"":278.21,""Tuesday"":222.53,""Wednesday"":0.00,""Thursday"":0.00,""Friday"":469.95,""Saturday"":158.16,""Sunday"":0.00}","{""Wednesday"":4,""Monday"":5,""Saturday"":4,""Thursday"":4,""Tuesday"":5,""Friday"":4,""Sunday"":5}",-45.0,-72.0,1,278.21,"{""No intermediary"":4}","{""No intermediary"":1128.85}","{""1"":4,""2"":0,""3"":0,""4"":0,""5-10"":0,"">10"":0}","{""1"":282.21,""2"":null,""3"":null,""4"":null,""5-10"":null,"">10"":null}","{""60-75k"":2,""75-100k"":3,"">150k"":3}","{""60-75k"":278.21,""75-100k"":314.06,"">150k"":222.53}","{""Logan, UT"":2,""South Jordan, UT"":2,""Lehi, UT"":2}","{""The Home Depot"":75,""Walmart"":50,""Little Caesars"":50,""Chevron"":50,""Hobby Lobby Stores"":50,""PetSmart"":50,""Smith's Food & Drug Stores"":50,""Maverik"":50,""McDonald's"":50,""Good 2 Go Stores"":50,""Phillips 66"":50,""Sam's Club"":50,""Chili's Grill & Bar"":25,""Target"":25,""Kent's Market"":25,""Nike"":25,""Yard House"":25,""Great Clips"":25,""Rancho Markets"":25,""Cricket Wireless"":25}","{""Walmart"":75,""Amazon"":50,""Maverik"":50,""Hulu"":50,""Comcast"":50,""AARP"":25,""Uber"":25,""Domino's Pizza"":25,""Adobe Systems"":25,""Snap Finance"":25,""Delta Air Lines"":25,""Google Play"":25,""Apple"":25,""Afterpay"":25,""ConocoPhillips"":25,""Netflix"":25,""Costco"":25,""ExxonMobil"":25,""Microsoft"":25,""Amazon Digital Services"":25}",{},"{""Exxon Mobil"":25}","{""AT&T"":25,""T-Mobile"":25,""Cricket Wireless"":25}","{""Hulu"":50,""Peacock"":50,""Amazon Prime"":25,""Netflix"":25}",{},"{""Uber"":25}","{""Afterpay"":25}",{}
166138,zzw-223@5wg-jfw-pd9,,,2022-05-01,2022-06-01,483.41,3,3,157.8,157.8,"{""25"":154.37,""75"":171.24}","[0.00,0.00,0.00,0.00,0.00,0.00,0.00,0.00,0.00,0.00,0.00,0.00,0.00,0.00,0.00,0.00,0.00,0.00,0.00,0.00,0.00,171.24,0.00,154.37,0.00,0.00,157.80,0.00,0.00,0.00,0.00]","[null,null,null,null,null,null,null,null,null,null,null,null,null,null,null,null,null,null,null,null,null,171.24,null,154.37,null,null,157.80,null,null,null,null]","{""Monday"":0.00,""Tuesday"":154.37,""Wednesday"":0.00,""Thursday"":0.00,""Friday"":157.80,""Saturday"":0.00,""Sunday"":171.24}","{""Wednesday"":4,""Monday"":5,""Saturday"":4,""Thursday"":4,""Tuesday"":5,""Friday"":4,""Sunday"":5}",,-58.0,0,0.0,"{""No intermediary"":3}","{""No intermediary"":483.41}","{""1"":3,""2"":0,""3"":0,""4"":0,""5-10"":0,"">10"":0}","{""1"":161.14,""2"":null,""3"":null,""4"":null,""5-10"":null,"">10"":null}","{""<25k"":2,""25-45k"":4,"">150k"":2}","{""<25k"":171.24,""25-45k"":154.37,"">150k"":157.80}","{""Amelia, OH"":2,""Grayling, MT"":2}","{""Sonic"":67,""Walmart"":67,""Starbucks"":67,""Avis Rent A Car"":67,""Maverik"":67,""McDonald's"":67,""Petco"":34,""China Buffet"":34,""Zara"":34,""Target"":34,""Verizon Wireless"":34,""Chipotle Mexican Grill"":34,""Chevron"":34,""Olive Garden"":34,""Travelodge"":34,""Hyatt Hotels & Resorts"":34,""Staybridge Suites"":34,""Kroger"":34,""Alamo Rent A Car"":34,""Old Navy"":34}","{""Anytime Fitness"":34,""Verizon Wireless"":34,""Planet Fitness"":34,""Amazon"":34,""Ipsy"":34,""Sirius XM"":34,""Nintendo"":34,""Snap Finance"":34,""Youtube"":34,""Google"":34,""Netflix"":34,""ExxonMobil"":34,""E-ZPass"":34,""Spotify"":34,""Amazon Digital Services"":34,""Amazon Prime"":34,""Amazon Prime Video"":34,""American Eagle Outfitters"":34,""Intuit"":34,""Xbox"":34}","{""Travelodge"":34,""Hyatt Hotels & Resorts"":34,""Staybridge Suites"":34,""Holiday Inn"":34,""Super 8"":34,""Motel 6"":34,""Americas Best Value Inn"":34,""Delta Hotels"":34,""Hilton Garden Inn"":34}","{""McDonald's"":34}","{""Verizon Wireless"":34}","{""Amazon Prime"":34,""Amazon Prime Video"":34,""Youtube"":34,""Netflix"":34}",{},{},{},{}
166214,zzw-222@5wg-hzn-y5f,,,2022-05-01,2022-06-01,105.9,4,4,30.66,30.66,"{""25"":15.34,""75"":33.43}","[0.00,0.00,0.00,0.00,0.00,0.00,0.00,0.00,0.00,0.00,0.00,0.00,0.00,0.00,0.00,0.00,0.00,0.00,0.00,0.00,0.00,0.00,0.00,0.00,0.00,66.86,0.00,0.00,0.00,39.04,0.00]","[null,null,null,null,null,null,null,null,null,null,null,null,null,null,null,null,null,null,null,null,null,null,null,null,null,33.43,null,null,null,19.52,null]","{""Monday"":39.04,""Tuesday"":0.00,""Wednesday"":0.00,""Thursday"":66.86,""Friday"":0.00,""Saturday"":0.00,""Sunday"":0.00}","{""Wednesday"":4,""Monday"":5,""Saturday"":4,""Thursday"":4,""Tuesday"":5,""Friday"":4,""Sunday"":5}",,-96.0,0,0.0,"{""Square"":3,""No intermediary"":1}","{""Square"":94.75,""No intermediary"":11.15}","{""1"":4,""2"":0,""3"":0,""4"":0,""5-10"":0,"">10"":0}","{""1"":26.48,""2"":null,""3"":null,""4"":null,""5-10"":null,"">10"":null}","{""75-100k"":2,""100-150k"":2,"">150k"":2}","{""75-100k"":33.43,""100-150k"":33.43,"">150k"":19.52}","{""Frisco, TX"":2,""Champaign, IL"":2,""Saint George, UT"":2}","{""Pilot Flying J"":100,""7-Eleven"":75,""Starbucks"":75,""McDonald's"":75,""Duane Reade by Walgreens"":50,""Espresso Royale"":50,""Trader Joe's"":50,""Target"":50,""H Mart"":50,""Sephora"":50,""Shake Shack"":50,""Lowe's"":50,""Macy's"":50,""Jack in the Box"":50,""ConocoPhillips"":50,""Aritzia"":50,""Circle K"":50,""Tiffany & Co."":50,""Kohl's"":50,""Costco"":50}","{""Amazon"":100,""Apple"":75,""Uber"":50,""Spotify"":50,""Uber Eats"":50,""ADT Security Services"":25,""CenturyLink"":25,""Chewy"":25,""Sirius XM"":25,""Expedia"":25,""Nintendo"":25,""Adobe Systems"":25,""North Texas Tollway Authority"":25,""Netflix"":25,""Patreon"":25,""Love's Travel Stops and Country Stores"":25,""Costco"":25,""Best Buy"":25,""Microsoft Ultimate"":25,""Amazon Prime"":25}","{""Hampton"":25}","{""Haagen Dazs"":50}","{""AT&T"":25,""Verizon Wireless"":25}","{""Amazon Prime"":25,""Netflix"":25}","{""Uber Eats"":50}","{""Uber"":50}",{},{}
166247,zzw-222@5wg-hzm-6zf,,,2022-05-01,2022-06-01,4996.12,23,22,201.48,201.48,"{""25"":143.36,""75"":218.28}","[0.00,0.00,0.00,0.00,290.96,0.00,0.00,0.00,145.48,389.63,190.28,0.00,342.70,689.68,209.43,402.96,77.28,0.00,190.28,201.48,0.00,0.00,805.92,44.68,0.00,380.56,0.00,0.00,0.00,231.84,402.96]","[null,null,null,null,290.96,null,null,null,145.48,194.82,190.28,null,342.70,143.36,209.43,201.48,77.28,null,190.28,201.48,null,null,805.92,44.68,null,380.56,null,null,null,77.28,201.48]","{""Monday"":1586.20,""Tuesday"":914.55,""Wednesday"":190.28,""Thursday"":861.80,""Friday"":544.18,""Saturday"":689.68,""Sunday"":209.43}","{""Wednesday"":4,""Monday"":5,""Saturday"":4,""Thursday"":4,""Tuesday"":5,""Friday"":4,""Sunday"":5}",213.0,-30.0,4,309.12,"{""No intermediary"":23}","{""No intermediary"":4996.12}","{""1"":21,""2"":1,""3"":0,""4"":0,""5-10"":0,"">10"":0}","{""1"":224.26,""2"":286.72,""3"":null,""4"":null,""5-10"":null,"">10"":null}","{""<25k"":2,""25-45k"":2,""45-60k"":2,""60-75k"":2,""75-100k"":2,""100-150k"":2,"">150k"":11}","{""<25k"":218.28,""25-45k"":190.28,""45-60k"":184.12,""60-75k"":209.43,""75-100k"":805.92,""100-150k"":298.20,"">150k"":187.56}","{""Spokane, WA"":3,""Ormond Beach, FL"":2,""Durango, CO"":2,""Round Rock, TX"":2,""Elmhurst, IL"":2,""Selah, WA"":2,""Seeley, CA"":2,""Delco, NC"":2,""Fernandina Beach, FL"":2,""Ogden, UT"":2,""Buena Park, CA"":2,""Silverdale, WA"":2,""Boise, ID"":2,""Commerce, TX"":2,""Brickerville, PA"":2,""Coleman, FL"":2,""Logan, UT"":2,""Wake Forest, NC"":2}","{""Walmart"":73,""Maverik"":50,""Exxon Mobil"":50,""Chevron"":41,""McDonald's"":41,""The Home Depot"":37,""ConocoPhillips"":37,""Verizon Wireless"":32,""Costco"":28,""Phillips 66"":28,""Subway"":28,""7-Eleven"":23,""O'Reilly Auto Parts"":23,""Shell Oil"":23,""Albertsons"":19,""Murphy USA"":19,""Taco Bell"":19,""Lowe's"":19,""Safeway"":19,""Fred Meyer"":19}","{""Amazon"":41,""Apple"":32,""ExxonMobil"":28,""Netflix"":23,""Expedia"":19,""Hulu"":19,""AT&T"":19,""Chevron"":14,""Maverik"":14,""Amazon Digital Services"":14,""Burger King"":14,""iTunes"":14,""Disney Plus"":14,""Phillips 66"":14,""Amazon Marketplace"":14,""Jimmy John's"":10,""Target"":10,""Verizon Wireless"":10,""Planet Fitness"":10,""Uber"":10}","{""Comfort Suites"":14,""Motel 6"":10,""La Quinta Inns & Suites"":10,""Sheraton Hotels & Resorts"":5,""Fairfield Inn & Suites by Marriott"":5,""Cobblestone Inn & Suites"":5,""Holiday Inn"":5,""Hampton"":5,""Country Inn & Suites By Radisson"":5,""Hilton Garden Inn"":5,""Courtyard by Marriott"":5,""Marriott Hotels"":5}","{""Exxon Mobil"":23,""McDonald's"":14,""Chevron"":10,""ConocoPhillips"":5}","{""Verizon Wireless"":41,""AT&T"":23,""T-Mobile"":10,""Google Fi"":5,""Sprint"":5}","{""Netflix"":23,""Hulu"":19,""Disney Plus"":19,""YouTube TV"":10,""Fubo"":5,""Youtube"":5,""Dish Network"":5,""Youtube Premium"":5}","{""Instacart"":5}","{""Uber"":10,""Lyft"":5}",{},"{""PayPal"":5}"
166255,225-222@5wg-hzm-6zf,,,2022-05-01,2022-06-01,12000.1,157,145,67.2,67.72,"{""25"":45.71,""75"":92.40}","[244.92,375.42,128.56,361.25,163.08,403.31,193.36,35.76,234.04,0.00,376.82,184.80,223.62,150.28,318.64,956.87,84.00,88.62,69.08,270.84,1619.19,465.23,827.12,93.24,308.02,490.42,438.38,25.28,724.44,972.29,1173.22]","[78.12,90.81,64.28,71.24,63.00,201.66,67.72,17.88,57.22,null,62.40,92.40,27.28,75.14,55.84,80.08,84.00,44.31,69.08,59.92,252.03,76.70,64.45,93.24,36.52,40.04,58.94,25.28,80.08,82.46,67.16]","{""Monday"":3365.74,""Tuesday"":1479.02,""Wednesday"":1134.71,""Thursday"":907.38,""Friday"":1336.15,""Saturday"":1988.11,""Sunday"":1788.99}","{""Wednesday"":4,""Monday"":5,""Saturday"":4,""Thursday"":4,""Tuesday"":5,""Friday"":4,""Sunday"":5}",464.0,-21.0,4,458.57,"{""No intermediary"":157}","{""No intermediary"":12000.10}","{""1"":136,""2"":8,""3"":0,""4"":0,""5-10"":1,"">10"":0}","{""1"":73.08,""2"":100.15,""3"":null,""4"":null,""5-10"":1260.15,"">10"":null}","{""<25k"":4,""25-45k"":23,""45-60k"":16,""60-75k"":12,""75-100k"":20,""100-150k"":27,"">150k"":41}","{""<25k"":26.20,""25-45k"":74.16,""45-60k"":72.64,""60-75k"":62.96,""75-100k"":84.96,""100-150k"":69.27,"">150k"":109.34}","{""Pocatello, ID"":7,""Boise, ID"":7,""Idaho Falls, ID"":7,""Ammon, ID"":5,""San Antonio, TX"":5,""Grayling, MT"":4,""Salt Lake City, UT"":4,""Wake Forest, NC"":4,""Raleigh, NC"":3,""Morgan, UT"":3,""Phoenix, AZ"":3,""Harrisville, UT"":3,""Bozeman, MT"":3,""Layton, UT"":3,""Shelby, NC"":3,""Hauser, ID"":2,""Saint George, UT"":2,""Amalga, UT"":2,""Driggs, ID"":2,""Frisco, TX"":2,""Bountiful, UT"":2,""Brigham City, UT"":2,""Island Park, ID"":2,""Roy, UT"":2,""Troy, MI"":2,""Chicago, IL"":2,""Lincoln City, OR"":2,""Taylorsville, UT"":2,""Pittsburgh, PA"":2,""Centerville, UT"":2,""Destin, FL"":2,""Dover, DE"":2,""Cedar Park, TX"":2,""Flagstaff, AZ"":2,""Duluth, GA"":2,""Birmingham, AL"":2,""Mesa, AZ"":2,""Gilbert, AZ"":2,""Houston, TX"":2,""Manassas, VA"":2,""Provo, UT"":2,""Meridian, ID"":2,""Folsom, CA"":2,""Highland, UT"":2,""Belgrade, MT"":2,""Ogden, UT"":2,""Winston Salem, NC"":2,""Georgetown, KY"":2,""Crestview, FL"":2,""Grove City, PA"":2,""Gardiner, MT"":2,""Spring, TX"":2,""Twin Falls, ID"":2,""Coeur D Alene, ID"":2,""Kreamer, PA"":2,""Silverdale, WA"":2,""Orange Park, FL"":2,""Cedar City, UT"":2,""Sandy, PA"":2,""Maryville, TN"":2,""Mount Airy, MD"":2,""Las Vegas, NM"":2,""Chubbuck, ID"":2,""Philadelphia, PA"":2,""Florence, AZ"":2,""Grant, ID"":2,""Royal Oak, MI"":2,""Erda, UT"":2,""Cape May Court House, NJ"":2,""Dixon, CA"":2,""Edgewater, CO"":2,""Sumiton, AL"":2,""Anaheim, CA"":2,""Bedford, VA"":2,""Neptune Beach, FL"":2,""Featherville, ID"":2,""Scottsdale, AZ"":2,""Ashton, ID"":2,""Calabash, NC"":2,""Bothell, WA"":2,""Caroleen, NC"":2,""Herriman, UT"":2,""Animas, NM"":2,""Massillon, OH"":2,""Bend, OR"":2,""Pooler, GA"":2,""Star, ID"":2,""Parker, CO"":2,""Aberdeen, MD"":2,""Logan, UT"":2}","{""Walmart"":66,""McDonald's"":54,""Chevron"":45,""Maverik"":43,""Shell Oil"":41,""Albertsons"":34,""Costco"":34,""Lowe's"":30,""Chick-fil-A"":30,""Target"":29,""Exxon Mobil"":25,""ConocoPhillips"":23,""Walgreens"":23,""WinCo Foods"":22,""Wendy's"":21,""Subway"":20,""Taco Bell"":20,""The Home Depot"":20,""Starbucks"":19,""Verizon Wireless"":17}","{""Amazon"":62,""Apple"":48,""Netflix"":30,""Amazon Digital Services"":24,""Spotify"":22,""Verizon Wireless"":18,""Uber"":18,""Costa Vida"":12,""Amazon Marketplace"":12,""Google"":12,""Hulu"":11,""Costco"":10,""Comcast"":10,""ExxonMobil"":9,""Chewy"":8,""Maverik"":8,""AT&T"":8,""Sam's Club"":8,""T-Mobile"":8,""Walmart"":7}","{""McDonald's"":55,""Chick-fil-A"":30,""Taco Bell"":23,""Wendy's"":23,""Subway"":22,""Starbucks"":19,""Burger King"":18,""Little Caesars"":15,""Panda Express"":14,""Arby's"":14,""Costa Vida"":13,""Dairy Queen"":12,""Buffalo Wild Wings"":11,""Jack in the Box"":11,""Dunkin'"":9,""Sonic"":8,""Del Taco"":8,""Papa John's"":8,""Five Guys"":8,""Panera Bread"":8}","{""McDonald's"":20,""Exxon Mobil"":5,""Phillips 66"":5,""Haagen Dazs"":4,""Chevron"":3,""NAPA Auto Parts"":2,""ConocoPhillips"":1,""CENEX"":1,""Days Inn"":1,""United States Postal Service (USPS)"":1}","{""Verizon Wireless"":32,""T-Mobile"":11,""AT&T"":10,""Sprint"":5,""Disney Mobile"":4,""Straight Talk"":2,""Cricket Wireless"":1}","{""Netflix"":30,""Hulu"":11,""Peacock"":10,""Disney Plus"":7,""Roku"":4,""Redbox"":4,""Dish Network"":3,""HBO Max"":3,""Youtube"":3,""Vudu"":3,""Sling TV"":2,""YouTube TV"":2,""Youtube Premium"":2,""Funimation"":1,""Time Warner Cable"":1,""Amazon Prime"":1,""Amazon Prime Video"":1}","{""Uber Eats"":7,""DoorDash"":4,""HelloFresh"":3,""Postmates"":3,""Instacart"":1}","{""Uber"":18,""Lyft"":3}","{""Klarna"":3,""Sezzle"":2,""Afterpay"":2,""Progressive Leasing"":1}","{""Apple Card"":5}"
166288,223-222@5wg-hzm-9zz,,,2022-05-01,2022-06-01,2690.7,65,60,35.24,36.26,"{""25"":25.47,""75"":48.98}","[0.00,0.00,39.99,0.00,43.00,189.54,33.17,52.88,82.03,77.48,52.51,63.59,22.34,408.75,37.51,25.00,35.80,121.77,0.00,0.00,201.38,37.18,23.10,59.34,29.26,7.46,125.84,216.98,210.45,232.58,261.77]","[null,null,39.99,null,43.00,39.65,33.17,26.44,41.02,38.74,26.26,63.59,22.34,40.93,37.51,25.00,35.80,46.81,null,null,100.69,37.18,11.55,16.43,29.26,7.46,62.92,25.47,32.00,25.95,71.73]","{""Monday"":362.71,""Tuesday"":474.38,""Wednesday"":203.54,""Thursday"":114.05,""Friday"":337.72,""Saturday"":860.28,""Sunday"":338.02}","{""Wednesday"":4,""Monday"":5,""Saturday"":4,""Thursday"":4,""Tuesday"":5,""Friday"":4,""Sunday"":5}",,-24.0,62,2570.41,"{""No intermediary"":65}","{""No intermediary"":2690.70}","{""1"":56,""2"":3,""3"":1,""4"":0,""5-10"":0,"">10"":0}","{""1"":44.47,""2"":59.46,""3"":21.80,""4"":null,""5-10"":null,"">10"":null}","{""<25k"":7,""25-45k"":10,""45-60k"":6,""60-75k"":4,""75-100k"":5,""100-150k"":14,"">150k"":12}","{""<25k"":39.34,""25-45k"":39.65,""45-60k"":37.62,""60-75k"":41.13,""75-100k"":61.04,""100-150k"":48.57,"">150k"":46.27}","{""Draper, UT"":5,""Oak Harbor, WA"":4,""Boise, ID"":4,""Midvale, UT"":3,""Smyrna, GA"":2,""Tacoma, WA"":2,""Renton, WA"":2,""Saint George, UT"":2,""South Jordan, UT"":2,""Alexandria, VA"":2,""Corinne, UT"":2,""Woods Cross, UT"":2,""Durango, CO"":2,""Huntsville, AL"":2,""Tucson, AZ"":2,""Chicago, IL"":2,""Coalville, UT"":2,""Salt Lake City, UT"":2,""Pittsburgh, PA"":2,""Centerville, UT"":2,""Hailey, ID"":2,""Morgan, UT"":2,""Brentwood, TN"":2,""Flagstaff, AZ"":2,""Provo, UT"":2,""Cottonwood Heights, UT"":2,""Centre Hall, PA"":2,""Pocatello, ID"":2,""Clearfield, UT"":2,""Gardiner, MT"":2,""Seattle, WA"":2,""Crystal Lake, IL"":2,""Colorado Springs, CO"":2,""Farmington, UT"":2,""Grant, ID"":2,""Berkeley, CA"":2,""Rexburg, ID"":2,""Erda, UT"":2,""Bozeman, MT"":2,""Layton, UT"":2,""Kaysville, UT"":2,""Sacramento, CA"":2,""Cleone, CA"":2,""Corvallis, OR"":2,""Austin, TX"":2,""Frederick, MD"":2}","{""Walmart"":72,""McDonald's"":60,""Maverik"":49,""Chevron"":35,""Costco"":35,""Subway"":35,""Target"":30,""ConocoPhillips"":29,""Shell Oil"":29,""The Home Depot"":27,""Exxon Mobil"":25,""Wendy's"":24,""Lowe's"":22,""Starbucks"":22,""Smith's Food & Drug Stores"":22,""Burger King"":22,""Sam's Club"":22,""Albertsons"":20,""Safeway"":20,""Chick-fil-A"":20}","{""Amazon"":62,""Apple"":37,""Netflix"":29,""Amazon Digital Services"":25,""Target"":15,""Hulu"":15,""Comcast"":15,""Walmart"":14,""Google"":14,""Maverik"":14,""AT&T"":12,""Amazon Marketplace"":12,""T-Mobile"":12,""Verizon Wireless"":10,""ExxonMobil"":10,""Spotify"":10,""McDonald's"":10,""Phillips 66"":10,""Airbnb"":9,""7-Eleven"":9}","{""McDonald's"":62,""Subway"":37,""Wendy's"":25,""Burger King"":25,""Starbucks"":22,""Chick-fil-A"":22,""Arby's"":17,""Taco Bell"":15,""Papa Murphy's"":12,""Little Caesars"":10,""Applebee's"":10,""Taco Time Northwest"":10,""In-N-Out Burger"":10,""Jimmy John's"":9,""Jamba"":9,""Olive Garden"":9,""Jersey Mike's"":9,""KFC"":9,""Popeyes Louisiana Kitchen"":9,""Papa John's"":9}","{""McDonald's"":15,""Phillips 66"":7,""Chevron"":5,""Exxon Mobil"":5,""NAPA Auto Parts"":4,""Days Inn"":2}","{""Verizon Wireless"":19,""T-Mobile"":19,""AT&T"":14,""Disney Mobile"":2,""Straight Talk"":2,""TracFone Wireless"":2}","{""Netflix"":29,""Hulu"":15,""Disney Plus"":10,""Amazon Prime"":5,""Roku"":4,""Youtube"":4,""HBO Max"":2,""Dish Network"":2,""Vudu"":2,""Peacock"":2,""DirecTV"":2}","{""Uber Eats"":7,""HelloFresh"":4,""Instacart"":2,""DoorDash"":2}","{""Lyft"":4,""Uber"":4}",{},"{""Apple Cash"":4,""PayPal"":2,""Venmo"":2}"
166367,222-222@5wg-jfw-p5f,SG_BRAND_dddd21f70594bf6e,NAPA Auto Parts,2022-05-01,2022-06-01,1650.79,40,30,25.56,34.14,"{""25"":10.80,""75"":57.36}","[0.00,0.00,0.00,43.64,119.05,173.85,22.85,0.00,0.00,245.65,118.50,5.02,12.04,0.00,48.11,85.41,0.00,0.00,10.38,23.90,248.67,0.00,19.32,98.68,0.00,197.82,25.92,0.00,0.00,0.00,151.98]","[null,null,null,21.82,59.52,86.93,22.85,null,null,43.96,59.25,2.51,12.04,null,24.05,42.71,null,null,10.38,23.90,124.34,null,9.66,49.34,null,33.15,12.96,null,null,null,25.56]","{""Monday"":104.73,""Tuesday"":496.31,""Wednesday"":162.14,""Thursday"":332.27,""Friday"":235.71,""Saturday"":271.52,""Sunday"":48.11}","{""Wednesday"":4,""Monday"":5,""Saturday"":4,""Thursday"":4,""Tuesday"":5,""Friday"":4,""Sunday"":5}",106.0,71.0,1,43.98,"{""No intermediary"":40}","{""No intermediary"":1650.79}","{""1"":22,""2"":6,""3"":2,""4"":0,""5-10"":0,"">10"":0}","{""1"":34.98,""2"":98.12,""3"":146.26,""4"":null,""5-10"":null,"">10"":null}","{""<25k"":6,""25-45k"":5,""45-60k"":2,""60-75k"":2,""75-100k"":4,""100-150k"":5,"">150k"":2}","{""<25k"":65.87,""25-45k"":47.99,""45-60k"":2.51,""60-75k"":50.53,""75-100k"":66.05,""100-150k"":28.71,"">150k"":71.13}","{""Port Angeles, WA"":5,""Highland, UT"":3,""Saint George, UT"":2,""Grayling, MT"":2,""Island Park, ID"":2,""Salt Lake City, UT"":2,""Pocatello, ID"":2,""Rapid City, SD"":2,""Jacksonville, FL"":2,""Boise, ID"":2,""Ammon, ID"":2,""Colorado Springs, CO"":2,""Farmington, UT"":2,""Newport, WA"":2,""Berkeley, CA"":2,""Bozeman, MT"":2,""Layton, UT"":2,""Nampa, ID"":2,""Ennis, MT"":2,""Idaho Falls, ID"":2,""Caldwell, ID"":2,""Wake Forest, NC"":2}","{""Walmart"":77,""Maverik"":60,""McDonald's"":54,""Subway"":40,""Shell Oil"":37,""Costco"":34,""Target"":30,""Chevron"":30,""Albertsons"":30,""WinCo Foods"":27,""The Home Depot"":27,""Wendy's"":24,""O'Reilly Auto Parts"":24,""Stinker Stores"":24,""Sonic"":20,""C-A-L Ranch Stores"":20,""Lowe's"":20,""Exxon Mobil"":20,""Harbor Freight Tools"":17,""KFC"":17}","{""Amazon"":54,""Netflix"":40,""Amazon Marketplace"":27,""Apple"":24,""ExxonMobil"":17,""Hulu"":17,""Spotify"":17,""Verizon Wireless"":14,""Dutch Bros. Coffee"":14,""Google"":14,""Amazon Digital Services"":14,""Etsy"":10,""Comcast"":10,""Sony Playstation Networks"":10,""Xbox"":10,""T-Mobile"":10,""Amazon Kindle"":10,""Walmart"":7,""Planet Fitness"":7,""Airbnb"":7}","{""O'Reilly Auto Parts"":24,""Commercial Tire"":4,""Batteries Plus Bulbs"":4,""AutoZone"":4}","{""McDonald's"":27,""United States Postal Service (USPS)"":10,""CENEX"":7,""Phillips 66"":7,""Exxon Mobil"":7,""Chevron"":4,""ConocoPhillips"":4,""Haagen Dazs"":4}","{""Verizon Wireless"":27,""AT&T"":10,""T-Mobile"":10}","{""Netflix"":40,""Hulu"":17,""Disney Plus"":17,""Youtube"":7,""Roku"":4,""HBO Max"":4,""Dish Network"":4,""Vudu"":4,""Redbox"":4}","{""Uber Eats"":4}",{},{},"{""PayPal"":7,""Apple Card"":4}"
166610,zzw-222@5wg-jfw-p7q,,,2022-06-01,2022-07-01,4801.7,7,7,349.68,349.68,"{""25"":332.63,""75"":1332.32}","[0.00,0.00,0.00,0.00,0.00,1377.00,0.00,0.00,0.00,0.00,0.00,727.76,0.00,0.00,699.36,0.00,0.00,0.00,0.00,0.00,0.00,0.00,0.00,0.00,0.00,0.00,1332.32,0.00,0.00,665.26]","[null,null,null,null,null,1377.00,null,null,null,null,null,727.76,null,null,349.68,null,null,null,null,null,null,null,null,null,null,null,1332.32,null,null,332.63]","{""Monday"":2709.32,""Tuesday"":0.00,""Wednesday"":699.36,""Thursday"":665.26,""Friday"":0.00,""Saturday"":0.00,""Sunday"":727.76}","{""Wednesday"":5,""Monday"":4,""Saturday"":4,""Thursday"":5,""Tuesday"":4,""Friday"":4,""Sunday"":4}",-51.0,-46.0,0,0.0,"{""No intermediary"":7}","{""No intermediary"":4801.70}","{""1"":7,""2"":0,""3"":0,""4"":0,""5-10"":0,"">10"":0}","{""1"":685.96,""2"":null,""3"":null,""4"":null,""5-10"":null,"">10"":null}","{""25-45k"":2,""45-60k"":2,""60-75k"":2,"">150k"":2}","{""25-45k"":349.68,""45-60k"":727.76,""60-75k"":1377.00,"">150k"":665.86}","{""Raleigh, NC"":7,""Middletown, OH"":2,""Dekalb, IL"":2,""San Angelo, TX"":2}","{""Walmart"":72,""Maverik"":72,""Albertsons"":58,""Starbucks"":58,""Love's Travel Stops and Country Stores"":58,""Target"":43,""Lowe's"":43,""Kohl's"":43,""McDonald's"":43,""Shell Oil"":43,""Subway"":43,""Sonic"":29,""Big D"":29,""Mellow Mushroom"":29,""Cook Out"":29,""Great Clips"":29,""Freddy's Frozen Custard"":29,""Jersey Mike's"":29,""Harbor Freight Tools"":29,""The Home Depot"":29}","{""Hulu"":58,""Amazon"":43,""Sirius XM"":43,""Apple"":43,""Netflix"":43,""Chili's"":29,""Verizon Wireless"":29,""Fandango"":29,""Nintendo"":29,""Domino's Pizza"":29,""Cost Plus World Market"":29,""Goodwill"":29,""Kohl's"":29,""Peacock"":29,""Amazon Digital Services"":29,""Jersey Mike's Subs"":29,""AT&T"":29,""Simplisafe"":29,""Expedia"":15,""Patreon"":15}","{""Hampton"":29,""Comfort Suites"":29,""Best Western"":29,""La Quinta Inns & Suites"":29,""Fairfield Inn & Suites by Marriott"":15,""Holiday Inn"":15}","{""McDonald's"":29}","{""AT&T"":29,""Verizon Wireless"":29}","{""Hulu"":58,""Netflix"":43,""Peacock"":29,""Crunchyroll"":15}",{},{},{},{}
166690,zzw-222@5wg-j3d-26k,,,2022-06-01,2022-07-01,395.45,8,4,12.61,68.48,"{""25"":10.61,""75"":76.28}","[0.00,0.00,0.00,0.00,0.00,0.00,0.00,0.00,0.00,0.00,0.00,0.00,25.22,0.00,0.00,97.20,233.28,0.00,0.00,0.00,0.00,0.00,0.00,0.00,0.00,26.25,0.00,13.50,0.00,0.00]","[null,null,null,null,null,null,null,null,null,null,null,null,12.61,null,null,97.20,233.28,null,null,null,null,null,null,null,null,10.38,null,13.50,null,null]","{""Monday"":25.22,""Tuesday"":13.50,""Wednesday"":0.00,""Thursday"":97.20,""Friday"":233.28,""Saturday"":0.00,""Sunday"":26.25}","{""Wednesday"":5,""Monday"":4,""Saturday"":4,""Thursday"":5,""Tuesday"":4,""Friday"":4,""Sunday"":4}",,-3.0,0,0.0,"{""No intermediary"":8}","{""No intermediary"":395.45}","{""1"":1,""2"":2,""3"":1,""4"":0,""5-10"":0,"">10"":0}","{""1"":233.28,""2"":67.96,""3"":26.25,""4"":null,""5-10"":null,"">10"":null}","{""25-45k"":3,""100-150k"":2,"">150k"":2}","{""25-45k"":233.28,""100-150k"":25.22,"">150k"":68.48}","{""River Falls, WI"":2,""West Jordan, UT"":2,""Vernal, UT"":2,""Simsbury, CT"":2}","{""Walmart"":100,""McDonald's"":100,""United States Postal Service (USPS)"":75,""Papa Murphy's"":50,""Lowe's"":50,""7-Eleven"":50,""ConocoPhillips"":50,""Smith's Food & Drug Stores"":50,""Maverik"":50,""Shell Oil"":50,""Subway"":50,""Arby's"":50,""Petco"":25,""Ace Hotel"":25,""Sonic"":25,""Michael Kors"":25,""Verizon Wireless"":25,""C-A-L Ranch Stores"":25,""TownPump Convenience Stores"":25,""BP"":25}","{""Amazon"":75,""Walmart"":50,""Apple"":50,""Netflix"":50,""Maverik"":50,""Amazon Digital Services"":50,""AT&T"":50,""Dropbox"":25,""Uber"":25,""Shell"":25,""YouTube TV"":25,""Fandango"":25,""Claire's"":25,""Chewy"":25,""Sirius XM"":25,""Zulily"":25,""Old Navy"":25,""Experian"":25,""Goodwill"":25,""Klarna"":25}",{},"{""United States Postal Service (USPS)"":25}","{""AT&T"":75,""Verizon Wireless"":25}","{""Netflix"":50,""YouTube TV"":25}","{""Instacart"":25}","{""Uber"":25}","{""Affirm.com"":25,""Klarna"":25,""Zip Company"":25}","{""PayPal"":25,""Apple Card"":25}"
167061,226-222@5wg-hzn-y9z,,,2022-06-01,2022-07-01,1024.32,4,3,268.12,286.6,"{""25"":218.00,""75"":282.12}","[0.00,0.00,0.00,0.00,0.00,0.00,267.56,286.60,0.00,0.00,0.00,0.00,0.00,0.00,0.00,0.00,268.68,0.00,201.48,0.00,0.00,0.00,0.00,0.00,0.00,0.00,0.00,0.00,0.00,0.00]","[null,null,null,null,null,null,267.56,286.60,null,null,null,null,null,null,null,null,268.68,null,201.48,null,null,null,null,null,null,null,null,null,null,null]","{""Monday"":0.00,""Tuesday"":267.56,""Wednesday"":286.60,""Thursday"":0.00,""Friday"":268.68,""Saturday"":0.00,""Sunday"":201.48}","{""Wednesday"":5,""Monday"":4,""Saturday"":4,""Thursday"":5,""Tuesday"":4,""Friday"":4,""Sunday"":4}",36.0,-62.0,0,0.0,"{""No intermediary"":4}","{""No intermediary"":1024.32}","{""1"":2,""2"":1,""3"":0,""4"":0,""5-10"":0,"">10"":0}","{""1"":277.08,""2"":470.16,""3"":null,""4"":null,""5-10"":null,"">10"":null}","{""60-75k"":2,""100-150k"":2}","{""60-75k"":267.56,""100-150k"":378.38}","{""Spokane, WA"":3,""Wilson, NC"":2,""Glasgow, MT"":2}","{""Walmart"":100,""Target"":100,""Chevron"":67,""Speedway"":67,""Wendy's"":67,""ConocoPhillips"":67,""Burger King"":67,""Shell Oil"":67,""Old Chicago Pizza and Taproom"":34,""Jimmy John's"":34,""ULTA Beauty"":34,""Golden Corral"":34,""Sheraton Hotels & Resorts"":34,""Fairfield Inn & Suites by Marriott"":34,""Sprouts Farmers Market"":34,""RaceWay"":34,""BP"":34,""Ross Stores"":34,""Albertsons"":34,""Old Navy"":34}","{""Hulu"":100,""Apple"":67,""Netflix"":67,""Walmart"":34,""Target"":34,""Nayax"":34,""Airbnb"":34,""HelloFresh"":34,""AMC Theatres"":34,""Macy's"":34,""Apple Card"":34,""Dashpass"":34,""Uber Eats"":34,""Burger King"":34,""AT&T"":34,""Comcast"":34,""U-Haul"":34,""T-Mobile"":34}","{""Sheraton Hotels & Resorts"":34,""Fairfield Inn & Suites by Marriott"":34,""TownePlace Suites by Marriott"":34,""Comfort Suites"":34,""Residence Inn by Marriott"":34,""Hilton International"":34,""Sleep Inn"":34,""Wyndham"":34}",{},"{""AT&T"":34,""T-Mobile"":34}","{""Hulu"":100,""Netflix"":67,""Disney Plus"":34}","{""Dashpass"":34,""HelloFresh"":34,""Uber Eats"":34}",{},{},"{""Apple Card"":34}"
167136,226-222@5wg-hzm-9zz,,,2022-06-01,2022-07-01,4944.78,91,78,52.65,56.27,"{""25"":28.50,""75"":74.92}","[148.41,408.91,158.73,105.42,36.82,498.54,369.82,433.14,143.98,314.85,0.00,0.00,0.00,95.42,0.00,453.58,54.15,0.00,21.36,46.34,482.60,0.00,247.52,33.75,70.53,0.00,533.33,199.43,88.15,0.00]","[52.41,65.80,50.98,105.42,36.82,37.08,58.00,50.00,44.48,62.47,null,null,null,47.71,null,101.08,27.08,null,21.36,46.34,60.16,null,66.83,33.75,70.53,null,33.46,42.39,44.08,null]","{""Monday"":1078.21,""Tuesday"":1147.27,""Wednesday"":669.70,""Thursday"":1253.99,""Friday"":561.48,""Saturday"":175.95,""Sunday"":58.18}","{""Wednesday"":5,""Monday"":4,""Saturday"":4,""Thursday"":5,""Tuesday"":4,""Friday"":4,""Sunday"":4}",100.0,-55.0,1,11.0,"{""No intermediary"":90,""Visa"":1}","{""No intermediary"":4933.78,""Visa"":11.00}","{""1"":66,""2"":11,""3"":1,""4"":0,""5-10"":0,"">10"":0}","{""1"":55.32,""2"":108.02,""3"":105.10,""4"":null,""5-10"":null,"">10"":null}","{""<25k"":8,""25-45k"":4,""45-60k"":10,""60-75k"":3,""75-100k"":7,""100-150k"":22,"">150k"":20}","{""<25k"":59.02,""25-45k"":29.07,""45-60k"":59.88,""60-75k"":42.78,""75-100k"":75.19,""100-150k"":67.67,"">150k"":69.46}","{""Asheville, NC"":5,""Caldwell, ID"":5,""Auburn, ME"":4,""Salt Lake City, UT"":3,""Farmington, UT"":3,""Fletcher, NC"":3,""Orem, UT"":3,""West Bountiful, UT"":2,""Raleigh, NC"":2,""South Jordan, UT"":2,""Grayling, MT"":2,""Fort Mill, SC"":2,""Roy, UT"":2,""Sandy, UT"":2,""Troy, MI"":2,""Gloversville, NY"":2,""Chandler, AZ"":2,""Blackfoot, ID"":2,""Calimesa, CA"":2,""Queen Creek, AZ"":2,""Arkadelphia, AR"":2,""Phoenix, AZ"":2,""Hershey, PA"":2,""Meridian, ID"":2,""Ogden, UT"":2,""Omaha, NE"":2,""Brenham, TX"":2,""Narberth, PA"":2,""Coeur D Alene, ID"":2,""Saint Louis, MO"":2,""Winchester, VA"":2,""Boise, ID"":2,""Cedar City, UT"":2,""Northport, AL"":2,""Crystal Lake, IL"":2,""Campbelltown, PA"":2,""Porterville, CA"":2,""Salem, OR"":2,""Circleville, OH"":2,""Fernway, PA"":2,""Casper, WY"":2,""Cedar Falls, IA"":2,""West Branch, MI"":2,""Newbury Park, CA"":2,""Hoquiam, WA"":2,""Belfast, PA"":2,""Peachtree City, GA"":2,""Idaho Falls, ID"":2,""Star, ID"":2,""Stroudsburg, PA"":2,""Wake Forest, NC"":2}","{""Walmart"":70,""McDonald's"":58,""Maverik"":43,""Target"":42,""Shell Oil"":40,""Chevron"":35,""Costco"":34,""Phillips 66"":30,""Exxon Mobil"":30,""Chick-fil-A"":29,""Subway"":27,""Starbucks"":25,""Wendy's"":24,""Love's Travel Stops and Country Stores"":24,""Arby's"":22,""Taco Bell"":21,""ConocoPhillips"":21,""Walgreens"":21,""Dairy Queen"":20,""Pilot Flying J"":20}","{""Amazon"":63,""Apple"":39,""Netflix"":35,""Spotify"":22,""AT&T"":21,""Hulu"":17,""Amazon Digital Services"":17,""Comcast"":16,""Amazon Marketplace"":16,""Walmart"":12,""Target"":12,""McDonald's"":12,""Verizon Wireless"":9,""Chipotle Mexican Grill"":9,""YouTube TV"":9,""Sirius XM"":9,""Google"":9,""Uber"":8,""Youtube"":8,""Dish Network"":8}","{""McDonald's"":59,""Chick-fil-A"":29,""Subway"":27,""Starbucks"":25,""Wendy's"":24,""Arby's"":22,""Taco Bell"":21,""Dairy Queen"":20,""Burger King"":18,""Panda Express"":17,""Sonic"":16,""Chipotle Mexican Grill"":15,""Carl's Jr."":13,""Panera Bread"":11,""In-N-Out Burger"":11,""Dunkin'"":11,""Jimmy John's"":8,""Olive Garden"":8,""Jersey Mike's"":8,""KFC"":8}","{""McDonald's"":12,""Exxon Mobil"":9,""Phillips 66"":6,""Haagen Dazs"":3,""ConocoPhillips"":2,""Budget Rent A Car"":2,""Subway"":2}","{""Verizon Wireless"":24,""AT&T"":21,""T-Mobile"":11,""Straight Talk"":6,""Sprint"":4,""Disney Mobile"":2,""Cricket Wireless"":2,""Boost Mobile"":2}","{""Netflix"":35,""Disney Plus"":20,""Hulu"":17,""YouTube TV"":9,""Redbox"":9,""Youtube"":8,""Dish Network"":8,""HBO Max"":7,""DirecTV"":3,""Sling TV"":2,""Roku"":2,""Funimation"":2,""Vudu"":2,""Peacock"":2,""Time Warner Cable"":2,""Amazon Prime Video"":2,""Youtube Premium"":2}","{""Instacart"":4,""Dashpass"":2,""HelloFresh"":2,""DoorDash"":2}","{""Uber"":8,""Lyft"":2}","{""Afterpay"":6,""Affirm.com"":3,""Klarna"":3}","{""PayPal"":2,""Venmo"":2}"
167341,225-222@5wg-hzm-9pv,,,2022-06-01,2022-07-01,1394.2,4,3,304.4,481.0,"{""25"":304.40,""75"":436.85}","[0.00,0.00,0.00,0.00,0.00,0.00,0.00,913.20,0.00,481.00,0.00,0.00,0.00,0.00,0.00,0.00,0.00,0.00,0.00,0.00,0.00,0.00,0.00,0.00,0.00,0.00,0.00,0.00,0.00,0.00]","[null,null,null,null,null,null,null,304.40,null,481.00,null,null,null,null,null,null,null,null,null,null,null,null,null,null,null,null,null,null,null,null]","{""Monday"":0.00,""Tuesday"":0.00,""Wednesday"":913.20,""Thursday"":0.00,""Friday"":481.00,""Saturday"":0.00,""Sunday"":0.00}","{""Wednesday"":5,""Monday"":4,""Saturday"":4,""Thursday"":5,""Tuesday"":4,""Friday"":4,""Sunday"":4}",,138.0,0,0.0,"{""No intermediary"":4}","{""No intermediary"":1394.20}","{""1"":2,""2"":1,""3"":0,""4"":0,""5-10"":0,"">10"":0}","{""1"":392.70,""2"":608.80,""3"":null,""4"":null,""5-10"":null,"">10"":null}","{"">150k"":6}","{"">150k"":464.73}","{""Leavenworth, WA"":4,""Seattle, WA"":2}","{""Big D"":67,""Walmart"":67,""Chevrolet"":67,""Target"":67,""Casey's General Stores"":67,""Murphy USA"":67,""Microtel Inn and Suites"":67,""ConocoPhillips"":67,""Yoke's Fresh Mart"":67,""Love's Travel Stops and Country Stores"":67,""Pinch A Penny"":67,""Maverik"":67,""Super 8"":67,""Costco"":67,""Walgreens"":67,""DoubleTree by Hilton"":67,""Pilot Flying J"":67,""Harvest Foods"":67,""Cracker Barrel"":67,""Gus's Fried Chicken"":67}","{""Amazon"":100,""Uber"":67,""Airbnb"":67,""Apple"":67,""T-Mobile"":67,""Verizon Wireless"":34,""Macy's"":34,""Google Storage"":34,""Uber Eats"":34,""Comcast"":34,""Xbox"":34}","{""Microtel Inn and Suites"":67,""Super 8"":67,""DoubleTree by Hilton"":67,""Baymont Inn & Suites"":67,""Best Western"":67,""Comfort Suites"":34,""Quality Inn"":34}","{""Haagen Dazs"":67}","{""T-Mobile"":67,""Verizon Wireless"":34}",{},"{""Uber Eats"":34}","{""Uber"":67}",{},{}
167352,zzy-227@5wg-hzm-9pv,SG_BRAND_cec86c6d3aff8dec59ed81b51073cd5e,Haagen Dazs,2022-06-01,2022-07-01,3362.58,178,157,16.68,18.22,"{""25"":10.04,""75"":25.62}","[116.48,72.83,163.17,69.45,110.70,283.10,125.19,126.10,132.97,43.74,86.68,211.76,129.58,96.53,0.00,205.65,68.76,71.58,165.47,10.14,125.69,20.08,80.65,169.97,122.17,74.67,126.51,123.99,87.26,141.71]","[29.97,9.74,10.14,8.10,15.89,18.19,9.14,26.79,30.74,16.67,15.64,12.17,15.85,19.28,null,26.32,16.68,8.31,30.26,10.14,17.76,20.08,16.00,13.46,15.32,23.40,18.37,33.25,32.90,12.85]","{""Monday"":549.33,""Tuesday"":471.40,""Wednesday"":349.92,""Thursday"":633.81,""Friday"":445.64,""Saturday"":349.88,""Sunday"":562.60}","{""Wednesday"":5,""Monday"":4,""Saturday"":4,""Thursday"":5,""Tuesday"":4,""Friday"":4,""Sunday"":4}",163.0,-36.0,14,202.65,"{""No intermediary"":177,""Visa"":1}","{""No intermediary"":3344.82,""Visa"":17.76}","{""1"":139,""2"":15,""3"":3,""4"":0,""5-10"":0,"">10"":0}","{""1"":19.61,""2"":31.81,""3"":53.26,""4"":null,""5-10"":null,"">10"":null}","{""<25k"":23,""25-45k"":14,""45-60k"":8,""60-75k"":7,""75-100k"":13,""100-150k"":28,"">150k"":53}","{""<25k"":16.78,""25-45k"":16.64,""45-60k"":16.82,""60-75k"":30.43,""75-100k"":20.55,""100-150k"":24.23,"">150k"":23.32}","{""Grayling, MT"":8,""Pocatello, ID"":7,""Boise, ID"":6,""Saratoga Springs, UT"":6,""Blackfoot, ID"":5,""Charleston, UT"":5,""West Jordan, UT"":4,""Salt Lake City, UT"":4,""Meridian, ID"":4,""Chestertown, MD"":4,""Fort Worth, TX"":4,""San Antonio, TX"":4,""King George, VA"":3,""Sandy, UT"":3,""Allegany, NY"":3,""Lake City, SC"":3,""Crystal Lake, IL"":3,""Rexburg, ID"":3,""Idaho Falls, ID"":3,""Castle Rock, CO"":3,""Friend, KS"":2,""Schertz, TX"":2,""South Jordan, UT"":2,""Grimes, IA"":2,""Beavercreek, OH"":2,""Frisco, TX"":2,""Payette, ID"":2,""Goodyear, AZ"":2,""Syracuse, UT"":2,""Troy, MI"":2,""Taylorsville, UT"":2,""Beaver, UT"":2,""Monaca, PA"":2,""Paducah, KY"":2,""Morgan, UT"":2,""Vacaville, CA"":2,""San Francisco, CA"":2,""Inkom, ID"":2,""Liverpool, NY"":2,""Aurora, IL"":2,""Birmingham, AL"":2,""Queen Creek, AZ"":2,""Orange City, IA"":2,""Moab, UT"":2,""Phoenix, AZ"":2,""Pueblo, CO"":2,""Topeka, KS"":2,""Provo, UT"":2,""Harrisville, UT"":2,""Hyrum, UT"":2,""Stittville, NY"":2,""Ogden, UT"":2,""Leavenworth, WA"":2,""Hurricane, UT"":2,""Des Moines, IA"":2,""Clearfield, UT"":2,""Salem, UT"":2,""West Valley City, UT"":2,""Skokie, IL"":2,""Winchester, VA"":2,""Placerville, ID"":2,""Honolulu, HI"":2,""Cedar City, UT"":2,""Riverton, UT"":2,""Friendswood, TX"":2,""Bourbonnais, IL"":2,""Butte, MT"":2,""Lake Stevens, WA"":2,""Lexington, KY"":2,""Bakersfield, CA"":2,""Athens, GA"":2,""Akron, OH"":2,""Chubbuck, ID"":2,""Burmester, UT"":2,""Missouri City, TX"":2,""Hamilton, OH"":2,""San Tan Valley, AZ"":2,""Eagle Mountain, UT"":2,""Kaysville, UT"":2,""Mortonsville, KY"":2,""Lehi, UT"":2,""Parker, ID"":2,""Syracuse, NY"":2,""Orem, UT"":2,""River Falls, WI"":2,""Coralville, IA"":2,""Epworth, GA"":2,""Newbury Park, CA"":2,""Eagle, ID"":2,""Herriman, UT"":2,""Belfast, PA"":2,""Parker, CO"":2,""Albuquerque, NM"":2,""Logan, UT"":2,""Columbia, SC"":2}","{""Walmart"":81,""McDonald's"":71,""Maverik"":51,""Target"":44,""Costco"":42,""Subway"":40,""Chevron"":37,""Wendy's"":34,""Chick-fil-A"":34,""Exxon Mobil"":32,""Walgreens"":31,""Shell Oil"":31,""Pilot Flying J"":27,""Starbucks"":26,""Smith's Food & Drug Stores"":24,""Taco Bell"":23,""The Home Depot"":22,""Dairy Queen"":21,""Phillips 66"":20,""Albertsons"":19}","{""Amazon"":62,""Apple"":46,""Netflix"":32,""Spotify"":20,""Amazon Digital Services"":19,""Costa Vida"":18,""Walmart"":17,""Amazon Marketplace"":15,""Hulu"":15,""AT&T"":13,""Verizon Wireless"":12,""Comcast"":12,""Target"":11,""Maverik"":11,""McDonald's"":11,""The Home Depot"":9,""Dutch Bros. Coffee"":9,""Google"":9,""Sirius XM"":8,""7-Eleven"":8}","{""McDonald's"":73,""Subway"":41,""Wendy's"":36,""Chick-fil-A"":35,""Starbucks"":27,""Taco Bell"":25,""Dairy Queen"":22,""Panda Express"":21,""Arby's"":20,""Costa Vida"":18,""Little Caesars"":16,""Burger King"":16,""In-N-Out Burger"":16,""Jimmy John's"":15,""Sonic"":14,""Domino's Pizza"":13,""Dutch Bros Coffee"":11,""Jack in the Box"":11,""Cafe Rio"":11,""Chipotle Mexican Grill"":10}","{""McDonald's"":24,""Subway"":8,""ConocoPhillips"":5,""Phillips 66"":5,""Exxon Mobil"":5,""Chevron"":2,""United States Postal Service (USPS)"":2,""NAPA Auto Parts"":1,""CENEX"":1,""Days Inn"":1}","{""Verizon Wireless"":26,""AT&T"":16,""T-Mobile"":8,""Sprint"":3,""Disney Mobile"":2,""Cricket Wireless"":2,""Straight Talk"":2,""Google Fi"":1,""MetroPCS"":1,""TracFone Wireless"":1,""Boost Mobile"":1}","{""Netflix"":32,""Hulu"":15,""Disney Plus"":11,""Dish Network"":8,""Redbox"":6,""Roku"":6,""Youtube"":6,""Amazon Prime Video"":4,""Youtube Premium"":4,""Peacock"":3,""Crunchyroll"":2,""Sling TV"":2,""HBO Max"":2,""Funimation"":2,""Vudu"":2,""Time Warner Cable"":2,""DirecTV"":2,""YouTube TV"":1,""Amazon Prime"":1,""Starz"":1}","{""DoorDash"":4,""Dashpass"":2,""Instacart"":2,""Uber Eats"":2}","{""Uber"":8,""Lyft"":1}","{""Afterpay"":4,""Affirm.com"":4,""Klarna"":4,""Acima Credit"":1}","{""Apple Cash"":6,""PayPal"":5,""Apple Card"":4,""Venmo"":2}"
167378,224-222@5wg-jfw-mrk,,,2022-06-01,2022-07-01,3060.24,8,6,405.44,528.27,"{""25"":360.52,""75"":405.44}","[0.00,0.00,0.00,0.00,0.00,0.00,0.00,0.00,0.00,0.00,0.00,0.00,0.00,0.00,0.00,0.00,0.00,0.00,0.00,0.00,1621.76,0.00,345.55,651.10,0.00,405.44,0.00,0.00,36.39,0.00]","[null,null,null,null,null,null,null,null,null,null,null,null,null,null,null,null,null,null,null,null,405.44,null,345.55,651.10,null,405.44,null,null,36.39,null]","{""Monday"":0.00,""Tuesday"":1621.76,""Wednesday"":36.39,""Thursday"":345.55,""Friday"":651.10,""Saturday"":0.00,""Sunday"":405.44}","{""Wednesday"":5,""Monday"":4,""Saturday"":4,""Thursday"":5,""Tuesday"":4,""Friday"":4,""Sunday"":4}",-64.0,-69.0,0,0.0,"{""No intermediary"":8}","{""No intermediary"":3060.24}","{""1"":4,""2"":2,""3"":0,""4"":0,""5-10"":0,"">10"":0}","{""1"":359.62,""2"":810.88,""3"":null,""4"":null,""5-10"":null,"">10"":null}","{""<25k"":2,"">150k"":5}","{""<25k"":345.55,"">150k"":542.94}","{""Magna, UT"":2,""Harvey, LA"":2,""Mexico, IN"":2,""San Antonio, TX"":2}","{""Taco Bell"":67,""Costco"":67,""McDonald's"":67,""Walmart"":50,""The Home Depot"":50,""7-Eleven"":50,""CVS"":50,""Papa Murphy's"":34,""Chevron"":34,""Albertsons"":34,""Kroger"":34,""Cricket Wireless"":34,""Dollar General"":34,""Starbucks"":34,""Wendy's"":34,""Holiday Oil"":34,""Smith's Food & Drug Stores"":34,""Maverik"":34,""Chick-fil-A"":34,""Harmons"":34}","{""Amazon"":100,""Netflix"":67,""Walmart"":50,""Sirius XM"":50,""Google"":50,""Hulu"":50,""Amazon Marketplace"":50,""Steam"":34,""Nintendo"":34,""Square Enix"":34,""Popeyes Louisiana Kitchen"":34,""Apple"":34,""Victoria's Secret"":34,""Facebook"":34,""Vudu"":34,""Spotify"":34,""Amazon Digital Services"":34,""Panda Express"":34,""AT&T"":34,""Comcast"":34}",{},"{""Exxon Mobil"":17,""Haagen Dazs"":17,""Subway"":17}","{""AT&T"":34,""Cricket Wireless"":34}","{""Netflix"":67,""Hulu"":50,""Vudu"":34,""YouTube TV"":17,""Fubo"":17,""Disney Plus"":17}",{},{},{},{}
167526,222-222@5wg-hzf-hqz,SG_BRAND_33fdab5dc995faeef38615470f3999f7,Budget Rent A Car,2022-06-01,2022-07-01,2208.35,2,2,1104.18,1104.18,"{""25"":39.90,""75"":2168.45}","[0.00,0.00,0.00,0.00,0.00,0.00,2168.45,0.00,39.90,0.00,0.00,0.00,0.00,0.00,0.00,0.00,0.00,0.00,0.00,0.00,0.00,0.00,0.00,0.00,0.00,0.00,0.00,0.00,0.00,0.00]","[null,null,null,null,null,null,2168.45,null,39.90,null,null,null,null,null,null,null,null,null,null,null,null,null,null,null,null,null,null,null,null,null]","{""Monday"":0.00,""Tuesday"":2168.45,""Wednesday"":0.00,""Thursday"":39.90,""Friday"":0.00,""Saturday"":0.00,""Sunday"":0.00}","{""Wednesday"":5,""Monday"":4,""Saturday"":4,""Thursday"":5,""Tuesday"":4,""Friday"":4,""Sunday"":4}",,-67.0,0,0.0,"{""No intermediary"":2}","{""No intermediary"":2208.35}","{""1"":2,""2"":0,""3"":0,""4"":0,""5-10"":0,"">10"":0}","{""1"":1104.18,""2"":null,""3"":null,""4"":null,""5-10"":null,"">10"":null}","{"">150k"":2}","{"">150k"":1104.18}","{""Cedar Park, TX"":2,""Omaha, NE"":2}","{""Whole Foods Market"":100,""Walmart"":50,""Jimmy John's"":50,""California Pizza Kitchen"":50,""Target"":50,""Tesla Motors"":50,""Marco's Pizza"":50,""Gold's Gym"":50,""Einstein Brothers"":50,""Scheels"":50,""Lowe's"":50,""The Home Depot"":50,""AMES"":50,""The UPS Store"":50,""Starbucks"":50,""Hy-Vee"":50,""Sears Home Services"":50,""Smith's Food & Drug Stores"":50,""Maverik"":50,""Bed Bath & Beyond"":50}","{""Etsy"":100,""Amazon"":100,""Apple"":100,""Amazon Marketplace"":100,""Amazon Kindle"":100,""Ticketmaster"":50,""Lyft"":50,""Target"":50,""Verizon Wireless"":50,""Steam"":50,""Uber"":50,""YouTube TV"":50,""Airbnb"":50,""Youtube"":50,""Cox Communications"":50,""Hy-Vee"":50,""Oculus"":50,""Google"":50,""Netflix"":50,""Vudu"":50}",{},{},"{""AT&T"":50,""Verizon Wireless"":50}","{""YouTube TV"":50,""Youtube"":50,""Netflix"":50,""Vudu"":50,""Disney Plus"":50}","{""Uber Eats"":50}","{""Lyft"":50,""Uber"":50}",{},{}
167749,222-222@5wg-jfw-rx5,,,2022-06-01,2022-07-01,8557.52,24,17,303.46,302.28,"{""25"":268.68,""75"":369.48}","[0.00,0.00,0.00,0.00,302.28,0.00,335.88,273.27,0.00,0.00,313.59,335.88,4254.32,0.00,268.68,0.00,0.00,0.00,0.00,268.68,0.00,0.00,0.00,1007.52,0.00,313.48,609.26,271.68,3.00,0.00]","[null,null,null,null,302.28,null,335.88,273.27,null,null,156.80,335.88,459.02,null,268.68,null,null,null,null,268.68,null,null,null,503.76,null,313.48,304.63,135.84,3.00,null]","{""Monday"":5132.26,""Tuesday"":607.56,""Wednesday"":544.95,""Thursday"":0.00,""Friday"":1007.52,""Saturday"":313.59,""Sunday"":951.64}","{""Wednesday"":5,""Monday"":4,""Saturday"":4,""Thursday"":5,""Tuesday"":4,""Friday"":4,""Sunday"":4}",27.0,-28.0,2,1097.12,"{""No intermediary"":24}","{""No intermediary"":8557.52}","{""1"":13,""2"":3,""3"":0,""4"":0,""5-10"":1,"">10"":0}","{""1"":263.48,""2"":1195.75,""3"":null,""4"":null,""5-10"":1545.00,"">10"":null}","{""<25k"":2,""25-45k"":2,""45-60k"":2,""75-100k"":2,""100-150k"":2,"">150k"":8}","{""<25k"":335.88,""25-45k"":1141.92,""45-60k"":609.26,""75-100k"":699.70,""100-150k"":270.21,"">150k"":389.81}","{""Boise, ID"":3,""Albertville, AL"":2,""Saint Petersburg, FL"":2,""Greenwood, SC"":2,""Monroe, NC"":2,""Killeen, TX"":2,""Williston, VT"":2,""Williamsville, NY"":2,""Emigrant, MT"":2,""Campbelltown, PA"":2,""Lynnfield, MA"":2,""Layton, UT"":2,""San Antonio, TX"":2,""Washington, DC"":2,""Billings, MT"":2,""Galveston, TX"":2,""Castle Rock, CO"":2}","{""Walmart"":53,""Chevron"":53,""McDonald's"":53,""The Home Depot"":42,""Starbucks"":42,""Albertsons"":36,""Walgreens"":36,""CVS"":36,""Exxon Mobil"":36,""Shell Oil"":36,""Costco"":30,""Target"":24,""Verizon Wireless"":24,""Lowe's"":24,""Wendy's"":24,""Maverik"":24,""Chick-fil-A"":24,""Dairy Queen"":24,""Subway"":24,""Toyota"":18}","{""Amazon"":48,""Netflix"":42,""Apple"":36,""Amazon Digital Services"":30,""Comcast"":24,""Walmart"":18,""Verizon Wireless"":18,""Hulu"":18,""Spotify"":18,""McDonald's"":18,""Amazon Marketplace"":18,""Planet Fitness"":12,""Uber"":12,""Chewy"":12,""Barclaycard US"":12,""Adobe Systems"":12,""Google"":12,""Pandora"":12,""Dashpass"":12,""E-ZPass"":12}","{""Fairfield Inn & Suites by Marriott"":12,""Holiday Inn"":12,""Comfort Suites"":12,""Travelodge"":6,""Hampton"":6,""Super 8"":6,""DoubleTree by Hilton"":6,""Delta Hotels"":6,""La Quinta Inns & Suites"":6,""Wyndham"":6}","{""McDonald's"":12}","{""Verizon Wireless"":42,""T-Mobile"":18,""AT&T"":12}","{""Netflix"":42,""Hulu"":18,""Roku"":6,""YouTube TV"":6,""Youtube"":6,""Dish Network"":6,""Vudu"":6,""Disney Plus"":6}","{""Dashpass"":12,""Instacart"":6,""Uber Eats"":6,""DoorDash"":6}","{""Uber"":12}","{""Afterpay"":6,""Klarna"":6}",{}
167779,224-222@5wg-jfw-nwk,,,2022-05-01,2022-06-01,86.02,2,2,43.01,43.01,"{""25"":39.02,""75"":47.00}","[0.00,0.00,0.00,0.00,0.00,0.00,0.00,0.00,0.00,0.00,0.00,0.00,0.00,0.00,0.00,0.00,0.00,0.00,47.00,0.00,0.00,0.00,0.00,0.00,39.02,0.00,0.00,0.00,0.00,0.00,0.00]","[null,null,null,null,null,null,null,null,null,null,null,null,null,null,null,null,null,null,47.00,null,null,null,null,null,39.02,null,null,null,null,null,null]","{""Monday"":0.00,""Tuesday"":0.00,""Wednesday"":39.02,""Thursday"":47.00,""Friday"":0.00,""Saturday"":0.00,""Sunday"":0.00}","{""Wednesday"":4,""Monday"":5,""Saturday"":4,""Thursday"":4,""Tuesday"":5,""Friday"":4,""Sunday"":5}",18.0,,0,0.0,"{""No intermediary"":2}","{""No intermediary"":86.02}","{""1"":2,""2"":0,""3"":0,""4"":0,""5-10"":0,"">10"":0}","{""1"":43.01,""2"":null,""3"":null,""4"":null,""5-10"":null,"">10"":null}","{""100-150k"":2,"">150k"":2}","{""100-150k"":47.00,"">150k"":39.02}","{""Gap, PA"":2}","{""Chevron"":100,""Shell Oil"":100,""Honda"":50,""Petro-Canada"":50,""Olive Garden"":50,""Loaf 'N Jug"":50,""Black-eyed Pea"":50,""Safeway"":50,""Country Kitchen"":50,""7-Eleven"":50,""City Market"":50,""Holiday Station"":50,""Wawa"":50,""Sheetz"":50,""Denny's"":50,""Road Ranger"":50,""Love's Travel Stops and Country Stores"":50,""Maverik"":50,""Costco"":50,""Whole Foods Market"":50}","{""Sling TV"":50,""Lyft"":50,""Chevron"":50,""ExxonMobil"":50,""Public Storage"":50,""CVS Caremark"":50,""Comcast"":50}","{""Olive Garden"":50,""Black-eyed Pea"":50,""Country Kitchen"":50,""Denny's"":50,""Haagen Dazs"":50,""Sunset Grill"":50,""Burger King"":50,""Carl's Jr."":50,""McDonald's"":50,""Bob Evans"":50,""Carrabba's Italian Grill"":50,""Red Lobster"":50,""In-N-Out Burger"":50,""Subway"":50}","{""Chevron"":50}","{""AT&T"":50}","{""Sling TV"":50}",{},"{""Lyft"":50}",{},{}
167851,zzy-222@5wg-hzm-7dv,,,2022-05-01,2022-06-01,1540.3,62,51,17.55,20.71,"{""25"":14.55,""75"":29.27}","[46.26,29.10,16.63,22.88,27.02,122.18,130.29,66.52,11.58,0.00,38.43,86.00,9.36,0.00,0.00,122.46,143.12,31.21,18.63,57.96,17.63,20.71,12.47,33.10,0.00,78.20,0.00,61.40,147.11,18.72,171.33]","[46.26,14.55,16.63,22.88,27.02,10.39,17.63,66.52,11.58,null,38.43,43.00,9.36,null,null,14.56,25.98,31.21,18.63,28.98,17.63,20.71,12.47,16.55,null,14.55,null,17.00,73.56,9.36,20.12]","{""Monday"":194.33,""Tuesday"":364.18,""Wednesday"":92.52,""Thursday"":209.85,""Friday"":189.50,""Saturday"":209.32,""Sunday"":280.60}","{""Wednesday"":4,""Monday"":5,""Saturday"":4,""Thursday"":4,""Tuesday"":5,""Friday"":4,""Sunday"":5}",766.0,-37.0,0,0.0,"{""No intermediary"":62}","{""No intermediary"":1540.30}","{""1"":43,""2"":7,""3"":0,""4"":0,""5-10"":1,"">10"":0}","{""1"":26.97,""2"":46.72,""3"":null,""4"":null,""5-10"":53.56,"">10"":null}","{""<25k"":11,""25-45k"":10,""45-60k"":2,""60-75k"":7,""75-100k"":6,""100-150k"":6,"">150k"":6}","{""<25k"":19.26,""25-45k"":36.17,""45-60k"":36.61,""60-75k"":20.23,""75-100k"":32.87,""100-150k"":38.18,"">150k"":36.43}","{""Idaho Falls, ID"":8,""Wake Forest, NC"":7,""Plano, TX"":5,""Grayling, MT"":4,""Bountiful, UT"":2,""Island Park, ID"":2,""Saint Joseph, MO"":2,""Salt Lake City, UT"":2,""Moscow, ID"":2,""Collinsburg, PA"":2,""Rockville, MD"":2,""Blackfoot, ID"":2,""Kansas City, MO"":2,""Silver Lake, WI"":2,""Trussville, AL"":2,""Twin Falls, ID"":2,""Las Vegas, NV"":2,""Boise, ID"":2,""Cedar City, UT"":2,""Ammon, ID"":2,""Rexburg, ID"":2,""Bozeman, MT"":2,""Nampa, ID"":2,""Orem, UT"":2,""Ennis, MT"":2,""Saint Johns, FL"":2,""Auburn, AL"":2,""Jackson, WY"":2,""Caldwell, ID"":2,""Kimberly, ID"":2}","{""Walmart"":71,""McDonald's"":63,""Target"":46,""Maverik"":40,""Subway"":40,""Shell Oil"":38,""Chevron"":34,""Costco"":32,""Chick-fil-A"":30,""Starbucks"":28,""The Home Depot"":26,""Albertsons"":24,""WinCo Foods"":24,""Walgreens"":20,""Panda Express"":20,""Little Caesars"":18,""Taco Bell"":18,""Lowe's"":18,""Exxon Mobil"":18,""Jimmy John's"":16}","{""Apple"":50,""Amazon"":48,""Spotify"":36,""Netflix"":30,""Hulu"":18,""Walmart"":16,""Etsy"":12,""Maverik"":12,""Uber Eats"":10,""Phillips 66"":10,""Chewy"":8,""Sirius XM"":8,""HelloFresh"":8,""Amazon Marketplace"":8,""Lyft"":6,""Uber"":6,""Dutch Bros. Coffee"":6,""Goodwill"":6,""Jamba Juice"":6,""Taco Time Northwest"":6}","{""McDonald's"":63,""Subway"":40,""Chick-fil-A"":30,""Starbucks"":28,""Panda Express"":20,""Little Caesars"":18,""Taco Bell"":18,""Wendy's"":18,""Jimmy John's"":16,""Burger King"":16,""Pizza Hut"":16,""KFC"":14,""Five Guys"":12,""Arby's"":12,""Sonic"":10,""Arctic Circle"":10,""Dunkin'"":10,""Freddy's Frozen Custard"":8,""Jack in the Box"":8,""Haagen Dazs"":8}","{""McDonald's"":22,""Chevron"":12,""Phillips 66"":10,""NAPA Auto Parts"":8,""Haagen Dazs"":8,""ConocoPhillips"":2}","{""Verizon Wireless"":12,""T-Mobile"":10,""AT&T"":8,""Cricket Wireless"":2}","{""Netflix"":30,""Hulu"":18,""Disney Plus"":10,""Roku"":4,""YouTube TV"":4,""Youtube"":4,""Redbox"":4,""Sling TV"":2,""Dish Network"":2,""Peacock"":2,""Starz"":2}","{""Uber Eats"":10,""HelloFresh"":8,""Postmates"":2}","{""Lyft"":6,""Uber"":6}","{""Afterpay"":2}","{""Apple Card"":2,""Apple Cash"":2}"
167879,227-222@5wg-hzm-9mk,,,2022-05-01,2022-06-01,66.35,2,2,33.18,33.18,"{""25"":18.67,""75"":47.68}","[0.00,0.00,0.00,0.00,0.00,0.00,0.00,0.00,0.00,0.00,0.00,0.00,0.00,0.00,0.00,0.00,0.00,0.00,0.00,0.00,0.00,0.00,0.00,0.00,0.00,0.00,0.00,0.00,0.00,0.00,66.35]","[null,null,null,null,null,null,null,null,null,null,null,null,null,null,null,null,null,null,null,null,null,null,null,null,null,null,null,null,null,null,33.18]","{""Monday"":0.00,""Tuesday"":66.35,""Wednesday"":0.00,""Thursday"":0.00,""Friday"":0.00,""Saturday"":0.00,""Sunday"":0.00}","{""Wednesday"":4,""Monday"":5,""Saturday"":4,""Thursday"":4,""Tuesday"":5,""Friday"":4,""Sunday"":5}",,107.0,0,0.0,"{""No intermediary"":2}","{""No intermediary"":66.35}","{""1"":2,""2"":0,""3"":0,""4"":0,""5-10"":0,"">10"":0}","{""1"":33.18,""2"":null,""3"":null,""4"":null,""5-10"":null,"">10"":null}","{""25-45k"":2,""100-150k"":2}","{""25-45k"":18.67,""100-150k"":47.68}","{""Laud, IN"":2,""Fort Mill, SC"":2}","{""Walmart"":100,""Wendy's"":100,""McDonald's"":100,""Cabela's"":50,""Marco's Pizza"":50,""Kroger"":50,""Murphy USA"":50,""Old Navy"":50,""Taco Bell"":50,""Lowe's"":50,""KFC"":50,""T.J. Maxx"":50,""The Home Depot"":50,""City Market"":50,""Dollar General"":50,""Kroger Fuel Center"":50,""Ace Hardware"":50,""QuikTrip"":50,""Chick-fil-A"":50,""Dairy Queen"":50}","{""Amazon"":100,""Chewy"":50,""Poshmark"":50,""Google"":50,""Netflix"":50,""AT&T"":50,""Amazon Marketplace"":50}",{},{},"{""AT&T"":50}","{""Netflix"":50}",{},{},{},{}
167906,223-222@5wg-jm8-7h5,,,2022-05-01,2022-06-01,348.6,2,2,174.3,174.3,"{""25"":165.00,""75"":183.60}","[0.00,0.00,0.00,0.00,0.00,0.00,0.00,0.00,0.00,0.00,0.00,0.00,165.00,0.00,0.00,0.00,0.00,0.00,0.00,183.60,0.00,0.00,0.00,0.00,0.00,0.00,0.00,0.00,0.00,0.00,0.00]","[null,null,null,null,null,null,null,null,null,null,null,null,165.00,null,null,null,null,null,null,183.60,null,null,null,null,null,null,null,null,null,null,null]","{""Monday"":0.00,""Tuesday"":0.00,""Wednesday"":0.00,""Thursday"":0.00,""Friday"":348.60,""Saturday"":0.00,""Sunday"":0.00}","{""Wednesday"":4,""Monday"":5,""Saturday"":4,""Thursday"":4,""Tuesday"":5,""Friday"":4,""Sunday"":5}",,-72.0,0,0.0,"{""Square"":2}","{""Square"":348.60}","{""1"":2,""2"":0,""3"":0,""4"":0,""5-10"":0,"">10"":0}","{""1"":174.30,""2"":null,""3"":null,""4"":null,""5-10"":null,"">10"":null}","{""75-100k"":2}","{""75-100k"":174.30}","{""Garden Grove, CA"":2,""Bowling Green, OH"":2}","{""Walmart"":50,""Target"":50,""Verizon Wireless"":50,""Chipotle Mexican Grill"":50,""Hyatt Hotels & Resorts"":50,""GoWireless"":50,""Kroger"":50,""Scheels"":50,""Taco Bell"":50,""Whataburger"":50,""T.J. Maxx"":50,""Speedway"":50,""Bass Pro Shops"":50,""7-Eleven"":50,""Buffalo Wild Wings"":50,""Kroger Fuel Center"":50,""Wendy's"":50,""ConocoPhillips"":50,""IMAX"":50,""Title Nine"":50}","{""Uber"":100,""Amazon"":100,""Sirius XM"":50,""Apple"":50}",{},{},"{""Verizon Wireless"":50}",{},{},"{""Uber"":100}",{},{}
167912,zzw-222@5wg-jfw-p7q,,,2022-05-01,2022-06-01,9842.35,26,23,274.28,383.02,"{""25"":212.68,""75"":503.76}","[0.00,514.72,0.00,0.00,0.00,0.00,145.48,374.95,1253.44,0.00,805.12,0.00,0.00,0.00,436.56,1410.36,705.24,425.36,766.04,231.83,0.00,246.28,537.36,735.81,268.68,0.00,212.68,492.56,0.00,279.88,0.00]","[null,257.36,null,null,null,null,145.48,111.88,626.72,null,805.12,null,null,null,436.56,705.18,352.62,212.68,383.02,231.83,null,246.28,537.36,735.81,268.68,null,212.68,492.56,null,279.88,null]","{""Monday"":3995.76,""Tuesday"":1441.05,""Wednesday"":1499.16,""Thursday"":766.04,""Friday"":444.51,""Saturday"":638.04,""Sunday"":1057.79}","{""Wednesday"":4,""Monday"":5,""Saturday"":4,""Thursday"":4,""Tuesday"":5,""Friday"":4,""Sunday"":5}",867.0,179.0,3,2104.16,"{""No intermediary"":26}","{""No intermediary"":9842.35}","{""1"":20,""2"":3,""3"":0,""4"":0,""5-10"":0,"">10"":0}","{""1"":392.52,""2"":663.97,""3"":null,""4"":null,""5-10"":null,"">10"":null}","{""<25k"":3,""25-45k"":2,""45-60k"":4,""60-75k"":4,""75-100k"":4,""100-150k"":2,"">150k"":4}","{""<25k"":273.44,""25-45k"":330.10,""45-60k"":672.55,""60-75k"":421.63,""75-100k"":497.89,""100-150k"":212.68,"">150k"":350.88}","{""Sandy, UT"":2,""Collinsville, CT"":2,""Leesburg, FL"":2,""Flagstaff, AZ"":2,""Ogden, UT"":2,""Vallejo, CA"":2,""Pocatello, ID"":2,""Livingston, CA"":2,""Kansas City, KS"":2,""Harlowton, MT"":2,""Mount Airy, MD"":2,""Francis, UT"":2,""West Valley, UT"":2,""Ballinger, TX"":2,""Orem, UT"":2,""Ennis, MT"":2,""Idaho Falls, ID"":2,""Caldwell, ID"":2}","{""Walmart"":57,""The Home Depot"":48,""Shell Oil"":48,""Target"":40,""Chevron"":40,""McDonald's"":35,""Exxon Mobil"":35,""Maverik"":31,""Pilot Flying J"":31,""Albertsons"":27,""T.J. Maxx"":27,""7-Eleven"":27,""Walgreens"":27,""Great Clips"":22,""Speedway"":22,""ConocoPhillips"":22,""Love's Travel Stops and Country Stores"":22,""Costco"":22,""United States Postal Service (USPS)"":22,""Fred Meyer"":18}","{""Amazon"":61,""Amazon Marketplace"":35,""Apple"":31,""Netflix"":31,""Verizon Wireless"":18,""Hulu"":18,""Comcast"":18,""Adobe Systems"":14,""Google"":14,""Maverik"":14,""Audible"":14,""Etsy"":9,""Disney Mobile"":9,""Chevron"":9,""Uber"":9,""Shutterfly"":9,""Chewy"":9,""Airbnb"":9,""Sirius XM"":9,""Expedia"":9}","{""Hyatt Hotels & Resorts"":14,""Rodeway Inn"":14,""La Quinta Inns & Suites"":14,""Holiday Inn"":9,""Comfort Suites"":9,""Super 8"":9,""Motel 6"":9,""DoubleTree by Hilton"":9,""Hilton Garden Inn"":9,""MGM Resorts"":9,""Wyndham"":9,""Quality Inn"":9,""Sheraton Hotels & Resorts"":5,""Hilton International"":5,""Baymont Inn & Suites"":5,""Marriott Hotels"":5,""Best Western"":5}","{""Chevron"":9,""Exxon Mobil"":5,""McDonald's"":5}","{""AT&T"":22,""Verizon Wireless"":18,""Disney Mobile"":9,""Google Fi"":5,""Sprint"":5}","{""Netflix"":31,""Hulu"":18,""Disney Plus"":9,""HBO Max"":5,""YouTube TV"":5,""Youtube"":5,""Crunchyroll"":5,""Redbox"":5}","{""Uber Eats"":5}","{""Uber"":9}","{""Affirm.com"":5}","{""PayPal"":5,""Apple Card"":5}"
168133,223-222@5wg-hzm-6zf,SG_BRAND_5956ce26fe2414b2,CENEX,2022-05-01,2022-06-01,2057.61,50,39,29.12,34.28,"{""25"":11.37,""75"":55.21}","[0.00,84.42,74.28,106.38,115.72,15.44,0.00,0.00,64.91,0.00,0.00,1.65,119.64,0.00,0.00,205.37,17.00,0.00,37.82,446.32,0.00,0.00,201.47,33.87,198.36,147.86,139.18,0.00,0.00,0.00,47.92]","[null,42.21,37.14,3.19,8.55,15.44,null,null,32.46,null,null,1.65,19.93,null,null,35.50,17.00,null,37.82,40.39,null,null,49.39,16.94,64.02,27.09,39.13,null,null,null,11.73]","{""Monday"":556.17,""Tuesday"":173.07,""Wednesday"":304.74,""Thursday"":303.05,""Friday"":720.58,""Saturday"":0.00,""Sunday"":0.00}","{""Wednesday"":4,""Monday"":5,""Saturday"":4,""Thursday"":4,""Tuesday"":5,""Friday"":4,""Sunday"":5}",145.0,77.0,0,0.0,"{""No intermediary"":50}","{""No intermediary"":2057.61}","{""1"":29,""2"":9,""3"":1,""4"":0,""5-10"":0,"">10"":0}","{""1"":44.82,""2"":50.87,""3"":300.00,""4"":null,""5-10"":null,"">10"":null}","{""<25k"":4,""25-45k"":8,""45-60k"":4,""60-75k"":3,""75-100k"":2,""100-150k"":4,"">150k"":9}","{""<25k"":30.60,""25-45k"":55.40,""45-60k"":35.32,""60-75k"":45.16,""75-100k"":78.53,""100-150k"":82.10,"">150k"":54.34}","{""Salt Lake City, UT"":4,""Lynden, WA"":3,""Daniels, ID"":3,""Tremonton, UT"":2,""Enterprise, AL"":2,""Grayling, MT"":2,""Amelia, OH"":2,""South Windsor, CT"":2,""San Francisco, CA"":2,""Shelley, ID"":2,""Olympia, WA"":2,""New Bern, NC"":2,""Jerome, ID"":2,""Winston Salem, NC"":2,""Everett, WA"":2,""Littleton, CO"":2,""Portland, OR"":2,""Seattle, WA"":2,""Buffalo, NY"":2,""Crystal River, FL"":2,""Leo-Cedarville, IN"":2,""Francis, UT"":2,""Newport, WA"":2,""Grant, ID"":2,""Rexburg, ID"":2,""Nampa, ID"":2,""Salem, OR"":2,""Billings, MT"":2,""Ashton, ID"":2,""Burlington, VT"":2,""Massillon, OH"":2,""Idaho Falls, ID"":2,""Jackson, WY"":2}","{""Walmart"":75,""Maverik"":49,""McDonald's"":49,""Verizon Wireless"":44,""Chevron"":34,""Shell Oil"":34,""Costco"":29,""WinCo Foods"":24,""Fred Meyer"":24,""ConocoPhillips"":24,""Exxon Mobil"":24,""Albertsons"":21,""The Home Depot"":21,""Starbucks"":21,""Wendy's"":21,""Walgreens"":21,""Love's Travel Stops and Country Stores"":18,""Lowe's"":16,""Chick-fil-A"":16,""Target"":13}","{""Amazon"":31,""Apple"":31,""Netflix"":31,""Google"":18,""Hulu"":18,""Maverik"":16,""Amazon Digital Services"":16,""Amazon Prime"":16,""Spotify"":13,""AT&T"":13,""Sirius XM"":11,""Comcast"":11,""Walmart"":8,""DoorDash"":8,""Youtube"":8,""Microsoft"":8,""Audible"":8,""Sam's Club"":8,""Target"":6,""Planet Fitness"":6}",{},"{""McDonald's"":21,""NAPA Auto Parts"":6,""ConocoPhillips"":3,""United States Postal Service (USPS)"":3,""Phillips 66"":3,""Exxon Mobil"":3}","{""Verizon Wireless"":47,""AT&T"":13,""Cricket Wireless"":3,""Straight Talk"":3,""Sprint"":3}","{""Netflix"":31,""Hulu"":18,""Amazon Prime"":16,""Disney Plus"":11,""Youtube"":8,""Roku"":6,""HBO Max"":6,""Dish Network"":6,""Redbox"":6,""Amazon Prime Video"":6,""Fubo"":3,""Crunchyroll"":3,""DirecTV"":3}","{""DoorDash"":8,""Uber Eats"":6}","{""Uber"":3}","{""Zip Company"":6,""Afterpay"":3,""Klarna"":3}","{""Apple Cash"":3}"
168134,zzw-222@5wg-jfw-pgk,SG_BRAND_f0f5c15118ea292fadac17e2fc7d4ead,Days Inn,2022-05-01,2022-06-01,8024.4,23,21,282.22,360.38,"{""25"":247.39,""75"":449.98}","[0.00,0.00,0.00,0.00,506.97,0.00,0.00,168.99,887.25,441.45,0.00,0.00,0.00,0.00,0.00,1170.74,0.00,697.37,0.00,0.00,0.00,948.45,1031.00,241.90,0.00,0.00,0.00,517.18,0.00,2.00,1411.10]","[null,null,null,null,506.97,null,null,168.99,372.57,441.45,null,null,null,null,null,360.38,null,247.39,null,null,null,474.23,515.50,241.90,null,null,null,258.59,null,2.00,564.44]","{""Monday"":3090.99,""Tuesday"":2094.45,""Wednesday"":697.37,""Thursday"":506.97,""Friday"":0.00,""Saturday"":517.18,""Sunday"":1117.44}","{""Wednesday"":4,""Monday"":5,""Saturday"":4,""Thursday"":4,""Tuesday"":5,""Friday"":4,""Sunday"":5}",503.0,29.0,5,2018.63,"{""No intermediary"":23}","{""No intermediary"":8024.40}","{""1"":19,""2"":2,""3"":0,""4"":0,""5-10"":0,"">10"":0}","{""1"":336.88,""2"":811.83,""3"":null,""4"":null,""5-10"":null,"">10"":null}","{""<25k"":2,""25-45k"":2,""45-60k"":2,""75-100k"":2,""100-150k"":3,"">150k"":5}","{""<25k"":405.18,""25-45k"":337.98,""45-60k"":321.55,""75-100k"":192.39,""100-150k"":397.30,"">150k"":520.92}","{""Woodland, WA"":5,""Warren, OH"":3,""Smyrna, GA"":2,""Rollinsford, NH"":2,""Kimberton, PA"":2,""Biola, CA"":2,""New Smyrna Beach, FL"":2,""Banida, ID"":2,""Layton, UT"":2,""Reno, NV"":2,""Orem, UT"":2,""Oklahoma City, OK"":2,""Bothell, WA"":2,""Daniels, ID"":2,""Idaho Falls, ID"":2}","{""Walmart"":81,""Chevron"":53,""Costco"":53,""Wendy's"":48,""McDonald's"":48,""Chick-fil-A"":43,""Shell Oil"":43,""Maverik"":39,""Walgreens"":39,""Exxon Mobil"":39,""Target"":34,""ConocoPhillips"":29,""CVS"":29,""WinCo Foods"":24,""7-Eleven"":24,""Love's Travel Stops and Country Stores"":24,""Pilot Flying J"":24,""Panda Express"":24,""Subway"":24,""Casey's General Stores"":20}","{""Amazon"":72,""Apple"":67,""Netflix"":53,""Hulu"":34,""AT&T"":29,""Uber"":24,""Google"":24,""Amazon Digital Services"":24,""Comcast"":24,""Walmart"":20,""Maverik"":20,""Planet Fitness"":15,""Peloton Cycles"":15,""Adobe Systems"":15,""The Home Depot"":15,""Culver's"":15,""Spotify"":15,""Costa Vida"":15,""iTunes"":15,""Phillips 66"":15}","{""Holiday Inn"":20,""Super 8"":15,""Hilton International"":15,""Best Western"":15,""Fairfield Inn & Suites by Marriott"":10,""Microtel Inn and Suites"":10,""Comfort Suites"":5,""Motel 6"":5,""Holiday Inn Express"":5,""DoubleTree by Hilton"":5,""Sleep Inn"":5}","{""McDonald's"":15,""ConocoPhillips"":5}","{""AT&T"":39,""Verizon Wireless"":10,""T-Mobile"":5,""Cricket Wireless"":5}","{""Netflix"":53,""Hulu"":34,""Peacock"":10,""Redbox"":10,""Amazon Prime"":10,""Roku"":5,""YouTube TV"":5,""Vudu"":5,""Starz"":5}","{""Instacart"":5,""Uber Eats"":5,""DoorDash"":5}","{""Uber"":24}",{},"{""PayPal"":5,""Apple Card"":5}"
168246,zzy-224@5wg-hzm-7dv,,,2022-05-01,2022-06-01,214.31,6,5,25.63,27.88,"{""25"":17.61,""75"":59.46}","[0.00,0.00,0.00,17.67,0.00,0.00,0.00,0.00,73.02,0.00,0.00,0.00,0.00,0.00,0.00,0.00,0.00,0.00,0.00,0.00,0.00,0.00,0.00,0.00,0.00,0.00,0.00,0.00,51.26,72.36,0.00]","[null,null,null,17.67,null,null,null,null,73.02,null,null,null,null,null,null,null,null,null,null,null,null,null,null,null,null,null,null,null,25.63,36.18,null]","{""Monday"":145.38,""Tuesday"":0.00,""Wednesday"":17.67,""Thursday"":0.00,""Friday"":0.00,""Saturday"":0.00,""Sunday"":51.26}","{""Wednesday"":4,""Monday"":5,""Saturday"":4,""Thursday"":4,""Tuesday"":5,""Friday"":4,""Sunday"":5}",51.0,-15.0,0,0.0,"{""No intermediary"":6}","{""No intermediary"":214.31}","{""1"":4,""2"":1,""3"":0,""4"":0,""5-10"":0,"">10"":0}","{""1"":35.49,""2"":72.36,""3"":null,""4"":null,""5-10"":null,"">10"":null}","{""60-75k"":2,""75-100k"":2,""100-150k"":2,"">150k"":2}","{""60-75k"":17.67,""75-100k"":72.69,""100-150k"":23.38,"">150k"":27.88}","{""Dixon, CA"":4,""Harrisville, UT"":2,""Salt Lake City, UT"":2,""Clearfield, UT"":2}","{""Walmart"":100,""Taco Bell"":80,""McDonald's"":80,""Target"":60,""Wendy's"":60,""Ace Hardware"":60,""Costco"":60,""Sam's Club"":60,""Chevron"":40,""WinCo Foods"":40,""7-Eleven"":40,""Starbucks"":40,""Jack in the Box"":40,""Smith's Food & Drug Stores"":40,""Maverik"":40,""CVS"":40,""Sportsman's Warehouse"":40,""Dollar Tree"":40,""Petco"":20,""Sonic"":20}","{""Comcast"":60,""Walmart"":40,""Amazon"":40,""Apple"":40,""Jamba Juice"":40,""Verizon Wireless"":20,""Chevron"":20,""Paramount"":20,""Shell"":20,""CenturyLink"":20,""The Cheesecake Factory"":20,""Taco Bell"":20,""The Home Depot"":20,""AMC Theatres"":20,""ConocoPhillips"":20,""Google"":20,""Maverik"":20,""Quickbooks"":20,""Culver's"":20,""Amazon Digital Services"":20}","{""Sportsman's Warehouse"":40,""Sierra"":20}","{""McDonald's"":20,""Chevron"":20,""ConocoPhillips"":20}","{""Sprint"":20,""T-Mobile"":20,""Verizon Wireless"":20}",{},{},{},{},{}
168332,zzy-225@5wg-jfw-pvz,,,2022-05-01,2022-06-01,11091.44,192,153,50.26,63.3,"{""25"":28.98,""75"":80.16}","[77.45,606.76,301.62,30.00,102.80,436.64,109.96,509.32,605.40,275.26,272.90,329.92,422.36,39.96,398.27,468.40,140.74,373.98,165.91,653.42,174.32,363.64,689.79,150.10,23.00,275.12,780.19,472.86,434.44,626.40,780.51]","[38.73,43.55,42.78,30.00,51.40,68.24,34.04,53.50,35.44,42.29,41.14,43.36,49.41,39.96,24.00,31.77,70.37,70.51,54.04,52.44,87.16,81.99,59.68,46.01,23.00,137.56,89.20,85.94,80.16,38.00,66.78]","{""Monday"":2996.75,""Tuesday"":1648.23,""Wednesday"":699.88,""Thursday"":873.75,""Friday"":2292.61,""Saturday"":797.10,""Sunday"":1783.12}","{""Wednesday"":4,""Monday"":5,""Saturday"":4,""Thursday"":4,""Tuesday"":5,""Friday"":4,""Sunday"":5}",60.0,-43.0,0,0.0,"{""No intermediary"":192}","{""No intermediary"":11091.44}","{""1"":129,""2"":18,""3"":4,""4"":0,""5-10"":2,"">10"":0}","{""1"":64.56,""2"":107.30,""3"":95.82,""4"":null,""5-10"":224.11,"">10"":null}","{""<25k"":14,""25-45k"":21,""45-60k"":12,""60-75k"":14,""75-100k"":11,""100-150k"":23,"">150k"":47}","{""<25k"":54.48,""25-45k"":59.06,""45-60k"":58.59,""60-75k"":64.40,""75-100k"":73.96,""100-150k"":68.83,"">150k"":92.46}","{""Idaho Falls, ID"":6,""Salt Lake City, UT"":4,""Nampa, ID"":4,""Renton, WA"":3,""Westlake Village, CA"":3,""Brigham City, UT"":3,""Key Largo, FL"":3,""Birmingham, AL"":3,""Pocatello, ID"":3,""Winston Salem, NC"":3,""Ammon, ID"":3,""Bozeman, MT"":3,""Florence, AL"":3,""Herriman, UT"":3,""Pooler, GA"":3,""Jackson, WY"":3,""Bridge City, TX"":2,""Bloomingdale, IL"":2,""Arlington, VA"":2,""Saint George, UT"":2,""Raleigh, NC"":2,""Lancaster, PA"":2,""Grayling, MT"":2,""Minier, IL"":2,""Frisco, TX"":2,""Pella, IA"":2,""Bountiful, UT"":2,""Alexandria, VA"":2,""Montvale, NJ"":2,""Syracuse, UT"":2,""Island Park, ID"":2,""Roy, UT"":2,""Troy, MI"":2,""Chicago, IL"":2,""Kirkland, WA"":2,""Stone Mountain, GA"":2,""Amelia, OH"":2,""Harrisburg, NC"":2,""Pittsburgh, PA"":2,""Bowling Green, KY"":2,""Durham, NC"":2,""Collinsburg, PA"":2,""Mobile, AL"":2,""Sylmar, CA"":2,""Cedar Park, TX"":2,""Rockville, MD"":2,""Blackfoot, ID"":2,""Kingman, AZ"":2,""Mayfield, OH"":2,""Davie, FL"":2,""Houston, TX"":2,""Tavernier, FL"":2,""Charlotte, NC"":2,""Provo, UT"":2,""Cottonwood Heights, UT"":2,""Cody, WY"":2,""New Smyrna Beach, FL"":2,""Highland, UT"":2,""New Bern, NC"":2,""Marshall, MN"":2,""San Ramon, CA"":2,""Missoula, MT"":2,""Ogden, UT"":2,""Laguna Beach, CA"":2,""Omaha, NE"":2,""Burbank, CA"":2,""Twin Falls, ID"":2,""Great Falls, MT"":2,""Essex Junction, VT"":2,""Las Vegas, NV"":2,""Jacksonville, FL"":2,""Vero Beach, FL"":2,""Clute, TX"":2,""Bliss, ID"":2,""Springfield, MA"":2,""Boise, ID"":2,""Placerville, ID"":2,""Sandy, PA"":2,""Buffalo, NY"":2,""Lake Orion, MI"":2,""Grand Junction, CO"":2,""Colorado Springs, CO"":2,""Burien, WA"":2,""Carrollton, TX"":2,""Rexburg, ID"":2,""Greenhorn, CA"":2,""Layton, UT"":2,""Mortonsville, KY"":2,""San Antonio, TX"":2,""Lehi, UT"":2,""Horsham, PA"":2,""Metairie, LA"":2,""Charleston, UT"":2,""Billings, MT"":2,""Parker, ID"":2,""Fort Lauderdale, FL"":2,""Henderson, NV"":2,""Neptune Beach, FL"":2,""Ashton, ID"":2,""North Lauderdale, FL"":2,""Ennis, MT"":2,""Kingstown, NC"":2,""Caldwell, ID"":2,""Logan, UT"":2,""Wake Forest, NC"":2}","{""Walmart"":66,""McDonald's"":51,""Maverik"":42,""Chevron"":40,""Shell Oil"":36,""Target"":34,""Chick-fil-A"":29,""Subway"":29,""Albertsons"":28,""Costco"":27,""Exxon Mobil"":27,""Starbucks"":24,""Wendy's"":24,""Walgreens"":24,""The Home Depot"":21,""Taco Bell"":20,""Lowe's"":20,""Smith's Food & Drug Stores"":19,""ConocoPhillips"":18,""Fred Meyer"":17}","{""Amazon"":63,""Apple"":47,""Netflix"":34,""Spotify"":28,""Amazon Digital Services"":21,""Verizon Wireless"":17,""Hulu"":15,""AT&T"":14,""ExxonMobil"":13,""Amazon Marketplace"":13,""Uber"":12,""Walmart"":12,""Comcast"":12,""Target"":10,""Sirius XM"":10,""Maverik"":10,""Uber Eats"":10,""Etsy"":8,""Dutch Bros. Coffee"":7,""Costco"":7}","{""McDonald's"":52,""Subway"":30,""Chick-fil-A"":29,""Wendy's"":26,""Starbucks"":25,""Taco Bell"":24,""Burger King"":16,""Panda Express"":13,""Sonic"":12,""Little Caesars"":11,""Domino's Pizza"":11,""Dairy Queen"":11,""Arby's"":11,""Jimmy John's"":10,""Dunkin'"":9,""Jack in the Box"":8,""Five Guys"":8,""Panera Bread"":8,""Texas Roadhouse"":8,""KFC"":7}","{""McDonald's"":17,""Chevron"":7,""NAPA Auto Parts"":4,""Exxon Mobil"":4,""Haagen Dazs"":4,""Phillips 66"":4,""CENEX"":3,""United States Postal Service (USPS)"":2,""ConocoPhillips"":1,""Days Inn"":1}","{""Verizon Wireless"":29,""AT&T"":17,""T-Mobile"":9,""Sprint"":2,""Google Fi"":2,""Cricket Wireless"":2,""Straight Talk"":2,""Disney Mobile"":1}","{""Netflix"":34,""Hulu"":15,""Disney Plus"":7,""Roku"":4,""YouTube TV"":4,""Youtube"":4,""HBO Max"":4,""Dish Network"":4,""Peacock"":4,""Sling TV"":2,""Redbox"":2,""Amazon Prime"":2,""DirecTV"":2,""Amazon Prime Video"":2,""Fubo"":1,""Vudu"":1,""Time Warner Cable"":1}","{""Uber Eats"":10,""Instacart"":6,""DoorDash"":5,""Postmates"":4,""HelloFresh"":2,""Dashpass"":1}","{""Uber"":12,""Lyft"":6}","{""Afterpay"":8,""Klarna"":6,""Sezzle"":2,""Zip Company"":2,""Acima Credit"":1}","{""PayPal"":2,""Apple Card"":2,""Apple Cash"":2,""Venmo"":2}"
168382,228-224@5wg-hzm-9mk,SG_BRAND_0a1e9bfcb49a6541809c358da5cb205c,Chevron,2022-05-01,2022-06-01,7059.24,140,121,46.46,49.6,"{""25"":33.30,""75"":67.58}","[142.61,70.02,194.25,48.64,159.83,121.12,63.48,0.00,377.23,108.08,238.58,190.45,113.05,241.89,248.82,287.07,211.64,19.29,288.37,219.52,453.51,360.61,999.65,156.75,157.94,60.54,102.52,406.31,239.90,350.40,427.17]","[42.92,35.01,79.58,48.64,58.48,121.12,63.48,null,64.32,54.04,59.65,41.85,43.75,41.28,45.22,48.88,48.49,9.65,44.09,28.30,30.49,52.58,54.82,78.38,39.89,60.54,51.26,41.00,35.35,50.36,38.54]","{""Monday"":2084.37,""Tuesday"":1097.89,""Wednesday"":464.45,""Thursday"":699.19,""Friday"":556.21,""Saturday"":1165.19,""Sunday"":991.94}","{""Wednesday"":4,""Monday"":5,""Saturday"":4,""Thursday"":4,""Tuesday"":5,""Friday"":4,""Sunday"":5}",289.0,-14.0,11,568.8,"{""No intermediary"":140}","{""No intermediary"":7059.24}","{""1"":105,""2"":13,""3"":3,""4"":0,""5-10"":0,"">10"":0}","{""1"":49.98,""2"":119.71,""3"":85.13,""4"":null,""5-10"":null,"">10"":null}","{""<25k"":7,""25-45k"":8,""45-60k"":20,""60-75k"":8,""75-100k"":14,""100-150k"":22,"">150k"":39}","{""<25k"":41.14,""25-45k"":48.84,""45-60k"":46.43,""60-75k"":62.10,""75-100k"":59.71,""100-150k"":57.59,"">150k"":68.89}","{""Boise, ID"":5,""Henderson, NV"":5,""Charlotte, NC"":4,""Clearfield, UT"":4,""Durango, CO"":3,""Salt Lake City, UT"":3,""Vernal, UT"":3,""Huntington Beach, CA"":3,""Saint Louis, MO"":3,""Farmington, UT"":3,""West Mclean, VA"":3,""Albany, NY"":3,""Saint George, UT"":2,""Kernersville, NC"":2,""South Jordan, UT"":2,""Bountiful, UT"":2,""Shoreline, WA"":2,""Orangevale, CA"":2,""Troy, MI"":2,""Selah, WA"":2,""Charleston, TX"":2,""Harrisburg, NC"":2,""Moscow, ID"":2,""Paducah, KY"":2,""Southlake, TX"":2,""Durham, NC"":2,""La Pine, OR"":2,""Morgan, UT"":2,""San Francisco, CA"":2,""Puyallup, WA"":2,""Blackfoot, ID"":2,""Clermont, FL"":2,""Gilbert, AZ"":2,""Poulsbo, WA"":2,""Benjamin, UT"":2,""Phoenix, AZ"":2,""Provo, UT"":2,""Meridian, ID"":2,""Redmond, OR"":2,""Centre Hall, PA"":2,""Ogden, UT"":2,""Pocatello, ID"":2,""Magna, UT"":2,""Bryan, TX"":2,""Bacton, PA"":2,""Twin Falls, ID"":2,""Silverdale, WA"":2,""Monroe, LA"":2,""Placerville, ID"":2,""Port Richey, FL"":2,""Cedar City, UT"":2,""Baytown, TX"":2,""Ammon, ID"":2,""Crystal Lake, IL"":2,""Mcdonald, WA"":2,""Chantilly, VA"":2,""Bakersfield, CA"":2,""Burien, WA"":2,""Medford, OR"":2,""Henly, TX"":2,""Carrollton, TX"":2,""Draper, UT"":2,""Naples, FL"":2,""Rexburg, ID"":2,""Erda, UT"":2,""Carrolls, WA"":2,""Bozeman, MT"":2,""Nampa, ID"":2,""Lehi, UT"":2,""Newport, OR"":2,""Anchorage, AK"":2,""West Valley, UT"":2,""Orem, UT"":2,""River Falls, WI"":2,""Hopewell Junction, NY"":2,""Eagle, ID"":2,""Idaho Falls, ID"":2,""Star, ID"":2,""Caldwell, ID"":2,""Logan, UT"":2,""Wake Forest, NC"":2}","{""Walmart"":62,""McDonald's"":61,""Maverik"":48,""Exxon Mobil"":37,""Shell Oil"":36,""Costco"":34,""Target"":33,""The Home Depot"":31,""Subway"":29,""Albertsons"":29,""ConocoPhillips"":29,""WinCo Foods"":26,""Walgreens"":26,""Burger King"":26,""Wendy's"":25,""Verizon Wireless"":23,""Taco Bell"":23,""Starbucks"":23,""Smith's Food & Drug Stores"":23,""Lowe's"":21}","{""Amazon"":67,""Apple"":39,""Netflix"":39,""Hulu"":23,""Amazon Digital Services"":22,""Amazon Marketplace"":19,""Walmart"":16,""Comcast"":16,""Verizon Wireless"":15,""Target"":11,""Spotify"":11,""AT&T"":11,""Uber"":10,""Sirius XM"":10,""Costco"":10,""Audible"":10,""Macy's"":8,""Maverik"":8,""Costa Vida"":8,""T-Mobile"":8}","{""Exxon Mobil"":41,""Shell Oil"":36,""ConocoPhillips"":30,""Pilot Flying J"":18,""Phillips 66"":17,""Love's Travel Stops and Country Stores"":15,""Speedway"":10,""Holiday Station"":10,""Stinker Stores"":9,""BP"":8,""ARCO"":6,""Loaf 'N Jug"":5,""76"":5,""QuikTrip"":5,""Good 2 Go Stores"":5,""Safeway Fuel Station"":4,""Marathon"":4,""Esso"":3,""Petro-Canada"":3,""Kum & Go"":3}","{""McDonald's"":24,""Exxon Mobil"":5,""Haagen Dazs"":3,""ConocoPhillips"":2,""NAPA Auto Parts"":1}","{""Verizon Wireless"":34,""AT&T"":15,""T-Mobile"":14,""Sprint"":5,""Disney Mobile"":4,""Cricket Wireless"":2,""TracFone Wireless"":2,""Google Fi"":1,""Straight Talk"":1,""MetroPCS"":1}","{""Netflix"":39,""Hulu"":23,""Disney Plus"":13,""YouTube TV"":5,""Roku"":5,""Dish Network"":4,""HBO Max"":3,""Youtube"":3,""Peacock"":3,""Redbox"":3,""Sling TV"":2,""Fubo"":2,""Funimation"":1,""Vudu"":1,""Crunchyroll"":1,""Amazon Prime"":1,""DirecTV"":1,""Youtube Premium"":1}","{""DoorDash"":5,""Instacart"":5,""Uber Eats"":5,""Postmates"":2,""Dashpass"":2}","{""Uber"":10,""Lyft"":4}","{""Afterpay"":5,""Klarna"":4,""Affirm.com"":1}","{""PayPal"":4,""Apple Card"":2,""Apple Cash"":1}"
168467,22d-222@5wg-hzm-7bk,,,2022-05-01,2022-06-01,170.7,11,10,9.35,10.11,"{""25"":6.11,""75"":22.77}","[0.00,0.00,0.00,0.00,22.22,10.86,0.00,0.00,0.00,0.00,0.00,0.00,0.00,0.00,49.28,0.00,0.00,0.00,0.00,15.78,0.00,0.00,5.61,0.00,0.00,41.12,0.00,0.00,0.00,0.00,25.83]","[null,null,null,null,22.22,10.86,null,null,null,null,null,null,null,null,49.28,null,null,null,null,7.89,null,null,5.61,null,null,7.73,null,null,null,null,25.83]","{""Monday"":5.61,""Tuesday"":25.83,""Wednesday"":0.00,""Thursday"":63.34,""Friday"":26.64,""Saturday"":0.00,""Sunday"":49.28}","{""Wednesday"":4,""Monday"":5,""Saturday"":4,""Thursday"":4,""Tuesday"":5,""Friday"":4,""Sunday"":5}",146.0,-61.0,0,0.0,"{""No intermediary"":11}","{""No intermediary"":170.70}","{""1"":9,""2"":1,""3"":0,""4"":0,""5-10"":0,"">10"":0}","{""1"":17.97,""2"":9.00,""3"":null,""4"":null,""5-10"":null,"">10"":null}","{""25-45k"":3,""45-60k"":2,""60-75k"":2,""75-100k"":2,""100-150k"":2,"">150k"":6}","{""25-45k"":28.59,""45-60k"":7.89,""60-75k"":22.22,""75-100k"":9.35,""100-150k"":10.86,"">150k"":15.80}","{""Centerville, UT"":3,""Greenacres, FL"":3,""Lake Havasu City, AZ"":2,""Southport, NC"":2,""Huntsville, AL"":2,""Park City, UT"":2,""Bozeman, MT"":2,""Acme, WY"":2,""Mooresville, NC"":2}","{""Walmart"":70,""McDonald's"":60,""Target"":40,""Costco"":40,""Publix Super Markets"":40,""Walgreens"":30,""United States Postal Service (USPS)"":30,""Exxon Mobil"":30,""Shell Oil"":30,""Chevron"":20,""T.J. Maxx"":20,""Hobby Lobby Stores"":20,""7-Eleven"":20,""Wendy's"":20,""ConocoPhillips"":20,""Ace Hardware"":20,""The Fresh Market"":20,""Maverik"":20,""Intermountain Healthcare"":20,""Panera Bread"":20}","{""Amazon"":80,""Apple"":40,""Comcast"":40,""Verizon Wireless"":30,""Amazon Digital Services"":30,""Target"":20,""Spotify"":20,""AT&T"":20,""Audible"":20,""Amazon Marketplace"":20,""T-Mobile"":20,""Belk"":10,""Walmart"":10,""MAPCO Express"":10,""Dollar Shave Club"":10,""Chipotle Mexican Grill"":10,""Planet Fitness"":10,""Gap"":10,""CosmoProf"":10,""YouTube TV"":10}","{""Walgreens"":30,""ULTA Beauty"":10,""CVS"":10}","{""McDonald's"":40,""United States Postal Service (USPS)"":20,""Phillips 66"":10}","{""Verizon Wireless"":40,""AT&T"":20,""T-Mobile"":20}","{""YouTube TV"":10,""Netflix"":10,""Peacock"":10,""Hulu"":10,""Time Warner Cable"":10,""Disney Plus"":10}",{},{},{},"{""Apple Card"":10}"
168673,zzy-222@5wg-hzm-9pv,,,2022-05-01,2022-06-01,1210.57,13,9,63.65,107.33,"{""25"":41.65,""75"":131.99}","[0.00,156.65,0.00,0.00,0.00,42.12,63.65,180.05,215.73,0.00,0.00,0.00,0.00,0.00,0.00,27.71,41.18,0.00,69.26,0.00,0.00,0.00,0.00,40.25,0.00,0.00,92.04,0.00,0.00,0.00,281.93]","[null,156.65,null,null,null,42.12,63.65,180.05,54.20,null,null,null,null,null,null,27.71,41.18,null,69.26,null,null,null,null,40.25,null,null,92.04,null,null,null,281.93]","{""Monday"":400.09,""Tuesday"":363.36,""Wednesday"":0.00,""Thursday"":69.26,""Friday"":134.16,""Saturday"":63.65,""Sunday"":180.05}","{""Wednesday"":4,""Monday"":5,""Saturday"":4,""Thursday"":4,""Tuesday"":5,""Friday"":4,""Sunday"":5}",,-48.0,5,220.52,"{""Square"":7,""No intermediary"":6}","{""Square"":898.01,""No intermediary"":312.56}","{""1"":8,""2"":0,""3"":0,""4"":0,""5-10"":1,"">10"":0}","{""1"":123.76,""2"":null,""3"":null,""4"":null,""5-10"":220.52,"">10"":null}","{""<25k"":4,""45-60k"":2,""60-75k"":2,""75-100k"":2,""100-150k"":2}","{""<25k"":109.06,""45-60k"":219.29,""60-75k"":92.04,""75-100k"":63.65,""100-150k"":180.05}","{""Commerce, TX"":4,""Orem, UT"":4,""Surprise, AZ"":2,""Collinsburg, PA"":2,""Rexburg, ID"":2,""Nampa, ID"":2}","{""Walmart"":67,""Target"":56,""Albertsons"":34,""T.J. Maxx"":34,""Starbucks"":34,""Costco"":34,""McDonald's"":34,""Subway"":34,""Dollar Tree"":34,""Kwik Trip"":23,""Chevron"":23,""KFC"":23,""WinCo Foods"":23,""Corner Pantry"":23,""Holiday Station"":23,""Caribou Coffee"":23,""Love's Travel Stops and Country Stores"":23,""Maverik"":23,""Chick-fil-A"":23,""Walgreens"":23}","{""Uber Eats"":45,""Apple"":34,""Etsy"":23,""Uber"":23,""Amazon"":23,""Adobe Systems"":23,""Netflix"":23,""Spotify"":23,""Amazon Digital Services"":23,""Lyft"":12,""Verizon Wireless"":12,""Chevron"":12,""Dutch Bros. Coffee"":12,""Airbnb"":12,""Shein"":12,""Youtube"":12,""Macy's"":12,""Dish Network"":12,""Apple Card"":12,""Rent-A-Center"":12}","{""Starbucks"":34,""McDonald's"":34,""Subway"":34,""KFC"":23,""Caribou Coffee"":23,""Chick-fil-A"":23,""IHOP"":12,""Little Caesars"":12,""Taco Bell"":12,""Baskin Robbins"":12,""Buffalo Wild Wings"":12,""Dutch Bros Coffee"":12,""Five Guys"":12,""Applebee's"":12,""Sizzler"":12,""Panera Bread"":12,""Dairy Queen"":12,""Kung Fu Tea"":12,""Burger King"":12,""Carl's Jr."":12}","{""McDonald's"":23}","{""Verizon Wireless"":23,""AT&T"":12,""T-Mobile"":12}","{""Netflix"":23,""Youtube"":12,""Dish Network"":12,""Hulu"":12,""Disney Plus"":12}","{""Uber Eats"":45}","{""Uber"":23,""Lyft"":12}",{},"{""Apple Card"":12}"
168684,224-222@5wg-j33-v2k,,,2022-05-01,2022-06-01,976.29,17,10,53.0,70.85,"{""25"":42.00,""75"":80.50}","[0.00,0.00,0.00,0.00,0.00,214.69,0.00,0.00,0.00,0.00,0.00,0.00,274.00,0.00,0.00,50.00,0.00,0.00,0.00,216.00,40.00,0.00,0.00,0.00,0.00,0.00,181.60,0.00,0.00,0.00,0.00]","[null,null,null,null,null,53.25,null,null,null,null,null,null,44.50,null,null,50.00,null,null,null,82.00,40.00,null,null,null,null,null,90.80,null,null,null,null]","{""Monday"":50.00,""Tuesday"":0.00,""Wednesday"":0.00,""Thursday"":0.00,""Friday"":886.29,""Saturday"":40.00,""Sunday"":0.00}","{""Wednesday"":4,""Monday"":5,""Saturday"":4,""Thursday"":4,""Tuesday"":5,""Friday"":4,""Sunday"":5}",,98.0,0,0.0,"{""No intermediary"":17}","{""No intermediary"":976.29}","{""1"":5,""2"":3,""3"":2,""4"":0,""5-10"":0,"">10"":0}","{""1"":65.36,""2"":72.83,""3"":215.50,""4"":null,""5-10"":null,"">10"":null}","{""<25k"":2,""45-60k"":3,""60-75k"":2,""100-150k"":2,"">150k"":3}","{""<25k"":55.25,""45-60k"":129.75,""60-75k"":40.00,""100-150k"":93.80,"">150k"":126.23}","{""West Jordan, UT"":2,""Pleasant Hills, PA"":2,""Cody, WY"":2,""Boise, ID"":2,""Chubbuck, ID"":2,""Bozeman, MT"":2,""Saint Johns, FL"":2}","{""McDonald's"":70,""Target"":50,""Wendy's"":50,""Walmart"":40,""Chevron"":40,""Subway"":40,""Albertsons"":30,""Lowe's"":30,""Maverik"":30,""Chick-fil-A"":30,""Panda Express"":30,""CVS"":30,""Stinker Stores"":30,""Dollar Tree"":30,""Jimmy John's"":20,""Verizon Wireless"":20,""NAPA Auto Parts"":20,""KFC"":20,""The Home Depot"":20,""Fred Meyer"":20}","{""Apple"":50,""Amazon"":30,""Spotify"":30,""Uber"":20,""Barclaycard US"":20,""Netflix"":20,""Taco Time Northwest"":20,""ParkMobile"":20,""AT&T"":20,""Comcast"":20,""Walmart"":10,""Target"":10,""Nayax"":10,""HBO Max"":10,""Fandango"":10,""Dutch Bros. Coffee"":10,""Chewy"":10,""The Home Depot"":10,""Cost Plus World Market"":10,""Goodwill"":10}","{""McDonald's"":70,""Wendy's"":50,""Subway"":40,""Chick-fil-A"":30,""Panda Express"":30,""Jimmy John's"":20,""KFC"":20,""Buffalo Wild Wings"":20,""Starbucks"":20,""Jack in the Box"":20,""Taco Time Northwest"":20,""Little Caesars"":10,""Dos Toros Taqueria"":10,""Yard House"":10,""Auntie Anne's"":10,""Freddy's Frozen Custard"":10,""Jersey Mike's"":10,""Apollo Burgers"":10,""The Cheesecake Factory"":10,""Shake Shack"":10}","{""Chevron"":20,""McDonald's"":20,""NAPA Auto Parts"":10,""United States Postal Service (USPS)"":10,""Phillips 66"":10}","{""AT&T"":20,""T-Mobile"":20,""Verizon Wireless"":20}","{""Netflix"":20,""HBO Max"":10,""Dish Network"":10,""Peacock"":10,""Redbox"":10,""Disney Plus"":10}","{""Uber Eats"":10}","{""Uber"":20}",{},"{""Apple Cash"":10}"
169094,226-222@5wg-hzn-zmk,,,2022-05-01,2022-06-01,1234.3,12,10,74.01,74.01,"{""25"":32.46,""75"":149.93}","[0.00,0.00,0.00,0.00,0.00,0.00,0.00,0.00,42.12,0.00,0.00,0.00,0.00,0.00,0.00,0.00,0.00,0.00,105.89,0.00,0.00,0.00,0.00,0.00,0.00,0.00,242.16,525.63,0.00,281.18,37.32]","[null,null,null,null,null,null,null,null,42.12,null,null,null,null,null,null,null,null,null,105.89,null,null,null,null,null,null,null,121.08,95.13,null,122.40,37.32]","{""Monday"":323.30,""Tuesday"":37.32,""Wednesday"":0.00,""Thursday"":105.89,""Friday"":242.16,""Saturday"":525.63,""Sunday"":0.00}","{""Wednesday"":4,""Monday"":5,""Saturday"":4,""Thursday"":4,""Tuesday"":5,""Friday"":4,""Sunday"":5}",,161.0,0,0.0,"{""No intermediary"":12}","{""No intermediary"":1234.30}","{""1"":8,""2"":2,""3"":0,""4"":0,""5-10"":0,"">10"":0}","{""1"":75.75,""2"":314.15,""3"":null,""4"":null,""5-10"":null,"">10"":null}","{""<25k"":2,""25-45k"":2,""60-75k"":2,""75-100k"":3,""100-150k"":3,"">150k"":3}","{""<25k"":122.40,""25-45k"":37.32,""60-75k"":19.74,""75-100k"":129.72,""100-150k"":36.38,"">150k"":189.76}","{""Northfield, OH"":7,""Caldwell, ID"":4,""Kirkland, WA"":2,""Harrisville, UT"":2,""Ogden, UT"":2,""Albany, GA"":2,""Reno, NV"":2,""Eagle, ID"":2}","{""Chevron"":50,""Maverik"":50,""The Home Depot"":40,""Costco"":40,""McDonald's"":40,""Shell Oil"":40,""7-Eleven"":30,""Fred Meyer"":30,""ConocoPhillips"":30,""O'Reilly Auto Parts"":30,""Chick-fil-A"":30,""Tractor Supply Co."":30,""Stinker Stores"":30,""Sportsman's Warehouse"":30,""Sam's Club"":30,""Subway"":30,""Walmart"":20,""Target"":20,""Orvis"":20,""Albertsons"":20}","{""Amazon"":90,""Apple"":60,""Netflix"":50,""Amazon Digital Services"":50,""AT&T"":30,""Chewy"":20,""Hulu"":20,""Google Storage"":20,""Spotify"":20,""Audible"":20,""New York Times"":20,""T-Mobile"":20,""Etsy"":10,""Chili's"":10,""GNC"":10,""Verizon Wireless"":10,""Chipotle Mexican Grill"":10,""Chevron"":10,""Steam"":10,""Roku"":10}","{""Sportsman's Warehouse"":30,""Orvis"":20,""REI"":20,""Cabela's"":10,""Michaels Stores"":10,""Dick's Sporting Goods"":10}","{""Haagen Dazs"":10}","{""AT&T"":30,""T-Mobile"":20,""Verizon Wireless"":20}","{""Netflix"":50,""Hulu"":20,""Roku"":10,""Fubo"":10,""Dish Network"":10,""Peacock"":10,""Crunchyroll"":10,""Amazon Prime"":10,""Disney Plus"":10,""DirecTV"":10}","{""Dashpass"":10}","{""Uber"":10}","{""Sezzle"":10,""Afterpay"":10}","{""PayPal"":10,""Apple Card"":10,""Apple Cash"":10}"
169165,222-222@5wg-jfw-qmk,,,2022-05-01,2022-06-01,3577.5,23,11,28.92,37.35,"{""25"":12.45,""75"":88.84}","[0.00,0.00,0.00,51.95,0.00,0.00,8.99,0.00,0.00,0.00,12.45,22.10,12.99,0.00,0.00,0.00,88.84,0.00,0.00,0.00,0.00,0.00,169.17,31.95,0.00,390.29,2621.46,0.00,5.90,97.49,63.92]","[null,null,null,51.95,null,null,8.99,null,null,null,12.45,22.10,12.99,null,null,null,88.84,null,null,null,null,null,84.59,15.98,null,63.94,1116.34,null,5.90,97.49,16.98]","{""Monday"":266.66,""Tuesday"":184.71,""Wednesday"":64.40,""Thursday"":412.39,""Friday"":2634.45,""Saturday"":8.99,""Sunday"":5.90}","{""Wednesday"":4,""Monday"":5,""Saturday"":4,""Thursday"":4,""Tuesday"":5,""Friday"":4,""Sunday"":5}",3845.0,94.0,0,0.0,"{""No intermediary"":23}","{""No intermediary"":3577.50}","{""1"":7,""2"":2,""3"":0,""4"":0,""5-10"":2,"">10"":0}","{""1"":45.94,""2"":72.32,""3"":null,""4"":null,""5-10"":1555.65,"">10"":null}","{""<25k"":2,""25-45k"":2,""45-60k"":2,""75-100k"":2,""100-150k"":2,"">150k"":6}","{""<25k"":82.27,""25-45k"":1366.85,""45-60k"":19.98,""75-100k"":64.72,""100-150k"":5.90,"">150k"":151.56}","{""Frisco, TX"":2,""Lake Havasu City, AZ"":2,""Durango, CO"":2,""Gardiner, MT"":2,""Jacksonville, FL"":2,""Bozeman, MT"":2,""Cleone, CA"":2,""Eagle, ID"":2,""Springfield, MO"":2}","{""Walmart"":55,""Chevron"":37,""Maverik"":37,""Albertsons"":28,""Taco Bell"":28,""Safeway"":28,""Ace Hardware"":28,""Chick-fil-A"":28,""Walgreens"":28,""McDonald's"":28,""Tractor Supply Co."":28,""Exxon Mobil"":28,""Verizon Wireless"":19,""Kroger"":19,""Lowe's"":19,""The Home Depot"":19,""Fred Meyer"":19,""Buffalo Wild Wings"":19,""Wendy's"":19,""ConocoPhillips"":19}","{""Amazon"":55,""Apple"":28,""Spotify"":28,""Sirius XM"":19,""Adobe Systems"":19,""ExxonMobil"":19,""New York Times"":19,""Amazon Kindle"":19,""Michaels"":10,""Gap"":10,""Uber"":10,""HBO Max"":10,""Consumer Cellular, Inc"":10,""PetSmart"":10,""AMC Theatres"":10,""Dish Network"":10,""North Texas Tollway Authority"":10,""Netflix"":10,""The Wall Street Journal"":10,""Dillard's"":10}","{""Tractor Supply Co."":28,""Ace Hardware"":28,""Lowe's"":19,""The Home Depot"":19}","{""Phillips 66"":10,""Exxon Mobil"":10,""McDonald's"":10,""NAPA Auto Parts"":10}","{""T-Mobile"":19,""Verizon Wireless"":19,""AT&T"":10}","{""HBO Max"":10,""Fubo"":10,""Dish Network"":10,""Netflix"":10,""Peacock"":10,""Hulu"":10,""Disney Plus"":10}","{""Uber Eats"":10}","{""Uber"":10}",{},{}
169191,222-222@5wg-jfw-rx5,,,2022-05-01,2022-06-01,6763.34,19,14,273.27,335.88,"{""25"":243.03,""75"":335.88}","[0.00,0.00,0.00,0.00,0.00,0.00,0.00,0.00,1548.90,0.00,0.00,1031.37,0.00,273.27,0.00,1373.79,0.00,1716.02,0.00,0.00,0.00,0.00,582.16,0.00,0.00,6.00,0.00,0.00,231.83,0.00,0.00]","[null,null,null,null,null,null,null,null,258.15,null,null,515.69,null,273.27,null,514.96,null,335.88,null,null,null,null,291.08,null,null,6.00,null,null,231.83,null,null]","{""Monday"":3504.85,""Tuesday"":0.00,""Wednesday"":1716.02,""Thursday"":1037.37,""Friday"":0.00,""Saturday"":273.27,""Sunday"":231.83}","{""Wednesday"":4,""Monday"":5,""Saturday"":4,""Thursday"":4,""Tuesday"":5,""Friday"":4,""Sunday"":5}",234.0,-35.0,1,231.83,"{""No intermediary"":19}","{""No intermediary"":6763.34}","{""1"":11,""2"":2,""3"":0,""4"":1,""5-10"":0,"">10"":0}","{""1"":379.68,""2"":777.11,""3"":null,""4"":1032.60,""5-10"":null,"">10"":null}","{""<25k"":2,""45-60k"":2,""75-100k"":2,""100-150k"":3,"">150k"":5}","{""<25k"":285.48,""45-60k"":283.86,""75-100k"":170.94,""100-150k"":1091.49,"">150k"":516.64}","{""San Francisco, CA"":3,""Birmingham, AL"":2,""Clermont, FL"":2,""Phoenix, AZ"":2,""Ogden, UT"":2,""Boise, ID"":2,""Milwaukee, WI"":2,""Grantville, GA"":2}","{""Walmart"":58,""McDonald's"":50,""Exxon Mobil"":43,""Chevron"":29,""The Home Depot"":29,""Chick-fil-A"":29,""Walgreens"":29,""Target"":22,""Albertsons"":22,""ConocoPhillips"":22,""Maverik"":22,""Costco"":22,""Publix Super Markets"":22,""Shell Oil"":22,""Subway"":22,""Martin's Foods"":15,""ULTA Beauty"":15,""Olive Garden"":15,""Safeway Fuel Station"":15,""Bruster's Ice Cream"":15}","{""Amazon"":43,""Netflix"":29,""AT&T"":29,""Verizon Wireless"":22,""Airbnb"":22,""Apple"":22,""Amazon Marketplace"":22,""T-Mobile"":22,""Target"":15,""Papa Murphy's"":15,""Lowe's"":15,""TJ Maxx"":15,""Comcast"":15,""Harland Clarke"":15,""AT&T U-Verse"":15,""Etsy"":8,""Paramount"":8,""DoorDash"":8,""YouTube TV"":8,""Albertsons"":8}","{""Homewood Suites by Hilton"":8,""Holiday Inn"":8,""Hampton"":8,""Americas Best Value Inn"":8,""Quality Inn"":8}","{""McDonald's"":8,""Chevron"":8}","{""AT&T"":29,""Verizon Wireless"":29,""T-Mobile"":22}","{""Netflix"":29,""YouTube TV"":8,""Youtube"":8}","{""Dashpass"":8,""Instacart"":8,""DoorDash"":8}",{},{},"{""Apple Card"":8}"
169305,222-222@5wg-jfw-p7q,,,2022-05-01,2022-06-01,4724.51,140,102,23.37,31.88,"{""25"":15.60,""75"":37.16}","[104.00,70.15,42.37,103.50,288.38,31.62,152.26,49.52,62.81,116.89,235.76,189.71,0.00,146.34,119.37,201.03,12.95,138.38,73.00,132.72,447.18,50.93,92.78,99.16,61.82,215.84,631.67,138.04,200.30,258.49,257.54]","[38.57,18.76,42.37,26.35,36.99,11.94,30.23,49.52,62.81,19.57,27.00,21.44,null,24.11,24.32,18.70,12.95,24.95,12.44,25.72,39.74,25.46,12.63,49.58,18.35,107.92,26.99,30.72,23.56,69.81,27.29]","{""Monday"":685.26,""Tuesday"":528.91,""Wednesday"":539.46,""Thursday"":766.93,""Friday"":796.01,""Saturday"":883.82,""Sunday"":524.12}","{""Wednesday"":4,""Monday"":5,""Saturday"":4,""Thursday"":4,""Tuesday"":5,""Friday"":4,""Sunday"":5}",136.0,-17.0,0,0.0,"{""No intermediary"":140}","{""No intermediary"":4724.51}","{""1"":82,""2"":8,""3"":8,""4"":2,""5-10"":2,"">10"":0}","{""1"":36.21,""2"":66.01,""3"":81.38,""4"":105.43,""5-10"":182.79,"">10"":null}","{""<25k"":9,""25-45k"":8,""45-60k"":9,""60-75k"":10,""75-100k"":13,""100-150k"":20,"">150k"":29}","{""<25k"":28.05,""25-45k"":85.88,""45-60k"":44.11,""60-75k"":49.95,""75-100k"":47.95,""100-150k"":39.51,"">150k"":41.92}","{""Grayling, MT"":10,""Meridian, ID"":9,""Boise, ID"":9,""Pocatello, ID"":8,""Highland, UT"":5,""Idaho Falls, ID"":5,""Saint George, UT"":4,""Salt Lake City, UT"":4,""Troy, MI"":3,""Benjamin, UT"":3,""Shoshone, ID"":3,""New York, NY"":3,""Vernon, FL"":3,""Folsom, PA"":3,""Sparks, NV"":2,""West Wendover, NV"":2,""West Jordan, UT"":2,""Driggs, ID"":2,""Bountiful, UT"":2,""Island Park, ID"":2,""Chatsworth, CA"":2,""Vernal, UT"":2,""Liverpool, NY"":2,""Fayetteville, NY"":2,""Blackfoot, ID"":2,""Lilburn, GA"":2,""Las Cruces, NM"":2,""Braswell, GA"":2,""Park City, UT"":2,""Missoula, MT"":2,""Clearfield, UT"":2,""Twin Falls, ID"":2,""Rapid City, SD"":2,""Midvale, UT"":2,""Draper, UT"":2,""Rexburg, ID"":2,""Erda, UT"":2,""Bozeman, MT"":2,""Eagle Mountain, UT"":2,""Nampa, ID"":2,""Washington, DC"":2,""Parker, ID"":2,""Burley, ID"":2,""Northville, MI"":2,""Saint Johns, FL"":2,""Star, ID"":2,""Jackson, WY"":2,""Logan, UT"":2}","{""McDonald's"":68,""Walmart"":66,""Maverik"":60,""Chevron"":47,""Albertsons"":41,""Shell Oil"":40,""Costco"":39,""Walgreens"":34,""WinCo Foods"":31,""Subway"":30,""The Home Depot"":29,""Target"":28,""Lowe's"":25,""Fred Meyer"":25,""Smith's Food & Drug Stores"":25,""Starbucks"":23,""Wendy's"":21,""Chick-fil-A"":21,""Taco Bell"":20,""Exxon Mobil"":19}","{""Amazon"":58,""Netflix"":34,""Apple"":31,""Spotify"":20,""Hulu"":19,""Walmart"":17,""Amazon Digital Services"":15,""Amazon Marketplace"":14,""Costco"":11,""ExxonMobil"":11,""Target"":10,""Costa Vida"":10,""Comcast"":10,""Verizon Wireless"":9,""Sirius XM"":9,""Audible"":9,""Planet Fitness"":8,""Etsy"":7,""The Home Depot"":7,""eBay"":7}","{""Albertsons"":41,""WinCo Foods"":31,""Fred Meyer"":25,""Smith's Food & Drug Stores"":25,""7-Eleven"":13,""Broulim's"":10,""Natural Grocers"":5,""Whole Foods Market"":5,""Trader Joe's"":4,""Harmons"":4,""ALDI"":3,""Thriftway"":3,""Circle K"":3,""Wegmans Food Markets"":3,""Ridley's"":3,""Sprouts Farmers Market"":2,""Kroger"":2,""Safeway"":2,""SHOP 'n SAVE Supermarkets"":2,""Fast Stop"":2}","{""McDonald's"":30,""Chevron"":11,""Exxon Mobil"":5,""Haagen Dazs"":4,""NAPA Auto Parts"":3,""United States Postal Service (USPS)"":3,""ConocoPhillips"":2,""Phillips 66"":2}","{""Verizon Wireless"":25,""AT&T"":16,""T-Mobile"":10,""Disney Mobile"":3,""Cricket Wireless"":2,""Sprint"":2,""Straight Talk"":1}","{""Netflix"":34,""Hulu"":19,""Disney Plus"":7,""Dish Network"":6,""Youtube"":4,""Sling TV"":3,""DirecTV"":3,""Peacock"":2,""Amazon Prime"":2,""Youtube Premium"":2,""HBO Max"":1,""YouTube TV"":1,""Crunchyroll"":1,""Redbox"":1}","{""Uber Eats"":3,""Dashpass"":2,""Instacart"":1,""Shipt"":1}","{""Uber"":4,""Lyft"":1}","{""Klarna"":6,""Afterpay"":3,""Zip Company"":2,""Affirm.com"":1}","{""Apple Card"":4,""PayPal"":3,""Venmo"":3}"
169325,zzw-222@5wg-hzf-hqz,,,2022-05-01,2022-06-01,340.77,5,5,37.47,37.47,"{""25"":16.80,""75"":134.85}","[0.00,0.00,0.00,225.00,0.00,0.00,0.00,0.00,0.00,0.00,0.00,0.00,0.00,0.00,33.60,0.00,0.00,0.00,0.00,0.00,0.00,0.00,0.00,0.00,0.00,0.00,0.00,0.00,37.47,44.70,0.00]","[null,null,null,225.00,null,null,null,null,null,null,null,null,null,null,16.80,null,null,null,null,null,null,null,null,null,null,null,null,null,37.47,44.70,null]","{""Monday"":44.70,""Tuesday"":0.00,""Wednesday"":225.00,""Thursday"":0.00,""Friday"":0.00,""Saturday"":0.00,""Sunday"":71.07}","{""Wednesday"":4,""Monday"":5,""Saturday"":4,""Thursday"":4,""Tuesday"":5,""Friday"":4,""Sunday"":5}",,,0,0.0,"{""Square"":5}","{""Square"":340.77}","{""1"":5,""2"":0,""3"":0,""4"":0,""5-10"":0,"">10"":0}","{""1"":68.15,""2"":null,""3"":null,""4"":null,""5-10"":null,"">10"":null}","{""<25k"":2,""100-150k"":2,"">150k"":4}","{""<25k"":225.00,""100-150k"":37.47,"">150k"":26.10}","{""Laguna Beach, CA"":2,""Phoenix, AZ"":2,""Holbrook, AZ"":2,""Placerville, ID"":2}","{""Costco"":80,""Exxon Mobil"":80,""Walmart"":60,""Target"":60,""T.J. Maxx"":60,""The UPS Store"":40,""ConocoPhillips"":40,""Maverik"":40,""Natural Grocers"":40,""Best Buy"":40,""Petco"":20,""Dodge"":20,""Pick Up Stix"":20,""Chevrolet"":20,""ULTA Beauty"":20,""Trader Joe's"":20,""Chipotle Mexican Grill"":20,""Chrysler"":20,""Chevron"":20,""H Mart"":20}","{""Amazon"":60,""Phillips 66"":60,""Google Fi"":40,""Michaels"":40,""Verizon Wireless"":40,""Chick-fil-A"":40,""Amazon Digital Services"":40,""Amazon Marketplace"":40,""T-Mobile"":40,""Etsy"":20,""Chevron"":20,""Uber"":20,""Nintendo"":20,""Google Play"":20,""Postmates"":20,""Starbucks"":20,""Apple"":20,""The Vitamin Shoppe"":20,""Instacart"":20,""Google"":20}","{""Chick-fil-A"":60,""Pick Up Stix"":20,""Chipotle Mexican Grill"":20,""Krystal"":20,""Buffalo Wild Wings"":20,""Mackenzie River"":20,""Starbucks"":20,""Red Robin Gourmet Burgers"":20,""Five Guys"":20,""Waffle House"":20,""Texas Roadhouse"":20,""The Coffee Bean & Tea Leaf"":20}","{""Phillips 66"":60}","{""T-Mobile"":40,""Google Fi"":40,""Verizon Wireless"":40}","{""Hulu"":20}","{""Instacart"":20,""Uber Eats"":20,""Postmates"":20}","{""Uber"":20}",{},{}
169835,zzw-222@5wg-hzm-7bk,,,2022-05-01,2022-06-01,12.4,2,2,6.2,6.2,"{""25"":6.20,""75"":6.20}","[0.00,0.00,0.00,0.00,0.00,0.00,0.00,0.00,0.00,0.00,0.00,0.00,0.00,0.00,0.00,0.00,0.00,0.00,0.00,0.00,0.00,0.00,0.00,0.00,0.00,0.00,12.40,0.00,0.00,0.00,0.00]","[null,null,null,null,null,null,null,null,null,null,null,null,null,null,null,null,null,null,null,null,null,null,null,null,null,null,6.20,null,null,null,null]","{""Monday"":0.00,""Tuesday"":0.00,""Wednesday"":0.00,""Thursday"":0.00,""Friday"":12.40,""Saturday"":0.00,""Sunday"":0.00}","{""Wednesday"":4,""Monday"":5,""Saturday"":4,""Thursday"":4,""Tuesday"":5,""Friday"":4,""Sunday"":5}",,-86.0,0,0.0,"{""No intermediary"":2}","{""No intermediary"":12.40}","{""1"":2,""2"":0,""3"":0,""4"":0,""5-10"":0,"">10"":0}","{""1"":6.20,""2"":null,""3"":null,""4"":null,""5-10"":null,"">10"":null}","{""25-45k"":2,""100-150k"":2}","{""25-45k"":6.20,""100-150k"":6.20}","{""Cedar City, UT"":3}","{""Walmart"":100,""Target"":100,""Maverik"":100,""Costco"":100,""McDonald's"":100,""Jimmy John's"":50,""ULTA Beauty"":50,""Chevron"":50,""Einstein Brothers"":50,""Murphy USA"":50,""Old Navy"":50,""Madison Reed"":50,""Hobby Lobby Stores"":50,""Wendy's"":50,""Sierra"":50,""Holiday Oil"":50,""Smith's Food & Drug Stores"":50,""Chick-fil-A"":50,""Dairy Queen"":50,""FiiZ Drinks"":50}","{""Etsy"":100,""Walmart"":100,""Amazon"":100,""Apple"":100,""Spotify"":100,""Phillips 66"":100,""In-N-Out Burger"":100,""Cafe Zupas"":100,""Verizon Wireless"":50,""Ring"":50,""Wendy's"":50,""Google"":50,""Netflix"":50,""Comcast"":50}","{""Wendy's"":100,""Café Zupas"":100,""McDonald's"":100,""In-N-Out Burger"":100,""Jimmy John's"":50,""Einstein Brothers"":50,""Chick-fil-A"":50,""Dairy Queen"":50,""FiiZ Drinks"":50,""Arby's"":50}","{""Phillips 66"":100}","{""Verizon Wireless"":50}","{""Netflix"":50}",{},{},{},{}
169844,zzy-222@5wg-hzn-y9z,,,2022-05-01,2022-06-01,737.87,24,18,22.78,29.83,"{""25"":13.02,""75"":34.48}","[0.00,0.00,0.00,0.00,0.00,0.00,131.30,25.16,46.22,38.88,0.00,27.52,0.00,0.00,168.36,0.00,108.34,6.74,0.00,0.00,0.00,0.00,45.56,10.46,0.00,0.00,44.93,43.68,0.00,0.00,40.72]","[null,null,null,null,null,null,65.65,12.58,23.11,19.44,null,27.52,null,null,84.18,null,26.85,6.74,null,null,null,null,22.78,10.46,null,null,22.47,43.68,null,null,20.36]","{""Monday"":91.78,""Tuesday"":198.40,""Wednesday"":6.74,""Thursday"":27.52,""Friday"":44.93,""Saturday"":174.98,""Sunday"":193.52}","{""Wednesday"":4,""Monday"":5,""Saturday"":4,""Thursday"":4,""Tuesday"":5,""Friday"":4,""Sunday"":5}",-46.0,46.0,1,32.14,"{""Square"":23,""No intermediary"":1}","{""Square"":705.73,""No intermediary"":32.14}","{""1"":13,""2"":4,""3"":1,""4"":0,""5-10"":0,"">10"":0}","{""1"":25.79,""2"":93.78,""3"":27.52,""4"":null,""5-10"":null,"">10"":null}","{""<25k"":4,""25-45k"":4,""60-75k"":2,""75-100k"":2,""100-150k"":3,"">150k"":5}","{""<25k"":26.98,""25-45k"":22.81,""60-75k"":33.15,""75-100k"":10.30,""100-150k"":36.54,"">150k"":67.95}","{""Jacksonville, FL"":3,""Dearborn, MI"":3,""Raleigh, NC"":2,""Driggs, ID"":2,""Grayling, MT"":2,""Island Park, ID"":2,""Park City, UT"":2,""Amherst, NY"":2,""Boise, ID"":2,""Rexburg, ID"":2,""Bozeman, MT"":2,""Peoria, AZ"":2}","{""Walmart"":45,""ConocoPhillips"":34,""Costco"":34,""Exxon Mobil"":34,""Target"":28,""Chevron"":28,""United States Postal Service (USPS)"":28,""McDonald's"":28,""Albertsons"":23,""Lowe's"":23,""Maverik"":23,""NAPA Auto Parts"":17,""The Home Depot"":17,""REI"":17,""Phillips 66"":17,""Subway"":17,""Chrysler"":12,""C-A-L Ranch Stores"":12,""BP"":12,""ALDI"":12}","{""Amazon"":50,""ExxonMobil"":39,""Spotify"":34,""Sirius XM"":23,""Apple"":23,""Chewy"":17,""Amazon Digital Services"":17,""Chipotle Mexican Grill"":12,""Nayax"":12,""Dutch Bros. Coffee"":12,""Scheels"":12,""Adobe Systems"":12,""Youtube"":12,""eBay"":12,""PayPal"":12,""Phillips 66"":12,""New York Times"":12,""Amazon Marketplace"":12,""Sling TV"":6,""Lyft"":6}","{""McDonald's"":28,""Subway"":17,""Chipotle Mexican Grill"":12,""Starbucks"":12,""Dutch Bros Coffee"":12,""Menchie's"":6,""Sonic"":6,""Jimmy John's"":6,""Cook Out"":6,""Even Stevens Sandwiches"":6,""Elmer's Restaurants"":6,""Taco Bell"":6,""KFC"":6,""Salsarita's Fresh Cantina"":6,""Wendy's"":6,""Jack in the Box"":6,""Tupelo Honey"":6,""Peet's Coffee and Tea"":6,""Benihana"":6,""Port of Subs"":6}","{""Exxon Mobil"":23,""NAPA Auto Parts"":12,""McDonald's"":12,""Phillips 66"":12,""ConocoPhillips"":6,""United States Postal Service (USPS)"":6}","{""Verizon Wireless"":12,""T-Mobile"":6,""Cricket Wireless"":6}","{""Youtube"":12,""Sling TV"":6,""Dish Network"":6,""Netflix"":6,""Hulu"":6,""Amazon Prime"":6}","{""DoorDash"":6}","{""Lyft"":6,""Uber"":6}",{},"{""PayPal"":12}"
170008,223-222@5wg-hzn-y9z,SG_BRAND_73ec7f2366612562515e7201b08b9d0b,Phillips 66,2022-05-01,2022-06-01,4104.56,132,86,25.25,36.91,"{""25"":7.80,""75"":45.89}","[65.30,86.97,83.25,37.11,96.68,12.23,16.26,58.29,252.42,119.42,235.99,79.53,54.97,84.98,99.43,133.08,117.92,170.27,78.47,304.07,231.70,166.91,179.60,43.59,119.31,83.54,334.46,187.33,134.48,161.10,275.90]","[32.65,43.49,20.69,9.28,43.25,12.23,6.00,58.29,42.70,21.37,38.35,8.55,54.97,17.05,18.57,24.18,46.35,26.74,39.24,39.37,18.12,68.41,41.77,15.76,48.25,9.60,68.73,13.04,11.91,9.35,38.84]","{""Monday"":813.17,""Tuesday"":640.08,""Wednesday"":562.68,""Thursday"":338.22,""Friday"":705.73,""Saturday"":520.27,""Sunday"":524.41}","{""Wednesday"":4,""Monday"":5,""Saturday"":4,""Thursday"":4,""Tuesday"":5,""Friday"":4,""Sunday"":5}",102.0,28.0,29,824.38,"{""No intermediary"":132}","{""No intermediary"":4104.56}","{""1"":68,""2"":9,""3"":3,""4"":2,""5-10"":3,"">10"":1}","{""1"":36.29,""2"":55.88,""3"":152.32,""4"":83.18,""5-10"":99.01,"">10"":213.35}","{""<25k"":7,""25-45k"":12,""45-60k"":6,""60-75k"":2,""75-100k"":8,""100-150k"":14,"">150k"":28}","{""<25k"":38.89,""25-45k"":41.93,""45-60k"":22.70,""60-75k"":32.15,""75-100k"":70.21,""100-150k"":40.82,"">150k"":59.68}","{""Salt Lake City, UT"":6,""Tacoma, WA"":5,""Animas, NM"":5,""Holbrook, AZ"":4,""Rexburg, ID"":4,""Greenacres, FL"":3,""Bozeman, MT"":3,""Westfield, PA"":2,""Saint George, UT"":2,""Grayling, MT"":2,""San Diego, CA"":2,""Frisco, TX"":2,""Montvale, NJ"":2,""Scott Air Force Base, IL"":2,""Lacomb, OR"":2,""Clover, SC"":2,""Effingham, IL"":2,""Lechee, AZ"":2,""Saint Petersburg, FL"":2,""Rifle, CO"":2,""Centerville, UT"":2,""El Paso, TX"":2,""Providence, RI"":2,""Meridian, MS"":2,""Blackfoot, ID"":2,""Durand, IL"":2,""Oak Harbor, WA"":2,""Clermont, FL"":2,""Dayton, OH"":2,""Moab, UT"":2,""Big Sky, MT"":2,""Park City, UT"":2,""Missoula, MT"":2,""Ogden, UT"":2,""Laguna Beach, CA"":2,""Constantia, NY"":2,""Crestview, FL"":2,""Las Vegas, NV"":2,""Jacksonville, FL"":2,""Boise, ID"":2,""Cedar City, UT"":2,""Riverton, UT"":2,""Midvale, UT"":2,""Fairfield, CT"":2,""Colorado Springs, CO"":2,""Glenview, IL"":2,""Eagle Mountain, UT"":2,""Lehi, UT"":2,""Horsham, PA"":2,""Greer, SC"":2,""Casper, WY"":2,""Acme, WY"":2,""Fairfax, VA"":2,""Idaho Falls, ID"":2,""Peoria, AZ"":2,""Aberdeen, ID"":2,""Logan, UT"":2,""Frederick, MD"":2,""King Of Prussia, PA"":2}","{""Walmart"":69,""McDonald's"":56,""Maverik"":53,""Exxon Mobil"":44,""Chevron"":42,""ConocoPhillips"":39,""Costco"":33,""Target"":27,""Shell Oil"":27,""Wendy's"":24,""Lowe's"":23,""Smith's Food & Drug Stores"":23,""Pilot Flying J"":23,""The Home Depot"":21,""Chick-fil-A"":21,""Burger King"":21,""Subway"":20,""Walgreens"":19,""Verizon Wireless"":18,""7-Eleven"":18}","{""Phillips 66"":100,""Amazon"":70,""Apple"":38,""Netflix"":21,""Amazon Digital Services"":21,""Spotify"":19,""ExxonMobil"":18,""Hulu"":14,""Walmart"":13,""Google"":13,""Amazon Marketplace"":13,""Maverik"":12,""Comcast"":12,""T-Mobile"":11,""Target"":10,""Audible"":10,""Etsy"":9,""Verizon Wireless"":9,""Uber"":7,""Costco"":7}","{""Exxon Mobil"":52,""Chevron"":44,""ConocoPhillips"":41,""Shell Oil"":27,""Pilot Flying J"":23,""Love's Travel Stops and Country Stores"":17,""Loaf 'N Jug"":10,""Holiday Station"":10,""Speedway"":9,""BP"":7,""Kum & Go"":6,""Yesway Convenience"":5,""QuikTrip"":5,""Marathon"":5,""Sunoco"":5,""Murphy USA"":4,""Sheetz"":4,""Holiday Oil"":4,""ARCO"":4,""Stinker Stores"":4}","{""McDonald's"":21,""Exxon Mobil"":10,""NAPA Auto Parts"":3,""ConocoPhillips"":3,""Haagen Dazs"":2,""CENEX"":2}","{""Verizon Wireless"":25,""T-Mobile"":12,""AT&T"":9,""Google Fi"":3,""Straight Talk"":3,""TracFone Wireless"":2}","{""Netflix"":21,""Hulu"":14,""Disney Plus"":10,""YouTube TV"":5,""Dish Network"":5,""Youtube"":4,""Redbox"":4,""Roku"":3,""Sling TV"":2,""Peacock"":2,""Youtube Premium"":2}","{""HelloFresh"":5,""DoorDash"":4,""Postmates"":3,""Instacart"":2,""Uber Eats"":2}","{""Uber"":7}","{""Afterpay"":3,""Klarna"":3,""Sezzle"":2}","{""Apple Card"":5,""PayPal"":3,""Venmo"":3}"
170086,225-222@5wg-hzm-7dv,SG_BRAND_a0ccd5fb65a3df0d5a340321693f0a16,ConocoPhillips,2022-05-01,2022-06-01,3861.83,117,90,25.0,32.83,"{""25"":8.09,""75"":50.70}","[134.77,113.94,8.74,99.00,53.69,38.42,0.00,101.76,67.78,214.28,0.00,25.00,16.49,208.66,239.65,3.49,31.37,122.96,182.05,131.67,72.74,133.90,254.09,176.22,202.57,167.32,130.37,44.24,255.49,193.59,437.58]","[22.94,33.25,8.74,49.50,26.85,38.42,null,11.22,12.75,54.22,null,25.00,8.25,2.94,23.27,3.49,31.37,33.26,40.61,13.21,36.37,27.46,50.40,26.51,54.50,13.49,31.32,6.97,19.65,54.85,60.64]","{""Monday"":632.89,""Tuesday"":868.19,""Wednesday"":424.53,""Thursday"":428.06,""Friday"":316.95,""Saturday"":325.64,""Sunday"":865.57}","{""Wednesday"":4,""Monday"":5,""Saturday"":4,""Thursday"":4,""Tuesday"":5,""Friday"":4,""Sunday"":5}",139.0,41.0,57,1866.73,"{""No intermediary"":117}","{""No intermediary"":3861.83}","{""1"":72,""2"":11,""3"":5,""4"":2,""5-10"":0,"">10"":0}","{""1"":35.39,""2"":47.59,""3"":126.22,""4"":79.64,""5-10"":null,"">10"":null}","{""<25k"":11,""25-45k"":14,""45-60k"":2,""60-75k"":4,""75-100k"":10,""100-150k"":18,"">150k"":23}","{""<25k"":38.22,""25-45k"":40.62,""45-60k"":29.61,""60-75k"":46.13,""75-100k"":23.34,""100-150k"":34.72,"">150k"":60.66}","{""Lava Hot Springs, ID"":5,""Honolulu, HI"":5,""South Jordan, UT"":3,""Troy, MI"":3,""Blackfoot, ID"":3,""Hutto, TX"":3,""Layton, UT"":3,""Orem, UT"":3,""Logan, UT"":3,""Tacoma, WA"":2,""West Jordan, UT"":2,""Grayling, MT"":2,""Tucson, AZ"":2,""Emmaus, PA"":2,""Lincoln City, OR"":2,""Salt Lake City, UT"":2,""Cascade Locks, OR"":2,""Centerville, UT"":2,""Wisconsin Dells, WI"":2,""Morgan, UT"":2,""San Francisco, CA"":2,""Annex, OR"":2,""Puyallup, WA"":2,""Benjamin, UT"":2,""Phoenix, AZ"":2,""Provo, UT"":2,""Park City, UT"":2,""Harrisville, UT"":2,""Marshall, MN"":2,""Ogden, UT"":2,""Clearfield, UT"":2,""Denver, CO"":2,""Rapid City, SD"":2,""Colorado City, AZ"":2,""Las Vegas, NV"":2,""Monroe, LA"":2,""Genola, UT"":2,""Boise, ID"":2,""Parkersburg, WV"":2,""Baker, ID"":2,""Columbus, OH"":2,""Essex, MD"":2,""Newport, WA"":2,""Bozeman, MT"":2,""Nampa, ID"":2,""Rochester, MN"":2,""Fortuna, CA"":2,""Pottstown, PA"":2,""Elk Grove Village, IL"":2,""Casper, WY"":2,""Coalfield, TN"":2,""Ashton, ID"":2,""Cove, UT"":2,""Fate, TX"":2,""Idaho Falls, ID"":2,""Elizabeth, CO"":2,""Topsham, ME"":2,""Jackson, WY"":2}","{""Maverik"":65,""Walmart"":60,""McDonald's"":54,""Chevron"":45,""Target"":32,""The Home Depot"":29,""Wendy's"":29,""Shell Oil"":29,""Costco"":28,""Subway"":28,""Starbucks"":25,""Chick-fil-A"":25,""7-Eleven"":23,""Walgreens"":23,""Burger King"":23,""Sam's Club"":23,""Exxon Mobil"":23,""Pilot Flying J"":19,""Lowe's"":17,""Ace Hardware"":17}","{""ConocoPhillips"":100,""Amazon"":66,""Apple"":30,""Netflix"":30,""Comcast"":22,""Spotify"":20,""Maverik"":18,""AT&T"":17,""iTunes"":17,""Verizon Wireless"":14,""Amazon Digital Services"":13,""Phillips 66"":13,""Walmart"":12,""Google"":12,""Costco"":12,""McDonald's"":12,""Target"":10,""Hulu"":10,""Costa Vida"":10,""Little Caesars"":9}","{""Chevron"":47,""Shell Oil"":32,""Exxon Mobil"":28,""Pilot Flying J"":19,""Phillips 66"":19,""Speedway"":8,""Good 2 Go Stores"":8,""Love's Travel Stops and Country Stores"":7,""Stinker Stores"":7,""Holiday Station"":6,""Sheetz"":5,""Holiday Oil"":5,""Texaco"":5,""BP"":4,""Murphy USA"":4,""Kroger Fuel Center"":4,""Common Cents"":3,""Safeway Fuel Station"":3,""Loaf 'N Jug"":3,""TownPump Convenience Stores"":2}","{""McDonald's"":14,""Exxon Mobil"":7,""Chevron"":3,""Haagen Dazs"":3,""United States Postal Service (USPS)"":3,""Phillips 66"":3,""NAPA Auto Parts"":2,""CENEX"":2,""Days Inn"":2}","{""AT&T"":20,""Verizon Wireless"":17,""T-Mobile"":9,""Sprint"":4,""Cricket Wireless"":3,""Straight Talk"":2,""TracFone Wireless"":2,""Boost Mobile"":2}","{""Netflix"":30,""Hulu"":10,""Disney Plus"":6,""Dish Network"":5,""Amazon Prime"":5,""Sling TV"":3,""Youtube"":3,""Redbox"":3,""Roku"":2,""HBO Max"":2,""YouTube TV"":2,""Crunchyroll"":2,""Amazon Prime Video"":2,""Youtube Premium"":2}","{""Dashpass"":3,""Uber Eats"":3,""DoorDash"":2,""HelloFresh"":2,""Instacart"":2}","{""Uber"":8,""Lyft"":3}","{""Afterpay"":4,""Affirm.com"":2,""Klarna"":2}","{""Apple Card"":6,""PayPal"":2,""Apple Cash"":2}"
170126,227-223@5wg-hzm-9mk,,,2022-05-01,2022-06-01,398.66,47,38,6.2,8.78,"{""25"":5.16,""75"":12.56}","[0.00,0.00,0.00,0.00,0.00,0.00,0.00,0.00,0.00,0.00,0.00,0.00,0.00,0.00,0.00,0.00,27.46,0.00,45.15,0.00,0.00,0.00,0.00,0.00,75.79,20.20,39.60,0.00,55.15,26.88,108.43]","[null,null,null,null,null,null,null,null,null,null,null,null,null,null,null,null,13.73,null,12.56,null,null,null,null,null,6.16,4.16,5.20,null,8.02,6.20,6.75]","{""Monday"":26.88,""Tuesday"":135.89,""Wednesday"":75.79,""Thursday"":65.35,""Friday"":39.60,""Saturday"":0.00,""Sunday"":55.15}","{""Wednesday"":4,""Monday"":5,""Saturday"":4,""Thursday"":4,""Tuesday"":5,""Friday"":4,""Sunday"":5}",,15.0,5,27.36,"{""Square"":30,""No intermediary"":17}","{""Square"":297.34,""No intermediary"":101.32}","{""1"":31,""2"":5,""3"":2,""4"":0,""5-10"":0,"">10"":0}","{""1"":8.94,""2"":18.90,""3"":13.44,""4"":null,""5-10"":null,"">10"":null}","{""<25k"":2,""25-45k"":7,""45-60k"":2,""60-75k"":2,""75-100k"":8,""100-150k"":3,"">150k"":16}","{""<25k"":13.53,""25-45k"":12.12,""45-60k"":5.68,""60-75k"":11.36,""75-100k"":11.41,""100-150k"":10.60,"">150k"":8.90}","{""Nampa, ID"":4,""Sandy, UT"":3,""Oviedo, FL"":3,""Bozeman, MT"":3,""Vancouver, WA"":3,""Salt Lake City, UT"":2,""Paducah, KY"":2,""Midland, TX"":2,""San Francisco, CA"":2,""Greenacres, FL"":2,""Gainesville, FL"":2,""Dayton, OH"":2,""Laud, IN"":2,""Champaign, IL"":2,""Ogden, UT"":2,""Saint Louis, MO"":2,""Placerville, ID"":2,""Cedar City, UT"":2,""Granby, CT"":2,""Colorado Springs, CO"":2,""Philadelphia, PA"":2,""Helena, MT"":2,""West Valley, UT"":2,""Greeneville, TN"":2,""Corvallis, OR"":2,""Boone, NC"":2,""Milwaukee, WI"":2,""Aberdeen, MD"":2,""Logan, UT"":2}","{""Walmart"":79,""Target"":61,""McDonald's"":61,""Starbucks"":50,""Maverik"":35,""Walgreens"":35,""The Home Depot"":29,""Wendy's"":29,""Costco"":27,""Exxon Mobil"":27,""Chevron"":24,""Lowe's"":24,""Smith's Food & Drug Stores"":24,""WinCo Foods"":22,""Hobby Lobby Stores"":22,""PetSmart"":22,""Chick-fil-A"":22,""Subway"":22,""Little Caesars"":19,""Albertsons"":19}","{""Amazon"":61,""Apple"":61,""Netflix"":32,""Spotify"":29,""Comcast"":24,""Target"":22,""AT&T"":22,""Google"":19,""Maverik"":19,""Etsy"":16,""Walmart"":16,""Hulu"":16,""Amazon Digital Services"":16,""The Home Depot"":14,""Amazon Marketplace"":14,""Papa Murphy's"":11,""Experian"":11,""Costco"":11,""Uber Eats"":11,""Audible"":11}","{""McDonald's"":61,""Starbucks"":50,""Wendy's"":32,""Subway"":27,""Chick-fil-A"":22,""Little Caesars"":19,""Taco Bell"":19,""Panera Bread"":19,""Sonic"":16,""Burger King"":16,""Carl's Jr."":16,""Papa Murphy's"":14,""Domino's Pizza"":14,""In-N-Out Burger"":14,""Raising Cane's"":11,""Culver's"":11,""Panda Express"":11,""Dunkin'"":11,""Arby's"":11,""Jimmy John's"":8}","{""McDonald's"":11,""Phillips 66"":11,""Chevron"":6,""Exxon Mobil"":6,""NAPA Auto Parts"":3}","{""Verizon Wireless"":22,""AT&T"":22,""T-Mobile"":11,""Cricket Wireless"":3,""Sprint"":3}","{""Netflix"":32,""Hulu"":16,""Disney Plus"":14,""Youtube"":6,""Peacock"":6,""Youtube Premium"":6,""Sling TV"":3,""HBO Max"":3,""Vudu"":3}","{""Uber Eats"":11}","{""Uber"":8,""Lyft"":3}","{""Klarna"":3}","{""PayPal"":6,""Apple Card"":6,""Apple Cash"":6}"
170181,224-222@5wg-j33-v2k,,,2022-07-01,2022-08-01,4680.98,73,35,46.0,83.5,"{""25"":27.95,""75"":78.72}","[349.20,0.00,108.00,109.45,187.90,0.00,0.00,874.60,0.00,0.00,530.70,0.00,0.00,0.00,344.70,89.60,0.00,531.40,0.00,0.00,0.00,266.00,247.68,0.00,159.60,268.18,0.00,0.00,337.90,126.52,149.55]","[34.85,null,54.00,109.45,46.97,null,null,20.50,null,null,132.68,null,null,null,86.18,89.60,null,38.00,null,null,null,66.50,64.20,null,9.00,134.09,null,null,36.50,45.00,149.55]","{""Monday"":1331.15,""Tuesday"":456.08,""Wednesday"":0.00,""Thursday"":0.00,""Friday"":2172.40,""Saturday"":463.80,""Sunday"":257.55}","{""Wednesday"":4,""Monday"":4,""Saturday"":5,""Thursday"":4,""Tuesday"":4,""Friday"":5,""Sunday"":5}",212.0,13.0,2,268.18,"{""No intermediary"":73}","{""No intermediary"":4680.98}","{""1"":9,""2"":21,""3"":0,""4"":4,""5-10"":1,"">10"":0}","{""1"":78.09,""2"":128.18,""3"":null,""4"":222.08,""5-10"":398.00,"">10"":null}","{""<25k"":5,""25-45k"":3,""45-60k"":4,""60-75k"":2,""75-100k"":3,""100-150k"":7,"">150k"":8}","{""<25k"":74.90,""25-45k"":137.77,""45-60k"":62.61,""60-75k"":122.45,""75-100k"":76.97,""100-150k"":132.90,"">150k"":258.84}","{""Amalga, UT"":4,""Salt Lake City, UT"":3,""Lehi, UT"":3,""Idaho Falls, ID"":3,""Driggs, ID"":2,""Grayling, MT"":2,""Sandy, UT"":2,""Gallatin Gateway, MT"":2,""Benson, AZ"":2,""Meridian, ID"":2,""Ammon, ID"":2,""Chubbuck, ID"":2,""Charleston, UT"":2,""Eagle, ID"":2,""Glendale, AZ"":2,""Saint Johns, FL"":2,""Wake Forest, NC"":2}","{""McDonald's"":63,""Walmart"":55,""Maverik"":46,""Chevron"":38,""Exxon Mobil"":38,""Shell Oil"":35,""ConocoPhillips"":29,""Ace Hardware"":29,""Verizon Wireless"":26,""Albertsons"":26,""Costco"":26,""Phillips 66"":26,""Subway"":26,""Target"":20,""Taco Bell"":18,""Starbucks"":18,""Wendy's"":18,""Smith's Food & Drug Stores"":18,""Walgreens"":18,""Stinker Stores"":18}","{""Amazon"":60,""Apple"":35,""Netflix"":32,""Spotify"":26,""ExxonMobil"":20,""Maverik"":18,""Walmart"":15,""Sirius XM"":15,""Hulu"":15,""Amazon Digital Services"":15,""Adobe Systems"":12,""ConocoPhillips"":12,""Comcast"":12,""Amazon Marketplace"":12,""Amazon Kindle"":12,""Verizon Wireless"":9,""Dish Network"":9,""Google"":9,""AT&T"":9,""iTunes"":9}","{""McDonald's"":66,""Subway"":26,""Taco Bell"":18,""Starbucks"":18,""Wendy's"":18,""Sonic"":15,""Little Caesars"":15,""Burger King"":15,""Arby's"":15,""Jimmy John's"":9,""Domino's Pizza"":9,""Panda Express"":9,""Old Chicago Pizza and Taproom"":6,""Papa Murphy's"":6,""KFC"":6,""Idaho Pizza Company"":6,""Buffalo Wild Wings"":6,""Mackenzie River"":6,""Dutch Bros Coffee"":6,""Haagen Dazs"":6}","{""McDonald's"":35,""Phillips 66"":15,""ConocoPhillips"":9,""Subway"":9,""Haagen Dazs"":6,""Exxon Mobil"":6,""Chevron"":3,""NAPA Auto Parts"":3}","{""Verizon Wireless"":35,""AT&T"":12}","{""Netflix"":32,""Hulu"":15,""Dish Network"":9,""Youtube"":6,""Disney Plus"":6,""Amazon Prime Video"":6,""Sling TV"":3,""HBO Max"":3,""Fubo"":3,""DirecTV"":3}","{""Uber Eats"":3,""DoorDash"":3,""Grubhub"":3}","{""Lyft"":6}","{""Affirm.com"":3}","{""PayPal"":6}"
170246,zzw-222@5wg-jfw-p7q,,,2022-07-01,2022-08-01,15939.14,33,20,293.68,490.79,"{""25"":230.84,""75"":716.56}","[0.00,0.00,0.00,0.00,1545.12,0.00,0.00,2552.64,0.00,503.76,0.00,587.36,0.00,0.00,2866.24,0.00,235.08,1359.54,519.55,0.00,0.00,0.00,2065.09,0.00,2271.76,0.00,962.84,0.00,0.00,257.48,212.68]","[null,null,null,null,772.56,null,null,638.16,null,503.76,null,293.68,null,null,716.56,null,235.08,226.59,259.78,null,null,null,1032.55,null,248.88,null,962.84,null,null,257.48,212.68]","{""Monday"":3631.30,""Tuesday"":2652.03,""Wednesday"":962.84,""Thursday"":0.00,""Friday"":5418.88,""Saturday"":2322.57,""Sunday"":951.52}","{""Wednesday"":4,""Monday"":4,""Saturday"":5,""Thursday"":4,""Tuesday"":4,""Friday"":5,""Sunday"":5}",232.0,37.0,0,0.0,"{""No intermediary"":33}","{""No intermediary"":15939.14}","{""1"":9,""2"":10,""3"":0,""4"":1,""5-10"":0,"">10"":0}","{""1"":528.50,""2"":831.64,""3"":null,""4"":2866.24,""5-10"":null,"">10"":null}","{""<25k"":2,""25-45k"":2,""45-60k"":2,""75-100k"":5,""100-150k"":2,"">150k"":10}","{""<25k"":212.68,""25-45k"":262.07,""45-60k"":497.76,""75-100k"":1014.09,""100-150k"":1417.65,"">150k"":823.84}","{""New Albany, IN"":4,""Bethesda, MD"":3,""Decatur, IL"":2,""Salt Lake City, UT"":2,""Springboro, OH"":2,""Kingsville, OH"":2,""Edler, CO"":2,""Great Falls, MT"":2,""Saint Louis, MO"":2,""Gibsonville, NC"":2,""Ammon, ID"":2,""Spokane, WA"":2,""Bakersfield, CA"":2,""Chubbuck, ID"":2,""Snoqualmie, WA"":2,""Logan, UT"":2}","{""Walmart"":60,""McDonald's"":50,""Starbucks"":45,""Taco Bell"":40,""ConocoPhillips"":40,""Target"":35,""Costco"":35,""Phillips 66"":30,""AutoZone"":30,""Exxon Mobil"":30,""Sonic"":25,""Verizon Wireless"":25,""Albertsons"":25,""PetSmart"":25,""Chick-fil-A"":25,""CENEX"":25,""Chevron"":20,""Barnes and Noble"":20,""Safeway"":20,""Maverik"":20}","{""Amazon"":50,""Apple"":45,""Spotify"":30,""Netflix"":20,""Amazon Prime Video"":20,""Amazon Marketplace"":20,""Walmart"":15,""Target"":15,""Uber"":15,""Fubo"":15,""Apple Card"":15,""Hulu"":15,""Amazon Digital Services"":15,""Microsoft Ultimate"":15,""Verizon Wireless"":10,""Nayax"":10,""Chevron"":10,""Steam"":10,""Google"":10,""Kohl's"":10}","{""Holiday Inn"":15,""La Quinta Inns & Suites"":15,""Embassy Suites Hotels"":10,""Hampton"":10,""Econo Lodge"":5,""Homewood Suites by Hilton"":5,""Microtel Inn and Suites"":5,""Comfort Suites"":5,""Delta Hotels"":5,""Sleep Inn"":5,""Courtyard by Marriott"":5,""Quality Inn"":5}","{""McDonald's"":20}","{""Verizon Wireless"":35,""AT&T"":10,""Straight Talk"":5,""Sprint"":5,""T-Mobile"":5}","{""Netflix"":20,""Amazon Prime Video"":20,""Fubo"":15,""Hulu"":15,""Sling TV"":5,""Redbox"":5,""Time Warner Cable"":5,""Disney Plus"":5}","{""Instacart"":5,""Uber Eats"":5}","{""Uber"":15}","{""Afterpay"":5}","{""Apple Card"":15}"
170292,223-222@5wg-jm8-7h5,,,2022-07-01,2022-08-01,5559.45,16,10,205.2,400.2,"{""25"":171.00,""75"":406.00}","[0.00,0.00,0.00,0.00,0.00,0.00,0.00,0.00,0.00,535.50,740.00,91.80,390.00,0.00,0.00,0.00,0.00,0.00,0.00,418.00,2606.40,0.00,0.00,0.00,0.00,0.00,342.00,93.75,342.00,0.00,0.00]","[null,null,null,null,null,null,null,null,null,535.50,370.00,45.90,195.00,null,null,null,null,null,null,418.00,651.60,null,null,null,null,null,342.00,93.75,171.00,null,null]","{""Monday"":740.00,""Tuesday"":91.80,""Wednesday"":1150.00,""Thursday"":2700.15,""Friday"":342.00,""Saturday"":0.00,""Sunday"":535.50}","{""Wednesday"":4,""Monday"":4,""Saturday"":5,""Thursday"":4,""Tuesday"":4,""Friday"":5,""Sunday"":5}",97.0,42.0,1,535.5,"{""Square"":15,""No intermediary"":1}","{""Square"":5023.95,""No intermediary"":535.50}","{""1"":4,""2"":6,""3"":0,""4"":0,""5-10"":0,"">10"":0}","{""1"":347.31,""2"":695.03,""3"":null,""4"":null,""5-10"":null,"">10"":null}","{""75-100k"":2,""100-150k"":3,"">150k"":4}","{""75-100k"":1144.88,""100-150k"":251.10,"">150k"":485.10}","{""Vernal, UT"":3,""Collierville, TN"":2,""San Diego, CA"":2,""Suwanee, GA"":2,""Oakdale, MN"":2,""Woodridge, IL"":2,""Benson, AZ"":2,""Clovis, NM"":2,""Mineral, CA"":2}","{""Walmart"":80,""McDonald's"":70,""Costco"":50,""Phillips 66"":50,""Chick-fil-A"":40,""Pilot Flying J"":40,""United States Postal Service (USPS)"":40,""AutoZone"":40,""Target"":30,""Kwik Trip"":30,""Chevron"":30,""BP"":30,""The Home Depot"":30,""Speedway"":30,""7-Eleven"":30,""ConocoPhillips"":30,""Circle K"":30,""Love's Travel Stops and Country Stores"":30,""Maverik"":30,""Sonic"":20}","{""Amazon"":80,""Apple"":50,""AT&T"":50,""Amazon Marketplace"":50,""Walmart"":40,""Hulu"":40,""Sirius XM"":30,""Amazon Digital Services"":30,""Audible"":30,""Comcast"":30,""Target"":20,""YouTube TV"":20,""Netflix"":20,""Spotify"":20,""Sony Playstation Networks"":20,""Amazon Kindle"":20,""IHOP"":10,""Etsy"":10,""Dollar Shave Club"":10,""Verizon Wireless"":10}","{""Topgolf"":10,""LA Fitness"":10,""Lifetime Fitness"":10}","{""McDonald's"":20,""Chevron"":10,""Haagen Dazs"":10,""United States Postal Service (USPS)"":10,""Phillips 66"":10}","{""AT&T"":50,""Sprint"":10,""T-Mobile"":10,""Verizon Wireless"":10}","{""Hulu"":40,""YouTube TV"":20,""Netflix"":20,""Dish Network"":10,""Redbox"":10,""Disney Plus"":10,""Amazon Prime Video"":10}",{},"{""Uber"":10}",{},{}
170535,222-222@5wg-jfw-gff,,,2022-07-01,2022-08-01,4891.64,12,9,255.36,450.0,"{""25"":241.37,""75"":634.80}","[0.00,0.00,0.00,257.71,0.00,0.00,0.00,1325.60,550.80,0.00,0.00,450.00,0.00,0.00,0.00,0.00,237.49,506.00,0.00,0.00,0.00,0.00,0.00,253.00,0.00,0.00,0.00,1007.64,0.00,303.40,0.00]","[null,null,null,257.71,null,null,null,662.80,550.80,null,null,225.00,null,null,null,null,237.49,253.00,null,null,null,null,null,253.00,null,null,null,1007.64,null,303.40,null]","{""Monday"":763.71,""Tuesday"":450.00,""Wednesday"":0.00,""Thursday"":1007.64,""Friday"":1325.60,""Saturday"":854.20,""Sunday"":490.49}","{""Wednesday"":4,""Monday"":4,""Saturday"":5,""Thursday"":4,""Tuesday"":4,""Friday"":5,""Sunday"":5}",-23.0,-30.0,0,0.0,"{""No intermediary"":12}","{""No intermediary"":4891.64}","{""1"":6,""2"":3,""3"":0,""4"":0,""5-10"":0,"">10"":0}","{""1"":435.01,""2"":760.53,""3"":null,""4"":null,""5-10"":null,"">10"":null}","{""100-150k"":3,"">150k"":3}","{""100-150k"":385.42,"">150k"":669.99}","{""Parma, OH"":3,""Santee, CA"":2,""Boulder, CO"":2,""Newberry, SC"":2,""Vinton, VA"":2,""Cedar City, UT"":2,""Chubbuck, ID"":2,""Port Charlotte, FL"":2,""Metairie, LA"":2}","{""Walmart"":78,""Lowe's"":67,""Shell Oil"":67,""Chevron"":56,""McDonald's"":56,""Taco Bell"":45,""Chick-fil-A"":45,""Dairy Queen"":45,""Exxon Mobil"":45,""Target"":34,""Verizon Wireless"":34,""The Home Depot"":34,""7-Eleven"":34,""Wendy's"":34,""Hampton"":34,""ConocoPhillips"":34,""Maverik"":34,""Costco"":34,""Walgreens"":34,""Sam's Club"":34}","{""Apple"":89,""Netflix"":56,""Amazon"":45,""Walmart"":34,""Target"":23,""Verizon Wireless"":23,""Hotels.com"":23,""Hulu"":23,""Amazon Digital Services"":23,""Amazon Marketplace"":23,""Belk"":12,""ADT Security Services"":12,""Anytime Fitness"":12,""Lyft"":12,""Planet Fitness"":12,""Roku"":12,""Uber"":12,""Olive Garden"":12,""Great Clips"":12,""YouTube TV"":12}","{""Hampton"":34,""Comfort Suites"":23,""Hyatt Hotels & Resorts"":12,""Holiday Inn"":12,""DoubleTree by Hilton"":12,""Country Inn & Suites By Radisson"":12,""Best Western"":12}","{""McDonald's"":23,""Chevron"":23,""CENEX"":12,""Haagen Dazs"":12}","{""Verizon Wireless"":45,""Sprint"":12,""AT&T"":12}","{""Netflix"":56,""Hulu"":23,""Roku"":12,""YouTube TV"":12,""Dish Network"":12,""Disney Plus"":12,""Amazon Prime Video"":12}","{""HelloFresh"":12,""Instacart"":12}","{""Lyft"":12,""Uber"":12}",{},{}
170701,222-222@5wg-jfw-rx5,,,2022-07-01,2022-08-01,12777.08,38,23,268.68,486.06,"{""25"":253.87,""75"":336.32}","[0.00,25.00,570.96,338.88,537.36,268.68,0.00,486.06,268.68,0.00,1142.58,0.00,672.64,0.00,671.76,302.28,537.36,1029.92,268.68,0.00,0.00,400.00,291.08,0.00,2635.50,818.26,604.56,0.00,537.36,0.00,369.48]","[null,25.00,285.48,338.88,268.68,268.68,null,243.03,268.68,null,285.65,null,336.32,null,335.88,302.28,537.36,257.48,268.68,null,null,200.00,291.08,null,658.88,409.13,604.56,null,268.68,null,369.48]","{""Monday"":5146.88,""Tuesday"":1624.30,""Wednesday"":1545.88,""Thursday"":0.00,""Friday"":2095.18,""Saturday"":887.04,""Sunday"":1477.80}","{""Wednesday"":4,""Monday"":4,""Saturday"":5,""Thursday"":4,""Tuesday"":4,""Friday"":5,""Sunday"":5}",49.0,65.0,3,1023.42,"{""No intermediary"":38}","{""No intermediary"":12777.08}","{""1"":11,""2"":10,""3"":1,""4"":1,""5-10"":0,"">10"":0}","{""1"":325.18,""2"":575.21,""3"":2418.12,""4"":1029.92,""5-10"":null,"">10"":null}","{""<25k"":2,""25-45k"":3,""45-60k"":2,""60-75k"":2,""75-100k"":5,""100-150k"":3,"">150k"":6}","{""<25k"":369.44,""25-45k"":377.37,""45-60k"":671.76,""60-75k"":486.06,""75-100k"":817.41,""100-150k"":459.34,"">150k"":480.40}","{""South Jordan, UT"":3,""Saint George, UT"":2,""Salt Lake City, UT"":2,""Centerville, UT"":2,""Oak Harbor, WA"":2,""Hillsboro, OR"":2,""Virginia Beach, VA"":2,""Phoenix, AZ"":2,""Temple, TX"":2,""Ogden, UT"":2,""Seattle, WA"":2,""Boise, ID"":2,""Buffalo, NY"":2,""Ashland, NE"":2,""Emigrant, MT"":2,""Sunnyvale, CA"":2,""Auburn, NY"":2,""Bozeman, MT"":2,""Greer, SC"":2,""Burley, ID"":2,""Logan, UT"":2}","{""Walmart"":61,""Maverik"":48,""Target"":44,""Lowe's"":40,""The Home Depot"":31,""Smith's Food & Drug Stores"":31,""Costco"":31,""McDonald's"":31,""Chevron"":27,""Wendy's"":27,""ConocoPhillips"":27,""United States Postal Service (USPS)"":27,""Exxon Mobil"":27,""Shell Oil"":27,""Fred Meyer"":22,""Starbucks"":22,""Verizon Wireless"":18,""7-Eleven"":18,""Chick-fil-A"":18,""Walgreens"":18}","{""Amazon"":70,""Apple"":35,""Maverik"":22,""Netflix"":18,""Hulu"":18,""Comcast"":18,""Walmart"":14,""Target"":14,""Uber"":14,""Sirius XM"":14,""Spotify"":14,""Uber Eats"":14,""Amazon Digital Services"":14,""AT&T"":14,""Amazon Marketplace"":14,""Lyft"":9,""Chipotle Mexican Grill"":9,""Planet Fitness"":9,""Steam"":9,""eBay"":9}","{""Best Western"":9,""La Quinta Inns & Suites"":9,""Ramada"":5,""Holiday Inn"":5,""Hampton"":5,""Budget Host"":5,""Comfort Suites"":5,""Home2 Suites"":5,""Americas Best Value Inn"":5,""Days Inn"":5,""DoubleTree by Hilton"":5,""Baymont Inn & Suites"":5,""Quality Inn"":5}","{""Exxon Mobil"":14,""Chevron"":9,""Haagen Dazs"":9,""Phillips 66"":9,""ConocoPhillips"":5}","{""Verizon Wireless"":22,""AT&T"":14,""T-Mobile"":14}","{""Netflix"":18,""Hulu"":18,""Sling TV"":5,""HBO Max"":5,""Youtube"":5,""Dish Network"":5,""Disney Plus"":5,""Amazon Prime Video"":5}","{""Uber Eats"":14,""DoorDash"":5}","{""Uber"":14,""Lyft"":9}","{""Affirm.com"":5}","{""Apple Card"":5}"
170723,zzw-222@5wg-hzm-9vf,,,2022-07-01,2022-08-01,4991.2,69,35,46.6,90.04,"{""25"":21.78,""75"":69.24}","[320.56,785.38,0.00,0.00,160.88,18.82,1.50,823.84,275.58,0.00,552.62,196.24,275.84,0.00,314.44,506.00,236.45,0.00,0.00,0.00,0.00,34.00,1.50,0.00,90.74,0.00,23.56,0.00,0.00,373.25,0.00]","[34.59,168.64,null,null,40.22,9.41,1.50,55.12,71.08,null,138.16,49.06,68.96,null,47.19,253.00,236.45,null,null,null,null,8.50,1.50,null,22.69,null,23.56,null,null,186.63,null]","{""Monday"":643.36,""Tuesday"":357.12,""Wednesday"":318.22,""Thursday"":1.50,""Friday"":1492.84,""Saturday"":1941.71,""Sunday"":236.45}","{""Wednesday"":4,""Monday"":4,""Saturday"":5,""Thursday"":4,""Tuesday"":4,""Friday"":5,""Sunday"":5}",1158.0,-49.0,0,0.0,"{""No intermediary"":69}","{""No intermediary"":4991.20}","{""1"":8,""2"":24,""3"":1,""4"":0,""5-10"":2,"">10"":0}","{""1"":109.87,""2"":114.04,""3"":52.72,""4"":null,""5-10"":661.25,"">10"":null}","{""<25k"":2,""25-45k"":2,""45-60k"":3,""60-75k"":2,""75-100k"":6,""100-150k"":2,"">150k"":14}","{""<25k"":48.91,""25-45k"":61.79,""45-60k"":487.91,""60-75k"":90.04,""75-100k"":136.18,""100-150k"":57.89,"">150k"":127.27}","{""Idaho Falls, ID"":5,""Grayling, MT"":4,""Greenwich, NY"":3,""Saint George, UT"":2,""South Jordan, UT"":2,""Island Park, ID"":2,""New Rochelle, NY"":2,""Salt Lake City, UT"":2,""Shelley, ID"":2,""Blackfoot, ID"":2,""Issaquah, WA"":2,""Fort Wayne, IN"":2,""Wixom, MI"":2,""Boise, ID"":2,""Queensbury, NY"":2,""Francis, UT"":2,""Bozeman, MT"":2,""Salem, OR"":2,""Lewes, DE"":2,""Burley, ID"":2,""Mckenna, WA"":2,""Saint Johns, FL"":2,""Star, ID"":2,""Logan, UT"":2,""Albany, OR"":2}","{""Walmart"":60,""McDonald's"":40,""Shell Oil"":40,""Verizon Wireless"":35,""Chevron"":35,""Maverik"":35,""Walgreens"":35,""Target"":29,""Albertsons"":29,""Costco"":29,""Lowe's"":26,""Subway"":26,""The Home Depot"":23,""United States Postal Service (USPS)"":20,""Phillips 66"":20,""Exxon Mobil"":20,""Taco Bell"":18,""Starbucks"":18,""Panda Express"":18,""Old Navy"":15}","{""Amazon"":52,""Netflix"":43,""Apple"":26,""Spotify"":20,""Target"":18,""AT&T"":18,""Comcast"":18,""Walmart"":15,""Amazon Digital Services"":15,""Dish Network"":12,""Verizon Wireless"":9,""Planet Fitness"":9,""Chewy"":9,""Sirius XM"":9,""Barclaycard US"":9,""Youtube"":9,""Maverik"":9,""ExxonMobil"":9,""Hulu"":9,""Amazon Prime"":9}","{""McDonald's"":40,""Subway"":29,""Taco Bell"":18,""Starbucks"":18,""Panda Express"":18,""Wendy's"":15,""Chick-fil-A"":12,""Texas Roadhouse"":12,""LongHorn Steakhouse"":12,""Arby's"":12,""Jimmy John's"":9,""Papa John's"":9,""Dairy Queen"":9,""Costa Vida"":9,""Jamba"":6,""Jersey Mike's"":6,""Domino's Pizza"":6,""Jack in the Box"":6,""Haagen Dazs"":6,""Applebee's"":6}","{""McDonald's"":15,""ConocoPhillips"":9,""CENEX"":9,""Phillips 66"":6,""Exxon Mobil"":6,""Chevron"":3,""Holiday Inn"":3,""Haagen Dazs"":3,""United States Postal Service (USPS)"":3,""Subway"":3}","{""Verizon Wireless"":43,""AT&T"":18,""T-Mobile"":6,""Straight Talk"":3}","{""Netflix"":43,""Dish Network"":12,""Youtube"":9,""Hulu"":9,""Amazon Prime"":9,""Amazon Prime Video"":6,""Roku"":3,""Fubo"":3,""Peacock"":3,""Time Warner Cable"":3}","{""DoorDash"":3}","{""Lyft"":3}","{""Affirm.com"":3}","{""PayPal"":3,""Apple Cash"":3}"
170794,zzy-224@5wg-jfw-psq,,,2022-07-01,2022-08-01,1686.2,7,4,172.0,477.55,"{""25"":40.00,""75"":325.55}","[344.00,0.00,0.00,0.00,0.00,0.00,0.00,0.00,0.00,0.00,0.00,0.00,0.00,0.00,0.00,0.00,0.00,0.00,0.00,0.00,0.00,0.00,0.00,611.10,80.00,651.10,0.00,0.00,0.00,0.00,0.00]","[172.00,null,null,null,null,null,null,null,null,null,null,null,null,null,null,null,null,null,null,null,null,null,null,611.10,40.00,325.55,null,null,null,null,null]","{""Monday"":80.00,""Tuesday"":651.10,""Wednesday"":0.00,""Thursday"":0.00,""Friday"":344.00,""Saturday"":0.00,""Sunday"":611.10}","{""Wednesday"":4,""Monday"":4,""Saturday"":5,""Thursday"":4,""Tuesday"":4,""Friday"":5,""Sunday"":5}",,,0,0.0,"{""No intermediary"":7}","{""No intermediary"":1686.20}","{""1"":1,""2"":3,""3"":0,""4"":0,""5-10"":0,"">10"":0}","{""1"":611.10,""2"":358.37,""3"":null,""4"":null,""5-10"":null,"">10"":null}","{""45-60k"":2,"">150k"":2}","{""45-60k"":344.00,"">150k"":651.10}","{""Van Buren, MO"":2,""West Valley, UT"":2}","{""T.J. Maxx"":75,""CVS"":75,""Shell Oil"":75,""Walmart"":50,""ULTA Beauty"":50,""Target"":50,""Verizon Wireless"":50,""Chevron"":50,""Kroger"":50,""Qdoba Mexican Grill"":50,""Bed Bath & Beyond"":50,""Panera Bread"":50,""United States Postal Service (USPS)"":50,""McDonald's"":50,""Jet's Pizza"":25,""Food Rite"":25,""Belk"":25,""Kerbys Koney Island"":25,""California Pizza Kitchen"":25,""10Box Cost-Plus"":25}","{""Amazon"":75,""Apple"":75,""Walmart"":50,""Hulu"":50,""Amazon Digital Services"":50,""Comcast"":50,""Target"":25,""Verizon Wireless"":25,""Steam"":25,""Sirius XM"":25,""Peloton Cycles"":25,""The Home Depot"":25,""Cox Communications"":25,""Netflix"":25,""ExxonMobil"":25,""Suddenlink Communications"":25,""Amazon Marketplace"":25,""Express Scripts"":25,""Simplisafe"":25,""Amazon Kindle"":25}",{},"{""Avis Rent A Car"":25}","{""Verizon Wireless"":50}","{""Hulu"":50,""Disney Plus"":25,""Netflix"":25}",{},{},{},{}
170900,zzw-222@5wg-hzm-7bk,,,2022-07-01,2022-08-01,1131.33,75,51,12.48,13.52,"{""25"":6.24,""75"":19.14}","[10.40,55.64,0.00,25.92,0.00,5.20,6.24,51.48,49.89,58.22,0.00,57.40,41.60,0.00,18.20,0.00,29.12,0.00,18.72,62.36,44.72,271.14,37.30,0.00,62.40,33.48,21.76,51.48,92.92,19.76,5.98]","[5.20,11.96,null,25.92,null,5.20,6.24,12.87,17.94,9.68,null,28.70,20.80,null,9.10,null,10.40,null,9.36,24.96,5.59,19.14,7.89,null,31.20,16.74,10.88,13.00,23.23,19.76,5.98]","{""Monday"":88.32,""Tuesday"":109.60,""Wednesday"":130.92,""Thursday"":102.44,""Friday"":444.14,""Saturday"":162.59,""Sunday"":93.32}","{""Wednesday"":4,""Monday"":4,""Saturday"":5,""Thursday"":4,""Tuesday"":4,""Friday"":5,""Sunday"":5}",104.0,61.0,0,0.0,"{""No intermediary"":75}","{""No intermediary"":1131.33}","{""1"":33,""2"":15,""3"":1,""4"":1,""5-10"":1,"">10"":0}","{""1"":13.09,""2"":37.93,""3"":66.40,""4"":22.36,""5-10"":41.60,"">10"":null}","{""<25k"":2,""25-45k"":4,""45-60k"":3,""60-75k"":7,""75-100k"":5,""100-150k"":10,"">150k"":20}","{""<25k"":10.49,""25-45k"":21.03,""45-60k"":20.41,""60-75k"":16.96,""75-100k"":19.98,""100-150k"":22.47,"">150k"":26.92}","{""Benjamin, UT"":6,""Draper, UT"":6,""Salt Lake City, UT"":5,""Cedar City, UT"":5,""Sandy, UT"":4,""Ammon, ID"":4,""West Jordan, UT"":2,""South Jordan, UT"":2,""San Diego, CA"":2,""Island Park, ID"":2,""Virginia City, MT"":2,""Roy, UT"":2,""North Salt Lake, UT"":2,""Centerville, UT"":2,""Mesa, AZ"":2,""Moab, UT"":2,""Provo, UT"":2,""South Salt Lake, UT"":2,""Highland, UT"":2,""Harrisville, UT"":2,""Lester, WA"":2,""Clearfield, UT"":2,""Riverton, UT"":2,""Midvale, UT"":2,""Rexburg, ID"":2,""Bozeman, MT"":2,""Layton, UT"":2,""Kaysville, UT"":2,""Charleston, UT"":2,""Orem, UT"":2,""Herriman, UT"":2,""Idaho Falls, ID"":2,""Logan, UT"":2,""Myton, UT"":2}","{""Walmart"":77,""McDonald's"":69,""Maverik"":67,""Smith's Food & Drug Stores"":63,""Chevron"":55,""Target"":51,""Wendy's"":48,""Chick-fil-A"":46,""Costco"":44,""7-Eleven"":36,""WinCo Foods"":34,""The Home Depot"":30,""Subway"":30,""Taco Bell"":28,""Cafe Rio"":28,""Little Caesars"":24,""Starbucks"":24,""Walgreens"":22,""Panda Express"":22,""Exxon Mobil"":22}","{""Amazon"":73,""Apple"":48,""Comcast"":36,""Maverik"":34,""Walmart"":32,""Netflix"":26,""Spotify"":26,""Costa Vida"":22,""Hulu"":20,""Target"":18,""Google Storage"":18,""Amazon Digital Services"":18,""Chipotle Mexican Grill"":16,""Chick-fil-A"":14,""McDonald's"":14,""The Home Depot"":12,""Raising Cane's"":12,""Amazon Prime Video"":12,""Etsy"":10,""Verizon Wireless"":10}","{""McDonald's"":73,""Chick-fil-A"":53,""Wendy's"":50,""Taco Bell"":30,""Subway"":30,""Cafe Rio"":28,""Little Caesars"":26,""Chipotle Mexican Grill"":24,""Starbucks"":24,""Panda Express"":24,""Costa Vida"":22,""Domino's Pizza"":20,""In-N-Out Burger"":20,""Sonic"":18,""Arby's"":18,""Del Taco"":16,""Raising Cane's"":16,""Jack in the Box"":14,""Five Guys"":14,""Café Zupas"":14}","{""McDonald's"":24,""Haagen Dazs"":6,""Chevron"":4,""Subway"":4,""Phillips 66"":2}","{""Verizon Wireless"":18,""T-Mobile"":8,""Cricket Wireless"":2,""Boost Mobile"":2,""Sprint"":2,""AT&T"":2}","{""Netflix"":26,""Hulu"":20,""Amazon Prime Video"":12,""Disney Plus"":8,""Redbox"":6,""Youtube Premium"":6,""Amazon Prime"":4,""Starz"":4,""Roku"":2,""YouTube TV"":2,""Dish Network"":2,""Vudu"":2}","{""Uber Eats"":6,""Dashpass"":4,""Instacart"":2,""DoorDash"":2}","{""Lyft"":2}","{""Affirm.com"":2}","{""Apple Card"":6,""PayPal"":4,""Apple Cash"":4,""Venmo"":2}"
170944,zzw-222@5wg-jfw-gff,,,2022-07-01,2022-08-01,5974.32,34,18,40.75,153.15,"{""25"":15.83,""75"":416.82}","[0.00,0.00,0.00,0.00,203.12,0.00,231.72,0.00,449.60,0.00,0.00,834.18,833.64,463.44,0.00,0.00,663.01,834.58,0.00,0.00,1057.08,64.88,0.00,284.37,0.00,23.12,0.00,0.00,31.58,0.00,0.00]","[null,null,null,null,28.08,null,231.72,null,112.40,null,null,417.09,416.82,231.72,null,null,331.51,417.29,null,null,528.54,32.44,null,18.14,null,11.56,null,null,15.79,null,null]","{""Monday"":834.58,""Tuesday"":1060.42,""Wednesday"":833.64,""Thursday"":1752.24,""Friday"":96.46,""Saturday"":449.60,""Sunday"":947.38}","{""Wednesday"":4,""Monday"":4,""Saturday"":5,""Thursday"":4,""Tuesday"":4,""Friday"":5,""Sunday"":5}",-21.0,-57.0,5,1116.32,"{""No intermediary"":34}","{""No intermediary"":5974.32}","{""1"":3,""2"":14,""3"":1,""4"":0,""5-10"":0,"">10"":0}","{""1"":94.79,""2"":314.37,""3"":1288.80,""4"":null,""5-10"":null,"">10"":null}","{""25-45k"":2,""45-60k"":2,""60-75k"":2,""75-100k"":6,""100-150k"":2,"">150k"":2}","{""25-45k"":243.28,""45-60k"":250.38,""60-75k"":833.64,""75-100k"":426.20,""100-150k"":834.18,"">150k"":104.26}","{""Carrolls, WA"":4,""San Diego, CA"":2,""Monroe, UT"":2,""Phoenix, AZ"":2,""Moreno Valley, CA"":2,""Pocatello, ID"":2,""Grovetown, GA"":2,""Roswell, NM"":2,""Twin Falls, ID"":2,""Alpharetta, GA"":2,""Glendale, OH"":2,""Wilmington, DE"":2,""Baldwin Park, CA"":2,""Elsie, OR"":2,""Daniels, ID"":2}","{""Walmart"":73,""Target"":45,""Chevron"":45,""Maverik"":45,""McDonald's"":45,""Costco"":39,""Pilot Flying J"":39,""Taco Bell"":28,""Safeway"":28,""Exxon Mobil"":28,""Subway"":28,""Albertsons"":23,""Smith's Food & Drug Stores"":23,""Applebee's"":23,""Walgreens"":23,""Shell Oil"":23,""Sonic"":17,""Domino's Pizza"":17,""WinCo Foods"":17,""Speedway"":17}","{""Amazon"":50,""Apple"":50,""Netflix"":34,""Spotify"":28,""Target"":23,""Goodwill"":17,""Google"":17,""Hulu"":17,""Amazon Digital Services"":17,""Verizon Wireless"":12,""YouTube TV"":12,""Sirius XM"":12,""Expedia"":12,""Nintendo"":12,""Big Lots"":12,""Speedway"":12,""7-Eleven"":12,""Jamba Juice"":12,""Kohl's"":12,""Maverik"":12}","{""Quality Inn"":17,""Sheraton Hotels & Resorts"":12,""Holiday Inn"":12,""Comfort Suites"":12,""Candlewood Suites"":12,""Days Inn"":12,""Econo Lodge"":6,""Clarion"":6,""Rodeway Inn"":6,""Microtel Inn and Suites"":6,""Hampton"":6,""Super 8"":6,""Motel 6"":6,""Best Western"":6,""La Quinta Inns & Suites"":6}","{""McDonald's"":23,""Exxon Mobil"":6}","{""Verizon Wireless"":17,""Sprint"":12,""U.S. Cellular"":6,""AT&T"":6,""T-Mobile"":6}","{""Netflix"":34,""Hulu"":17,""YouTube TV"":12,""Disney Plus"":12,""Sling TV"":6,""Roku"":6,""Peacock"":6,""Amazon Prime Video"":6}","{""Instacart"":6,""Uber Eats"":6,""Postmates"":6}","{""Lyft"":6}","{""Afterpay"":6,""Affirm.com"":6,""Klarna"":6}","{""Apple Card"":6}"
170974,223-222@5wg-hzm-6zf,SG_BRAND_5956ce26fe2414b2,CENEX,2022-07-01,2022-08-01,4096.56,115,54,23.94,43.26,"{""25"":9.50,""75"":59.04}","[848.04,0.00,0.00,0.00,244.66,69.28,83.01,380.28,4.19,15.16,703.38,291.32,29.14,150.14,150.78,0.00,0.00,269.02,1.97,40.01,0.00,107.54,0.00,0.00,125.94,77.34,0.00,16.73,394.38,0.00,94.25]","[21.15,null,null,null,35.92,34.64,83.01,28.06,4.19,15.16,46.89,6.38,14.57,19.48,37.70,null,null,35.12,1.97,40.01,null,19.06,null,null,31.49,38.67,null,2.39,80.00,null,8.11]","{""Monday"":1098.34,""Tuesday"":615.29,""Wednesday"":138.43,""Thursday"":249.88,""Friday"":1881.02,""Saturday"":4.19,""Sunday"":109.41}","{""Wednesday"":4,""Monday"":4,""Saturday"":5,""Thursday"":4,""Tuesday"":4,""Friday"":5,""Sunday"":5}",252.0,136.0,0,0.0,"{""No intermediary"":115}","{""No intermediary"":4096.56}","{""1"":10,""2"":36,""3"":1,""4"":6,""5-10"":1,"">10"":0}","{""1"":23.04,""2"":57.65,""3"":94.25,""4"":230.28,""5-10"":314.82,"">10"":null}","{""<25k"":10,""25-45k"":8,""45-60k"":4,""60-75k"":5,""75-100k"":3,""100-150k"":12,"">150k"":2}","{""<25k"":38.60,""25-45k"":78.25,""45-60k"":33.12,""60-75k"":40.05,""75-100k"":25.64,""100-150k"":141.21,"">150k"":65.47}","{""Grayling, MT"":5,""Salt Lake City, UT"":4,""Boise, ID"":4,""Bountiful, UT"":3,""Ammon, ID"":3,""Carrolls, WA"":3,""Logan, UT"":3,""Tremonton, UT"":2,""Renton, WA"":2,""Driggs, ID"":2,""Island Park, ID"":2,""Clyde, NY"":2,""Arlington, WA"":2,""Roseville, MI"":2,""Dublin, IN"":2,""Friday Harbor, WA"":2,""Tully, NY"":2,""Snohomish, WA"":2,""Moran, WY"":2,""Munising, MI"":2,""Seattle, WA"":2,""Pasco, WA"":2,""Thousand Oaks, CA"":2,""Port Charlotte, FL"":2,""Rexburg, ID"":2,""Erda, UT"":2,""Salem, OR"":2,""Parker, ID"":2,""Burley, ID"":2,""Astoria, OR"":2,""Hoquiam, WA"":2,""Buxton, ME"":2,""Idaho Falls, ID"":2,""Parker, CO"":2}","{""Walmart"":84,""McDonald's"":56,""Chevron"":38,""Shell Oil"":38,""Maverik"":32,""Verizon Wireless"":30,""Costco"":28,""Fred Meyer"":25,""Lowe's"":23,""Love's Travel Stops and Country Stores"":23,""Subway"":23,""Albertsons"":21,""Starbucks"":21,""Burger King"":21,""United States Postal Service (USPS)"":21,""The Home Depot"":19,""Target"":17,""Safeway"":17,""Wendy's"":17,""7-Eleven"":15}","{""Amazon"":39,""Apple"":36,""Netflix"":34,""Amazon Digital Services"":17,""Comcast"":17,""Dish Network"":15,""Hulu"":15,""Verizon Wireless"":13,""Walmart"":12,""Sirius XM"":12,""Spotify"":12,""Etsy"":10,""Google"":10,""Maverik"":10,""Amazon Prime"":10,""DoorDash"":8,""Dutch Bros. Coffee"":8,""Chewy"":8,""Audible"":8,""ADT Security Services"":6}",{},"{""McDonald's"":19,""Haagen Dazs"":6,""Subway"":4,""Phillips 66"":2,""Exxon Mobil"":2}","{""Verizon Wireless"":41,""AT&T"":8,""T-Mobile"":8,""Sprint"":4,""Straight Talk"":2}","{""Netflix"":34,""Dish Network"":15,""Hulu"":15,""Amazon Prime"":10,""Roku"":6,""Youtube"":6,""Peacock"":4,""Disney Plus"":4,""HBO Max"":2,""Redbox"":2}","{""DoorDash"":8,""Dashpass"":6,""HelloFresh"":2,""Instacart"":2,""Uber Eats"":2,""Shipt"":2}","{""Lyft"":2}","{""Affirm.com"":4,""Klarna"":4,""Afterpay"":2}","{""Apple Cash"":6,""Apple Card"":2,""Venmo"":2}"
171007,224-222@5wg-jfw-mrk,,,2022-07-01,2022-08-01,1780.3,5,3,305.55,611.1,"{""25"":3.11,""75"":734.27}","[0.00,0.00,0.00,0.00,0.00,0.00,0.00,0.00,0.00,0.00,0.00,0.00,617.32,0.00,0.00,0.00,1162.98,0.00,0.00,0.00,0.00,0.00,0.00,0.00,0.00,0.00,0.00,0.00,0.00,0.00,0.00]","[null,null,null,null,null,null,null,null,null,null,null,null,154.33,null,null,null,1162.98,null,null,null,null,null,null,null,null,null,null,null,null,null,null]","{""Monday"":0.00,""Tuesday"":0.00,""Wednesday"":617.32,""Thursday"":0.00,""Friday"":0.00,""Saturday"":0.00,""Sunday"":1162.98}","{""Wednesday"":4,""Monday"":4,""Saturday"":5,""Thursday"":4,""Tuesday"":4,""Friday"":5,""Sunday"":5}",-42.0,-48.0,0,0.0,"{""No intermediary"":5}","{""No intermediary"":1780.30}","{""1"":1,""2"":2,""3"":0,""4"":0,""5-10"":0,"">10"":0}","{""1"":1162.98,""2"":308.66,""3"":null,""4"":null,""5-10"":null,"">10"":null}","{""<25k"":2,"">150k"":2}","{""<25k"":6.22,"">150k"":887.04}","{""Omaha, NE"":3,""Glendale, AZ"":3,""Bozeman, MT"":2}","{""Walmart"":67,""L.L.Bean"":34,""Rosauers"":34,""Old Chicago Pizza and Taproom"":34,""Corner Bakery Cafe"":34,""Papa Murphy's"":34,""KFC"":34,""The Home Depot"":34,""Safeway"":34,""Buffalo Wild Wings"":34,""Hy-Vee"":34,""GARAGE"":34,""ConocoPhillips"":34,""Circle K"":34,""Love's Travel Stops and Country Stores"":34,""World Market"":34,""Genesis Health Clubs"":34,""Chick-fil-A"":34,""Discount Tire"":34,""TGI Fridays"":34}","{""Walmart"":34,""ADT Security Services"":34,""Verizon Wireless"":34,""Planet Fitness"":34,""Amazon"":34,""Chewy"":34,""Kaiser Permanente"":34,""Macy's"":34,""Dish Network"":34,""Cox Communications"":34,""Apple"":34,""Netflix"":34,""Crocs"":34,""The Wall Street Journal"":34,""Patreon"":34,""Amazon Digital Services"":34,""Amazon Marketplace"":34,""Lands' End"":34}",{},{},"{""Verizon Wireless"":34}","{""Dish Network"":34,""Netflix"":34}",{},{},{},{}
171055,22d-222@5wg-hzm-7bk,,,2022-07-01,2022-08-01,1482.7,63,34,17.36,33.78,"{""25"":9.30,""75"":30.00}","[0.00,0.00,0.00,0.00,9.34,12.41,38.02,32.42,0.00,0.00,25.16,0.00,53.40,217.16,117.84,31.71,0.00,116.64,42.38,33.21,57.94,104.90,0.00,0.00,0.00,61.84,21.88,174.49,331.96,0.00,0.00]","[null,null,null,null,4.67,6.21,19.01,16.21,null,null,12.58,null,13.35,17.36,20.30,31.71,null,29.16,42.38,16.61,14.49,52.45,null,null,null,10.81,21.88,44.94,67.99,null,null]","{""Monday"":141.80,""Tuesday"":113.56,""Wednesday"":120.90,""Thursday"":487.61,""Friday"":587.12,""Saturday"":31.71,""Sunday"":0.00}","{""Wednesday"":4,""Monday"":4,""Saturday"":5,""Thursday"":4,""Tuesday"":4,""Friday"":5,""Sunday"":5}",49.0,13.0,2,36.98,"{""No intermediary"":63}","{""No intermediary"":1482.70}","{""1"":10,""2"":21,""3"":1,""4"":2,""5-10"":0,"">10"":0}","{""1"":27.86,""2"":46.32,""3"":140.59,""4"":45.38,""5-10"":null,"">10"":null}","{""<25k"":3,""25-45k"":2,""45-60k"":3,""75-100k"":8,""100-150k"":2,"">150k"":18}","{""<25k"":9.34,""25-45k"":18.81,""45-60k"":135.98,""75-100k"":41.27,""100-150k"":45.38,"">150k"":37.94}","{""South Jordan, UT"":3,""Washington, RI"":3,""Grayling, MT"":2,""Durango, CO"":2,""Sandy, UT"":2,""Humble, TX"":2,""Fayetteville, AR"":2,""Montgomery, AL"":2,""Roseville, CA"":2,""Felt, ID"":2,""Wilmington, OH"":2,""Belgrade, MT"":2,""East Stroudsburg, PA"":2,""Sterling, VA"":2,""Ogden, UT"":2,""Pocatello, ID"":2,""Fremont, CA"":2,""Nottingham, MD"":2,""Lake, WY"":2,""Ashland, NE"":2,""Chantilly, VA"":2,""Burmester, UT"":2,""Grand Rapids, MI"":2,""Erda, UT"":2,""Bozeman, MT"":2,""Lehi, UT"":2,""Estero, FL"":2,""East Greenbush, NY"":2,""Bend, OR"":2,""Bedford, TX"":2,""Logan, UT"":2}","{""Walmart"":89,""McDonald's"":65,""Chevron"":45,""Target"":42,""Exxon Mobil"":42,""Shell Oil"":42,""Maverik"":39,""Verizon Wireless"":36,""Costco"":36,""Subway"":33,""The Home Depot"":30,""Chick-fil-A"":30,""Pilot Flying J"":30,""CVS"":27,""Phillips 66"":27,""Taco Bell"":24,""Wendy's"":24,""United States Postal Service (USPS)"":24,""Starbucks"":21,""Albertsons"":18}","{""Amazon"":71,""Apple"":48,""Netflix"":48,""Amazon Digital Services"":39,""Comcast"":30,""Spotify"":24,""Costa Vida"":18,""Amazon Kindle"":18,""Target"":15,""Sirius XM"":15,""Google"":15,""Maverik"":15,""Walmart"":12,""Kohl's"":12,""Hulu"":12,""Uber Eats"":12,""AT&T"":12,""Amazon Prime Video"":12,""Youtube Premium"":12,""Amazon Marketplace"":12}","{""CVS"":30,""Walgreens"":18,""Bath & Body Works"":9,""Rite Aid"":6,""Family Pharmacy"":3,""Knights Pharmacy"":3,""The Vitamin Shoppe"":3,""Oakley"":3}","{""McDonald's"":27,""United States Postal Service (USPS)"":15,""NAPA Auto Parts"":12,""Phillips 66"":12,""Exxon Mobil"":9,""Subway"":9,""Chevron"":3,""ConocoPhillips"":3,""Haagen Dazs"":3}","{""Verizon Wireless"":42,""AT&T"":18,""T-Mobile"":15,""Sprint"":6,""Boost Mobile"":3}","{""Netflix"":48,""Disney Plus"":21,""Hulu"":12,""Amazon Prime Video"":12,""Youtube Premium"":12,""Sling TV"":6,""Roku"":6,""Vudu"":6,""HBO Max"":3,""YouTube TV"":3,""Youtube"":3,""Peacock"":3,""Redbox"":3,""DirecTV"":3}","{""Uber Eats"":12,""DoorDash"":3,""Grubhub"":3,""Instacart"":3,""Dashpass"":3,""Shipt"":3}","{""Lyft"":3,""Uber"":3}","{""Affirm.com"":6,""Afterpay"":3,""Klarna"":3}","{""Apple Card"":9,""PayPal"":3,""Apple Cash"":3}"
171243,228-222@5wg-hzm-7bk,,,2022-07-01,2022-08-01,32205.32,434,216,52.49,99.06,"{""25"":25.02,""75"":103.10}","[2217.84,679.02,130.38,613.07,2119.52,736.75,532.01,1419.04,114.23,520.59,3093.76,1811.88,533.62,2373.58,1227.38,305.16,689.20,2243.08,756.09,299.17,688.62,738.10,164.50,325.44,3017.32,831.88,695.20,1036.26,1358.76,27.55,906.32]","[28.49,20.42,65.19,68.75,42.79,65.70,103.00,51.39,57.11,44.45,74.83,58.96,16.06,69.63,46.45,86.19,30.85,39.62,97.08,42.58,35.30,63.94,82.25,25.45,81.57,41.00,66.68,77.11,57.39,27.55,101.84]","{""Monday"":8967.23,""Tuesday"":5519.37,""Wednesday"":2264.74,""Thursday"":4630.47,""Friday"":6961.12,""Saturday"":1290.46,""Sunday"":2571.93}","{""Wednesday"":4,""Monday"":4,""Saturday"":5,""Thursday"":4,""Tuesday"":4,""Friday"":5,""Sunday"":5}",18.0,11.0,24,1316.43,"{""No intermediary"":434}","{""No intermediary"":32205.32}","{""1"":75,""2"":117,""3"":3,""4"":15,""5-10"":4,"">10"":2}","{""1"":90.03,""2"":141.96,""3"":199.57,""4"":264.41,""5-10"":817.79,"">10"":503.95}","{""<25k"":14,""25-45k"":30,""45-60k"":12,""60-75k"":15,""75-100k"":28,""100-150k"":29,"">150k"":79}","{""<25k"":88.33,""25-45k"":102.44,""45-60k"":114.63,""60-75k"":84.33,""75-100k"":148.83,""100-150k"":147.04,"">150k"":197.95}","{""Grayling, MT"":8,""Goodyear, AZ"":6,""Draper, UT"":6,""Mount Pleasant, UT"":6,""Charlotte, NC"":5,""Boise, ID"":5,""Bozeman, MT"":5,""Salt Lake City, UT"":4,""Fort Wayne, IN"":4,""Lake, WY"":4,""Ammon, ID"":4,""Elbe, WA"":4,""Branson, MO"":4,""Idaho Falls, ID"":4,""Severna Park, MD"":3,""Driggs, ID"":3,""Gilbert, AZ"":3,""Westminster, MD"":3,""Colorado Springs, CO"":3,""Philadelphia, PA"":3,""Cullman, AL"":3,""Kalamazoo, MI"":3,""Pasadena, TX"":2,""West Jordan, UT"":2,""Schertz, TX"":2,""Saint Charles, IL"":2,""Bountiful, UT"":2,""Shorewood, IL"":2,""Sapulpa, OK"":2,""Syracuse, UT"":2,""Port Orchard, WA"":2,""Sandy, UT"":2,""Harker Heights, TX"":2,""Laurie, MO"":2,""Humble, TX"":2,""Liberty Lake, WA"":2,""Millsboro, DE"":2,""Bridgeview, IL"":2,""Grand Prairie, TX"":2,""Roseville, CA"":2,""Limestone, OK"":2,""Gresham, OR"":2,""Centennial, CO"":2,""Vernal, UT"":2,""Ocala, FL"":2,""Ellicott City, MD"":2,""Fernley, NV"":2,""Morton, IL"":2,""Blackfoot, ID"":2,""Rocky River, OH"":2,""Mesa, AZ"":2,""Highlands Ranch, CO"":2,""Houston, TX"":2,""Edmond, OK"":2,""Benjamin, UT"":2,""Coral Springs, FL"":2,""Crouch, ID"":2,""Woodridge, IL"":2,""Phoenix, AZ"":2,""Big Sky, MT"":2,""Cottonwood Heights, UT"":2,""New Smyrna Beach, FL"":2,""Azle, TX"":2,""Highland, UT"":2,""Belgrade, MT"":2,""Park City, UT"":2,""Dundee, MI"":2,""Harrisville, UT"":2,""Herndon, VA"":2,""Kokomo, IN"":2,""Missoula, MT"":2,""Ogden, UT"":2,""Lester, WA"":2,""Hurricane, UT"":2,""Pocatello, ID"":2,""Clearfield, UT"":2,""Traverse City, MI"":2,""Cary, NC"":2,""Charleston, SC"":2,""Rehoboth Beach, DE"":2,""Twin Falls, ID"":2,""Denver, CO"":2,""Gulf Breeze, FL"":2,""Great Falls, MT"":2,""Saint Louis, MO"":2,""Canandaigua, NY"":2,""Las Vegas, NV"":2,""Van Buren, MO"":2,""New York, NY"":2,""Vero Beach, FL"":2,""Cocoa Beach, FL"":2,""Seattle, WA"":2,""Frisco, CO"":2,""Watervliet, NY"":2,""Riverton, UT"":2,""San Pablo, CA"":2,""Columbus, OH"":2,""Weatherford, TX"":2,""Adamsville, TX"":2,""High Point, NC"":2,""Bridgeville, PA"":2,""Eustis, MT"":2,""Chantilly, VA"":2,""Chester, NY"":2,""Fargo, ND"":2,""Sunnyvale, CA"":2,""Glen Allen, VA"":2,""Bel Air, MD"":2,""Athens, OH"":2,""Hamden, CT"":2,""Islington, MA"":2,""Broadalbin, NY"":2,""Lake Wales, FL"":2,""Rexburg, ID"":2,""Erda, UT"":2,""Carrolls, WA"":2,""Layton, UT"":2,""Snoqualmie, WA"":2,""Nampa, ID"":2,""Hopkinsville, OH"":2,""San Antonio, TX"":2,""Lehi, UT"":2,""Salem, OR"":2,""Wilmington, DE"":2,""Kalispell, MT"":2,""Mansfield, TX"":2,""Barrington, NJ"":2,""Deadwood, SD"":2,""Dallas, TX"":2,""Helena, MT"":2,""Indianapolis, IN"":2,""Anchorage, AK"":2,""West Valley, UT"":2,""Salem, VA"":2,""Salado, TX"":2,""Ashton, ID"":2,""Lansing, KS"":2,""Herriman, UT"":2,""Glendale, AZ"":2,""Arlington Heights, IL"":2,""Saint Johns, FL"":2,""Auburn, AL"":2,""Milwaukee, WI"":2,""Albuquerque, NM"":2,""Minorca, LA"":2,""Logan, UT"":2,""Gulfport, MS"":2,""Lincoln, WA"":2}","{""Walmart"":60,""McDonald's"":59,""Shell Oil"":39,""Chevron"":34,""Exxon Mobil"":33,""Target"":32,""Maverik"":32,""Walgreens"":29,""Subway"":27,""ConocoPhillips"":26,""Chick-fil-A"":25,""Phillips 66"":24,""Starbucks"":23,""Taco Bell"":23,""7-Eleven"":23,""Pilot Flying J"":23,""CVS"":22,""Costco"":21,""The Home Depot"":20,""Albertsons"":19}","{""Amazon"":61,""Apple"":50,""Netflix"":32,""Amazon Digital Services"":22,""AT&T"":19,""Spotify"":19,""Amazon Marketplace"":18,""Sirius XM"":17,""Hulu"":15,""Target"":13,""Comcast"":13,""Uber"":13,""Verizon Wireless"":12,""Google"":10,""Amazon Prime Video"":10,""Maverik"":9,""Audible"":9,""Walmart"":8,""Planet Fitness"":8,""Uber Eats"":8}","{""McDonald's"":60,""Subway"":29,""Chick-fil-A"":25,""Taco Bell"":24,""Starbucks"":23,""Wendy's"":18,""Burger King"":16,""Chipotle Mexican Grill"":15,""Dairy Queen"":14,""Arby's"":13,""Sonic"":11,""Domino's Pizza"":11,""Jimmy John's"":10,""Dunkin'"":10,""Panera Bread"":9,""Panda Express"":9,""Popeyes Louisiana Kitchen"":8,""KFC"":7,""Haagen Dazs"":7,""Culver's"":7}","{""McDonald's"":18,""Exxon Mobil"":10,""Chevron"":7,""Haagen Dazs"":6,""Phillips 66"":6,""Subway"":6,""ConocoPhillips"":2,""CENEX"":2,""United States Postal Service (USPS)"":2,""NAPA Auto Parts"":1,""Holiday Inn"":1,""Avis Rent A Car"":1,""Days Inn"":1,""Budget Rent A Car"":1}","{""Verizon Wireless"":24,""AT&T"":24,""T-Mobile"":10,""Sprint"":3,""Google Fi"":1,""Cricket Wireless"":1,""Straight Talk"":1,""Disney Mobile"":1}","{""Netflix"":32,""Hulu"":15,""Amazon Prime Video"":10,""Disney Plus"":8,""Roku"":4,""YouTube TV"":3,""Dish Network"":3,""Youtube"":2,""Peacock"":2,""Redbox"":2,""HBO Max"":2,""Fubo"":2,""Amazon Prime"":2,""DirecTV"":2,""Starz"":2,""Sling TV"":1,""Youtube Premium"":1,""Crunchyroll"":1}","{""Uber Eats"":8,""DoorDash"":6,""Instacart"":5,""Dashpass"":5,""HelloFresh"":1,""Postmates"":1,""Grubhub"":1,""Shipt"":1}","{""Uber"":13,""Lyft"":7}","{""Affirm.com"":6,""Afterpay"":3,""Klarna"":2}","{""Apple Card"":5,""PayPal"":2,""Apple Cash"":1,""Venmo"":1}"
171448,224-222@5wg-jfw-nwk,,,2022-07-01,2022-08-01,1658.4,20,9,73.93,177.72,"{""25"":44.79,""75"":121.99}","[521.04,0.00,0.00,0.00,595.56,0.00,0.00,118.00,0.00,267.30,0.00,0.00,0.00,0.00,0.00,0.00,0.00,0.00,0.00,0.00,0.00,0.00,0.00,0.00,0.00,0.00,87.96,68.54,0.00,0.00,0.00]","[130.26,null,null,null,121.99,null,null,59.00,null,66.83,null,null,null,null,null,null,null,null,null,null,null,null,null,null,null,null,43.98,34.27,null,null,null]","{""Monday"":0.00,""Tuesday"":595.56,""Wednesday"":87.96,""Thursday"":68.54,""Friday"":639.04,""Saturday"":0.00,""Sunday"":267.30}","{""Wednesday"":4,""Monday"":4,""Saturday"":5,""Thursday"":4,""Tuesday"":4,""Friday"":5,""Sunday"":5}",1240.0,753.0,0,0.0,"{""No intermediary"":20}","{""No intermediary"":1658.40}","{""1"":2,""2"":5,""3"":0,""4"":2,""5-10"":0,"">10"":0}","{""1"":44.79,""2"":210.07,""3"":null,""4"":259.24,""5-10"":null,"">10"":null}","{""75-100k"":2,""100-150k"":3,"">150k"":6}","{""75-100k"":110.04,""100-150k"":260.52,"">150k"":201.81}","{""Westminster, MD"":6,""Bairdford, PA"":2,""Salt Lake City, UT"":2,""Gilbert, AZ"":2,""San Pablo, CA"":2,""Weatherford, TX"":2,""Elbe, WA"":2}","{""Subway"":67,""Starbucks"":56,""CVS"":56,""Exxon Mobil"":56,""Walmart"":45,""Target"":45,""Chevron"":45,""BP"":45,""Jersey Mike's"":45,""ALDI"":45,""Sheetz"":45,""Maverik"":45,""Taco Bell"":34,""Lowe's"":34,""The Home Depot"":34,""Apple Retail Store"":34,""7-Eleven"":34,""Wendy's"":34,""Burger King"":34,""United States Postal Service (USPS)"":34}","{""Amazon"":78,""Netflix"":67,""Verizon Wireless"":34,""Starbucks"":34,""Comcast"":34,""Etsy"":23,""Dropbox"":23,""Expedia"":23,""Old Navy"":23,""Goodwill"":23,""Royal Farms"":23,""Wendy's"":23,""TJX Companies"":23,""E-ZPass"":23,""Spotify"":23,""Amazon Digital Services"":23,""AT&T"":23,""Phillips 66"":23,""IHOP"":12,""Planet Fitness"":12}","{""Subway"":67,""Starbucks"":56,""Jersey Mike's"":45,""IHOP"":34,""Taco Bell"":34,""Wendy's"":34,""Burger King"":34,""McDonald's"":34,""Old Chicago Pizza and Taproom"":23,""Chipotle Mexican Grill"":23,""Auntie Anne's"":23,""Buffalo Wild Wings"":23,""Eat'n Park"":23,""Jack in the Box"":23,""Snooze Eatery"":23,""Penn Station"":23,""Beans & Brews Coffeehouse"":23,""Arby's"":23,""Kinder's"":12,""Little Caesars"":12}","{""Exxon Mobil"":34,""Subway"":34,""McDonald's"":12}","{""AT&T"":45,""Verizon Wireless"":34}","{""Netflix"":67,""Disney Plus"":12}",{},{},"{""Affirm.com"":12}",{}
171501,229-222@5wg-hzm-7h5,,,2022-06-01,2022-07-01,1801.66,29,23,32.97,37.24,"{""25"":25.30,""75"":71.71}","[0.00,31.78,80.97,0.00,0.00,326.32,46.42,0.00,0.00,0.00,120.00,56.79,274.00,99.64,33.00,0.00,60.68,0.00,154.96,0.00,99.04,268.22,32.04,0.00,0.00,0.00,27.88,61.00,0.00,28.92]","[null,31.78,40.49,null,null,39.51,23.21,null,null,null,120.00,56.79,137.00,31.20,33.00,null,30.34,null,77.48,null,24.76,268.22,32.04,null,null,null,27.88,61.00,null,28.92]","{""Monday"":628.20,""Tuesday"":306.10,""Wednesday"":301.22,""Thursday"":92.74,""Friday"":141.65,""Saturday"":120.00,""Sunday"":211.75}","{""Wednesday"":5,""Monday"":4,""Saturday"":4,""Thursday"":5,""Tuesday"":4,""Friday"":4,""Sunday"":4}",-21.0,-9.0,0,0.0,"{""No intermediary"":29}","{""No intermediary"":1801.66}","{""1"":18,""2"":4,""3"":1,""4"":0,""5-10"":0,"">10"":0}","{""1"":63.61,""2"":137.46,""3"":106.81,""4"":null,""5-10"":null,"">10"":null}","{""<25k"":2,""25-45k"":2,""45-60k"":4,""60-75k"":3,""75-100k"":2,""100-150k"":5,"">150k"":2}","{""<25k"":23.21,""25-45k"":53.95,""45-60k"":39.60,""60-75k"":29.65,""75-100k"":108.15,""100-150k"":110.63,"">150k"":124.78}","{""Huntsville, AL"":3,""Eden, UT"":3,""Grayling, MT"":2,""Island Park, ID"":2,""Arlington, WA"":2,""San Luis Obispo, CA"":2,""Champaign, IL"":2,""Payson, AZ"":2,""Tipp City, OH"":2,""Alvaton, KY"":2,""Ammon, ID"":2,""Spokane, WA"":2,""Huntsville, OH"":2,""Herriman, UT"":2,""Idaho Falls, ID"":2}","{""Walmart"":83,""Maverik"":53,""Chevron"":40,""Albertsons"":35,""Wendy's"":35,""McDonald's"":35,""Target"":27,""Chick-fil-A"":27,""Subway"":27,""Trader Joe's"":22,""Lowe's"":18,""WinCo Foods"":18,""T.J. Maxx"":18,""Ace Hardware"":18,""Smith's Food & Drug Stores"":18,""Applebee's"":18,""Walgreens"":18,""Sam's Club"":18,""Exxon Mobil"":18,""Shell Oil"":18}","{""Amazon"":70,""Netflix"":35,""Spotify"":27,""Amazon Digital Services"":27,""Apple"":22,""Sirius XM"":18,""Nintendo"":18,""HBO Max"":14,""Hulu"":14,""Etsy"":9,""Sling TV"":9,""Anytime Fitness"":9,""Verizon Wireless"":9,""Planet Fitness"":9,""Chewy"":9,""The Home Depot"":9,""Google"":9,""McDonald's"":9,""AT&T"":9,""Sam's Club"":9}","{""McDonald's"":40,""Wendy's"":35,""Chick-fil-A"":27,""Subway"":27,""Applebee's"":18,""Sonic"":14,""Olive Garden"":14,""Five Guys"":14,""Zaxby's"":14,""In-N-Out Burger"":14,""Slim Chickens"":14,""Little Caesars"":9,""Jack's Family Restaurants"":9,""Golden Corral"":9,""Taco Bell"":9,""Buffalo Wild Wings"":9,""Starbucks"":9,""Taco Mama"":9,""Crumbl Cookies"":9,""Haagen Dazs"":9}","{""Haagen Dazs"":9,""NAPA Auto Parts"":5,""CENEX"":5,""McDonald's"":5,""Subway"":5}","{""Verizon Wireless"":22,""AT&T"":14,""TracFone Wireless"":5}","{""Netflix"":35,""HBO Max"":14,""Hulu"":14,""Sling TV"":9,""Youtube"":5,""Dish Network"":5,""Peacock"":5,""Redbox"":5,""Amazon Prime"":5,""DirecTV"":5}",{},"{""Lyft"":5,""Uber"":5}","{""Affirm.com"":5}","{""Apple Card"":9}"
171558,227-223@5wg-hzm-9mk,,,2022-06-01,2022-07-01,1230.47,119,85,8.76,10.92,"{""25"":6.16,""75"":12.48}","[0.00,0.00,28.71,0.00,10.40,0.00,0.00,38.88,0.00,0.00,50.67,0.00,155.68,14.56,90.51,0.00,61.85,24.16,69.54,64.35,344.40,93.88,0.00,0.00,94.89,0.00,87.99,0.00,0.00,0.00]","[null,null,5.12,null,10.40,null,null,9.84,null,null,12.74,null,8.28,7.28,7.72,null,8.78,5.90,6.31,9.32,8.76,9.84,null,null,10.88,null,7.76,null,null,null]","{""Monday"":308.02,""Tuesday"":358.96,""Wednesday"":223.27,""Thursday"":0.00,""Friday"":90.56,""Saturday"":169.72,""Sunday"":79.94}","{""Wednesday"":5,""Monday"":4,""Saturday"":4,""Thursday"":5,""Tuesday"":4,""Friday"":4,""Sunday"":4}",209.0,-19.0,6,126.23,"{""Square"":81,""No intermediary"":38,""Visa"":2}","{""Square"":836.10,""No intermediary"":394.37,""Visa"":46.28}","{""1"":57,""2"":25,""3"":0,""4"":3,""5-10"":0,"">10"":0}","{""1"":10.18,""2"":20.65,""3"":null,""4"":44.61,""5-10"":null,"">10"":null}","{""<25k"":5,""25-45k"":18,""45-60k"":4,""60-75k"":5,""75-100k"":14,""100-150k"":20,"">150k"":17}","{""<25k"":13.34,""25-45k"":13.33,""45-60k"":11.16,""60-75k"":18.47,""75-100k"":19.78,""100-150k"":14.49,"">150k"":12.12}","{""Salt Lake City, UT"":5,""Pocatello, ID"":5,""Olathe, KS"":5,""Philipsburg, MT"":4,""Pueblo, CO"":4,""Rocky Point, NC"":3,""Clovis, NM"":3,""Cedar City, UT"":3,""Logan, UT"":3,""Menomonee Falls, WI"":2,""Chicago, IL"":2,""Bellingham, WA"":2,""Midland, TX"":2,""Blackfoot, ID"":2,""Tempe, AZ"":2,""Phoenix, AZ"":2,""Dunkirk, MD"":2,""Meridian, ID"":2,""Louisville, KY"":2,""Hyrum, UT"":2,""Brian Head, UT"":2,""Westminster, MD"":2,""Everett, WA"":2,""Edina, MN"":2,""Clearfield, UT"":2,""Gardiner, MT"":2,""Morgantown, WV"":2,""Monroe, NC"":2,""Broken Arrow, OK"":2,""Colorado City, AZ"":2,""Toledo, OH"":2,""Seattle, WA"":2,""Acworth, GA"":2,""Williston, VT"":2,""Boise, ID"":2,""Weatherford, TX"":2,""Newnan, GA"":2,""Lake Stevens, WA"":2,""Wichita Falls, TX"":2,""Bakersfield, CA"":2,""Yucaipa, CA"":2,""Monument, CO"":2,""Chubbuck, ID"":2,""Burmester, UT"":2,""Farmington, UT"":2,""Draper, UT"":2,""Rexburg, ID"":2,""Layton, UT"":2,""Eagle Mountain, UT"":2,""San Antonio, TX"":2,""Salem, OR"":2,""Washington, DC"":2,""Torrance, CA"":2,""Orem, UT"":2,""Ashton, ID"":2,""Ypsilanti, MI"":2,""Belfast, PA"":2,""Cecil, AL"":2,""Richmond, KY"":2}","{""Walmart"":70,""McDonald's"":63,""Target"":48,""Starbucks"":40,""Maverik"":37,""Shell Oil"":37,""Chevron"":30,""Chick-fil-A"":28,""Costco"":26,""Taco Bell"":24,""CVS"":23,""The Home Depot"":22,""7-Eleven"":22,""Walgreens"":22,""Albertsons"":20,""Phillips 66"":20,""Subway"":20,""Wendy's"":19,""ConocoPhillips"":18,""Smith's Food & Drug Stores"":18}","{""Amazon"":55,""Apple"":49,""Spotify"":35,""Netflix"":25,""Comcast"":18,""Amazon Digital Services"":17,""Verizon Wireless"":16,""Amazon Marketplace"":15,""Costa Vida"":12,""Walmart"":11,""Google"":11,""AT&T"":11,""Target"":10,""Audible"":10,""Planet Fitness"":9,""The Home Depot"":9,""Hulu"":9,""Uber"":8,""Adobe Systems"":8,""eBay"":8}","{""McDonald's"":64,""Starbucks"":40,""Chick-fil-A"":31,""Taco Bell"":28,""Subway"":22,""Wendy's"":20,""Dairy Queen"":20,""Chipotle Mexican Grill"":18,""Panda Express"":16,""Panera Bread"":13,""Burger King"":13,""Haagen Dazs"":12,""Costa Vida"":12,""Little Caesars"":11,""Jamba"":11,""Dunkin'"":11,""Culver's"":10,""Cafe Rio"":10,""Arby's"":10,""Dutch Bros Coffee"":9}","{""McDonald's"":19,""Haagen Dazs"":5,""Phillips 66"":5,""ConocoPhillips"":2,""Days Inn"":2,""Exxon Mobil"":2}","{""Verizon Wireless"":24,""AT&T"":15,""T-Mobile"":9,""Cricket Wireless"":5,""Sprint"":3,""Google Fi"":2,""Straight Talk"":2}","{""Netflix"":25,""Hulu"":9,""Disney Plus"":9,""Amazon Prime Video"":6,""Redbox"":5,""Sling TV"":3,""HBO Max"":3,""YouTube TV"":3,""Roku"":2,""Dish Network"":2,""Peacock"":2,""DirecTV"":2}","{""Dashpass"":5,""Uber Eats"":4,""Postmates"":3,""Instacart"":3,""DoorDash"":2,""Grubhub"":2}","{""Uber"":8,""Lyft"":2}","{""Affirm.com"":4,""Klarna"":3,""Afterpay"":2}","{""Apple Card"":4,""Apple Cash"":2}"
171612,225-222@5wg-hzm-6zf,,,2022-06-01,2022-07-01,13810.08,175,147,66.16,82.72,"{""25"":40.00,""75"":96.72}","[106.00,741.36,99.03,374.60,1230.45,539.70,37.20,276.86,1058.77,1028.60,103.88,421.13,1051.92,0.00,108.40,355.39,445.30,244.54,381.26,63.04,997.22,260.98,482.82,74.77,444.84,281.62,1753.57,114.20,337.23,395.40]","[106.00,82.33,49.52,65.64,118.90,45.00,37.20,40.40,99.86,77.60,103.88,76.48,60.91,null,54.20,69.44,66.00,51.25,59.04,63.04,38.76,68.86,64.36,37.39,136.88,140.81,94.48,114.20,148.80,90.20]","{""Monday"":3408.23,""Tuesday"":1148.62,""Wednesday"":1089.47,""Thursday"":3033.74,""Friday"":1647.70,""Saturday"":1167.86,""Sunday"":2314.46}","{""Wednesday"":5,""Monday"":4,""Saturday"":4,""Thursday"":5,""Tuesday"":4,""Friday"":4,""Sunday"":4}",15.0,-36.0,0,0.0,"{""No intermediary"":175}","{""No intermediary"":13810.08}","{""1"":121,""2"":25,""3"":0,""4"":1,""5-10"":0,"">10"":0}","{""1"":90.25,""2"":111.14,""3"":null,""4"":111.60,""5-10"":null,"">10"":null}","{""<25k"":6,""25-45k"":15,""45-60k"":15,""60-75k"":6,""75-100k"":21,""100-150k"":35,"">150k"":48}","{""<25k"":70.03,""25-45k"":58.77,""45-60k"":71.06,""60-75k"":64.05,""75-100k"":88.15,""100-150k"":103.29,"">150k"":114.91}","{""Swanquarter, NC"":7,""Ocala, FL"":5,""Newbury Park, CA"":4,""Renton, WA"":3,""Blackfoot, ID"":3,""Somerset, PA"":3,""Meridian, ID"":3,""East Helena, MT"":3,""Spokane, WA"":3,""Albertville, AL"":2,""Myrtle Beach, SC"":2,""Lake Oswego, OR"":2,""Saint George, UT"":2,""Wendell, ID"":2,""Bountiful, UT"":2,""Niceville, FL"":2,""Cameron, AZ"":2,""Biddeford, ME"":2,""Taylorsville, UT"":2,""Bellingham, WA"":2,""Salt Lake City, UT"":2,""Arlington, WA"":2,""Tustin, CA"":2,""Gotha, FL"":2,""Kingwood, TX"":2,""Chandler, AZ"":2,""Flagstaff, AZ"":2,""Bryan, WY"":2,""Evans, GA"":2,""Tempe, AZ"":2,""Orange City, IA"":2,""Glenwillow, OH"":2,""Houston, TX"":2,""Benjamin, UT"":2,""Charlotte, NC"":2,""Middletown, NY"":2,""Phoenix, AZ"":2,""Highland, UT"":2,""Louisville, KY"":2,""Harrisville, UT"":2,""Eden, UT"":2,""Longmeadow, MA"":2,""Ogden, UT"":2,""Pocatello, ID"":2,""Winston Salem, NC"":2,""Marietta, GA"":2,""Twin Falls, ID"":2,""Denver, CO"":2,""Gulf Breeze, FL"":2,""Saint Louis, MO"":2,""West Des Moines, IA"":2,""Las Vegas, NV"":2,""Jacksonville, FL"":2,""Seattle, WA"":2,""Apache Junction, AZ"":2,""Coppell, TX"":2,""Harvey, LA"":2,""Boise, ID"":2,""La Vernia, TX"":2,""Midvale, UT"":2,""Alpharetta, GA"":2,""Orlando, FL"":2,""Colorado Springs, CO"":2,""Burmester, UT"":2,""Farmington, UT"":2,""Missouri City, TX"":2,""Antelope, CA"":2,""Custer, SD"":2,""Advance, MI"":2,""Carrolls, WA"":2,""Bozeman, MT"":2,""Eagle Mountain, UT"":2,""Kaysville, UT"":2,""Pearland, TX"":2,""Ridgefield, WA"":2,""Elkridge, MD"":2,""Salem, OR"":2,""Lexington, SC"":2,""Charleston, UT"":2,""Kosse, TX"":2,""Lake Saint Louis, MO"":2,""Mountain View, CA"":2,""Lakeland, FL"":2,""Bonita Springs, FL"":2,""Cedar Falls, IA"":2,""Riverside, CA"":2,""River Falls, WI"":2,""Monticello, NY"":2,""Atlanta, GA"":2,""Lincoln, MT"":2,""Idaville, OR"":2,""Glendale, AZ"":2,""Durham, CT"":2,""Massillon, OH"":2,""Bend, OR"":2,""Idaho Falls, ID"":2,""Star, ID"":2,""Hayden, CO"":2,""Cumming, GA"":2,""Albuquerque, NM"":2}","{""Walmart"":64,""McDonald's"":45,""Chevron"":38,""Exxon Mobil"":37,""Costco"":34,""Shell Oil"":32,""Target"":30,""Maverik"":30,""Walgreens"":27,""Wendy's"":25,""Subway"":25,""ConocoPhillips"":24,""The Home Depot"":23,""Chick-fil-A"":23,""Verizon Wireless"":21,""Taco Bell"":19,""Pilot Flying J"":19,""Lowe's"":18,""Starbucks"":18,""CVS"":18}","{""Amazon"":62,""Apple"":37,""Netflix"":37,""Hulu"":19,""Spotify"":18,""Amazon Digital Services"":18,""Amazon Marketplace"":18,""Google"":16,""Comcast"":13,""Target"":13,""Sirius XM"":13,""Verizon Wireless"":12,""AT&T"":11,""Audible"":11,""Walmart"":9,""Uber"":9,""Dutch Bros. Coffee"":9,""Costco"":9,""T-Mobile"":7,""Etsy"":7}","{""McDonald's"":45,""Subway"":26,""Wendy's"":26,""Chick-fil-A"":23,""Taco Bell"":20,""Starbucks"":18,""Burger King"":18,""Dairy Queen"":17,""Sonic"":16,""Jimmy John's"":16,""Arby's"":13,""Panda Express"":13,""Dunkin'"":11,""Chipotle Mexican Grill"":11,""Domino's Pizza"":9,""Dutch Bros Coffee"":9,""Haagen Dazs"":9,""Jersey Mike's"":7,""Buffalo Wild Wings"":7,""Arctic Circle"":7}","{""McDonald's"":13,""Exxon Mobil"":9,""Haagen Dazs"":6,""Chevron"":5,""Subway"":3,""United States Postal Service (USPS)"":3,""ConocoPhillips"":2,""CENEX"":2,""Phillips 66"":2}","{""Verizon Wireless"":32,""AT&T"":14,""T-Mobile"":9,""Sprint"":3,""Cricket Wireless"":3,""U.S. Cellular"":2,""Google Fi"":1}","{""Netflix"":37,""Hulu"":19,""Disney Plus"":9,""Youtube Premium"":5,""Sling TV"":4,""Youtube"":4,""Dish Network"":4,""Redbox"":4,""Amazon Prime Video"":3,""Roku"":3,""HBO Max"":3,""YouTube TV"":3,""Amazon Prime"":3,""DirecTV"":3,""Funimation"":2,""Fubo"":1,""Vudu"":1,""Crunchyroll"":1,""Time Warner Cable"":1}","{""Uber Eats"":5,""DoorDash"":4,""Dashpass"":4,""Instacart"":2,""Shipt"":1}","{""Uber"":9,""Lyft"":3}","{""Affirm.com"":5,""Afterpay"":3,""Klarna"":2,""Zip Company"":1,""Progressive Leasing"":1}","{""Apple Card"":5,""PayPal"":2,""Apple Cash"":2}"
171626,zzy-223@5wg-hzm-9xq,SG_BRAND_5179b21fc1d50950b99b4eecaa48c614,McDonald's,2022-06-01,2022-07-01,21278.04,1238,881,14.87,19.45,"{""25"":9.10,""75"":23.46}","[708.49,932.78,617.29,352.93,434.17,1535.39,866.09,821.18,1001.25,775.02,595.20,742.67,1896.29,690.91,468.03,518.43,342.92,250.77,483.63,424.46,859.17,437.95,676.96,696.69,606.61,546.41,1360.73,670.49,470.76,494.37]","[14.80,16.95,11.42,17.26,16.89,15.18,14.49,15.24,14.49,16.20,19.95,17.42,14.56,15.21,15.18,14.35,18.28,10.66,27.46,16.74,14.25,12.90,10.50,19.03,14.13,13.15,13.78,17.16,11.49,9.93]","{""Monday"":5216.87,""Tuesday"":3086.66,""Wednesday"":2906.41,""Thursday"":3623.79,""Friday"":2431.92,""Saturday"":1805.51,""Sunday"":2206.88}","{""Wednesday"":5,""Monday"":4,""Saturday"":4,""Thursday"":5,""Tuesday"":4,""Friday"":4,""Sunday"":4}",61.0,-37.0,61,1051.61,"{""No intermediary"":1237,""Visa"":1}","{""No intermediary"":21261.51,""Visa"":16.53}","{""1"":697,""2"":120,""3"":31,""4"":8,""5-10"":21,"">10"":4}","{""1"":19.35,""2"":32.05,""3"":40.96,""4"":59.27,""5-10"":85.39,"">10"":101.65}","{""<25k"":100,""25-45k"":109,""45-60k"":83,""60-75k"":62,""75-100k"":102,""100-150k"":160,"">150k"":246}","{""<25k"":19.62,""25-45k"":23.56,""45-60k"":23.08,""60-75k"":23.19,""75-100k"":28.99,""100-150k"":23.67,"">150k"":25.37}","{""Idaho Falls, ID"":53,""Ammon, ID"":18,""Salt Lake City, UT"":17,""Grayling, MT"":16,""Blackfoot, ID"":15,""Pocatello, ID"":15,""Boise, ID"":15,""Bozeman, MT"":13,""Wake Forest, NC"":13,""Rexburg, ID"":11,""Newbury Park, CA"":10,""Logan, UT"":10,""Island Park, ID"":9,""Ogden, UT"":8,""La Vernia, TX"":8,""Herriman, UT"":8,""Glendale, AZ"":8,""Phoenix, AZ"":7,""Big Sky, MT"":7,""Meridian, ID"":7,""Louisville, KY"":7,""Twin Falls, ID"":7,""Port Richey, FL"":7,""Erda, UT"":7,""Clovis, NM"":6,""Skokie, IL"":6,""Chubbuck, ID"":6,""Nampa, ID"":6,""West Valley, UT"":6,""Driggs, ID"":5,""San Francisco, CA"":5,""West Jefferson, NC"":5,""Benjamin, UT"":5,""Clearfield, UT"":5,""Dunedin, FL"":5,""Colorado City, AZ"":5,""Seattle, WA"":5,""Lehi, UT"":5,""Indianapolis, IN"":5,""Castle Rock, CO"":5,""Austin, TX"":5,""Raleigh, NC"":4,""South Jordan, UT"":4,""Ponte Vedra, FL"":4,""Pueblo, CO"":4,""Earlham, IA"":4,""Bridgeland, UT"":4,""Winston Salem, NC"":4,""Aberdeen, ID"":4,""Schertz, TX"":3,""Levan, UT"":3,""Syracuse, UT"":3,""Sandy, UT"":3,""Troy, MI"":3,""Nashville, TN"":3,""Ocala, FL"":3,""Mansfield, OH"":3,""Bowmore, NC"":3,""Lawrenceville, GA"":3,""Farmville, VA"":3,""Charlotte, NC"":3,""Benson, AZ"":3,""Adel, IA"":3,""Crestview, FL"":3,""Bristow, VA"":3,""Lewisville, TX"":3,""Angleton, TX"":3,""Lexington, KY"":3,""Orlando, FL"":3,""Chatsworth, GA"":3,""Farmington, UT"":3,""San Antonio, TX"":3,""Elkridge, MD"":3,""Cottonwood, SD"":3,""Orem, UT"":3,""Ennis, MT"":3,""Edray, WV"":3,""Caldwell, ID"":3,""Friend, KS"":2,""Tremonton, UT"":2,""Tacoma, WA"":2,""King George, VA"":2,""Albertville, AL"":2,""Renton, WA"":2,""Fort Smith, AR"":2,""Los Angeles, CA"":2,""West Jordan, UT"":2,""Arlington, VA"":2,""Saint George, UT"":2,""Altoona, PA"":2,""Amalga, UT"":2,""Hickory, NC"":2,""Terre Haute, IN"":2,""Mesquite, NV"":2,""Springdale, UT"":2,""Bennett, CO"":2,""Manchester, CT"":2,""Menomonee Falls, WI"":2,""Buhl, ID"":2,""Beavercreek, OH"":2,""Columbus, IN"":2,""Edgewater, NY"":2,""Payette, ID"":2,""Brigham City, UT"":2,""Wilson, NC"":2,""Huntsville, AL"":2,""Tucson, AZ"":2,""Stockton, CA"":2,""Roy, UT"":2,""Mcmurray, PA"":2,""Winter Park, FL"":2,""Orangevale, CA"":2,""Clover, SC"":2,""Onalaska, TX"":2,""Conda, ID"":2,""Royal Palm Beach, FL"":2,""Easton, PA"":2,""Boulder, CO"":2,""Lindon, UT"":2,""Washington, RI"":2,""Taylorsville, UT"":2,""Ballard, UT"":2,""Bossier City, LA"":2,""Bellingham, WA"":2,""Beaver, UT"":2,""Monaca, PA"":2,""Cedar Rapids, IA"":2,""South Windsor, CT"":2,""Centerville, UT"":2,""Framingham, MA"":2,""Carlisle, IA"":2,""Garden City, ID"":2,""Beloit, WI"":2,""Bannack, MT"":2,""Carmel, IN"":2,""El Paso, TX"":2,""Vernal, UT"":2,""Gotha, FL"":2,""Ashland, KY"":2,""Providence, RI"":2,""Chagrin Falls, OH"":2,""Cleveland, TN"":2,""Medina, OH"":2,""Fayetteville, NY"":2,""Puyallup, WA"":2,""Shelley, ID"":2,""Wilberforce, OH"":2,""Sahuarita, AZ"":2,""Bryan, WY"":2,""Monroe, UT"":2,""Mesa, AZ"":2,""Richardson, TX"":2,""Tempe, AZ"":2,""Williamstown, MA"":2,""Ketchum, ID"":2,""Rockwall, TX"":2,""Lutz, FL"":2,""Dayton, OH"":2,""Clarendon, AR"":2,""Gilbert, AZ"":2,""Houston, TX"":2,""Concord, NC"":2,""Depoe Bay, OR"":2,""Clovis, CA"":2,""Yorktown, VA"":2,""Baltimore, MD"":2,""Virginia Beach, VA"":2,""Shrewsbury, NJ"":2,""Somerset, PA"":2,""Provo, UT"":2,""Shoshone, ID"":2,""Pleasant Grove, UT"":2,""Dawsonville, GA"":2,""Cottonwood Heights, UT"":2,""Dunkirk, MD"":2,""Jericho, UT"":2,""Redmond, OR"":2,""South Ogden, UT"":2,""Folsom, CA"":2,""Cody, WY"":2,""Machesney Park, IL"":2,""San Pedro, CA"":2,""Park City, UT"":2,""Kyle, TX"":2,""New Bern, NC"":2,""Harrisville, UT"":2,""Blacksville, WV"":2,""Eden, UT"":2,""Riverton, WY"":2,""Champaign, IL"":2,""Longmeadow, MA"":2,""Center Line, MI"":2,""Brian Head, UT"":2,""Ellzey, FL"":2,""Missoula, MT"":2,""Arlee, MT"":2,""Santa Clarita, CA"":2,""Swormville, NY"":2,""Everett, WA"":2,""Sarasota, FL"":2,""Brandon, FL"":2,""Bradenton, FL"":2,""Clarksville, TN"":2,""Colburn, ID"":2,""Edler, CO"":2,""Hanscom Afb, MA"":2,""Citrus Heights, CA"":2,""Marietta, GA"":2,""Kanab, UT"":2,""Banida, ID"":2,""Greenwood, SC"":2,""Coeur D Alene, ID"":2,""Monroe, NC"":2,""Denver, CO"":2,""Fishers, IN"":2,""Carlsbad, NM"":2,""Rutherford, CA"":2,""Essex Junction, VT"":2,""West Valley City, UT"":2,""Pica, AZ"":2,""Saint Louis, MO"":2,""Daytona Beach, FL"":2,""Las Vegas, NV"":2,""Caln, PA"":2,""Sedona, AZ"":2,""Monroe, LA"":2,""Lubec, ME"":2,""Killeen, TX"":2,""Panama City Beach, FL"":2,""Panama City, FL"":2,""Etna, ME"":2,""Prairieville, LA"":2,""Apache Junction, AZ"":2,""Coppell, TX"":2,""New Orleans, LA"":2,""Centerville, OH"":2,""Lava Hot Springs, ID"":2,""Placerville, ID"":2,""Cedar City, UT"":2,""Riverton, UT"":2,""Avon, IN"":2,""Long Beach, MS"":2,""Baker, ID"":2,""Buffalo, NY"":2,""Columbus, OH"":2,""Show Low, AZ"":2,""Northport, AL"":2,""Midvale, UT"":2,""South San Francisco, CA"":2,""Campbelltown, PA"":2,""Mackinaw, IL"":2,""Cibolo, TX"":2,""West Lafayette, IN"":2,""Antioch, NE"":2,""San Mateo, CA"":2,""Carbonville, UT"":2,""Boiling Springs, NC"":2,""Evergreen, CO"":2,""Bakersfield, CA"":2,""Chester, NY"":2,""Tullahoma, TN"":2,""Colorado Springs, CO"":2,""Monument, CO"":2,""Valrico, FL"":2,""Douglasville, GA"":2,""Burmester, UT"":2,""Francis, UT"":2,""Greensboro, GA"":2,""Greenup, KY"":2,""Missouri City, TX"":2,""Lake Buena Vista, FL"":2,""Fort Worth, TX"":2,""Bellevue, WA"":2,""Grand Rapids, MI"":2,""Urbana, IL"":2,""Ouray, UT"":2,""Draper, UT"":2,""Flower Mound, TX"":2,""Denham, IN"":2,""Alma, TX"":2,""Layton, UT"":2,""Apex, NC"":2,""Eagle Mountain, UT"":2,""Carlsbad, CA"":2,""Kaysville, UT"":2,""Decatur, TX"":2,""Mortonsville, KY"":2,""Pearland, TX"":2,""Rainbow City, AL"":2,""Klamath Falls, OR"":2,""Grantsdale, MT"":2,""Heyburn, ID"":2,""Salem, OR"":2,""Wilmington, DE"":2,""Diamondhead, MS"":2,""Comfort, TX"":2,""Charleston, UT"":2,""Reno, NV"":2,""Billings, MT"":2,""Filer, ID"":2,""Deadwood, SD"":2,""Helena, MT"":2,""Fort Gratiot, MI"":2,""Auburn, IN"":2,""Blanchard, PA"":2,""Cape Coral, FL"":2,""Lakeland, FL"":2,""Heglar, ID"":2,""Parker, ID"":2,""Lewiston, ID"":2,""Lauderdale, MN"":2,""Hillsboro, VA"":2,""Millville, UT"":2,""Irwin, MO"":2,""Saratoga Springs, UT"":2,""Burley, ID"":2,""Clemson, SC"":2,""Danvers, MT"":2,""Bonita Springs, FL"":2,""Sacramento, CA"":2,""Cullman, AL"":2,""Lakewood, WA"":2,""Syracuse, NY"":2,""River Falls, WI"":2,""Scottsdale, AZ"":2,""Ashton, ID"":2,""Estacada, OR"":2,""Hoover, AL"":2,""Rowland Heights, CA"":2,""West Branch, MI"":2,""Landa, ND"":2,""Epworth, GA"":2,""Shelton, WA"":2,""Bothell, WA"":2,""Denton, TX"":2,""Eagle, ID"":2,""Newark, DE"":2,""Bethesda, MD"":2,""Beryl, UT"":2,""Bullittsville, KY"":2,""Daniels, ID"":2,""Cheyenne, WY"":2,""Rancho Cucamonga, CA"":2,""Mount Pleasant, MI"":2,""Giddings, TX"":2,""Star, ID"":2,""Muncie, IN"":2,""Eureka, IL"":2,""Richmond, KY"":2,""Gardendale, AL"":2,""Charlottesville, VA"":2,""Tuscaloosa, AL"":2,""Albuquerque, NM"":2,""Columbus, GA"":2,""Gulfport, MS"":2,""Columbia, SC"":2,""Ponte Vedra Beach, FL"":2,""Springfield, MO"":2,""Bonneauville, PA"":2}","{""Walmart"":71,""Maverik"":50,""Chevron"":40,""Costco"":35,""Wendy's"":35,""Shell Oil"":34,""Target"":33,""Subway"":30,""Chick-fil-A"":29,""Taco Bell"":28,""Exxon Mobil"":28,""Walgreens"":24,""Albertsons"":24,""Starbucks"":23,""Burger King"":23,""The Home Depot"":21,""ConocoPhillips"":19,""Lowe's"":19,""WinCo Foods"":19,""Love's Travel Stops and Country Stores"":18}","{""Amazon"":60,""Apple"":42,""Netflix"":30,""Spotify"":20,""Amazon Digital Services"":19,""Hulu"":18,""Amazon Marketplace"":18,""Walmart"":16,""AT&T"":14,""Verizon Wireless"":12,""Target"":12,""Sirius XM"":10,""Comcast"":10,""Costa Vida"":9,""Google"":9,""Maverik"":8,""Audible"":8,""Planet Fitness"":7,""McDonald's"":7,""Uber"":7}","{""Wendy's"":37,""Chick-fil-A"":31,""Subway"":30,""Taco Bell"":29,""Starbucks"":24,""Burger King"":24,""Panda Express"":18,""Dairy Queen"":17,""Arby's"":16,""Little Caesars"":15,""Domino's Pizza"":14,""Sonic"":13,""Jack in the Box"":10,""KFC"":10,""Jimmy John's"":10,""Dunkin'"":10,""Chipotle Mexican Grill"":9,""Costa Vida"":9,""In-N-Out Burger"":9,""Carl's Jr."":8}","{""Subway"":5,""Haagen Dazs"":5,""Exxon Mobil"":4,""Phillips 66"":3,""Chevron"":3,""ConocoPhillips"":2,""NAPA Auto Parts"":2,""Days Inn"":1,""United States Postal Service (USPS)"":1,""CENEX"":1}","{""Verizon Wireless"":27,""AT&T"":16,""T-Mobile"":11,""Cricket Wireless"":2,""Straight Talk"":2,""Sprint"":2,""Disney Mobile"":1,""MetroPCS"":1,""U.S. Cellular"":1,""Google Fi"":1,""TracFone Wireless"":1,""Boost Mobile"":1}","{""Netflix"":30,""Hulu"":18,""Disney Plus"":13,""Redbox"":5,""Youtube"":4,""Dish Network"":3,""Roku"":3,""HBO Max"":3,""Amazon Prime Video"":3,""YouTube TV"":3,""Peacock"":3,""Youtube Premium"":3,""Sling TV"":2,""Amazon Prime"":2,""DirecTV"":1,""Vudu"":1,""Crunchyroll"":1,""Fubo"":1,""Starz"":1,""Funimation"":1}","{""Uber Eats"":5,""Dashpass"":4,""Instacart"":4,""DoorDash"":3,""HelloFresh"":2,""Postmates"":1,""Shipt"":1,""Grubhub"":1,""Go Puff"":1}","{""Uber"":7,""Lyft"":3}","{""Affirm.com"":4,""Afterpay"":3,""Klarna"":3,""Sezzle"":1,""Zip Company"":1,""Progressive Leasing"":1}","{""Apple Cash"":3,""PayPal"":3,""Apple Card"":3,""Venmo"":1,""Cash App"":1}"
171664,22d-222@5wg-hzm-7bk,,,2022-06-01,2022-07-01,995.5,43,32,15.0,18.38,"{""25"":8.21,""75"":23.91}","[12.37,18.08,18.38,0.00,0.00,130.07,7.83,0.00,0.00,0.00,0.00,0.00,73.02,8.21,148.94,41.60,90.90,5.19,0.00,26.19,26.00,21.39,50.00,0.00,0.00,0.00,49.96,257.48,3.91,5.98]","[12.37,18.08,18.38,null,null,65.04,3.92,null,null,null,null,null,18.26,8.21,23.81,41.60,15.90,5.19,null,13.09,13.00,10.70,25.00,null,null,null,19.32,15.00,3.91,5.98]","{""Monday"":279.24,""Tuesday"":299.52,""Wednesday"":186.61,""Thursday"":115.66,""Friday"":109.28,""Saturday"":5.19,""Sunday"":0.00}","{""Wednesday"":5,""Monday"":4,""Saturday"":4,""Thursday"":5,""Tuesday"":4,""Friday"":4,""Sunday"":4}",483.0,-60.0,0,0.0,"{""No intermediary"":43}","{""No intermediary"":995.50}","{""1"":26,""2"":4,""3"":0,""4"":1,""5-10"":1,"">10"":0}","{""1"":26.65,""2"":39.36,""3"":null,""4"":73.02,""5-10"":72.08,"">10"":null}","{""<25k"":2,""25-45k"":3,""45-60k"":6,""60-75k"":3,""75-100k"":4,""100-150k"":9,"">150k"":11}","{""<25k"":10.33,""25-45k"":8.64,""45-60k"":84.15,""60-75k"":51.94,""75-100k"":22.29,""100-150k"":20.08,"">150k"":31.29}","{""Grayling, MT"":4,""Lewisville, NC"":3,""Lutz, FL"":3,""La Vernia, TX"":3,""Conifer, CO"":2,""Clover, SC"":2,""Rothschild, WI"":2,""League City, TX"":2,""Rochester, NY"":2,""Providence, RI"":2,""Columbus, MS"":2,""Cleveland, ND"":2,""Kyle, TX"":2,""Louisville, KY"":2,""Mount Juliet, TN"":2,""Edmonds, WA"":2,""Erda, UT"":2,""Bozeman, MT"":2,""Rainbow City, AL"":2,""Durham, CT"":2,""Idaho Falls, ID"":2,""Castle Rock, CO"":2,""Altamont, NY"":2}","{""McDonald's"":60,""Walmart"":57,""Exxon Mobil"":50,""Chevron"":41,""Shell Oil"":38,""Target"":35,""Verizon Wireless"":35,""Costco"":35,""Walgreens"":35,""Starbucks"":29,""ConocoPhillips"":29,""Albertsons"":22,""Lowe's"":22,""Wendy's"":22,""CVS"":22,""BP"":19,""The Home Depot"":19,""Circle K"":19,""Smith's Food & Drug Stores"":19,""Chick-fil-A"":19}","{""Amazon"":57,""Apple"":50,""Netflix"":44,""Sirius XM"":29,""Amazon Marketplace"":29,""Verizon Wireless"":22,""Spotify"":22,""Amazon Digital Services"":22,""AT&T"":19,""Audible"":16,""Xbox"":16,""Walmart"":13,""Hulu"":13,""Comcast"":13,""Target"":10,""Planet Fitness"":10,""Steam"":10,""Uber"":10,""Apple Card"":10,""Chick-fil-A"":10}","{""Walgreens"":35,""CVS"":22,""ULTA Beauty"":10,""Merle Norman Cosmetics"":4,""Rite Aid"":4,""Bath & Body Works"":4,""Sally Beauty Supply"":4}","{""McDonald's"":35,""Exxon Mobil"":16,""Chevron"":10,""Phillips 66"":10,""Subway"":7,""ConocoPhillips"":4,""United States Postal Service (USPS)"":4}","{""Verizon Wireless"":47,""AT&T"":25,""T-Mobile"":7,""Straight Talk"":4}","{""Netflix"":44,""Hulu"":13,""Disney Plus"":10,""YouTube TV"":7,""Redbox"":7,""Time Warner Cable"":7,""Peacock"":4,""Crunchyroll"":4,""Amazon Prime Video"":4,""Youtube Premium"":4}","{""DoorDash"":7,""HelloFresh"":4,""Uber Eats"":4,""Shipt"":4}","{""Uber"":10,""Lyft"":4}","{""Afterpay"":4,""Affirm.com"":4,""Klarna"":4}","{""Apple Card"":10,""PayPal"":4,""Apple Cash"":4,""Venmo"":4}"
171718,zzy-224@5wg-hzm-7dv,,,2022-06-01,2022-07-01,332.1,18,15,15.43,19.01,"{""25"":11.17,""75"":20.29}","[0.00,15.49,0.00,0.00,13.51,0.00,0.00,0.00,31.19,0.00,0.00,27.00,67.54,0.00,0.00,0.00,0.00,19.01,0.00,31.03,0.00,0.00,0.00,11.43,9.35,0.00,0.00,68.03,38.52,0.00]","[null,15.49,null,null,13.51,null,null,null,31.19,null,null,13.50,16.88,null,null,null,null,19.01,null,15.51,null,null,null,11.43,9.35,null,null,34.02,19.26,null]","{""Monday"":98.57,""Tuesday"":68.03,""Wednesday"":38.52,""Thursday"":46.68,""Friday"":11.43,""Saturday"":28.36,""Sunday"":40.51}","{""Wednesday"":5,""Monday"":4,""Saturday"":4,""Thursday"":5,""Tuesday"":4,""Friday"":4,""Sunday"":4}",55.0,-46.0,0,0.0,"{""No intermediary"":18}","{""No intermediary"":332.10}","{""1"":12,""2"":3,""3"":0,""4"":0,""5-10"":0,"">10"":0}","{""1"":19.80,""2"":31.51,""3"":null,""4"":null,""5-10"":null,"">10"":null}","{""<25k"":2,""25-45k"":5,""45-60k"":2,""60-75k"":2,""75-100k"":2,"">150k"":6}","{""<25k"":20.26,""25-45k"":31.48,""45-60k"":19.26,""60-75k"":20.78,""75-100k"":11.43,"">150k"":20.81}","{""Centerville, OH"":3,""Cordova, NC"":3,""West Jordan, UT"":2,""Grayling, MT"":2,""Taylorsville, UT"":2,""Salt Lake City, UT"":2,""Provo, UT"":2,""Boise, ID"":2,""Orange, CA"":2,""Salem, OR"":2,""Ephraim, UT"":2}","{""Chevron"":60,""Walmart"":54,""Maverik"":54,""McDonald's"":54,""Smith's Food & Drug Stores"":40,""7-Eleven"":34,""Starbucks"":34,""Target"":27,""Chick-fil-A"":27,""Walgreens"":27,""Pilot Flying J"":27,""Subway"":27,""Domino's Pizza"":20,""Taco Bell"":20,""Lowe's"":20,""The Home Depot"":20,""Speedway"":20,""Wendy's"":20,""Ace Hardware"":20,""Panda Express"":20}","{""Amazon"":40,""Apple"":34,""Verizon Wireless"":27,""7-Eleven"":27,""Netflix"":27,""Maverik"":27,""Spotify"":27,""Target"":20,""Planet Fitness"":20,""Steam"":20,""Google"":20,""Xbox"":20,""Etsy"":14,""Sirius XM"":14,""Taco Bell"":14,""Youtube"":14,""Jamba Juice"":14,""Chick-fil-A"":14,""Microsoft"":14,""Amazon Digital Services"":14}","{""Cabela's"":14,""Sportsman's Warehouse"":14,""Orvis"":7,""Hobby Lobby Stores"":7,""Michaels Stores"":7,""Big 5 Sporting Goods"":7}","{""Subway"":27,""McDonald's"":20,""Phillips 66"":7,""United States Postal Service (USPS)"":7}","{""Verizon Wireless"":34,""AT&T"":20,""T-Mobile"":7}","{""Netflix"":27,""Youtube"":14,""Roku"":7,""YouTube TV"":7,""Redbox"":7,""Hulu"":7,""Disney Plus"":7}","{""Dashpass"":7,""Uber Eats"":7}",{},"{""Affirm.com"":7,""Zip Company"":7}","{""Apple Cash"":7}"
171857,zzy-225@5wg-jfw-p5f,,,2022-06-01,2022-07-01,2080.34,3,3,624.94,624.94,"{""25"":582.16,""75"":873.24}","[0.00,0.00,0.00,0.00,0.00,1498.18,582.16,0.00,0.00,0.00,0.00,0.00,0.00,0.00,0.00,0.00,0.00,0.00,0.00,0.00,0.00,0.00,0.00,0.00,0.00,0.00,0.00,0.00,0.00,0.00]","[null,null,null,null,null,749.09,582.16,null,null,null,null,null,null,null,null,null,null,null,null,null,null,null,null,null,null,null,null,null,null,null]","{""Monday"":1498.18,""Tuesday"":582.16,""Wednesday"":0.00,""Thursday"":0.00,""Friday"":0.00,""Saturday"":0.00,""Sunday"":0.00}","{""Wednesday"":5,""Monday"":4,""Saturday"":4,""Thursday"":5,""Tuesday"":4,""Friday"":4,""Sunday"":4}",19.0,-72.0,0,0.0,"{""No intermediary"":3}","{""No intermediary"":2080.34}","{""1"":3,""2"":0,""3"":0,""4"":0,""5-10"":0,"">10"":0}","{""1"":693.45,""2"":null,""3"":null,""4"":null,""5-10"":null,"">10"":null}","{""<25k"":2,"">150k"":3}","{""<25k"":873.24,"">150k"":603.55}","{""Edinburg, TX"":2,""Lusk, WY"":2}","{""Target"":67,""Chevron"":67,""Costco"":67,""Walgreens"":67,""McDonald's"":67,""Sonic"":34,""Walmart"":34,""Seaworld Parks and Entertainment"":34,""Nike"":34,""Gap"":34,""Sprouts Farmers Market"":34,""Church's Chicken"":34,""Hyatt Hotels & Resorts"":34,""Claire's"":34,""Einstein Brothers"":34,""Old Navy"":34,""Whataburger"":34,""Safeway"":34,""Athleta"":34,""Apple Retail Store"":34}","{""Uber"":67,""Expedia"":67,""Etsy"":34,""Nayax"":34,""Amazon"":34,""Fandango"":34,""Experian"":34,""Popeyes Louisiana Kitchen"":34,""AMC Theatres"":34,""Zip Company"":34,""Apple"":34,""Spotify"":34,""Spectrum"":34,""Disney Plus"":34,""Pizza Hut"":34,""Sony Playstation Networks"":34,""Cinemark Theatres"":34,""American Eagle Outfitters"":34,""T-Mobile"":34}","{""Hyatt Hotels & Resorts"":34,""Americas Best Value Inn"":34}",{},"{""T-Mobile"":34}","{""Disney Plus"":34}",{},"{""Uber"":67}","{""Zip Company"":34}",{}
171886,222-222@5wg-jfw-gff,,,2022-06-01,2022-07-01,6337.32,15,13,309.0,302.39,"{""25"":251.88,""75"":604.78}","[0.00,520.79,331.40,0.00,0.00,278.20,0.00,0.00,0.00,0.00,0.00,0.00,3023.90,556.40,0.00,309.00,302.39,0.00,0.00,0.00,0.00,0.00,0.00,0.00,0.00,415.28,230.60,0.00,369.36,0.00]","[null,260.40,331.40,null,null,278.20,null,null,null,null,null,null,755.97,556.40,null,309.00,302.39,null,null,null,null,null,null,null,null,415.28,230.60,null,184.68,null]","{""Monday"":3532.70,""Tuesday"":556.40,""Wednesday"":369.36,""Thursday"":829.79,""Friday"":633.79,""Saturday"":0.00,""Sunday"":415.28}","{""Wednesday"":5,""Monday"":4,""Saturday"":4,""Thursday"":5,""Tuesday"":4,""Friday"":4,""Sunday"":4}",-30.0,-57.0,0,0.0,"{""No intermediary"":15}","{""No intermediary"":6337.32}","{""1"":11,""2"":2,""3"":0,""4"":0,""5-10"":0,"">10"":0}","{""1"":301.22,""2"":1511.95,""3"":null,""4"":null,""5-10"":null,"">10"":null}","{""<25k"":2,""60-75k"":2,""100-150k"":3,"">150k"":7}","{""<25k"":268.91,""60-75k"":1209.56,""100-150k"":644.90,"">150k"":325.61}","{""Carlisle, IA"":2,""Owensboro, KY"":2,""Meridian, ID"":2,""Highland, UT"":2,""Colburn, ID"":2,""Dunedin, FL"":2,""Portland, OR"":2,""San Marcos, CA"":2,""Topsham, ME"":2,""Barling, AR"":2}","{""Target"":62,""The Home Depot"":62,""Walmart"":54,""Shell Oil"":54,""Costco"":47,""CVS"":47,""Chevron"":39,""McDonald's"":39,""Exxon Mobil"":39,""T.J. Maxx"":31,""Lowe's"":24,""Hobby Lobby Stores"":24,""Safeway"":24,""Wendy's"":24,""O'Reilly Auto Parts"":24,""Walgreens"":24,""Phillips 66"":24,""Subway"":24,""Mercy Health"":16,""Rosauers"":16}","{""Apple"":77,""Amazon"":70,""Netflix"":62,""Sirius XM"":39,""AT&T"":31,""Experian"":24,""Comcast"":24,""Roku"":16,""Uber"":16,""Goodwill"":16,""eBay"":16,""OnStar"":16,""Amazon Digital Services"":16,""T-Mobile"":16,""Etsy"":8,""Sling TV"":8,""Venmo"":8,""L.L.Bean"":8,""Verizon Wireless"":8,""Planet Fitness"":8}","{""Holiday Inn"":8,""Hampton"":8,""Super 8"":8,""Hilton International"":8,""Best Western"":8,""Drury Hotels"":8,""Wyndham"":8}","{""Chevron"":16,""McDonald's"":8}","{""AT&T"":31,""Verizon Wireless"":24,""T-Mobile"":16,""U.S. Cellular"":8}","{""Netflix"":62,""Roku"":16,""Sling TV"":8,""YouTube TV"":8,""Disney Plus"":8,""DirecTV"":8,""Youtube Premium"":8}","{""Dashpass"":8}","{""Uber"":16}","{""Affirm.com"":8,""Progressive Leasing"":8}","{""Apple Cash"":8,""Venmo"":8}"
171936,225-222@5wg-hzm-7dv,SG_BRAND_a0ccd5fb65a3df0d5a340321693f0a16,ConocoPhillips,2022-06-01,2022-07-01,5015.6,156,117,25.11,32.39,"{""25"":7.82,""75"":46.62}","[3.94,192.04,106.69,244.04,78.17,441.21,147.92,107.46,256.32,334.57,123.43,93.28,300.13,122.91,143.72,143.38,94.69,20.79,61.59,149.73,371.36,52.60,83.28,271.54,154.66,130.55,321.36,123.76,34.05,306.43]","[1.97,45.01,25.28,24.12,4.28,21.25,30.80,42.76,28.17,32.56,18.31,32.03,25.56,20.64,37.50,35.85,24.53,20.79,61.59,36.80,36.32,14.30,14.14,18.35,69.75,40.90,36.94,10.92,34.05,58.73]","{""Monday"":1212.43,""Tuesday"":765.95,""Wednesday"":341.77,""Thursday"":981.45,""Friday"":807.49,""Saturday"":542.92,""Sunday"":363.59}","{""Wednesday"":5,""Monday"":4,""Saturday"":4,""Thursday"":5,""Tuesday"":4,""Friday"":4,""Sunday"":4}",30.0,-1.0,77,2544.78,"{""No intermediary"":154,""Visa"":2}","{""No intermediary"":4852.95,""Visa"":162.65}","{""1"":86,""2"":27,""3"":1,""4"":2,""5-10"":1,"">10"":0}","{""1"":34.71,""2"":52.55,""3"":130.40,""4"":131.94,""5-10"":217.28,"">10"":null}","{""<25k"":6,""25-45k"":16,""45-60k"":7,""60-75k"":11,""75-100k"":20,""100-150k"":32,"">150k"":26}","{""<25k"":19.01,""25-45k"":41.94,""45-60k"":32.11,""60-75k"":31.55,""75-100k"":47.31,""100-150k"":44.15,"">150k"":54.14}","{""Troy, MI"":5,""Gold Canyon, AZ"":5,""Roy, UT"":4,""Salt Lake City, UT"":4,""Mesa, AZ"":4,""Harrisville, UT"":4,""Grayling, MT"":3,""Enoch, UT"":3,""Tempe, AZ"":3,""Ogden, UT"":3,""Clearfield, UT"":3,""Cedar City, UT"":3,""Grant, ID"":3,""Renton, WA"":2,""Saint George, UT"":2,""Matthews, NC"":2,""Lodi, CA"":2,""Levan, UT"":2,""Bountiful, UT"":2,""Niceville, FL"":2,""Brigham City, UT"":2,""Sandy, UT"":2,""Nashville, TN"":2,""San Francisco, CA"":2,""Chandler, AZ"":2,""Glenmont, NY"":2,""Brunswick, MD"":2,""Benjamin, UT"":2,""Boone, IA"":2,""Provo, UT"":2,""Dawsonville, GA"":2,""Hershey, PA"":2,""Bohon, KY"":2,""Pocatello, ID"":2,""Spartanburg, SC"":2,""Winn, ME"":2,""Hazel Park, MI"":2,""Banida, ID"":2,""White, GA"":2,""New Orleans, LA"":2,""State College, PA"":2,""Boise, ID"":2,""Allegany, OR"":2,""Riverton, UT"":2,""Ammon, ID"":2,""Garden, UT"":2,""Newport Beach, CA"":2,""Bourbonnais, IL"":2,""Butler, PA"":2,""Bakersfield, CA"":2,""Chubbuck, ID"":2,""Acequia, ID"":2,""Farmington, UT"":2,""Hamilton, OH"":2,""Rexburg, ID"":2,""Erda, UT"":2,""Bozeman, MT"":2,""Cincinnati, OH"":2,""Eagle Mountain, UT"":2,""Lehi, UT"":2,""Newport, OR"":2,""Billings, MT"":2,""West Valley, UT"":2,""Parker, ID"":2,""Saratoga Springs, UT"":2,""Cedar Falls, IA"":2,""Norwalk, OH"":2,""Shelton, WA"":2,""Craig, CO"":2,""Peoria, AZ"":2,""Logan, UT"":2,""Albany, OR"":2}","{""Walmart"":72,""McDonald's"":54,""Maverik"":53,""Exxon Mobil"":35,""Wendy's"":33,""Chevron"":30,""Burger King"":30,""Target"":30,""Costco"":29,""Walgreens"":26,""Shell Oil"":24,""The Home Depot"":23,""Starbucks"":23,""Chick-fil-A"":23,""Lowe's"":19,""Smith's Food & Drug Stores"":18,""Taco Bell"":17,""Dairy Queen"":17,""Pilot Flying J"":17,""Subway"":17}","{""ConocoPhillips"":100,""Amazon"":64,""Apple"":36,""Netflix"":32,""Spotify"":26,""Comcast"":18,""Maverik"":18,""iTunes"":18,""Walmart"":17,""Verizon Wireless"":14,""Wendy's"":13,""Phillips 66"":12,""Google"":10,""Hulu"":10,""Amazon Digital Services"":10,""Costa Vida"":10,""AT&T"":10,""Target"":9,""Sirius XM"":9,""McDonald's"":9}","{""Exxon Mobil"":36,""Chevron"":31,""Shell Oil"":26,""Phillips 66"":24,""Pilot Flying J"":18,""Love's Travel Stops and Country Stores"":12,""Marathon"":9,""BP"":8,""Speedway"":7,""QuikTrip"":7,""Stinker Stores"":7,""Sheetz"":6,""Kroger Fuel Center"":6,""Kum & Go"":6,""Holiday Station"":5,""Gulf Oil"":5,""Loaf 'N Jug"":4,""Holiday Oil"":4,""Texaco"":4,""Good 2 Go Stores"":4}","{""McDonald's"":12,""Exxon Mobil"":9,""Haagen Dazs"":6,""Subway"":4,""Phillips 66"":2,""Chevron"":1}","{""Verizon Wireless"":20,""T-Mobile"":12,""AT&T"":10,""Sprint"":6,""Straight Talk"":2,""MetroPCS"":1}","{""Netflix"":32,""Hulu"":10,""Disney Plus"":8,""Roku"":4,""Dish Network"":4,""Sling TV"":3,""HBO Max"":3,""Youtube"":3,""Amazon Prime Video"":3,""YouTube TV"":1,""Vudu"":1,""Peacock"":1,""Redbox"":1,""Amazon Prime"":1,""DirecTV"":1}","{""Instacart"":2,""DoorDash"":2,""Dashpass"":1,""Uber Eats"":1}","{""Uber"":6,""Lyft"":5}","{""Klarna"":4,""Afterpay"":3,""Progressive Leasing"":2,""Affirm.com"":2,""Acima Credit"":1}","{""Apple Card"":5,""Apple Cash"":2,""PayPal"":1,""Cash App"":1}"
172103,222-222@5wg-jfw-qmk,,,2022-06-01,2022-07-01,2024.74,34,26,42.24,59.47,"{""25"":23.18,""75"":65.49}","[0.00,51.85,0.00,42.98,50.00,410.41,0.00,0.00,0.00,0.00,61.01,301.12,82.88,67.42,39.90,115.97,202.44,0.00,69.69,23.91,0.00,184.00,0.00,0.00,64.09,0.00,113.13,0.00,19.98,123.96]","[null,25.93,null,21.49,50.00,37.98,null,null,null,null,61.01,150.56,20.72,33.71,39.90,57.99,202.44,null,69.69,23.91,null,184.00,null,null,64.09,null,113.13,null,19.98,59.99]","{""Monday"":630.33,""Tuesday"":67.42,""Wednesday"":243.88,""Thursday"":291.78,""Friday"":202.44,""Saturday"":168.08,""Sunday"":420.81}","{""Wednesday"":5,""Monday"":4,""Saturday"":4,""Thursday"":5,""Tuesday"":4,""Friday"":4,""Sunday"":4}",-43.0,-68.0,0,0.0,"{""No intermediary"":34}","{""No intermediary"":2024.74}","{""1"":20,""2"":4,""3"":2,""4"":0,""5-10"":0,"">10"":0}","{""1"":66.97,""2"":133.51,""3"":75.68,""4"":null,""5-10"":null,"">10"":null}","{""<25k"":2,""25-45k"":6,""45-60k"":2,""75-100k"":2,""100-150k"":7,"">150k"":9}","{""<25k"":64.09,""25-45k"":66.25,""45-60k"":56.98,""75-100k"":34.99,""100-150k"":90.70,"">150k"":82.05}","{""Salt Lake City, UT"":8,""Williamsport, PA"":4,""Colorado Springs, CO"":4,""Pompano Beach, FL"":3,""Parker, CO"":3,""Bly, OR"":2,""Grayling, MT"":2,""League City, TX"":2,""Charlotte, NC"":2,""Graton, CA"":2,""Santa Clarita, CA"":2,""Dunedin, FL"":2,""Spokane, WA"":2,""Forestville, CA"":2,""Flower Mound, TX"":2,""Parker, ID"":2,""Tulare, CA"":2,""Bonita Springs, FL"":2,""Woodland, WA"":2,""Eagle, ID"":2,""Springfield, MO"":2}","{""Walmart"":74,""Costco"":58,""Exxon Mobil"":47,""Maverik"":43,""McDonald's"":43,""Albertsons"":39,""ConocoPhillips"":39,""Phillips 66"":39,""Target"":27,""Taco Bell"":27,""Pilot Flying J"":27,""Verizon Wireless"":24,""Chevron"":24,""Lowe's"":24,""The Home Depot"":24,""Love's Travel Stops and Country Stores"":24,""Fred Meyer"":20,""Starbucks"":20,""ARCO"":20,""Shell Oil"":20}","{""Amazon"":58,""Apple"":50,""Sirius XM"":35,""Amazon Digital Services"":27,""Comcast"":27,""Costco"":24,""Audible"":24,""Netflix"":20,""Amazon Marketplace"":20,""T-Mobile"":20,""New York Times"":16,""Adobe Systems"":12,""Ring"":12,""Panda Express"":12,""Adobe Creative Cloud"":12,""Amazon Kindle"":12,""Walmart"":8,""Verizon Wireless"":8,""DoorDash"":8,""YouTube TV"":8}","{""Lowe's"":24,""The Home Depot"":24,""Ace Hardware"":16,""Harbor Freight Tools"":8}","{""Exxon Mobil"":16,""NAPA Auto Parts"":12,""McDonald's"":8,""Phillips 66"":4}","{""Verizon Wireless"":27,""T-Mobile"":20,""AT&T"":8}","{""Netflix"":20,""YouTube TV"":8,""Dish Network"":8,""Amazon Prime Video"":8,""Fubo"":4,""Hulu"":4,""Disney Plus"":4,""DirecTV"":4}","{""DoorDash"":8,""HelloFresh"":4,""Instacart"":4,""Dashpass"":4,""Uber Eats"":4}","{""Lyft"":4}",{},"{""PayPal"":4}"
172177,223-222@5wg-hzm-6zf,SG_BRAND_5956ce26fe2414b2,CENEX,2022-06-01,2022-07-01,1163.27,34,27,28.51,33.92,"{""25"":5.20,""75"":60.42}","[135.96,2.39,90.55,0.00,0.00,101.96,0.00,40.00,20.95,175.29,0.00,0.00,0.00,10.39,90.00,100.00,5.24,0.00,0.00,0.00,169.86,79.42,0.00,108.78,0.00,0.00,0.00,0.00,0.00,32.48]","[67.98,2.39,45.28,null,null,50.98,null,40.00,10.48,41.37,null,null,null,10.39,90.00,100.00,5.24,null,null,null,10.33,39.71,null,33.25,null,null,null,null,null,6.48]","{""Monday"":101.96,""Tuesday"":180.25,""Wednesday"":345.38,""Thursday"":155.82,""Friday"":379.86,""Saturday"":0.00,""Sunday"":0.00}","{""Wednesday"":5,""Monday"":4,""Saturday"":4,""Thursday"":5,""Tuesday"":4,""Friday"":4,""Sunday"":4}",-43.0,-59.0,0,0.0,"{""No intermediary"":34}","{""No intermediary"":1163.27}","{""1"":21,""2"":5,""3"":1,""4"":0,""5-10"":0,"">10"":0}","{""1"":38.54,""2"":64.27,""3"":32.48,""4"":null,""5-10"":null,"">10"":null}","{""<25k"":2,""25-45k"":7,""45-60k"":3,""60-75k"":2,""75-100k"":3,""100-150k"":2,"">150k"":6}","{""<25k"":80.83,""25-45k"":24.12,""45-60k"":20.62,""60-75k"":36.01,""75-100k"":50.43,""100-150k"":60.29,"">150k"":57.06}","{""Salt Lake City, UT"":4,""Tacoma, WA"":2,""Pasadena, TX"":2,""Grayling, MT"":2,""Limestone, OK"":2,""Annex, OR"":2,""Prince Frederick, MD"":2,""Meridian, ID"":2,""Cody, WY"":2,""Park City, UT"":2,""Longmeadow, MA"":2,""Pocatello, ID"":2,""Snohomish, WA"":2,""Denver, CO"":2,""Las Vegas, NV"":2,""Williamsville, NY"":2,""Buffalo, NY"":2,""Uniopolis, OH"":2,""Salem, OR"":2,""New Haven, CT"":2,""Chatham, NY"":2,""Idaho Falls, ID"":2,""Logan, UT"":2}","{""Walmart"":71,""McDonald's"":67,""Maverik"":52,""Shell Oil"":41,""Wendy's"":38,""Chevron"":34,""Walgreens"":34,""7-Eleven"":30,""Exxon Mobil"":30,""Target"":26,""Verizon Wireless"":26,""Albertsons"":26,""Taco Bell"":26,""Starbucks"":26,""The Home Depot"":23,""Pilot Flying J"":23,""Safeway"":19,""Love's Travel Stops and Country Stores"":19,""Burger King"":19,""Subway"":19}","{""Amazon"":52,""Apple"":38,""Comcast"":23,""Spotify"":19,""DoorDash"":15,""Dutch Bros. Coffee"":15,""Sirius XM"":15,""Netflix"":15,""Amazon Digital Services"":15,""Amazon Prime"":12,""Walmart"":8,""Target"":8,""Verizon Wireless"":8,""Planet Fitness"":8,""Uber"":8,""Taco Bell"":8,""Youtube"":8,""Dish Network"":8,""Google"":8,""Hulu"":8}",{},"{""NAPA Auto Parts"":12,""McDonald's"":8,""Chevron"":4,""Haagen Dazs"":4,""Subway"":4}","{""Verizon Wireless"":34,""AT&T"":12}","{""Netflix"":15,""Amazon Prime"":12,""Youtube"":8,""Dish Network"":8,""Hulu"":8,""Sling TV"":4,""HBO Max"":4,""DirecTV"":4,""Starz"":4}","{""DoorDash"":15,""Dashpass"":4,""HelloFresh"":4,""Uber Eats"":4}","{""Uber"":8}",{},"{""Apple Cash"":4}"
172248,zzw-222@5wg-hzm-6rk,,,2022-06-01,2022-07-01,711.95,4,4,176.84,176.84,"{""25"":148.00,""75"":209.12}","[0.00,201.48,0.00,0.00,0.00,0.00,0.00,0.00,0.00,0.00,0.00,0.00,0.00,0.00,211.67,0.00,0.00,0.00,0.00,0.00,0.00,0.00,0.00,298.80,0.00,0.00,0.00,0.00,0.00,0.00]","[null,201.48,null,null,null,null,null,null,null,null,null,null,null,null,211.67,null,null,null,null,null,null,null,null,149.40,null,null,null,null,null,null]","{""Monday"":0.00,""Tuesday"":0.00,""Wednesday"":211.67,""Thursday"":201.48,""Friday"":298.80,""Saturday"":0.00,""Sunday"":0.00}","{""Wednesday"":5,""Monday"":4,""Saturday"":4,""Thursday"":5,""Tuesday"":4,""Friday"":4,""Sunday"":4}",,-16.0,0,0.0,"{""No intermediary"":4}","{""No intermediary"":711.95}","{""1"":4,""2"":0,""3"":0,""4"":0,""5-10"":0,"">10"":0}","{""1"":177.99,""2"":null,""3"":null,""4"":null,""5-10"":null,"">10"":null}","{""25-45k"":2,""75-100k"":5,"">150k"":2}","{""25-45k"":211.67,""75-100k"":176.84,"">150k"":146.60}","{""Moscow, ID"":2,""Ocala, FL"":2,""East Helena, MT"":2}","{""Walmart"":100,""Exxon Mobil"":100,""Chevron"":75,""Pilot Flying J"":75,""IHOP"":50,""Little Caesars"":50,""Taco Bell"":50,""Safeway"":50,""Speedway"":50,""ConocoPhillips"":50,""Costco"":50,""ARCO"":50,""United States Postal Service (USPS)"":50,""McDonald's"":50,""In-N-Out Burger"":50,""Best Western"":50,""Shell Oil"":50,""Subway"":50,""Sonic"":25,""Big D"":25}","{""Amazon"":75,""Amazon Digital Services"":50,""Uber"":25,""Airbnb"":25,""Expedia"":25,""Old Navy"":25,""Experian"":25,""Cricket Wireless"":25,""Straight Talk"":25,""Compassion International"":25,""Netflix"":25,""eBay"":25,""Pandora"":25,""Hulu"":25,""Google Storage"":25,""Spotify"":25,""Audible"":25,""Comcast"":25,""Pizza Hut"":25,""Amazon Prime Video"":25}","{""Best Western"":50,""Staybridge Suites"":25,""Holiday Inn"":25,""Comfort Suites"":25,""Sleep Inn"":25,""Baymont Inn & Suites"":25,""Courtyard by Marriott"":25,""La Quinta Inns & Suites"":25}",{},"{""AT&T"":25,""Straight Talk"":25,""Cricket Wireless"":25}","{""Hulu"":25,""Amazon Prime Video"":25,""Netflix"":25}",{},"{""Uber"":25}",{},{}
172302,224-222@5wg-hzm-9mk,,,2022-06-01,2022-07-01,946.14,84,77,9.3,9.36,"{""25"":4.80,""75"":14.98}","[112.05,53.13,0.00,0.00,0.00,33.68,86.51,0.00,46.19,136.19,0.00,30.08,0.00,0.00,0.00,85.43,0.00,0.00,0.00,0.00,0.00,0.00,94.90,106.82,0.00,12.40,0.00,35.49,14.48,98.79]","[10.82,8.06,null,null,null,8.82,7.72,null,7.24,10.97,null,4.12,null,null,null,14.98,null,null,null,null,null,null,24.22,11.36,null,6.20,null,5.42,7.24,8.78]","{""Monday"":33.68,""Tuesday"":122.00,""Wednesday"":126.53,""Thursday"":378.44,""Friday"":243.01,""Saturday"":0.00,""Sunday"":42.48}","{""Wednesday"":5,""Monday"":4,""Saturday"":4,""Thursday"":5,""Tuesday"":4,""Friday"":4,""Sunday"":4}",258.0,-32.0,4,25.92,"{""Square"":57,""No intermediary"":27}","{""Square"":687.61,""No intermediary"":258.53}","{""1"":74,""2"":2,""3"":0,""4"":0,""5-10"":1,"">10"":0}","{""1"":10.94,""2"":51.46,""3"":null,""4"":null,""5-10"":33.64,"">10"":null}","{""<25k"":8,""25-45k"":12,""45-60k"":4,""60-75k"":2,""75-100k"":8,""100-150k"":18,"">150k"":28}","{""<25k"":8.33,""25-45k"":8.49,""45-60k"":9.90,""60-75k"":6.20,""75-100k"":9.60,""100-150k"":15.57,"">150k"":14.04}","{""West Jordan, UT"":6,""Maeser, UT"":5,""South Jordan, UT"":4,""Oakwood, TN"":4,""Menomonee Falls, WI"":3,""Salt Lake City, UT"":3,""Boise, ID"":3,""Blanchester, OH"":3,""Albertville, AL"":2,""Los Angeles, CA"":2,""Waukegan, IL"":2,""Saint George, UT"":2,""Amalga, UT"":2,""Brigham City, UT"":2,""Liberty Hill, TX"":2,""Midland, TX"":2,""Amarillo, TX"":2,""Wilberforce, OH"":2,""Birmingham, AL"":2,""Hall, KY"":2,""Queen Creek, AZ"":2,""Gilbert, AZ"":2,""Dothan, AL"":2,""Benjamin, UT"":2,""Charlotte, NC"":2,""Phoenix, AZ"":2,""Provo, UT"":2,""Oakland, CA"":2,""Maricopa, AZ"":2,""Tampa, FL"":2,""Harrisville, UT"":2,""Ogden, UT"":2,""Omaha, NE"":2,""Magna, UT"":2,""Rosenberg, TX"":2,""Saint Louis, MO"":2,""Cedar City, UT"":2,""Carbonville, UT"":2,""Lexington, KY"":2,""Ofallon, MO"":2,""Farmington, UT"":2,""Draper, UT"":2,""Rexburg, ID"":2,""Alma, TX"":2,""Bozeman, MT"":2,""Layton, UT"":2,""Mortonsville, KY"":2,""San Antonio, TX"":2,""Reno, NV"":2,""Lake Saint Louis, MO"":2,""Torrance, CA"":2,""Saratoga Springs, UT"":2,""Casper, WY"":2,""Landa, ND"":2,""Glendale, AZ"":2,""Durham, CT"":2,""Cheyenne, WY"":2,""Idaho Falls, ID"":2,""Evansdale, IA"":2,""Castle Rock, CO"":2}","{""Walmart"":59,""McDonald's"":58,""Maverik"":51,""Target"":42,""Costco"":42,""Chick-fil-A"":36,""Chevron"":34,""Smith's Food & Drug Stores"":34,""Exxon Mobil"":34,""Shell Oil"":34,""Starbucks"":33,""Phillips 66"":30,""Wendy's"":29,""ConocoPhillips"":28,""Dairy Queen"":26,""Albertsons"":25,""Taco Bell"":25,""Walgreens"":25,""Pilot Flying J"":23,""Subway"":23}","{""Amazon"":68,""Apple"":52,""Netflix"":29,""Hulu"":24,""Amazon Marketplace"":24,""Amazon Digital Services"":21,""Spotify"":20,""Walmart"":19,""Target"":17,""Costa Vida"":17,""Maverik"":16,""AT&T"":13,""Comcast"":12,""Verizon Wireless"":11,""Audible"":11,""Etsy"":8,""Sirius XM"":8,""Experian"":8,""The Home Depot"":8,""Jimmy John's"":7}","{""HopCat"":2}","{""McDonald's"":19,""Phillips 66"":6,""Exxon Mobil"":6,""Haagen Dazs"":4,""Chevron"":3,""NAPA Auto Parts"":3,""ConocoPhillips"":3,""Subway"":2}","{""Verizon Wireless"":29,""AT&T"":16,""T-Mobile"":13,""Google Fi"":2,""Sprint"":2}","{""Netflix"":29,""Hulu"":24,""Disney Plus"":19,""Peacock"":6,""Roku"":4,""Redbox"":4,""HBO Max"":3,""Amazon Prime Video"":3,""Youtube Premium"":3,""Sling TV"":2,""YouTube TV"":2,""Youtube"":2,""Dish Network"":2,""Crunchyroll"":2,""Time Warner Cable"":2}","{""Uber Eats"":4,""Dashpass"":3,""DoorDash"":2,""HelloFresh"":2,""Instacart"":2}","{""Lyft"":7,""Uber"":6}","{""Afterpay"":3,""Sezzle"":2,""Affirm.com"":2,""Klarna"":2}","{""PayPal"":4,""Apple Card"":4,""Apple Cash"":2}"
172575,zzw-222@5wg-jfw-pgk,SG_BRAND_f0f5c15118ea292fadac17e2fc7d4ead,Days Inn,2022-06-01,2022-07-01,17259.45,21,16,685.18,782.72,"{""25"":303.39,""75"":1228.16}","[846.66,2699.58,0.00,0.00,0.00,2244.53,1032.12,313.47,0.00,1022.17,0.00,1202.44,4844.42,0.00,0.00,0.00,990.81,0.00,0.00,0.00,303.39,0.00,0.00,0.00,1253.88,505.98,0.00,0.00,0.00,0.00]","[846.66,2699.58,null,null,null,400.00,258.03,313.47,null,511.09,null,1202.44,1340.42,null,null,null,990.81,null,null,null,303.39,null,null,null,1253.88,505.98,null,null,null,null]","{""Monday"":7088.95,""Tuesday"":1335.51,""Wednesday"":1160.13,""Thursday"":2699.58,""Friday"":2012.98,""Saturday"":1253.88,""Sunday"":1708.42}","{""Wednesday"":5,""Monday"":4,""Saturday"":4,""Thursday"":5,""Tuesday"":4,""Friday"":4,""Sunday"":4}",115.0,20.0,2,993.61,"{""No intermediary"":21}","{""No intermediary"":17259.45}","{""1"":13,""2"":2,""3"":0,""4"":1,""5-10"":0,"">10"":0}","{""1"":835.82,""2"":2680.84,""3"":null,""4"":1032.12,""5-10"":null,"">10"":null}","{""<25k"":2,""25-45k"":2,""45-60k"":3,""75-100k"":4,""100-150k"":2,"">150k"":7}","{""<25k"":505.98,""25-45k"":308.43,""45-60k"":338.95,""75-100k"":1240.58,""100-150k"":990.81,"">150k"":1576.96}","{""Birdseye, UT"":3,""Los Angeles, CA"":2,""Brigham City, UT"":2,""Washington, RI"":2,""Edina, MN"":2,""Clarksville, TN"":2,""Essex Junction, VT"":2,""Bozeman, MT"":2,""Nampa, ID"":2,""Cape Coral, FL"":2,""Orem, UT"":2,""Eagle, ID"":2}","{""Walmart"":57,""Shell Oil"":44,""Maverik"":38,""McDonald's"":38,""ConocoPhillips"":32,""Exxon Mobil"":32,""Subway"":32,""Target"":25,""Kwik Trip"":25,""Albertsons"":25,""The Home Depot"":25,""Speedway"":25,""Holiday Station"":25,""Sonic"":19,""Verizon Wireless"":19,""Chevron"":19,""Lowe's"":19,""Hampton"":19,""Super 8"":19,""Chick-fil-A"":19}","{""Amazon"":50,""Walmart"":25,""Netflix"":25,""Amazon Marketplace"":25,""Apple"":19,""Amazon Kindle"":19,""Target"":13,""Uber"":13,""Chewy"":13,""Peloton Cycles"":13,""Google"":13,""Costco"":13,""Spotify"":13,""Amazon Digital Services"":13,""Ford"":13,""Payrange Inc"":7,""Chipotle Mexican Grill"":7,""Roku"":7,""Shutterfly"":7,""YouTube TV"":7}","{""Super 8"":25,""Hampton"":19,""La Quinta Inns & Suites"":19,""Quality Inn"":19,""Econo Lodge"":7,""Ramada"":7,""Holiday Inn"":7,""Motel 6"":7,""Delta Hotels"":7,""Baymont Inn & Suites"":7,""AmericInn"":7,""Best Western"":7}","{""McDonald's"":32,""Exxon Mobil"":7,""Haagen Dazs"":7}","{""AT&T"":19,""Verizon Wireless"":19}","{""Netflix"":25,""Disney Plus"":13,""Roku"":7,""YouTube TV"":7,""Redbox"":7}","{""HelloFresh"":7,""Instacart"":7}","{""Uber"":13}",{},"{""PayPal"":7}"
172665,222-222@5wg-hzm-9zz,,,2022-06-01,2022-07-01,7741.54,179,149,28.06,31.17,"{""25"":15.59,""75"":50.92}","[79.96,99.76,343.28,437.67,216.55,209.63,570.72,422.60,39.51,334.49,168.40,56.15,821.88,120.39,13.97,83.89,265.00,0.00,191.24,79.90,491.32,437.72,349.19,199.87,424.05,689.97,184.65,229.67,34.60,145.51]","[28.08,17.66,28.07,59.77,44.47,15.59,51.99,36.39,9.62,34.31,84.20,28.08,33.76,20.89,6.99,4.14,28.07,null,44.70,18.94,28.06,218.86,17.67,20.79,61.31,24.91,30.14,19.74,34.60,40.28]","{""Monday"":1296.06,""Tuesday"":1412.10,""Wednesday"":988.85,""Thursday"":717.86,""Friday"":1142.64,""Saturday"":1030.12,""Sunday"":1153.91}","{""Wednesday"":5,""Monday"":4,""Saturday"":4,""Thursday"":5,""Tuesday"":4,""Friday"":4,""Sunday"":4}",186.0,-21.0,3,162.06,"{""No intermediary"":179}","{""No intermediary"":7741.54}","{""1"":121,""2"":27,""3"":0,""4"":1,""5-10"":0,"">10"":0}","{""1"":43.48,""2"":81.08,""3"":null,""4"":291.10,""5-10"":null,"">10"":null}","{""<25k"":11,""25-45k"":19,""45-60k"":11,""60-75k"":5,""75-100k"":13,""100-150k"":30,"">150k"":48}","{""<25k"":28.56,""25-45k"":46.58,""45-60k"":33.51,""60-75k"":95.66,""75-100k"":26.88,""100-150k"":44.08,"">150k"":75.38}","{""Salt Lake City, UT"":8,""Gainesville, FL"":4,""Colorado Springs, CO"":4,""Kalamazoo, MI"":4,""Mechanicsville, VA"":3,""Pocatello, ID"":3,""Clearfield, UT"":3,""Rexburg, ID"":3,""Erda, UT"":3,""Bozeman, MT"":3,""Cincinnati, OH"":3,""River Falls, WI"":3,""Saint George, UT"":2,""Raleigh, NC"":2,""South Jordan, UT"":2,""Dunwoody, GA"":2,""San Diego, CA"":2,""Liberty Hill, TX"":2,""Syracuse, UT"":2,""Island Park, ID"":2,""Roy, UT"":2,""Sandy, UT"":2,""Cleveland, NC"":2,""Troy, MI"":2,""Oceanside, CA"":2,""Bellingham, WA"":2,""Tulsa, OK"":2,""Centerville, UT"":2,""Tustin, CA"":2,""Casa Grande, AZ"":2,""Cornelius, NC"":2,""Wilberforce, OH"":2,""Monroe, UT"":2,""Tempe, AZ"":2,""East Hartford, CT"":2,""Fountain Hills, AZ"":2,""Brunswick, MD"":2,""Dothan, AL"":2,""Benjamin, UT"":2,""Charlotte, NC"":2,""Baltimore, MD"":2,""Phoenix, AZ"":2,""Shrewsbury, NJ"":2,""Pleasant Grove, UT"":2,""Dunkirk, MD"":2,""Meridian, ID"":2,""Oakwood, TN"":2,""Avondale, AZ"":2,""Harrisville, UT"":2,""Ogden, UT"":2,""Leavenworth, WA"":2,""Portage, MI"":2,""Morgantown, WV"":2,""Edler, CO"":2,""Banida, ID"":2,""Carlsbad, NM"":2,""Broken Arrow, OK"":2,""West Des Moines, IA"":2,""Maeser, UT"":2,""Seattle, WA"":2,""Moroni, UT"":2,""Williston, VT"":2,""Lovettsville, VA"":2,""Ammon, ID"":2,""La Vernia, TX"":2,""Bolivia, NC"":2,""Newnan, GA"":2,""Emigrant, MT"":2,""Sun City, AZ"":2,""Carbonville, UT"":2,""Burmester, UT"":2,""Farmington, UT"":2,""Olathe, KS"":2,""Antelope, CA"":2,""Grant, ID"":2,""Belton, TX"":2,""Layton, UT"":2,""Indianapolis, IN"":2,""West Valley, UT"":2,""Sumiton, AL"":2,""University Place, WA"":2,""Queens, NY"":2,""Cedar Falls, IA"":2,""Riverside, CA"":2,""Scottsdale, AZ"":2,""Suitland, MD"":2,""Ashton, ID"":2,""Landa, ND"":2,""Newbury Park, CA"":2,""Eagle, ID"":2,""Glendale, AZ"":2,""Asheville, NC"":2,""Ontario, CA"":2,""Somerset, KY"":2,""Rancho Cucamonga, CA"":2,""Idaho Falls, ID"":2,""Alma, MI"":2,""Gardendale, AL"":2,""Logan, UT"":2}","{""Walmart"":66,""McDonald's"":59,""Maverik"":46,""Target"":37,""Chevron"":37,""Costco"":36,""Shell Oil"":30,""Chick-fil-A"":29,""Walgreens"":27,""Wendy's"":26,""Subway"":25,""Albertsons"":25,""Starbucks"":24,""The Home Depot"":23,""Lowe's"":21,""Pilot Flying J"":20,""Arby's"":19,""ConocoPhillips"":19,""Love's Travel Stops and Country Stores"":19,""Exxon Mobil"":19}","{""Amazon"":67,""Apple"":40,""Netflix"":31,""Hulu"":27,""Amazon Digital Services"":24,""Amazon Marketplace"":17,""Walmart"":15,""Sirius XM"":15,""Comcast"":14,""Spotify"":13,""T-Mobile"":13,""Target"":13,""Verizon Wireless"":11,""AT&T"":11,""Audible"":9,""Google"":9,""Maverik"":9,""Google Storage"":9,""Costa Vida"":9,""Kohl's"":8}","{""Party City"":3,""Office Depot"":3,""Staples"":2,""Hallmark Cards"":1,""OfficeMax"":1}","{""McDonald's"":14,""NAPA Auto Parts"":3,""ConocoPhillips"":3,""Haagen Dazs"":3,""Subway"":3,""Chevron"":2,""Phillips 66"":2,""Exxon Mobil"":1}","{""Verizon Wireless"":27,""T-Mobile"":16,""AT&T"":15,""Cricket Wireless"":3,""Google Fi"":2,""Disney Mobile"":2,""Sprint"":2,""Straight Talk"":1,""MetroPCS"":1,""TracFone Wireless"":1,""Boost Mobile"":1}","{""Netflix"":31,""Hulu"":27,""Disney Plus"":15,""Peacock"":5,""Dish Network"":4,""Redbox"":4,""Amazon Prime Video"":3,""Roku"":3,""Youtube"":3,""HBO Max"":2,""YouTube TV"":2,""Youtube Premium"":2,""Sling TV"":1,""Time Warner Cable"":1,""DirecTV"":1}","{""Dashpass"":3,""Uber Eats"":3,""Postmates"":2,""Instacart"":2,""HelloFresh"":1}","{""Uber"":6,""Lyft"":3}","{""Affirm.com"":6,""Afterpay"":1,""Klarna"":1,""Zip Company"":1}","{""PayPal"":2,""Apple Card"":2}"
172729,zzw-222@5wg-hzm-9vf,,,2022-06-01,2022-07-01,396.8,4,3,46.15,90.8,"{""25"":1.50,""75"":249.95}","[0.00,0.00,0.00,0.00,303.00,0.00,0.00,0.00,0.00,0.00,0.00,0.00,0.00,0.00,0.00,0.00,0.00,0.00,0.00,0.00,0.00,0.00,0.00,0.00,0.00,3.00,0.00,90.80,0.00,0.00]","[null,null,null,null,303.00,null,null,null,null,null,null,null,null,null,null,null,null,null,null,null,null,null,null,null,null,1.50,null,90.80,null,null]","{""Monday"":0.00,""Tuesday"":90.80,""Wednesday"":0.00,""Thursday"":0.00,""Friday"":0.00,""Saturday"":0.00,""Sunday"":306.00}","{""Wednesday"":5,""Monday"":4,""Saturday"":4,""Thursday"":5,""Tuesday"":4,""Friday"":4,""Sunday"":4}",-90.0,-95.0,0,0.0,"{""No intermediary"":4}","{""No intermediary"":396.80}","{""1"":2,""2"":1,""3"":0,""4"":0,""5-10"":0,"">10"":0}","{""1"":196.90,""2"":3.00,""3"":null,""4"":null,""5-10"":null,"">10"":null}","{""45-60k"":2,""75-100k"":2,""100-150k"":2}","{""45-60k"":303.00,""75-100k"":3.00,""100-150k"":90.80}","{""Bozeman, MT"":2,""Idaho Falls, ID"":2,""Rexburg, ID"":2}","{""Walmart"":100,""Albertsons"":100,""Domino's Pizza"":67,""Verizon Wireless"":34,""Olive Garden"":34,""ConocoPhillips"":34,""IMAX"":34,""Ace Hardware"":34,""Love's Travel Stops and Country Stores"":34,""Kohl's"":34,""Applebee's"":34,""Pilot Flying J"":34,""United States Postal Service (USPS)"":34,""McDonald's"":34,""Sam's Club"":34,""Dollar Tree"":34}","{""Anytime Fitness"":34,""Amazon"":34,""Fingerhut"":34,""Dish Network"":34,""Jamba Juice"":34,""Netflix"":34,""JCPenney"":34,""Spotify"":34}","{""Domino's Pizza"":67,""Jamba"":34,""Olive Garden"":34,""Applebee's"":34,""McDonald's"":34}","{""United States Postal Service (USPS)"":34}","{""Verizon Wireless"":34}","{""Dish Network"":34,""Netflix"":34}",{},{},{},{}
172744,zzy-225@5wg-jfw-pvz,,,2022-06-01,2022-07-01,21397.6,323,229,55.72,75.0,"{""25"":33.00,""75"":82.38}","[441.66,365.35,463.99,289.64,566.03,1246.31,404.51,554.45,352.42,662.85,495.96,606.81,3399.62,231.53,350.39,541.18,263.66,489.12,317.63,583.61,3676.52,186.63,0.00,425.76,381.94,251.05,1037.26,701.17,1347.96,762.59]","[65.39,39.29,48.43,51.89,69.60,56.02,69.80,56.13,152.30,42.20,79.54,88.20,52.38,52.80,106.34,128.73,52.49,112.04,23.93,80.00,54.32,26.63,null,67.59,75.66,125.53,45.25,25.00,41.89,68.89]","{""Monday"":6266.80,""Tuesday"":5013.73,""Wednesday"":2881.09,""Thursday"":2021.54,""Friday"":1816.26,""Saturday"":1656.66,""Sunday"":1741.52}","{""Wednesday"":5,""Monday"":4,""Saturday"":4,""Thursday"":5,""Tuesday"":4,""Friday"":4,""Sunday"":4}",93.0,-10.0,2,41.38,"{""No intermediary"":323}","{""No intermediary"":21397.60}","{""1"":158,""2"":58,""3"":5,""4"":7,""5-10"":1,"">10"":0}","{""1"":72.01,""2"":131.39,""3"":142.87,""4"":165.59,""5-10"":526.34,"">10"":null}","{""<25k"":20,""25-45k"":31,""45-60k"":17,""60-75k"":26,""75-100k"":21,""100-150k"":40,"">150k"":67}","{""<25k"":59.57,""25-45k"":72.77,""45-60k"":82.32,""60-75k"":78.69,""75-100k"":121.37,""100-150k"":101.66,"">150k"":109.97}","{""Boise, ID"":15,""Grayling, MT"":12,""Idaho Falls, ID"":11,""Twin Falls, ID"":6,""Shelley, ID"":5,""Wake Forest, NC"":5,""San Diego, CA"":4,""Williston, VT"":4,""Lexington, KY"":4,""Monterey, CA"":4,""Peoria, AZ"":4,""Island Park, ID"":3,""Roy, UT"":3,""Sandy, UT"":3,""Ogden, UT"":3,""Leavenworth, WA"":3,""Pocatello, ID"":3,""Redford, MI"":3,""Frederica, DE"":3,""Parker, ID"":3,""Newbury Park, CA"":3,""Asheville, NC"":3,""Parker, CO"":3,""Albuquerque, NM"":3,""Hay, WA"":3,""Renton, WA"":2,""Marianna, PA"":2,""Winchester, KY"":2,""Saint George, UT"":2,""Moore, OK"":2,""South Jordan, UT"":2,""Lancaster, PA"":2,""Bennett, CO"":2,""Ponte Vedra, FL"":2,""Conifer, CO"":2,""Bellingham, WA"":2,""Tulsa, OK"":2,""Monaca, PA"":2,""Salt Lake City, UT"":2,""Pittsburgh, PA"":2,""Roseville, CA"":2,""Webster, IN"":2,""Stratford, NJ"":2,""Gotha, FL"":2,""Morgan, UT"":2,""San Francisco, CA"":2,""Cornelius, NC"":2,""Federalsburg, MD"":2,""Blackfoot, ID"":2,""Daphne, AL"":2,""Mesa, AZ"":2,""Westerville, OH"":2,""Milan, MI"":2,""Tempe, AZ"":2,""Fountain Hills, AZ"":2,""Greenville, OH"":2,""Gilbert, AZ"":2,""Houston, TX"":2,""Dothan, AL"":2,""Charlotte, NC"":2,""Phoenix, AZ"":2,""Big Sky, MT"":2,""Meridian, ID"":2,""Folsom, CA"":2,""Highland, UT"":2,""Riverton, WY"":2,""Champaign, IL"":2,""Longmeadow, MA"":2,""Swormville, NY"":2,""Hendersonville, NC"":2,""Monroe, NC"":2,""Denver, CO"":2,""Edinburg, TX"":2,""Las Vegas, NV"":2,""Skokie, IL"":2,""Seattle, WA"":2,""Edwardsville, IL"":2,""Boothwyn, PA"":2,""Placerville, ID"":2,""Cedar City, UT"":2,""Buffalo, NY"":2,""Ammon, ID"":2,""La Vernia, TX"":2,""Friendswood, TX"":2,""Mount Juliet, TN"":2,""Mammoth, AZ"":2,""Kuna, ID"":2,""Butte, MT"":2,""Carbonville, UT"":2,""Colorado Springs, CO"":2,""Mechanicsburg, PA"":2,""Missouri City, TX"":2,""Draper, UT"":2,""Uniopolis, OH"":2,""Edmonds, WA"":2,""San Tan Valley, AZ"":2,""Rexburg, ID"":2,""Erda, UT"":2,""Alma, TX"":2,""Bozeman, MT"":2,""Orange, CA"":2,""Nampa, ID"":2,""San Antonio, TX"":2,""Lehi, UT"":2,""Salem, OR"":2,""Circleville, OH"":2,""Billings, MT"":2,""Fernway, PA"":2,""Indianapolis, IN"":2,""Cottonwood, SD"":2,""Fairmont, MN"":2,""Pekin, IL"":2,""Tallahassee, FL"":2,""Riverside, CA"":2,""Eagle, ID"":2,""Huntington, NY"":2,""Glendale, AZ"":2,""Peachtree City, GA"":2,""Craig, CO"":2,""Fairfax, VA"":2,""Star, ID"":2,""Jackson, WY"":2,""Castle Rock, CO"":2,""Logan, UT"":2,""Columbia, SC"":2}","{""Walmart"":64,""McDonald's"":56,""Maverik"":44,""Shell Oil"":44,""Chevron"":38,""Costco"":37,""Subway"":33,""Target"":32,""Exxon Mobil"":31,""Albertsons"":27,""Chick-fil-A"":27,""The Home Depot"":26,""Wendy's"":25,""Phillips 66"":25,""ConocoPhillips"":23,""Walgreens"":23,""Starbucks"":21,""Love's Travel Stops and Country Stores"":21,""Pilot Flying J"":21,""Taco Bell"":19}","{""Amazon"":59,""Apple"":55,""Netflix"":36,""Spotify"":25,""Amazon Marketplace"":18,""Amazon Digital Services"":15,""Hulu"":15,""AT&T"":13,""Comcast"":13,""Uber"":13,""Walmart"":12,""Target"":11,""Verizon Wireless"":11,""Dutch Bros. Coffee"":9,""Sirius XM"":8,""Sony Playstation Networks"":7,""T-Mobile"":7,""Planet Fitness"":7,""Uber Eats"":7,""Google"":7}","{""McDonald's"":57,""Subway"":34,""Chick-fil-A"":27,""Wendy's"":26,""Starbucks"":22,""Taco Bell"":19,""Panda Express"":17,""Burger King"":16,""Dairy Queen"":14,""Arby's"":14,""Jimmy John's"":13,""Sonic"":13,""Domino's Pizza"":12,""Chipotle Mexican Grill"":11,""Dutch Bros Coffee"":10,""In-N-Out Burger"":8,""Little Caesars"":8,""Haagen Dazs"":8,""Jack in the Box"":7,""Panera Bread"":7}","{""McDonald's"":15,""Phillips 66"":9,""Haagen Dazs"":7,""Exxon Mobil"":6,""Subway"":5,""Chevron"":3,""NAPA Auto Parts"":2,""CENEX"":2,""ConocoPhillips"":2,""United States Postal Service (USPS)"":1,""Avis Rent A Car"":1}","{""Verizon Wireless"":27,""AT&T"":17,""T-Mobile"":11,""Sprint"":4,""Straight Talk"":2,""Cricket Wireless"":2,""TracFone Wireless"":1,""Boost Mobile"":1}","{""Netflix"":36,""Hulu"":15,""Disney Plus"":11,""Dish Network"":6,""YouTube TV"":4,""Youtube"":4,""Redbox"":4,""Amazon Prime Video"":3,""Amazon Prime"":3,""Roku"":2,""HBO Max"":2,""DirecTV"":2,""Fubo"":2,""Peacock"":2,""Youtube Premium"":2,""Crunchyroll"":1,""Sling TV"":1,""Vudu"":1,""Time Warner Cable"":1}","{""Uber Eats"":7,""Dashpass"":4,""Instacart"":2,""DoorDash"":1,""HelloFresh"":1}","{""Uber"":13,""Lyft"":5}","{""Affirm.com"":5,""Afterpay"":4,""Klarna"":4,""Zip Company"":1}","{""PayPal"":3,""Apple Card"":3,""Apple Cash"":1,""Venmo"":1}"
172863,zzw-222@5wg-jfw-gff,,,2022-06-01,2022-07-01,7570.24,4,4,1525.01,1525.01,"{""25"":1058.43,""75"":3094.25}","[0.00,1752.11,0.00,0.00,0.00,0.00,1297.90,0.00,0.00,0.00,0.00,978.60,0.00,0.00,0.00,0.00,0.00,0.00,0.00,0.00,0.00,3541.63,0.00,0.00,0.00,0.00,0.00,0.00,0.00,0.00]","[null,1752.11,null,null,null,null,1297.90,null,null,null,null,978.60,null,null,null,null,null,null,null,null,null,3541.63,null,null,null,null,null,null,null,null]","{""Monday"":0.00,""Tuesday"":1297.90,""Wednesday"":3541.63,""Thursday"":1752.11,""Friday"":0.00,""Saturday"":0.00,""Sunday"":978.60}","{""Wednesday"":5,""Monday"":4,""Saturday"":4,""Thursday"":5,""Tuesday"":4,""Friday"":4,""Sunday"":4}",571.0,-7.0,0,0.0,"{""No intermediary"":4}","{""No intermediary"":7570.24}","{""1"":4,""2"":0,""3"":0,""4"":0,""5-10"":0,"">10"":0}","{""1"":1892.56,""2"":null,""3"":null,""4"":null,""5-10"":null,"">10"":null}","{""100-150k"":5,"">150k"":5}","{""100-150k"":3541.63,"">150k"":1342.87}","{""Boise, ID"":2,""Casa Grande, AZ"":2,""Ponte Vedra, FL"":2,""Parker, CO"":2}","{""Walmart"":100,""Shell Oil"":100,""Circle K"":75,""Subway"":75,""Verizon Wireless"":50,""Chevron"":50,""Murphy USA"":50,""The Home Depot"":50,""Defense Commissary Agency (DeCA)"":50,""Starbucks"":50,""Chick-fil-A"":50,""Pilot Flying J"":50,""Exxon Mobil"":50,""Petco"":25,""Toyota"":25,""Belk"":25,""Audi"":25,""Target"":25,""Planet Smoothie"":25,""Great Clips"":25}","{""Amazon"":75,""Sirius XM"":50,""Apple"":50,""Audible"":50,""Amazon Marketplace"":50,""Walmart"":25,""Bank of America Merchant Services"":25,""Papa Murphy's"":25,""Uber"":25,""Fandango"":25,""Dutch Bros. Coffee"":25,""Banana Republic"":25,""Zulily"":25,""Poshmark"":25,""Macy's"":25,""Netflix"":25,""JCPenney"":25,""Bath & Body Works"":25,""Amazon Digital Services"":25,""REI"":25}","{""Westin Hotels & Resorts"":25,""Delta Hotels"":25}","{""Exxon Mobil"":50}","{""Verizon Wireless"":50,""AT&T"":25}","{""Amazon Prime Video"":25,""Netflix"":25}",{},"{""Uber"":25}",{},{}
172873,222-222@5wg-hzm-789,SG_BRAND_a144a8c10e1fe8006125571afd1a1e80,Exxon Mobil,2022-06-01,2022-07-01,13843.57,344,259,34.73,40.94,"{""25"":13.27,""75"":59.43}","[564.33,659.89,869.98,541.63,346.16,618.23,710.14,588.39,695.49,559.02,648.58,764.11,354.68,436.29,282.04,177.66,19.14,175.68,314.39,282.65,266.53,392.86,463.99,217.21,119.94,763.93,345.77,469.90,626.42,568.54]","[28.26,48.43,32.96,37.06,52.15,17.53,67.59,22.75,34.88,46.00,50.37,72.82,35.99,34.92,15.06,20.99,9.57,27.09,77.13,75.63,33.37,40.00,34.25,31.53,15.89,46.12,27.77,15.14,39.20,35.60]","{""Monday"":1601.33,""Tuesday"":1882.86,""Wednesday"":2454.04,""Thursday"":2565.57,""Friday"":1665.35,""Saturday"":1485.83,""Sunday"":2188.59}","{""Wednesday"":5,""Monday"":4,""Saturday"":4,""Thursday"":5,""Tuesday"":4,""Friday"":4,""Sunday"":4}",25.0,-27.0,63,2715.34,"{""No intermediary"":343,""Visa"":1}","{""No intermediary"":13799.39,""Visa"":44.18}","{""1"":191,""2"":53,""3"":13,""4"":2,""5-10"":0,"">10"":0}","{""1"":40.87,""2"":81.37,""3"":117.24,""4"":99.98,""5-10"":null,"">10"":null}","{""<25k"":14,""25-45k"":26,""45-60k"":18,""60-75k"":5,""75-100k"":45,""100-150k"":50,"">150k"":92}","{""<25k"":41.08,""25-45k"":39.39,""45-60k"":50.82,""60-75k"":57.62,""75-100k"":52.87,""100-150k"":58.04,"">150k"":57.94}","{""Grayling, MT"":7,""Pocatello, ID"":7,""Salt Lake City, UT"":6,""Boise, ID"":5,""Gilbert, AZ"":4,""Overland Park, KS"":4,""Riverton, UT"":4,""Grant, ID"":4,""San Antonio, TX"":4,""Slingerlands, NY"":4,""Aurora, CO"":4,""Syracuse, NY"":4,""Benicia, CA"":3,""Williamsport, PA"":3,""Beaver, UT"":3,""Chandler, AZ"":3,""Clearwater, FL"":3,""Mckinney, TX"":3,""Louisville, KY"":3,""Ammon, ID"":3,""Colorado Springs, CO"":3,""Bozeman, MT"":3,""Logan, UT"":3,""Tremonton, UT"":2,""King George, VA"":2,""Renton, WA"":2,""Anacortes, WA"":2,""Clancy, MT"":2,""Wilmette, IL"":2,""Lake Oswego, OR"":2,""Saint George, UT"":2,""Amalga, UT"":2,""Parma, ID"":2,""Bennett, CO"":2,""Owego, NY"":2,""San Diego, CA"":2,""Columbus, IN"":2,""Bountiful, UT"":2,""Ponte Vedra, FL"":2,""Brigham City, UT"":2,""Towson, MD"":2,""Wilson, NC"":2,""Woods Cross, UT"":2,""Island Park, ID"":2,""Tucson, AZ"":2,""Roy, UT"":2,""Sandy, UT"":2,""Vienna, VA"":2,""Chicago, IL"":2,""San Jose, CA"":2,""Laveen, AZ"":2,""Moscow, ID"":2,""Stuart, FL"":2,""Centerville, UT"":2,""Carlisle, IA"":2,""Williston, ND"":2,""Bannack, MT"":2,""Vernal, UT"":2,""Casa Grande, AZ"":2,""Alamogordo, NM"":2,""San Francisco, CA"":2,""Carol Stream, IL"":2,""Limerick, PA"":2,""Blackfoot, ID"":2,""Plymouth, NH"":2,""Flagstaff, AZ"":2,""Duluth, GA"":2,""Pleasanton, CA"":2,""Clay, NY"":2,""Westerville, OH"":2,""Tempe, AZ"":2,""Carson City, NV"":2,""Orange City, IA"":2,""Adna, WA"":2,""Charlotte, NC"":2,""Phoenix, AZ"":2,""Big Sky, MT"":2,""Benson, AZ"":2,""Provo, UT"":2,""Meridian, ID"":2,""Redmond, OR"":2,""Belgrade, MT"":2,""Roanoke, VA"":2,""Kyle, TX"":2,""Fairborn, OH"":2,""Harrisville, UT"":2,""Hyrum, UT"":2,""Eden, UT"":2,""Jerome, ID"":2,""Brian Head, UT"":2,""Saint Charles, MO"":2,""Ogden, UT"":2,""Seaside, CA"":2,""Des Moines, IA"":2,""Georgetown, KY"":2,""Clearfield, UT"":2,""Crestview, FL"":2,""Brandon, FL"":2,""Minot Afb, ND"":2,""Clarksville, TN"":2,""Edler, CO"":2,""Brenham, TX"":2,""Charleston, SC"":2,""Dunedin, FL"":2,""Marietta, GA"":2,""Banida, ID"":2,""Navarre, FL"":2,""Greenwood, SC"":2,""Twin Falls, ID"":2,""West Valley City, UT"":2,""Saint Louis, MO"":2,""Colorado City, AZ"":2,""Picayune, MS"":2,""Las Vegas, NV"":2,""Saint Cloud, FL"":2,""Battle Creek, MI"":2,""Prairieville, LA"":2,""State College, PA"":2,""Ankeny, IA"":2,""Cedar City, UT"":2,""Buffalo, NY"":2,""Columbus, OH"":2,""Bolivia, NC"":2,""Butler, PA"":2,""Carbonville, UT"":2,""Orlando, FL"":2,""Burmester, UT"":2,""Lafayette, GA"":2,""Redmond, UT"":2,""Rexburg, ID"":2,""Erda, UT"":2,""Carrolls, WA"":2,""Kennewick, WA"":2,""Layton, UT"":2,""Kaysville, UT"":2,""Libby, MT"":2,""Nampa, ID"":2,""Lehi, UT"":2,""Klamath Falls, OR"":2,""Elkridge, MD"":2,""Almy, WY"":2,""Charleston, UT"":2,""Reno, NV"":2,""Helena, MT"":2,""Blanchard, PA"":2,""Heglar, ID"":2,""Parker, ID"":2,""Council Bluffs, IA"":2,""Plymouth, NC"":2,""Fort Smith, MT"":2,""Woodland, WA"":2,""Blackwood, NJ"":2,""Carnegie, PA"":2,""Shelton, WA"":2,""Newbury Park, CA"":2,""Glendale, AZ"":2,""Asheville, NC"":2,""Daniels, ID"":2,""Cheyenne, WY"":2,""Ahwahnee, CA"":2,""Idaho Falls, ID"":2,""Parker, CO"":2,""Austin, TX"":2,""Cumming, GA"":2,""Albuquerque, NM"":2,""Columbus, GA"":2,""Stroudsburg, PA"":2,""Griffin, GA"":2,""Ponte Vedra Beach, FL"":2,""Altamont, NY"":2,""Bonneauville, PA"":2}","{""Walmart"":69,""McDonald's"":58,""Maverik"":45,""Chevron"":40,""ConocoPhillips"":38,""Shell Oil"":35,""Target"":33,""Costco"":32,""The Home Depot"":29,""Wendy's"":26,""Phillips 66"":26,""Starbucks"":26,""Pilot Flying J"":25,""Chick-fil-A"":25,""Subway"":24,""Lowe's"":23,""Walgreens"":23,""Burger King"":21,""Albertsons"":20,""Taco Bell"":19}","{""Amazon"":63,""Apple"":38,""Netflix"":32,""Walmart"":20,""Spotify"":18,""AT&T"":17,""Amazon Digital Services"":15,""Target"":14,""Amazon Marketplace"":14,""Sirius XM"":13,""Hulu"":13,""Comcast"":11,""Maverik"":11,""Verizon Wireless"":10,""The Home Depot"":9,""Google"":9,""ConocoPhillips"":9,""Costa Vida"":9,""Uber"":8,""Audible"":7}","{""ConocoPhillips"":44,""Chevron"":40,""Shell Oil"":36,""Phillips 66"":29,""Pilot Flying J"":26,""Love's Travel Stops and Country Stores"":19,""BP"":11,""Marathon"":11,""Speedway"":10,""QuikTrip"":9,""Kum & Go"":8,""Stinker Stores"":8,""Loaf 'N Jug"":8,""ARCO"":7,""Murphy USA"":6,""Sunoco"":6,""Holiday Station"":6,""Sheetz"":6,""Yesway Convenience"":4,""RaceTrac"":4}","{""McDonald's"":12,""ConocoPhillips"":4,""Phillips 66"":4,""NAPA Auto Parts"":3,""Haagen Dazs"":3,""Chevron"":2,""Subway"":2,""Days Inn"":1,""United States Postal Service (USPS)"":1}","{""Verizon Wireless"":27,""AT&T"":20,""T-Mobile"":9,""Straight Talk"":5,""Sprint"":2,""Cricket Wireless"":1,""Disney Mobile"":1,""MetroPCS"":1}","{""Netflix"":32,""Hulu"":13,""Disney Plus"":11,""Dish Network"":5,""YouTube TV"":4,""Amazon Prime"":3,""Redbox"":3,""Amazon Prime Video"":3,""Youtube"":2,""Peacock"":2,""DirecTV"":2,""Youtube Premium"":2,""Roku"":2,""HBO Max"":2,""Fubo"":1,""Vudu"":1,""Time Warner Cable"":1}","{""Instacart"":3,""DoorDash"":2,""Uber Eats"":2,""HelloFresh"":2,""Postmates"":2,""Dashpass"":2,""Shipt"":1}","{""Uber"":8,""Lyft"":4}","{""Afterpay"":4,""Affirm.com"":3,""Klarna"":3}","{""PayPal"":5,""Apple Card"":4,""Apple Cash"":2,""Venmo"":2,""Cash App"":1}"
172883,zzy-222@5wg-hzm-7dv,,,2022-06-01,2022-07-01,3552.91,119,75,23.84,33.26,"{""25"":16.59,""75"":40.34}","[123.50,14.54,0.00,55.88,67.05,82.28,83.44,102.23,214.16,235.19,0.00,37.68,964.64,32.24,104.64,17.94,48.09,40.53,81.08,0.00,462.40,140.48,150.88,46.77,0.00,57.75,51.21,55.05,49.37,233.89]","[22.87,14.54,null,55.88,16.62,19.20,14.56,29.00,58.00,57.18,null,18.84,35.17,32.24,47.81,17.94,48.09,14.55,40.54,null,16.63,17.36,19.59,23.38,null,28.88,25.60,27.53,49.37,34.45]","{""Monday"":1098.13,""Tuesday"":633.13,""Wednesday"":520.22,""Thursday"":631.41,""Friday"":330.05,""Saturday"":96.41,""Sunday"":243.56}","{""Wednesday"":5,""Monday"":4,""Saturday"":4,""Thursday"":5,""Tuesday"":4,""Friday"":4,""Sunday"":4}",131.0,-24.0,0,0.0,"{""No intermediary"":119}","{""No intermediary"":3552.91}","{""1"":47,""2"":20,""3"":6,""4"":1,""5-10"":1,"">10"":0}","{""1"":31.87,""2"":55.26,""3"":74.80,""4"":51.80,""5-10"":449.13,"">10"":null}","{""<25k"":6,""25-45k"":14,""45-60k"":8,""60-75k"":6,""75-100k"":8,""100-150k"":9,"">150k"":16}","{""<25k"":28.02,""25-45k"":66.41,""45-60k"":34.64,""60-75k"":44.54,""75-100k"":42.66,""100-150k"":46.75,"">150k"":51.96}","{""Island Park, ID"":9,""Idaho Falls, ID"":7,""Grayling, MT"":5,""Dunedin, FL"":5,""Boone, NC"":4,""Jackson, WY"":4,""Ridgefield, WA"":3,""Albertville, AL"":2,""Arlington, VA"":2,""Severna Park, MD"":2,""Chicago, IL"":2,""Salt Lake City, UT"":2,""San Francisco, CA"":2,""Jacksonville, GA"":2,""Blackfoot, ID"":2,""Williamstown, MA"":2,""Doylestown, PA"":2,""Big Sky, MT"":2,""Boise, ID"":2,""Placerville, ID"":2,""Cedar City, UT"":2,""Crystal Lake, IL"":2,""Butte, MT"":2,""Athens, GA"":2,""Philadelphia, PA"":2,""Lindenhurst, IL"":2,""Rexburg, ID"":2,""Bozeman, MT"":2,""Layton, UT"":2,""Kaysville, UT"":2,""Billings, MT"":2,""Heglar, ID"":2,""Saratoga Springs, UT"":2,""Gallup, NM"":2,""Oklahoma City, OK"":2,""Newbury Park, CA"":2,""Aberdeen, ID"":2,""Charlottesville, VA"":2,""Logan, UT"":2}","{""Walmart"":71,""McDonald's"":62,""Maverik"":50,""Costco"":40,""Chevron"":35,""Target"":34,""Verizon Wireless"":34,""Albertsons"":30,""Shell Oil"":28,""Wendy's"":24,""Exxon Mobil"":24,""Subway"":23,""Lowe's"":22,""Phillips 66"":22,""Domino's Pizza"":20,""WinCo Foods"":20,""The Home Depot"":20,""ConocoPhillips"":20,""Walgreens"":20,""United States Postal Service (USPS)"":20}","{""Amazon"":59,""Apple"":44,""Netflix"":28,""Spotify"":19,""Hulu"":18,""Amazon Digital Services"":18,""Verizon Wireless"":14,""Costa Vida"":14,""Amazon Marketplace"":14,""Walmart"":12,""Target"":11,""Google"":10,""Comcast"":10,""Dutch Bros. Coffee"":8,""Dish Network"":8,""U-Haul"":8,""Affirm.com"":8,""Uber"":7,""Nintendo"":7,""Google Storage"":7}","{""McDonald's"":62,""Wendy's"":24,""Subway"":23,""Domino's Pizza"":20,""Starbucks"":20,""Taco Bell"":18,""Chick-fil-A"":18,""Panda Express"":16,""Burger King"":16,""Cafe Rio"":15,""Costa Vida"":14,""Dunkin'"":12,""Jimmy John's"":10,""Dutch Bros Coffee"":10,""Haagen Dazs"":10,""Arby's"":10,""Papa Murphy's"":8,""Culver's"":8,""Carl's Jr."":8,""In-N-Out Burger"":8}","{""McDonald's"":30,""Phillips 66"":12,""Subway"":10,""Haagen Dazs"":6,""NAPA Auto Parts"":4,""United States Postal Service (USPS)"":3,""Exxon Mobil"":3,""Chevron"":2,""ConocoPhillips"":2}","{""Verizon Wireless"":47,""AT&T"":8,""T-Mobile"":7,""Google Fi"":4,""Cricket Wireless"":3,""Sprint"":3}","{""Netflix"":28,""Hulu"":18,""Disney Plus"":18,""Dish Network"":8,""Redbox"":8,""Roku"":6,""Sling TV"":3,""Amazon Prime Video"":3,""HBO Max"":2,""Youtube"":2}","{""Uber Eats"":6,""Instacart"":4}","{""Uber"":7,""Lyft"":6}","{""Affirm.com"":8,""Klarna"":8,""Sezzle"":3,""Afterpay"":2}","{""Apple Card"":6}"
172951,222-223@5wg-hzf-hqz,SG_BRAND_f35a8740b65be2b1aa45f588f2809377,Avis Rent A Car,2022-06-01,2022-07-01,4807.2,5,5,684.16,684.16,"{""25"":426.83,""75"":1634.69}","[0.00,0.00,0.00,0.00,684.16,0.00,0.00,1473.13,0.00,0.00,0.00,0.00,2046.89,0.00,0.00,0.00,0.00,0.00,0.00,0.00,0.00,0.00,0.00,0.00,0.00,0.00,0.00,0.00,0.00,603.02]","[null,null,null,null,684.16,null,null,736.57,null,null,null,null,2046.89,null,null,null,null,null,null,null,null,null,null,null,null,null,null,null,null,603.02]","{""Monday"":2046.89,""Tuesday"":0.00,""Wednesday"":1473.13,""Thursday"":603.02,""Friday"":0.00,""Saturday"":0.00,""Sunday"":684.16}","{""Wednesday"":5,""Monday"":4,""Saturday"":4,""Thursday"":5,""Tuesday"":4,""Friday"":4,""Sunday"":4}",,-59.0,0,0.0,"{""No intermediary"":5}","{""No intermediary"":4807.20}","{""1"":5,""2"":0,""3"":0,""4"":0,""5-10"":0,"">10"":0}","{""1"":961.44,""2"":null,""3"":null,""4"":null,""5-10"":null,"">10"":null}","{""75-100k"":2,""100-150k"":2,"">150k"":2}","{""75-100k"":684.16,""100-150k"":912.76,"">150k"":1148.77}","{""East Aurora, NY"":3,""Kildeer, IL"":2,""Isle, MN"":2,""La Vernia, TX"":2}","{""The Home Depot"":60,""Exxon Mobil"":60,""Great Clips"":40,""Jimmy John's"":20,""California Pizza Kitchen"":20,""Target"":20,""Verizon Wireless"":20,""Alamo Drafthouse Cinema"":20,""ALDI"":20,""Albertsons"":20,""Road Runner Sports"":20,""Pita Pit"":20,""Taco Bell"":20,""Whataburger"":20,""Apple Retail Store"":20,""Bass Pro Shops"":20,""7-Eleven"":20,""Holiday Station"":20,""Five Below"":20,""Papa John's"":20}","{""Target"":40,""Amazon"":40,""Apple"":40,""Netflix"":40,""AT&T"":40,""Etsy"":20,""Lyft"":20,""Uber"":20,""Fandango"":20,""Microsoft"":20,""LAZ Parking"":20,""Time Warner Cable"":20,""TJ Maxx"":20,""Comcast"":20,""Amazon Marketplace"":20}",{},{},"{""AT&T"":40,""Verizon Wireless"":20}","{""Netflix"":40,""Time Warner Cable"":20}",{},"{""Lyft"":20,""Uber"":20}",{},{}
173004,228-222@5wg-hzm-7bk,,,2022-06-01,2022-07-01,27405.28,319,213,69.34,89.15,"{""25"":30.38,""75"":125.76}","[650.61,801.30,653.06,397.00,638.90,1130.11,1673.30,1106.58,996.12,828.32,0.00,629.11,4728.14,2003.03,909.42,509.84,411.44,152.38,946.03,352.66,2647.58,710.81,50.34,1172.33,304.50,769.89,1411.50,469.05,220.07,131.86]","[94.77,109.89,89.15,122.76,85.66,93.18,95.56,87.39,108.10,63.00,null,32.14,59.48,79.65,59.63,117.59,49.27,152.38,44.19,56.32,43.57,103.39,25.17,42.00,152.25,167.93,42.85,108.33,52.07,65.93]","{""Monday"":7622.41,""Tuesday"":6792.96,""Wednesday"":3597.49,""Thursday"":2489.46,""Friday"":3065.15,""Saturday"":853.88,""Sunday"":2983.93}","{""Wednesday"":5,""Monday"":4,""Saturday"":4,""Thursday"":5,""Tuesday"":4,""Friday"":4,""Sunday"":4}",139.0,0.0,27,2843.0,"{""No intermediary"":319}","{""No intermediary"":27405.28}","{""1"":146,""2"":49,""3"":8,""4"":6,""5-10"":4,"">10"":0}","{""1"":89.13,""2"":179.76,""3"":248.88,""4"":287.00,""5-10"":467.67,"">10"":null}","{""<25k"":20,""25-45k"":14,""45-60k"":17,""60-75k"":11,""75-100k"":36,""100-150k"":33,"">150k"":73}","{""<25k"":101.34,""25-45k"":79.99,""45-60k"":158.28,""60-75k"":67.52,""75-100k"":115.01,""100-150k"":122.95,"">150k"":157.24}","{""Salt Lake City, UT"":11,""Grayling, MT"":6,""Midvale, UT"":6,""Evans, GA"":5,""Fayetteville, NY"":4,""East Helena, MT"":4,""Lovettsville, VA"":4,""Clawson, MI"":4,""Sacramento, CA"":4,""Erie, PA"":4,""Atlanta, GA"":4,""Loves Park, IL"":3,""Phoenix, AZ"":3,""Highland, UT"":3,""London, KY"":3,""Boise, ID"":3,""Mountain View, WY"":3,""Kennewick, WA"":3,""Idaho Falls, ID"":3,""Renton, WA"":2,""Winchester, KY"":2,""West Jordan, UT"":2,""West Bountiful, UT"":2,""Raleigh, NC"":2,""San Diego, CA"":2,""Island Park, ID"":2,""Tucson, AZ"":2,""Roy, UT"":2,""Conifer, CO"":2,""Charleston, TX"":2,""Pittsburgh, PA"":2,""Carlisle, IA"":2,""Tustin, CA"":2,""Pekin, NY"":2,""Centennial, CO"":2,""San Francisco, CA"":2,""Carol Stream, IL"":2,""Oak Island, NC"":2,""Cana, VA"":2,""Salisbury, MD"":2,""Clearwater, FL"":2,""Pleasanton, CA"":2,""Richardson, TX"":2,""Tempe, AZ"":2,""East Hartford, CT"":2,""Greenville, OH"":2,""Queen Creek, AZ"":2,""Glenwillow, OH"":2,""Ivins, UT"":2,""Houston, TX"":2,""Adna, WA"":2,""Yorktown, VA"":2,""Slidell, LA"":2,""Virginia Beach, VA"":2,""Marysville, OH"":2,""Big Sky, MT"":2,""Benson, AZ"":2,""Pleasant Grove, UT"":2,""Cathedral City, CA"":2,""Meridian, ID"":2,""Aurora, OH"":2,""Folsom, CA"":2,""Bohon, KY"":2,""Louisville, KY"":2,""Tampa, FL"":2,""Gaylord, MI"":2,""Finderne, NJ"":2,""Hyrum, UT"":2,""Brian Head, UT"":2,""Saint Charles, MO"":2,""Missoula, MT"":2,""Ogden, UT"":2,""Payson, AZ"":2,""Burbank, CA"":2,""Georgetown, KY"":2,""Tipp City, OH"":2,""Redford, MI"":2,""Clarksville, TN"":2,""Edler, CO"":2,""Spring, TX"":2,""Dunedin, FL"":2,""Portland, OR"":2,""Slippery Rock, PA"":2,""Coeur D Alene, ID"":2,""Cockeysville, MD"":2,""Denver, CO"":2,""Troutman, NC"":2,""Skokie, IL"":2,""Toledo, OH"":2,""Harvey, LA"":2,""Riverton, UT"":2,""Alton, KY"":2,""La Vernia, TX"":2,""Lake Orion, MI"":2,""Garden, UT"":2,""Mount Juliet, TN"":2,""Baldwin, GA"":2,""Campbelltown, PA"":2,""Bloomington, IL"":2,""Bakersfield, CA"":2,""Colorado Springs, CO"":2,""Auburn, CA"":2,""Burmester, UT"":2,""Farmington, UT"":2,""Missouri City, TX"":2,""Grant, ID"":2,""Draper, UT"":2,""Martinsburg, OH"":2,""Flower Mound, TX"":2,""Hamilton, OH"":2,""Bozeman, MT"":2,""Layton, UT"":2,""Kaysville, UT"":2,""Mortonsville, KY"":2,""San Antonio, TX"":2,""Salem, OR"":2,""Circleville, OH"":2,""Charleston, UT"":2,""Leesburg, VA"":2,""Blanchard, PA"":2,""Slingerlands, NY"":2,""Plymouth, NC"":2,""Aurora, CO"":2,""Riverside, CA"":2,""Orem, UT"":2,""Westlake, OH"":2,""Conway, KS"":2,""Newbury Park, CA"":2,""Newark, DE"":2,""Burlington, VT"":2,""Glendale, AZ"":2,""Ypsilanti, MI"":2,""Belfast, PA"":2,""Rancho Cucamonga, CA"":2,""Elizabethtown, KY"":2,""York, PA"":2,""Ponte Vedra Beach, FL"":2}","{""Walmart"":58,""McDonald's"":57,""Exxon Mobil"":34,""Shell Oil"":32,""Chevron"":32,""Maverik"":31,""The Home Depot"":29,""Target"":28,""Chick-fil-A"":25,""Costco"":25,""Subway"":25,""Starbucks"":24,""Wendy's"":23,""Lowe's"":22,""ConocoPhillips"":22,""Walgreens"":22,""Taco Bell"":21,""Pilot Flying J"":20,""CVS"":19,""Speedway"":18}","{""Amazon"":65,""Apple"":42,""Netflix"":32,""Amazon Digital Services"":23,""Spotify"":22,""AT&T"":22,""Hulu"":18,""Amazon Marketplace"":18,""Sirius XM"":16,""Comcast"":16,""Verizon Wireless"":15,""Target"":13,""Walmart"":11,""Google"":10,""Uber"":9,""Planet Fitness"":9,""Google Storage"":8,""Chipotle Mexican Grill"":8,""eBay"":7,""Costco"":7}","{""McDonald's"":59,""Chick-fil-A"":27,""Subway"":27,""Starbucks"":25,""Wendy's"":25,""Taco Bell"":22,""Arby's"":16,""Dunkin'"":14,""Chipotle Mexican Grill"":14,""Burger King"":14,""Dairy Queen"":13,""Little Caesars"":10,""Domino's Pizza"":10,""Panera Bread"":10,""Sonic"":9,""Jimmy John's"":9,""KFC"":9,""Hardee's"":8,""Panda Express"":8,""Olive Garden"":7}","{""McDonald's"":13,""Exxon Mobil"":11,""Phillips 66"":6,""Haagen Dazs"":5,""Subway"":5,""Chevron"":3,""NAPA Auto Parts"":2,""ConocoPhillips"":2,""CENEX"":1,""Days Inn"":1,""United States Postal Service (USPS)"":1}","{""Verizon Wireless"":27,""AT&T"":25,""T-Mobile"":7,""Sprint"":5,""Disney Mobile"":2,""Cricket Wireless"":2,""Straight Talk"":1,""Boost Mobile"":1}","{""Netflix"":32,""Hulu"":18,""Disney Plus"":11,""Roku"":5,""Dish Network"":5,""Amazon Prime Video"":5,""HBO Max"":4,""Peacock"":4,""Youtube"":3,""Redbox"":3,""YouTube TV"":3,""Time Warner Cable"":3,""Amazon Prime"":3,""Sling TV"":2,""DirecTV"":1,""Youtube Premium"":1,""Starz"":1,""Fubo"":1,""Funimation"":1,""Vudu"":1}","{""Uber Eats"":7,""Dashpass"":5,""DoorDash"":4,""Instacart"":4,""HelloFresh"":3}","{""Uber"":9,""Lyft"":6}","{""Klarna"":3,""Affirm.com"":3,""Afterpay"":1,""Sezzle"":1,""Zip Company"":1}","{""Apple Card"":4,""PayPal"":3,""Apple Cash"":2,""Venmo"":1,""Cash App"":1}"
173263,226-222@5wg-hzn-zmk,,,2022-06-01,2022-07-01,918.53,22,16,28.26,45.73,"{""25"":15.15,""75"":60.79}","[0.00,0.00,0.00,25.06,0.00,37.11,54.08,27.04,0.00,164.26,59.58,0.00,25.96,0.00,55.63,122.40,64.42,37.38,0.00,0.00,0.00,0.00,29.34,0.00,0.00,0.00,30.30,85.25,100.72,0.00]","[null,null,null,25.06,null,37.11,13.52,27.04,null,28.26,59.58,null,12.98,null,55.63,122.40,64.42,37.38,null,null,null,null,29.34,null,null,null,15.15,85.25,100.72,null]","{""Monday"":93.37,""Tuesday"":139.33,""Wednesday"":183.39,""Thursday"":151.74,""Friday"":228.68,""Saturday"":122.02,""Sunday"":0.00}","{""Wednesday"":5,""Monday"":4,""Saturday"":4,""Thursday"":5,""Tuesday"":4,""Friday"":4,""Sunday"":4}",-26.0,-67.0,0,0.0,"{""No intermediary"":22}","{""No intermediary"":918.53}","{""1"":11,""2"":4,""3"":1,""4"":0,""5-10"":0,"">10"":0}","{""1"":56.81,""2"":59.88,""3"":54.08,""4"":null,""5-10"":null,"">10"":null}","{""<25k"":2,""25-45k"":7,""75-100k"":2,""100-150k"":3,"">150k"":4}","{""<25k"":21.71,""25-45k"":51.02,""75-100k"":61.32,""100-150k"":76.37,"">150k"":58.79}","{""Arvada, CO"":4,""Chattanooga, TN"":2,""Key West, FL"":2,""Island Park, ID"":2,""Wichita, KS"":2,""Benjamin, UT"":2,""Meridian, ID"":2,""Park City, UT"":2,""Boise, ID"":2,""Kuna, ID"":2,""New Carlisle, OH"":2,""Asheville, NC"":2,""Irving, TX"":2,""Jackson, WY"":2}","{""McDonald's"":69,""Chevron"":57,""Walmart"":50,""Wendy's"":44,""Shell Oil"":44,""Target"":38,""Albertsons"":32,""Maverik"":32,""Chick-fil-A"":32,""Phillips 66"":32,""Sportsman's Warehouse"":32,""Exxon Mobil"":32,""Arby's"":32,""Verizon Wireless"":25,""Lowe's"":25,""Costco"":25,""Subway"":25,""Cabela's"":19,""Harbor Freight Tools"":19,""The Home Depot"":19}","{""Amazon"":50,""Apple"":44,""Spotify"":25,""Amazon Digital Services"":25,""Amazon Marketplace"":25,""Walmart"":19,""Verizon Wireless"":19,""Hulu"":19,""Steam"":13,""Roku"":13,""Netflix"":13,""Uber Eats"":13,""McDonald's"":13,""Costa Vida"":13,""ADT Security Services"":7,""Target"":7,""Uber"":7,""HBO Max"":7,""CenturyLink"":7,""Dutch Bros. Coffee"":7}","{""Sportsman's Warehouse"":32,""Cabela's"":19,""Scheels"":13,""REI"":13,""Orvis"":7,""Bass Pro Shops"":7,""Craft Warehouse"":7,""Academy Sports + Outdoors"":7,""Dick's Sporting Goods"":7,""Camping World"":7}","{""Phillips 66"":13,""McDonald's"":7,""NAPA Auto Parts"":7}","{""Verizon Wireless"":44,""Straight Talk"":7}","{""Hulu"":19,""Roku"":13,""Netflix"":13,""HBO Max"":7,""Amazon Prime"":7,""Disney Plus"":7,""DirecTV"":7,""Amazon Prime Video"":7}","{""Uber Eats"":13,""Dashpass"":7}","{""Uber"":7}",{},{}
173265,zzw-222@5wg-hzm-7bk,,,2022-06-01,2022-07-01,553.35,31,29,14.56,14.56,"{""25"":8.74,""75"":28.23}","[0.00,0.00,0.00,88.78,61.36,0.00,20.46,0.00,39.39,0.00,55.22,55.12,0.00,0.00,0.00,0.00,11.96,29.82,35.88,8.37,74.36,0.00,0.00,0.00,0.00,16.93,22.46,0.00,15.60,17.64]","[null,null,null,29.45,8.84,null,20.46,null,12.48,null,27.61,27.56,null,null,null,null,11.96,14.91,35.88,8.37,18.59,null,null,null,null,8.47,22.46,null,15.60,17.64]","{""Monday"":30.83,""Tuesday"":94.82,""Wednesday"":15.60,""Thursday"":57.03,""Friday"":11.96,""Saturday"":173.82,""Sunday"":169.29}","{""Wednesday"":5,""Monday"":4,""Saturday"":4,""Thursday"":5,""Tuesday"":4,""Friday"":4,""Sunday"":4}",4363.0,-23.0,0,0.0,"{""No intermediary"":31}","{""No intermediary"":553.35}","{""1"":27,""2"":2,""3"":0,""4"":0,""5-10"":0,"">10"":0}","{""1"":17.74,""2"":37.18,""3"":null,""4"":null,""5-10"":null,"">10"":null}","{""<25k"":2,""25-45k"":3,""45-60k"":2,""75-100k"":5,""100-150k"":10,"">150k"":8}","{""<25k"":19.74,""25-45k"":17.00,""45-60k"":16.99,""75-100k"":12.38,""100-150k"":23.67,"">150k"":19.51}","{""Renton, WA"":4,""Provo, UT"":3,""Cedar City, UT"":3,""West Jordan, UT"":2,""Saint George, UT"":2,""Grayling, MT"":2,""Cameron, AZ"":2,""Sandy, UT"":2,""Taylorsville, UT"":2,""Salt Lake City, UT"":2,""Katy, TX"":2,""Benjamin, UT"":2,""Pocatello, ID"":2,""West Valley City, UT"":2,""Seattle, WA"":2,""Rexburg, ID"":2,""Erda, UT"":2,""Charleston, UT"":2,""Bend, OR"":2,""Ahwahnee, CA"":2,""Idaho Falls, ID"":2}","{""Walmart"":73,""Maverik"":73,""Chevron"":63,""Costco"":56,""McDonald's"":49,""Wendy's"":42,""Chick-fil-A"":42,""Exxon Mobil"":35,""Target"":28,""Taco Bell"":28,""The Home Depot"":28,""Smith's Food & Drug Stores"":28,""Walgreens"":28,""Subway"":28,""Starbucks"":25,""Harmons"":25,""Panda Express"":25,""Jimmy John's"":21,""AutoZone"":21,""Shell Oil"":21}","{""Amazon"":66,""Walmart"":28,""Apple"":28,""Netflix"":28,""T-Mobile"":25,""Hulu"":21,""Spotify"":21,""Maverik"":18,""iTunes"":18,""Comcast"":18,""Chick-fil-A"":14,""Costa Vida"":14,""Etsy"":11,""Verizon Wireless"":11,""Wendy's"":11,""Costco"":11,""Dashpass"":11,""Walgreens"":11,""Youtube Premium"":11,""Little Caesars"":7}","{""Wendy's"":49,""Chick-fil-A"":49,""McDonald's"":49,""Taco Bell"":35,""Subway"":32,""Starbucks"":28,""Jimmy John's"":25,""Panda Express"":25,""Little Caesars"":21,""KFC"":21,""Cafe Rio"":21,""Sonic"":18,""Del Taco"":18,""Dairy Queen"":18,""Burger King"":18,""FiiZ Drinks"":18,""Jersey Mike's"":14,""Domino's Pizza"":14,""Popeyes Louisiana Kitchen"":14,""Arctic Circle"":14}","{""Subway"":18,""McDonald's"":14,""Chevron"":7,""Exxon Mobil"":7,""NAPA Auto Parts"":4,""ConocoPhillips"":4,""Phillips 66"":4}","{""T-Mobile"":28,""Verizon Wireless"":25,""AT&T"":7,""Cricket Wireless"":4,""Straight Talk"":4,""Boost Mobile"":4}","{""Netflix"":28,""Hulu"":21,""Youtube Premium"":11,""Disney Plus"":7,""HBO Max"":4,""YouTube TV"":4,""Youtube"":4,""Peacock"":4,""Amazon Prime"":4,""Amazon Prime Video"":4}","{""Dashpass"":11,""HelloFresh"":7}","{""Uber"":7,""Lyft"":4}","{""Affirm.com"":4}","{""Apple Card"":7,""PayPal"":4}"
173376,223-222@5wg-jfw-rzf,,,2022-06-01,2022-07-01,4.5,3,2,1.5,2.25,"{""25"":1.50,""75"":1.50}","[0.00,0.00,0.00,0.00,0.00,0.00,0.00,0.00,0.00,0.00,0.00,0.00,0.00,0.00,1.50,0.00,0.00,1.50,0.00,0.00,0.00,0.00,0.00,1.50,0.00,0.00,0.00,0.00,0.00,0.00]","[null,null,null,null,null,null,null,null,null,null,null,null,null,null,1.50,null,null,1.50,null,null,null,null,null,1.50,null,null,null,null,null,null]","{""Monday"":0.00,""Tuesday"":0.00,""Wednesday"":1.50,""Thursday"":0.00,""Friday"":1.50,""Saturday"":1.50,""Sunday"":0.00}","{""Wednesday"":5,""Monday"":4,""Saturday"":4,""Thursday"":5,""Tuesday"":4,""Friday"":4,""Sunday"":4}",,,0,0.0,"{""No intermediary"":3}","{""No intermediary"":4.50}","{""1"":1,""2"":1,""3"":0,""4"":0,""5-10"":0,"">10"":0}","{""1"":1.50,""2"":3.00,""3"":null,""4"":null,""5-10"":null,"">10"":null}","{""45-60k"":2,""100-150k"":2}","{""45-60k"":3.00,""100-150k"":1.50}","{""Salt Lake City, UT"":2,""Grayling, MT"":2}","{""Walmart"":100,""Walgreens"":100,""C-A-L Ranch Stores"":50,""Chevron"":50,""TownPump Convenience Stores"":50,""Barnes and Noble"":50,""Ross Stores"":50,""Shake Shack"":50,""Einstein Brothers"":50,""NAPA Auto Parts"":50,""WinCo Foods"":50,""The Home Depot"":50,""PetSmart"":50,""Michaels Stores"":50,""7-Eleven"":50,""Del Taco"":50,""Starbucks"":50,""Wendy's"":50,""ConocoPhillips"":50,""Holiday Oil"":50}","{""Amazon"":100,""Netflix"":100,""GoDaddy"":50,""Youtube"":50,""Apple"":50,""Maverik"":50,""Google Storage"":50,""New York Times"":50,""Cbs Interactive"":50,""Amazon Kindle"":50}",{},"{""McDonald's"":50}","{""Boost Mobile"":50,""TracFone Wireless"":50}","{""Netflix"":100,""Youtube"":50}",{},{},{},{}
173385,223-222@5wg-hzn-y9z,SG_BRAND_73ec7f2366612562515e7201b08b9d0b,Phillips 66,2022-06-01,2022-07-01,6932.68,213,128,24.21,45.0,"{""25"":7.80,""75"":50.00}","[145.05,215.33,422.09,212.02,179.48,246.35,169.92,373.03,72.71,234.93,251.27,268.50,238.06,173.35,19.54,181.01,109.00,338.92,407.63,167.37,138.23,430.95,62.35,205.30,276.42,290.82,170.74,425.94,206.14,300.23]","[21.92,29.40,25.82,18.00,10.14,27.30,30.31,70.00,25.92,17.97,20.39,17.90,18.71,36.66,9.77,17.58,22.87,15.60,4.36,30.78,8.74,36.44,13.99,37.79,21.39,28.73,13.30,16.12,3.50,47.58]","{""Monday"":822.52,""Tuesday"":907.44,""Wednesday"":1174.71,""Thursday"":831.63,""Friday"":971.32,""Saturday"":1078.63,""Sunday"":1146.43}","{""Wednesday"":5,""Monday"":4,""Saturday"":4,""Thursday"":5,""Tuesday"":4,""Friday"":4,""Sunday"":4}",69.0,-11.0,63,1796.12,"{""No intermediary"":213}","{""No intermediary"":6932.68}","{""1"":87,""2"":25,""3"":8,""4"":2,""5-10"":5,"">10"":1}","{""1"":40.88,""2"":61.37,""3"":71.30,""4"":49.59,""5-10"":185.00,"">10"":247.23}","{""<25k"":12,""25-45k"":13,""45-60k"":9,""60-75k"":13,""75-100k"":15,""100-150k"":23,"">150k"":38}","{""<25k"":40.74,""25-45k"":66.34,""45-60k"":43.04,""60-75k"":52.60,""75-100k"":71.94,""100-150k"":57.94,"">150k"":47.57}","{""San Diego, CA"":5,""Cana, VA"":4,""Riverton, UT"":4,""Orem, UT"":4,""Troy, MI"":3,""Clover, SC"":3,""Salt Lake City, UT"":3,""Pittsburgh, PA"":3,""Rexburg, ID"":3,""New Carlisle, OH"":3,""Idaho Falls, ID"":3,""Logan, UT"":3,""Longmont, CO"":2,""Fort Smith, AR"":2,""West Jordan, UT"":2,""Saint George, UT"":2,""Amalga, UT"":2,""Dana Point, CA"":2,""Mesquite, NV"":2,""Grayling, MT"":2,""Island Park, ID"":2,""Huntsville, AL"":2,""Sandy, UT"":2,""Surprise, AZ"":2,""Biddeford, ME"":2,""Stuart, FL"":2,""Rifle, CO"":2,""Tustin, CA"":2,""San Francisco, CA"":2,""Laguna Hills, CA"":2,""Concord, NC"":2,""Virginia Beach, VA"":2,""Big Sky, MT"":2,""Kenner, LA"":2,""Highland, UT"":2,""San Pedro, CA"":2,""Gaylord, MI"":2,""Ogden, UT"":2,""Pocatello, ID"":2,""Clearfield, UT"":2,""Edler, CO"":2,""Denver, CO"":2,""Salem, UT"":2,""Colorado City, AZ"":2,""Las Vegas, NV"":2,""Seattle, WA"":2,""Centerville, OH"":2,""Boise, ID"":2,""Cedar City, UT"":2,""Ammon, ID"":2,""La Vernia, TX"":2,""Mount Juliet, TN"":2,""Mammoth, AZ"":2,""San Mateo, CA"":2,""Wichita Falls, TX"":2,""Colorado Springs, CO"":2,""Burmester, UT"":2,""Farmington, UT"":2,""Minot, ND"":2,""Grant, ID"":2,""Draper, UT"":2,""Beardsley, AZ"":2,""Bozeman, MT"":2,""Layton, UT"":2,""Mortonsville, KY"":2,""San Antonio, TX"":2,""Lehi, UT"":2,""Circleville, OH"":2,""Chesterfield, MO"":2,""Irondale, WA"":2,""Anaheim, CA"":2,""Saratoga Springs, UT"":2,""Tulare, CA"":2,""Mclean, VA"":2,""Sacramento, CA"":2,""Atlanta, GA"":2,""Herriman, UT"":2,""Manteca, CA"":2,""Asheville, NC"":2,""Fort Collins, CO"":2,""Akins, OK"":2,""Fairfax, VA"":2,""Milwaukee, WI"":2,""Elizabethtown, NC"":2,""Austin, TX"":2,""Columbia, SC"":2}","{""Walmart"":71,""McDonald's"":59,""Maverik"":53,""Exxon Mobil"":46,""Costco"":39,""Chevron"":37,""Target"":35,""ConocoPhillips"":33,""Chick-fil-A"":32,""Shell Oil"":28,""Subway"":28,""Wendy's"":25,""7-Eleven"":23,""Starbucks"":23,""Pilot Flying J"":22,""The Home Depot"":20,""Speedway"":20,""Albertsons"":19,""Smith's Food & Drug Stores"":18,""Taco Bell"":18}","{""Amazon"":65,""Apple"":45,""Netflix"":36,""Spotify"":31,""Walmart"":22,""Comcast"":22,""Target"":18,""AT&T"":18,""Costa Vida"":17,""Verizon Wireless"":15,""Sirius XM"":14,""Hulu"":13,""Amazon Marketplace"":13,""Amazon Digital Services"":12,""Google Storage"":11,""Uber"":10,""7-Eleven"":10,""Maverik"":9,""Etsy"":8,""McDonald's"":8}","{""Exxon Mobil"":47,""Chevron"":39,""ConocoPhillips"":37,""Shell Oil"":28,""Pilot Flying J"":22,""Speedway"":20,""Love's Travel Stops and Country Stores"":15,""Marathon"":10,""BP"":9,""Holiday Oil"":8,""Kum & Go"":8,""Loaf 'N Jug"":7,""Stinker Stores"":6,""Murphy USA"":5,""76"":4,""ARCO"":4,""Yesway Convenience"":4,""QuikTrip"":4,""Texaco"":4,""Good 2 Go Stores"":4}","{""McDonald's"":21,""Exxon Mobil"":8,""Haagen Dazs"":6,""Chevron"":5,""Subway"":5,""NAPA Auto Parts"":4,""ConocoPhillips"":2}","{""Verizon Wireless"":27,""AT&T"":20,""T-Mobile"":9,""U.S. Cellular"":4,""Sprint"":3,""Straight Talk"":2,""Google Fi"":1,""Disney Mobile"":1,""Cricket Wireless"":1,""Boost Mobile"":1}","{""Netflix"":36,""Hulu"":13,""Disney Plus"":11,""Redbox"":6,""Amazon Prime Video"":5,""Dish Network"":4,""Roku"":4,""YouTube TV"":4,""Youtube Premium"":3,""Sling TV"":2,""HBO Max"":2,""Vudu"":2,""Crunchyroll"":2,""Amazon Prime"":2,""Fubo"":1,""Youtube"":1,""Funimation"":1,""Peacock"":1,""DirecTV"":1,""Starz"":1}","{""Dashpass"":4,""Uber Eats"":4,""Instacart"":3,""DoorDash"":2,""HelloFresh"":1,""Go Puff"":1,""Shipt"":1}","{""Uber"":10,""Lyft"":3}","{""Afterpay"":4,""Klarna"":4,""Affirm.com"":2,""Sezzle"":1}","{""Apple Card"":3,""Apple Cash"":2,""PayPal"":1,""Venmo"":1}"
173395,223-222@5wg-jm8-7h5,,,2022-06-01,2022-07-01,2816.26,12,12,250.98,250.98,"{""25"":44.50,""75"":381.11}","[0.00,0.00,0.00,751.78,0.00,16.00,0.00,0.00,87.98,0.00,0.00,0.00,0.00,0.00,0.00,0.00,410.40,226.55,0.00,0.00,0.00,0.00,30.00,293.25,0.00,0.00,0.00,550.80,0.00,449.50]","[null,null,null,375.89,null,16.00,null,null,87.98,null,null,null,null,null,null,null,410.40,226.55,null,null,null,null,30.00,293.25,null,null,null,275.40,null,224.75]","{""Monday"":16.00,""Tuesday"":550.80,""Wednesday"":0.00,""Thursday"":567.48,""Friday"":703.65,""Saturday"":978.33,""Sunday"":0.00}","{""Wednesday"":5,""Monday"":4,""Saturday"":4,""Thursday"":5,""Tuesday"":4,""Friday"":4,""Sunday"":4}",708.0,-38.0,0,0.0,"{""Square"":10,""No intermediary"":2}","{""Square"":2255.06,""No intermediary"":561.20}","{""1"":12,""2"":0,""3"":0,""4"":0,""5-10"":0,"">10"":0}","{""1"":234.69,""2"":null,""3"":null,""4"":null,""5-10"":null,"">10"":null}","{""25-45k"":2,""45-60k"":2,""60-75k"":2,""75-100k"":2,""100-150k"":3,"">150k"":3}","{""25-45k"":87.98,""45-60k"":226.55,""60-75k"":17.00,""75-100k"":118.79,""100-150k"":188.93,"">150k"":420.09}","{""Newton Falls, OH"":3,""Lernerville, PA"":3,""Niceville, FL"":2,""Shoreline, WA"":2,""Seaside, CA"":2,""Georgetown, KY"":2,""Boise, ID"":2,""Wilmington, DE"":2,""Durham, CT"":2}","{""Chevron"":50,""Walmart"":42,""Starbucks"":42,""ConocoPhillips"":42,""Costco"":42,""United States Postal Service (USPS)"":42,""McDonald's"":42,""Exxon Mobil"":42,""Wendy's"":34,""CVS"":34,""Shell Oil"":34,""Target"":25,""Verizon Wireless"":25,""Lowe's"":25,""The Home Depot"":25,""Pilot Flying J"":25,""Burger King"":25,""Marathon"":25,""Cabela's"":17,""Chili's Grill & Bar"":17}","{""Apple"":59,""Amazon"":50,""Netflix"":50,""Hulu"":25,""Comcast"":25,""Amazon Marketplace"":25,""YouTube TV"":17,""Airbnb"":17,""Adobe Systems"":17,""Apple Card"":17,""ExxonMobil"":17,""Google Storage"":17,""Spotify"":17,""Audible"":17,""New York Times"":17,""ADT Security Services"":9,""Lyft"":9,""Dropbox"":9,""Steam"":9,""CenturyLink"":9}","{""Workout Anytime"":9}","{""Exxon Mobil"":9,""Chevron"":9,""ConocoPhillips"":9}","{""Verizon Wireless"":25,""T-Mobile"":17,""AT&T"":9}","{""Netflix"":50,""Hulu"":25,""YouTube TV"":17,""Disney Plus"":9,""Youtube Premium"":9}",{},"{""Lyft"":9}","{""Progressive Leasing"":9}","{""Apple Card"":17}"
173575,222-223@5wg-jfw-s5z,,,2022-06-01,2022-07-01,195.8,3,3,15.0,15.0,"{""25"":14.50,""75"":166.30}","[0.00,0.00,0.00,0.00,0.00,166.30,0.00,0.00,0.00,0.00,0.00,0.00,0.00,0.00,0.00,15.00,0.00,0.00,14.50,0.00,0.00,0.00,0.00,0.00,0.00,0.00,0.00,0.00,0.00,0.00]","[null,null,null,null,null,166.30,null,null,null,null,null,null,null,null,null,15.00,null,null,14.50,null,null,null,null,null,null,null,null,null,null,null]","{""Monday"":166.30,""Tuesday"":0.00,""Wednesday"":0.00,""Thursday"":15.00,""Friday"":0.00,""Saturday"":0.00,""Sunday"":14.50}","{""Wednesday"":5,""Monday"":4,""Saturday"":4,""Thursday"":5,""Tuesday"":4,""Friday"":4,""Sunday"":4}",,-17.0,0,0.0,"{""No intermediary"":3}","{""No intermediary"":195.80}","{""1"":3,""2"":0,""3"":0,""4"":0,""5-10"":0,"">10"":0}","{""1"":65.27,""2"":null,""3"":null,""4"":null,""5-10"":null,"">10"":null}","{""60-75k"":2,""75-100k"":2,"">150k"":2}","{""60-75k"":14.50,""75-100k"":15.00,"">150k"":166.30}","{""Lewisville, TX"":3,""Des Moines, IA"":2,""Fort Wayne, IN"":2}","{""Walmart"":100,""Target"":67,""Casey's General Stores"":67,""Starbucks"":67,""McDonald's"":67,""ULTA Beauty"":34,""Kwik Trip"":34,""BP"":34,""Total Wine & More"":34,""ALDI"":34,""Potbelly Sandwich Works"":34,""Kroger"":34,""Lowe's"":34,""RaceTrac"":34,""Speedway"":34,""BJ's Restaurants"":34,""7-Eleven"":34,""Buffalo Wild Wings"":34,""Tom Thumb"":34,""Wendy's"":34}","{""Amazon"":67,""Etsy"":34,""Disney Mobile"":34,""Planet Fitness"":34,""Uber"":34,""Ipsy"":34,""Barclaycard US"":34,""Experian"":34,""Lowe's"":34,""Adobe Systems"":34,""Apple"":34,""Kohl's"":34,""TJX Companies"":34,""Spotify"":34,""Uber Eats"":34,""Comcast"":34,""Cinemark Theatres"":34,""Amazon Marketplace"":34,""Intuit"":34}",{},{},"{""Sprint"":34,""Disney Mobile"":34}","{""Peacock"":34}","{""Uber Eats"":34}","{""Uber"":34}",{},{}
173638,224-222@5wg-j33-v2k,,,2022-06-01,2022-07-01,1498.68,21,15,52.5,63.15,"{""25"":28.00,""75"":77.47}","[0.00,0.00,90.00,0.00,0.00,70.65,0.00,0.00,0.00,139.69,0.00,0.00,60.00,0.00,0.00,0.00,242.00,0.00,0.00,0.00,0.00,65.85,0.00,408.55,264.04,0.00,27.00,0.00,0.00,130.90]","[null,null,90.00,null,null,35.33,null,null,null,69.85,null,null,30.00,null,null,null,60.00,null,null,null,null,65.85,null,204.28,28.00,null,27.00,null,null,65.45]","{""Monday"":157.65,""Tuesday"":0.00,""Wednesday"":65.85,""Thursday"":130.90,""Friday"":880.24,""Saturday"":264.04,""Sunday"":0.00}","{""Wednesday"":5,""Monday"":4,""Saturday"":4,""Thursday"":5,""Tuesday"":4,""Friday"":4,""Sunday"":4}",54.0,-33.0,0,0.0,"{""No intermediary"":21}","{""No intermediary"":1498.68}","{""1"":10,""2"":4,""3"":1,""4"":0,""5-10"":0,"">10"":0}","{""1"":79.52,""2"":160.74,""3"":60.50,""4"":null,""5-10"":null,"">10"":null}","{""25-45k"":2,""45-60k"":2,""75-100k"":2,""100-150k"":4,"">150k"":3}","{""25-45k"":77.93,""45-60k"":43.50,""75-100k"":103.72,""100-150k"":73.97,"">150k"":162.01}","{""Germantown, IA"":6,""Grayling, MT"":2,""Ponte Vedra, FL"":2,""Island Park, ID"":2,""Big Sky, MT"":2,""Carolina Beach, NC"":2,""Boise, ID"":2,""Cibolo, TX"":2,""Kuna, ID"":2,""San Marcos, CA"":2,""Parker, ID"":2,""Bonita Springs, FL"":2}","{""McDonald's"":74,""Walmart"":54,""Costco"":47,""Maverik"":34,""Exxon Mobil"":34,""Shell Oil"":34,""Target"":27,""Verizon Wireless"":27,""Albertsons"":27,""NAPA Auto Parts"":27,""Starbucks"":27,""Subway"":27,""Chevron"":20,""Taco Bell"":20,""The Home Depot"":20,""Wendy's"":20,""ConocoPhillips"":20,""Ace Hardware"":20,""Walgreens"":20,""AT&T"":20}","{""Amazon"":47,""Apple"":40,""Netflix"":27,""Spotify"":27,""Fandango"":14,""Sirius XM"":14,""Barclaycard US"":14,""eBay"":14,""Hulu"":14,""AT&T"":14,""Amazon Marketplace"":14,""T-Mobile"":14,""Walmart"":7,""Schlotzsky's"":7,""Target"":7,""Planet Fitness"":7,""Papa Murphy's"":7,""Steam"":7,""Roku"":7,""Uber"":7}","{""McDonald's"":74,""Starbucks"":27,""Subway"":27,""Papa Murphy's"":20,""Taco Bell"":20,""Wendy's"":20,""Sonic"":14,""Freddy's Frozen Custard"":14,""Dutch Bros Coffee"":14,""Chick-fil-A"":14,""Panda Express"":14,""Burger King"":14,""Tropical Smoothie Café"":14,""Arby's"":14,""Schlotzsky's"":7,""Little Caesars"":7,""Chili's Grill & Bar"":7,""Caffè Nero"":7,""Chipotle Mexican Grill"":7,""Yard House"":7}","{""McDonald's"":27,""Subway"":20,""NAPA Auto Parts"":7,""CENEX"":7,""Phillips 66"":7,""Exxon Mobil"":7}","{""AT&T"":34,""Verizon Wireless"":27,""T-Mobile"":14}","{""Netflix"":27,""Hulu"":14,""Roku"":7,""Fubo"":7,""Amazon Prime"":7}",{},"{""Uber"":7}","{""Afterpay"":7}","{""Apple Card"":7}"
173667,zzy-223@5wg-jfw-rzf,SG_BRAND_27ee73cd1fb6f5e432852fea401eacce,United States Postal Service (USPS),2022-06-01,2022-07-01,443.54,27,23,9.65,11.6,"{""25"":5.20,""75"":21.00}","[0.00,0.00,0.00,0.00,0.00,0.00,16.00,4.80,16.13,0.00,0.00,0.00,96.20,12.84,173.20,22.98,12.95,0.00,0.00,0.00,30.55,0.00,0.00,0.00,0.00,0.00,53.60,0.00,0.00,4.29]","[null,null,null,null,null,null,16.00,2.40,8.07,null,null,null,5.20,12.84,60.00,22.98,6.48,null,null,null,9.65,null,null,null,null,null,21.00,null,null,2.15]","{""Monday"":149.80,""Tuesday"":59.39,""Wednesday"":178.00,""Thursday"":43.40,""Friday"":12.95,""Saturday"":0.00,""Sunday"":0.00}","{""Wednesday"":5,""Monday"":4,""Saturday"":4,""Thursday"":5,""Tuesday"":4,""Friday"":4,""Sunday"":4}",-20.0,-36.0,0,0.0,"{""No intermediary"":27}","{""No intermediary"":443.54}","{""1"":19,""2"":4,""3"":0,""4"":0,""5-10"":0,"">10"":0}","{""1"":16.38,""2"":33.10,""3"":null,""4"":null,""5-10"":null,"">10"":null}","{""<25k"":2,""25-45k"":2,""45-60k"":2,""60-75k"":2,""75-100k"":5,""100-150k"":2,"">150k"":8}","{""<25k"":26.20,""25-45k"":17.91,""45-60k"":31.10,""60-75k"":5.68,""75-100k"":8.49,""100-150k"":37.43,"">150k"":17.97}","{""Simsbury, CT"":3,""Myrtle Beach, SC"":2,""Saint George, UT"":2,""Grayling, MT"":2,""Pittsburgh, PA"":2,""Providence, RI"":2,""Cornelius, NC"":2,""West Jefferson, NC"":2,""Dothan, AL"":2,""Highland, UT"":2,""Plymouth, IN"":2,""Saint Louis, MO"":2,""Conroe, TX"":2,""Boise, ID"":2,""Bozeman, MT"":2,""Diamondhead, MS"":2,""Newbury Park, CA"":2}","{""Walmart"":74,""McDonald's"":53,""Shell Oil"":35,""Verizon Wireless"":31,""Albertsons"":31,""Exxon Mobil"":31,""Subway"":31,""Love's Travel Stops and Country Stores"":27,""Maverik"":27,""Chevron"":22,""PetSmart"":22,""Target"":18,""BP"":18,""Domino's Pizza"":18,""Lowe's"":18,""Safeway"":18,""ConocoPhillips"":18,""Kohl's"":18,""Costco"":18,""Chick-fil-A"":18}","{""Amazon"":48,""Verizon Wireless"":31,""Apple"":31,""Sirius XM"":27,""Netflix"":22,""Kohl's"":22,""Amazon Digital Services"":22,""Target"":18,""Google"":18,""Amazon Marketplace"":18,""Walmart"":14,""Instacart"":14,""Papa Murphy's"":9,""Roku"":9,""YouTube TV"":9,""Chewy"":9,""Old Navy"":9,""Lowe's"":9,""The Home Depot"":9,""Klarna"":9}",{},"{""McDonald's"":22,""Subway"":18,""Haagen Dazs"":14,""Chevron"":5,""Exxon Mobil"":5}","{""Verizon Wireless"":61,""AT&T"":9,""Cricket Wireless"":5,""Straight Talk"":5,""T-Mobile"":5}","{""Netflix"":22,""Disney Plus"":14,""Roku"":9,""YouTube TV"":9,""Dish Network"":9,""Hulu"":9,""Youtube"":5,""Redbox"":5,""Amazon Prime"":5}","{""Instacart"":14,""Dashpass"":5}","{""Uber"":5}","{""Afterpay"":9,""Affirm.com"":9,""Klarna"":9,""Zip Company"":5}","{""PayPal"":5}"
173886,zzy-222@5wg-hzm-9vf,,,2022-06-01,2022-07-01,57.94,3,2,7.8,28.97,"{""25"":7.80,""75"":42.34}","[0.00,0.00,0.00,0.00,0.00,0.00,0.00,0.00,0.00,0.00,0.00,0.00,15.60,0.00,0.00,0.00,42.34,0.00,0.00,0.00,0.00,0.00,0.00,0.00,0.00,0.00,0.00,0.00,0.00,0.00]","[null,null,null,null,null,null,null,null,null,null,null,null,7.80,null,null,null,42.34,null,null,null,null,null,null,null,null,null,null,null,null,null]","{""Monday"":15.60,""Tuesday"":0.00,""Wednesday"":0.00,""Thursday"":0.00,""Friday"":42.34,""Saturday"":0.00,""Sunday"":0.00}","{""Wednesday"":5,""Monday"":4,""Saturday"":4,""Thursday"":5,""Tuesday"":4,""Friday"":4,""Sunday"":4}",104.0,-63.0,0,0.0,"{""Square"":3}","{""Square"":57.94}","{""1"":1,""2"":1,""3"":0,""4"":0,""5-10"":0,"">10"":0}","{""1"":42.34,""2"":15.60,""3"":null,""4"":null,""5-10"":null,"">10"":null}","{""25-45k"":2,"">150k"":2}","{""25-45k"":42.34,"">150k"":15.60}","{""Nashville, TN"":2,""Gilbert, AZ"":2}","{""Walmart"":100,""Love's Travel Stops and Country Stores"":100,""McDonald's"":100,""Sonic"":50,""Trader Joe's"":50,""Chevron"":50,""Albertsons"":50,""Sephora"":50,""Lowe's"":50,""Ben & Jerry's"":50,""The Home Depot"":50,""Baskin Robbins"":50,""City Market"":50,""Macy's"":50,""Starbucks"":50,""Wendy's"":50,""Broulim's"":50,""ConocoPhillips"":50,""Smith's Food & Drug Stores"":50,""Crumbl Cookies"":50}","{""Netflix"":100,""Etsy"":50,""Walmart"":50,""Verizon Wireless"":50,""Amazon"":50,""Domino's Pizza"":50,""Apple"":50,""Google"":50,""Maverik"":50,""Quickbooks"":50,""OnStar"":50,""Spotify"":50,""AT&T"":50}","{""McDonald's"":100,""Sonic"":50,""Domino's Pizza"":50,""Ben & Jerry's"":50,""Baskin Robbins"":50,""Starbucks"":50,""Wendy's"":50,""Crumbl Cookies"":50,""Dairy Queen"":50,""Texas Roadhouse"":50,""Cold Stone Creamery"":50,""The Original Pancake House"":50}","{""McDonald's"":50}","{""AT&T"":50,""Verizon Wireless"":50}","{""Netflix"":100}",{},{},{},{}
173907,222-222@5wg-jfw-p7q,,,2022-06-01,2022-07-01,7074.89,182,126,27.94,32.8,"{""25"":16.04,""75"":40.62}","[78.88,176.71,389.20,374.95,62.51,137.04,160.95,356.85,333.65,92.39,591.22,39.54,837.02,64.93,136.14,89.94,70.70,205.25,239.49,374.04,103.76,390.99,10.83,88.90,217.50,252.84,470.13,159.49,88.69,480.36]","[24.71,29.49,34.01,17.57,19.45,24.98,49.67,46.78,31.46,13.50,24.90,39.54,29.11,32.47,29.02,44.97,35.35,23.60,31.49,39.33,25.94,34.65,10.83,44.45,22.89,23.92,34.33,20.19,18.19,23.97]","{""Monday"":1818.23,""Tuesday"":489.13,""Wednesday"":1051.55,""Thursday"":1091.49,""Friday"":641.19,""Saturday"":1388.92,""Sunday"":594.38}","{""Wednesday"":5,""Monday"":4,""Saturday"":4,""Thursday"":5,""Tuesday"":4,""Friday"":4,""Sunday"":4}",50.0,-6.0,0,0.0,"{""No intermediary"":182}","{""No intermediary"":7074.89}","{""1"":96,""2"":20,""3"":4,""4"":3,""5-10"":3,"">10"":0}","{""1"":34.96,""2"":95.19,""3"":120.85,""4"":242.62,""5-10"":201.19,"">10"":null}","{""<25k"":7,""25-45k"":13,""45-60k"":17,""60-75k"":11,""75-100k"":19,""100-150k"":26,"">150k"":31}","{""<25k"":31.71,""25-45k"":71.90,""45-60k"":80.89,""60-75k"":94.50,""75-100k"":28.14,""100-150k"":38.42,"">150k"":67.19}","{""Boise, ID"":14,""Grayling, MT"":9,""Pocatello, ID"":8,""Idaho Falls, ID"":8,""Salt Lake City, UT"":7,""Kuna, ID"":5,""West Jordan, UT"":4,""Island Park, ID"":4,""Park City, UT"":4,""Buhl, ID"":3,""Bliss, ID"":3,""Renton, WA"":2,""Saint George, UT"":2,""West Bountiful, UT"":2,""Amalga, UT"":2,""Springdale, UT"":2,""Taylorsville, UT"":2,""Benjamin, UT"":2,""Meridian, ID"":2,""Highland, UT"":2,""Jerome, ID"":2,""Ogden, UT"":2,""Clearfield, UT"":2,""Gardiner, MT"":2,""Twin Falls, ID"":2,""Coeur D Alene, ID"":2,""West Valley City, UT"":2,""Sedona, AZ"":2,""Monroe, LA"":2,""Lava Hot Springs, ID"":2,""Placerville, ID"":2,""Cedar City, UT"":2,""Riverton, UT"":2,""Spokane, WA"":2,""Butte, MT"":2,""Carbonville, UT"":2,""Colorado Springs, CO"":2,""Farmington, UT"":2,""Redmond, UT"":2,""Draper, UT"":2,""Rexburg, ID"":2,""Erda, UT"":2,""Carrolls, WA"":2,""Eagle Mountain, UT"":2,""Washington, UT"":2,""Nampa, ID"":2,""Charleston, UT"":2,""Heglar, ID"":2,""Parker, ID"":2,""Escalante, UT"":2,""Orem, UT"":2,""Herriman, UT"":2,""Star, ID"":2,""Caldwell, ID"":2}","{""Walmart"":68,""Chevron"":58,""Maverik"":58,""McDonald's"":57,""Costco"":40,""WinCo Foods"":35,""Albertsons"":34,""Smith's Food & Drug Stores"":30,""The Home Depot"":29,""Shell Oil"":28,""Wendy's"":27,""Exxon Mobil"":24,""Lowe's"":23,""Fred Meyer"":23,""Stinker Stores"":23,""Walgreens"":22,""Subway"":21,""Chick-fil-A"":20,""Target"":20,""Verizon Wireless"":20}","{""Amazon"":61,""Apple"":35,""Netflix"":35,""Amazon Marketplace"":22,""Amazon Digital Services"":17,""Walmart"":16,""Hulu"":14,""Costa Vida"":14,""Maverik"":13,""Target"":12,""Comcast"":12,""Spotify"":12,""Google"":10,""Audible"":10,""Verizon Wireless"":9,""Dutch Bros. Coffee"":9,""The Home Depot"":9,""AT&T"":9,""Cinemark Theatres"":8,""Sirius XM"":8}","{""WinCo Foods"":35,""Albertsons"":34,""Smith's Food & Drug Stores"":30,""Fred Meyer"":23,""7-Eleven"":10,""Harmons"":9,""Ridley's"":9,""Trader Joe's"":8,""Whole Foods Market"":7,""Macey's"":4,""Fast Stop"":4,""SHOP 'n SAVE Supermarkets"":3,""Sprouts Farmers Market"":2,""Safeway"":2,""Broulim's"":2,""The Fresh Market"":2,""Market Express"":2,""Market Street"":2,""Natural Grocers"":2,""Grocery Outlet"":2}","{""McDonald's"":19,""Subway"":8,""NAPA Auto Parts"":5,""Haagen Dazs"":4,""Chevron"":4,""Phillips 66"":2,""Exxon Mobil"":2,""ConocoPhillips"":1,""United States Postal Service (USPS)"":1}","{""Verizon Wireless"":27,""T-Mobile"":12,""AT&T"":10,""Disney Mobile"":2,""Straight Talk"":2,""Cricket Wireless"":1,""Sprint"":1}","{""Netflix"":35,""Hulu"":14,""Disney Plus"":12,""Redbox"":6,""Roku"":4,""Dish Network"":4,""Youtube"":4,""HBO Max"":3,""YouTube TV"":3,""Sling TV"":2,""Peacock"":1,""DirecTV"":1,""Youtube Premium"":1}","{""Uber Eats"":5,""Dashpass"":4,""HelloFresh"":2,""Instacart"":1}","{""Uber"":2,""Lyft"":1}","{""Affirm.com"":8,""Klarna"":5,""Afterpay"":2,""Zip Company"":1}","{""PayPal"":4,""Apple Card"":3,""Apple Cash"":2,""Venmo"":2}"
173920,zzw-222@5wg-hzf-hqz,,,2022-06-01,2022-07-01,419.65,15,10,23.25,21.0,"{""25"":11.50,""75"":43.00}","[0.00,0.00,0.00,0.00,0.00,0.00,0.00,0.00,0.00,0.00,0.00,0.00,180.50,0.00,0.00,0.00,0.00,0.00,0.00,0.00,0.00,11.50,0.00,19.50,13.00,54.00,63.65,22.50,55.00,0.00]","[null,null,null,null,null,null,null,null,null,null,null,null,43.00,null,null,null,null,null,null,null,null,11.50,null,19.50,13.00,54.00,23.25,22.50,55.00,null]","{""Monday"":244.15,""Tuesday"":22.50,""Wednesday"":66.50,""Thursday"":0.00,""Friday"":19.50,""Saturday"":13.00,""Sunday"":54.00}","{""Wednesday"":5,""Monday"":4,""Saturday"":4,""Thursday"":5,""Tuesday"":4,""Friday"":4,""Sunday"":4}",23.0,57.0,0,0.0,"{""Square"":15}","{""Square"":419.65}","{""1"":5,""2"":5,""3"":0,""4"":0,""5-10"":0,"">10"":0}","{""1"":15.50,""2"":68.43,""3"":null,""4"":null,""5-10"":null,"">10"":null}","{""<25k"":2,""25-45k"":2,""60-75k"":4,""100-150k"":4,"">150k"":2}","{""<25k"":22.50,""25-45k"":13.00,""60-75k"":52.65,""100-150k"":48.00,"">150k"":46.50}","{""Denver, CO"":3,""Kyle, TX"":2,""Greenwood, SC"":2,""Fort Worth, TX"":2,""San Antonio, TX"":2,""Newbury Park, CA"":2,""Newark, DE"":2}","{""McDonald's"":80,""Walmart"":70,""Chevron"":60,""Costco"":60,""Albertsons"":50,""Target"":40,""Taco Bell"":40,""Lowe's"":40,""Starbucks"":40,""Walgreens"":40,""AutoZone"":40,""Exxon Mobil"":40,""Shell Oil"":40,""Chipotle Mexican Grill"":30,""ConocoPhillips"":30,""Kohl's"":30,""H-E-B"":30,""Kum & Go"":30,""United States Postal Service (USPS)"":30,""Cracker Barrel"":30}","{""Amazon"":90,""Amazon Marketplace"":60,""Hulu"":50,""Apple"":40,""AT&T"":40,""Youtube"":30,""Netflix"":30,""Amazon Digital Services"":30,""Walmart"":20,""Lyft"":20,""Adobe Systems"":20,""Jamba Juice"":20,""Kohl's"":20,""Texaco"":20,""H-E-B"":20,""Google Storage"":20,""Spotify"":20,""Uber Eats"":20,""New York Times"":20,""Etsy"":10}","{""McDonald's"":80,""Taco Bell"":40,""Starbucks"":40,""Haagen Dazs"":40,""Chipotle Mexican Grill"":30,""Cracker Barrel"":30,""Sonic"":20,""Jimmy John's"":20,""Jamba"":20,""Bruster's Ice Cream"":20,""Eggs Up Grill"":20,""Whataburger"":20,""Papa John's"":20,""Applebee's"":20,""Dairy Queen"":20,""Pizza Hut"":20,""Bojangles'"":20,""La Madeleine"":20,""Subway"":20,""Dunkin'"":20}","{""Haagen Dazs"":20,""Exxon Mobil"":20,""Chevron"":10,""NAPA Auto Parts"":10,""McDonald's"":10,""Subway"":10}","{""AT&T"":40,""Verizon Wireless"":10}","{""Hulu"":50,""Youtube"":30,""Netflix"":30,""Redbox"":20,""YouTube TV"":10,""Disney Plus"":10,""Amazon Prime Video"":10}","{""Uber Eats"":20}","{""Lyft"":20}",{},{}
174057,224-222@5wg-jfw-nwk,,,2022-06-01,2022-07-01,123.73,2,2,61.86,61.86,"{""25"":57.46,""75"":66.27}","[0.00,0.00,0.00,57.46,0.00,0.00,0.00,0.00,0.00,0.00,0.00,0.00,0.00,0.00,0.00,66.27,0.00,0.00,0.00,0.00,0.00,0.00,0.00,0.00,0.00,0.00,0.00,0.00,0.00,0.00]","[null,null,null,57.46,null,null,null,null,null,null,null,null,null,null,null,66.27,null,null,null,null,null,null,null,null,null,null,null,null,null,null]","{""Monday"":0.00,""Tuesday"":0.00,""Wednesday"":0.00,""Thursday"":66.27,""Friday"":0.00,""Saturday"":57.46,""Sunday"":0.00}","{""Wednesday"":5,""Monday"":4,""Saturday"":4,""Thursday"":5,""Tuesday"":4,""Friday"":4,""Sunday"":4}",44.0,111.0,1,66.27,"{""No intermediary"":1,""Visa"":1}","{""Visa"":66.27,""No intermediary"":57.46}","{""1"":2,""2"":0,""3"":0,""4"":0,""5-10"":0,"">10"":0}","{""1"":61.87,""2"":null,""3"":null,""4"":null,""5-10"":null,"">10"":null}","{""25-45k"":2,""75-100k"":2}","{""25-45k"":57.46,""75-100k"":66.27}","{""Las Vegas, NV"":3,""Bellingham, WA"":2}","{""Chevron"":100,""Target"":50,""Great Clips"":50,""Albertsons"":50,""Domino's Pizza"":50,""Taco Bell"":50,""Lowe's"":50,""Safeway"":50,""Apple Retail Store"":50,""Buffalo Wild Wings"":50,""Firestone Complete Auto Care"":50,""ConocoPhillips"":50,""Smith's Food & Drug Stores"":50,""O'Reilly Auto Parts"":50,""Costco"":50,""IKEA"":50,""Regal Entertainment Group"":50,""AutoZone"":50,""Exxon Mobil"":50,""Shell Oil"":50}","{""Amazon"":100,""Snack & Soda"":50,""Planet Fitness"":50,""Dutch Bros. Coffee"":50,""Airbnb"":50,""Cox Communications"":50,""ConocoPhillips"":50,""Hulu"":50,""Spotify"":50,""Comcast"":50,""Amazon Marketplace"":50,""T-Mobile"":50}","{""Dutch Bros Coffee"":50,""Taco Bell"":50,""Buffalo Wild Wings"":50,""Domino's Pizza"":50}",{},"{""T-Mobile"":50}","{""Hulu"":50}",{},{},{},{}
174099,223-222@5wg-hzm-9zz,,,2022-06-01,2022-07-01,6116.98,102,83,51.8,55.9,"{""25"":36.50,""75"":81.48}","[58.90,133.18,198.97,158.25,0.00,156.34,83.72,89.68,414.73,96.35,104.85,592.76,1177.00,59.13,26.94,42.10,95.13,157.71,0.00,112.71,698.74,95.70,0.00,264.73,446.93,97.31,249.82,203.21,100.68,201.41]","[58.90,66.59,99.48,52.33,null,53.57,41.86,44.84,56.86,26.60,52.43,39.32,51.80,29.56,26.94,42.10,47.57,44.95,null,56.36,54.29,47.85,null,94.49,120.36,48.66,58.19,68.84,27.09,100.70]","{""Monday"":1695.87,""Tuesday"":1044.80,""Wednesday"":371.90,""Thursday"":791.42,""Friday"":655.18,""Saturday"":867.74,""Sunday"":690.07}","{""Wednesday"":5,""Monday"":4,""Saturday"":4,""Thursday"":5,""Tuesday"":4,""Friday"":4,""Sunday"":4}",127.0,-8.0,100,6016.49,"{""No intermediary"":99,""Visa"":3}","{""No intermediary"":5883.58,""Visa"":233.40}","{""1"":67,""2"":15,""3"":0,""4"":0,""5-10"":1,"">10"":0}","{""1"":56.00,""2"":143.87,""3"":null,""4"":null,""5-10"":206.94,"">10"":null}","{""<25k"":7,""25-45k"":2,""45-60k"":2,""60-75k"":2,""75-100k"":13,""100-150k"":24,"">150k"":30}","{""<25k"":51.54,""25-45k"":39.02,""45-60k"":62.16,""60-75k"":88.58,""75-100k"":51.85,""100-150k"":73.31,"">150k"":89.63}","{""Ogden, UT"":5,""West Jordan, UT"":4,""Louisville, KY"":4,""Epworth, GA"":4,""Castle Rock, CO"":4,""San Antonio, TX"":3,""Lehi, UT"":3,""Idaho Falls, ID"":3,""Winter Park, FL"":2,""Sandy, UT"":2,""Taylorsville, UT"":2,""Bellingham, WA"":2,""Vernal, UT"":2,""Casa Grande, AZ"":2,""Vacaville, CA"":2,""Beaumont, KY"":2,""Dothan, AL"":2,""Depoe Bay, OR"":2,""Phoenix, AZ"":2,""Meridian, ID"":2,""Clovis, NM"":2,""Pocatello, ID"":2,""Omaha, NE"":2,""Clearfield, UT"":2,""Big Stone Gap, VA"":2,""Maeser, UT"":2,""Killeen, TX"":2,""Winchester, VA"":2,""Edwardsville, IL"":2,""Apache Junction, AZ"":2,""Coppell, TX"":2,""Boise, ID"":2,""Midvale, UT"":2,""Evergreen, CO"":2,""Bloomington, IL"":2,""Acequia, ID"":2,""Burmester, UT"":2,""Francis, UT"":2,""Rogers, AR"":2,""Missouri City, TX"":2,""Flower Mound, TX"":2,""Rexburg, ID"":2,""Erda, UT"":2,""Layton, UT"":2,""Klamath Falls, OR"":2,""San Marcos, CA"":2,""Anchorage, AK"":2,""West Valley, UT"":2,""Heglar, ID"":2,""Bonita Springs, FL"":2,""Augusta, GA"":2,""Newbury Park, CA"":2,""Newark, DE"":2,""Somerset, KY"":2,""Logan, UT"":2}","{""Walmart"":70,""McDonald's"":54,""Chevron"":47,""Maverik"":41,""Shell Oil"":33,""The Home Depot"":32,""Costco"":32,""Target"":29,""Pilot Flying J"":28,""Subway"":28,""Wendy's"":26,""Chick-fil-A"":26,""Walgreens"":26,""Taco Bell"":23,""Lowe's"":23,""Love's Travel Stops and Country Stores"":22,""Exxon Mobil"":22,""7-Eleven"":21,""Starbucks"":21,""Smith's Food & Drug Stores"":21}","{""Amazon"":54,""Apple"":39,""Netflix"":32,""Hulu"":26,""Amazon Digital Services"":25,""Amazon Marketplace"":25,""Spotify"":23,""Walmart"":21,""Verizon Wireless"":20,""Uber"":20,""AT&T"":20,""Comcast"":17,""Target"":16,""Maverik"":15,""Sirius XM"":11,""Costa Vida"":11,""Google"":10,""Etsy"":9,""Chick-fil-A"":9,""McDonald's"":9}","{""McDonald's"":55,""Subway"":31,""Wendy's"":28,""Chick-fil-A"":27,""Taco Bell"":25,""Starbucks"":21,""Arby's"":20,""Dairy Queen"":19,""Panda Express"":19,""Burger King"":17,""Applebee's"":16,""Haagen Dazs"":14,""Pizza Hut"":14,""Domino's Pizza"":13,""Culver's"":11,""Costa Vida"":11,""Cafe Rio"":11,""Dunkin'"":11,""Sonic"":10,""Jimmy John's"":9}","{""McDonald's"":15,""Haagen Dazs"":8,""Exxon Mobil"":4,""Chevron"":3,""United States Postal Service (USPS)"":2,""Budget Rent A Car"":2,""Subway"":2}","{""Verizon Wireless"":28,""AT&T"":20,""T-Mobile"":13,""Disney Mobile"":3,""Sprint"":2}","{""Netflix"":32,""Hulu"":26,""Disney Plus"":17,""Amazon Prime Video"":8,""Redbox"":7,""Dish Network"":5,""Roku"":4,""Youtube"":4,""YouTube TV"":3,""Time Warner Cable"":3,""Funimation"":2,""Starz"":2}","{""Dashpass"":7,""Uber Eats"":7,""DoorDash"":3,""Instacart"":2}","{""Uber"":20,""Lyft"":2}","{""Afterpay"":2,""Affirm.com"":2}","{""PayPal"":8,""Apple Card"":4,""Venmo"":2}"
174259,zzw-223@5wg-jfw-pd9,,,2022-06-01,2022-07-01,785.37,2,2,392.69,392.69,"{""25"":180.93,""75"":604.44}","[0.00,0.00,0.00,0.00,0.00,0.00,0.00,0.00,0.00,604.44,0.00,0.00,0.00,0.00,0.00,0.00,0.00,0.00,0.00,0.00,0.00,0.00,0.00,0.00,180.93,0.00,0.00,0.00,0.00,0.00]","[null,null,null,null,null,null,null,null,null,604.44,null,null,null,null,null,null,null,null,null,null,null,null,null,null,180.93,null,null,null,null,null]","{""Monday"":0.00,""Tuesday"":0.00,""Wednesday"":0.00,""Thursday"":0.00,""Friday"":604.44,""Saturday"":180.93,""Sunday"":0.00}","{""Wednesday"":5,""Monday"":4,""Saturday"":4,""Thursday"":5,""Tuesday"":4,""Friday"":4,""Sunday"":4}",62.0,,0,0.0,"{""No intermediary"":2}","{""No intermediary"":785.37}","{""1"":2,""2"":0,""3"":0,""4"":0,""5-10"":0,"">10"":0}","{""1"":392.69,""2"":null,""3"":null,""4"":null,""5-10"":null,"">10"":null}","{""<25k"":2,""25-45k"":2}","{""<25k"":180.93,""25-45k"":604.44}","{""Magna, UT"":2,""Puyallup, WA"":2}","{""McDonald's"":100,""C-A-L Ranch Stores"":50,""Chevron"":50,""Albertsons"":50,""GoWireless"":50,""Mini Mart"":50,""Rocky Mountain Chocolate Factory"":50,""Century Theatres"":50,""Starbucks"":50,""Wendy's"":50,""Holiday Inn"":50,""Hampton"":50,""ConocoPhillips"":50,""Circle K"":50,""Yoke's Fresh Mart"":50,""Stop & Shop"":50,""Maverik"":50,""Costco"":50,""CENEX"":50,""In-N-Out Burger"":50}","{""Walmart"":50,""King"":50,""Uber"":50,""DoorDash"":50,""Instacart"":50,""Netflix"":50,""American Home Shield"":50,""Uber Eats"":50}","{""Hampton"":50,""Best Western"":50,""Quality Inn"":50,""Holiday Inn"":50}","{""McDonald's"":50}",{},"{""Netflix"":50}","{""Instacart"":50,""Uber Eats"":50,""DoorDash"":50}","{""Uber"":50}",{},{}
174283,222-222@5wg-jfw-p5f,SG_BRAND_dddd21f70594bf6e,NAPA Auto Parts,2022-06-01,2022-07-01,3537.14,57,43,33.88,38.99,"{""25"":20.55,""75"":56.44}","[269.61,21.82,11.66,83.88,0.00,414.90,0.00,375.29,124.86,490.65,81.24,21.82,89.58,418.62,0.00,87.60,29.10,53.05,0.00,167.82,411.12,165.06,88.16,45.73,11.62,0.00,0.00,20.51,38.99,14.45]","[35.08,21.82,11.66,41.94,null,72.79,null,32.43,31.22,245.33,31.17,21.82,35.44,62.35,null,34.13,29.10,26.53,null,50.52,205.56,37.94,44.08,45.73,11.62,null,null,20.51,38.99,14.45]","{""Monday"":672.30,""Tuesday"":850.25,""Wednesday"":848.95,""Thursday"":336.89,""Friday"":577.14,""Saturday"":229.79,""Sunday"":21.82}","{""Wednesday"":5,""Monday"":4,""Saturday"":4,""Thursday"":5,""Tuesday"":4,""Friday"":4,""Sunday"":4}",114.0,37.0,2,262.36,"{""No intermediary"":57}","{""No intermediary"":3537.14}","{""1"":35,""2"":4,""3"":3,""4"":0,""5-10"":1,"">10"":0}","{""1"":59.80,""2"":111.93,""3"":246.20,""4"":null,""5-10"":257.69,"">10"":null}","{""<25k"":2,""25-45k"":6,""45-60k"":2,""60-75k"":2,""75-100k"":2,""100-150k"":15,"">150k"":10}","{""<25k"":34.19,""25-45k"":88.81,""45-60k"":195.24,""60-75k"":91.25,""75-100k"":118.58,""100-150k"":64.92,"">150k"":74.77}","{""Grayling, MT"":4,""Columbus, OH"":4,""Big Sky, MT"":3,""West Valley City, UT"":3,""Woodland, WA"":3,""Parma, ID"":2,""Buhl, ID"":2,""San Diego, CA"":2,""Island Park, ID"":2,""Salt Lake City, UT"":2,""Annex, OR"":2,""Emmett, ID"":2,""Ogden, UT"":2,""Santa Clarita, CA"":2,""Pocatello, ID"":2,""Ammon, ID"":2,""La Vernia, TX"":2,""Bakersfield, CA"":2,""Lotsee, OK"":2,""Bozeman, MT"":2,""Elkridge, MD"":2,""Charleston, UT"":2,""Reno, NV"":2,""University Place, WA"":2,""Herriman, UT"":2,""Pompano Beach, FL"":2,""Bonsall, CA"":2,""New Plymouth, ID"":2,""Idaho Falls, ID"":2}","{""McDonald's"":66,""Walmart"":61,""Chevron"":52,""Maverik"":49,""Exxon Mobil"":40,""Costco"":35,""The Home Depot"":31,""Shell Oil"":28,""Lowe's"":26,""ConocoPhillips"":26,""Target"":24,""Wendy's"":24,""Pilot Flying J"":24,""Taco Bell"":21,""WinCo Foods"":21,""Fred Meyer"":21,""Phillips 66"":21,""Arby's"":21,""C-A-L Ranch Stores"":19,""Subway"":19}","{""Amazon"":61,""Apple"":47,""Netflix"":28,""Sirius XM"":19,""Amazon Marketplace"":19,""Spotify"":17,""Amazon Digital Services"":17,""Panda Express"":14,""Chewy"":12,""The Home Depot"":12,""Google"":12,""Comcast"":12,""Walmart"":10,""Target"":10,""Verizon Wireless"":10,""eBay"":10,""Costco"":10,""Audible"":10,""Phillips 66"":10,""Planet Fitness"":7}","{""O'Reilly Auto Parts"":17,""AutoZone"":10,""CARQUEST Auto Parts"":5,""Les Schwab"":3}","{""McDonald's"":21,""Exxon Mobil"":17,""Phillips 66"":10,""CENEX"":7,""Haagen Dazs"":3,""Subway"":3}","{""Verizon Wireless"":21,""AT&T"":17,""T-Mobile"":10,""Google Fi"":5,""Disney Mobile"":3}","{""Netflix"":28,""Dish Network"":7,""Hulu"":7,""Disney Plus"":7,""HBO Max"":5,""Youtube"":5,""Amazon Prime Video"":5,""Funimation"":3,""Peacock"":3,""Amazon Prime"":3,""DirecTV"":3}","{""Dashpass"":5,""HelloFresh"":3,""Uber Eats"":3}",{},{},"{""PayPal"":3,""Apple Card"":3,""Apple Cash"":3,""Venmo"":3}"
174574,228-224@5wg-hzm-9mk,SG_BRAND_0a1e9bfcb49a6541809c358da5cb205c,Chevron,2022-06-01,2022-07-01,6394.12,130,122,43.6,43.6,"{""25"":30.76,""75"":64.40}","[175.84,486.48,183.42,237.80,336.78,371.11,398.04,292.39,319.51,252.15,153.93,145.85,435.15,128.86,29.03,0.00,49.06,0.00,23.00,55.56,0.00,63.14,195.95,277.70,129.02,198.64,220.46,347.48,220.62,667.15]","[32.67,73.30,41.32,56.10,69.11,38.21,40.00,50.81,40.67,44.84,34.92,72.93,51.80,43.78,29.03,null,24.53,null,23.00,27.78,null,31.57,35.29,56.35,64.51,94.65,32.20,49.01,47.08,39.52]","{""Monday"":1082.28,""Tuesday"":874.38,""Wednesday"":781.02,""Thursday"":1669.09,""Friday"":762.33,""Saturday"":520.75,""Sunday"":704.27}","{""Wednesday"":5,""Monday"":4,""Saturday"":4,""Thursday"":5,""Tuesday"":4,""Friday"":4,""Sunday"":4}",-9.0,-53.0,14,555.68,"{""No intermediary"":130}","{""No intermediary"":6394.12}","{""1"":115,""2"":6,""3"":1,""4"":0,""5-10"":0,"">10"":0}","{""1"":48.30,""2"":118.74,""3"":127.00,""4"":null,""5-10"":null,"">10"":null}","{""<25k"":2,""25-45k"":13,""45-60k"":9,""60-75k"":7,""75-100k"":12,""100-150k"":31,"">150k"":41}","{""<25k"":55.21,""25-45k"":49.71,""45-60k"":35.78,""60-75k"":62.87,""75-100k"":59.04,""100-150k"":47.42,"">150k"":58.23}","{""Eagledale, WA"":4,""Pocatello, ID"":4,""Toledo, OH"":4,""Erda, UT"":4,""Estacada, OR"":4,""Milwaukee, WI"":4,""Tacoma, WA"":3,""Ada, OK"":3,""Houston, TX"":3,""Coppell, TX"":3,""Boise, ID"":3,""Anchorage, AK"":3,""Newbury Park, CA"":3,""Springdale, UT"":2,""Driggs, ID"":2,""Buhl, ID"":2,""Levan, UT"":2,""Niceville, FL"":2,""Brigham City, UT"":2,""Woods Cross, UT"":2,""Waynesville, MO"":2,""Conifer, CO"":2,""Sandy, UT"":2,""Salt Lake City, UT"":2,""Cedar Rapids, IA"":2,""Tustin, CA"":2,""Morgan, UT"":2,""Midland, TX"":2,""San Francisco, CA"":2,""Puyallup, WA"":2,""Sahuarita, AZ"":2,""Plymouth, NH"":2,""Mesa, AZ"":2,""Richardson, TX"":2,""Cleveland, ND"":2,""Depoe Bay, OR"":2,""Benjamin, UT"":2,""Charlotte, NC"":2,""Baltimore, MD"":2,""Pleasant Grove, UT"":2,""Meridian, ID"":2,""Adel, IA"":2,""Lakewood, CO"":2,""Kyle, TX"":2,""Gaylord, MI"":2,""Urbandale, IA"":2,""Ogden, UT"":2,""Brandon, FL"":2,""Gardiner, MT"":2,""Fairview, TX"":2,""Grovetown, GA"":2,""Seattle, WA"":2,""Monroe, LA"":2,""Panama City, FL"":2,""Fayetteville, NC"":2,""Buffalo, NY"":2,""La Vernia, TX"":2,""Guernsey, WY"":2,""Kuna, ID"":2,""Riverdale, UT"":2,""Monument, CO"":2,""Chubbuck, ID"":2,""Douglasville, GA"":2,""Francis, UT"":2,""Ouray, UT"":2,""Rexburg, ID"":2,""Bozeman, MT"":2,""Layton, UT"":2,""Mortonsville, KY"":2,""Lehi, UT"":2,""Heyburn, ID"":2,""San Marcos, CA"":2,""Chesterfield, MO"":2,""Parker, ID"":2,""Valentine, NE"":2,""Blackwood, NJ"":2,""Monticello, NY"":2,""Fountain, CO"":2,""Bothell, WA"":2,""Fairfax, VA"":2,""Idaho Falls, ID"":2,""Elizabethtown, NC"":2,""Boston, MA"":2,""Logan, UT"":2,""Hay, WA"":2}","{""Walmart"":74,""McDonald's"":66,""Shell Oil"":46,""Maverik"":43,""Exxon Mobil"":38,""Costco"":31,""Target"":30,""The Home Depot"":30,""Wendy's"":28,""Walgreens"":27,""Chick-fil-A"":25,""Albertsons"":23,""Phillips 66"":23,""ConocoPhillips"":22,""Burger King"":21,""Lowe's"":20,""7-Eleven"":20,""Pilot Flying J"":19,""Subway"":19,""Taco Bell"":19}","{""Amazon"":58,""Apple"":45,""Netflix"":36,""Hulu"":25,""Amazon Digital Services"":24,""Walmart"":19,""AT&T"":19,""Spotify"":19,""Amazon Marketplace"":19,""Comcast"":17,""Google"":16,""Verizon Wireless"":12,""McDonald's"":12,""Etsy"":11,""T-Mobile"":10,""Uber"":9,""Fandango"":8,""The Home Depot"":8,""Audible"":8,""Sam's Club"":8}","{""Shell Oil"":46,""Exxon Mobil"":40,""Phillips 66"":29,""ConocoPhillips"":26,""Pilot Flying J"":19,""Love's Travel Stops and Country Stores"":19,""BP"":12,""Marathon"":12,""Speedway"":11,""Sunoco"":9,""Murphy USA"":8,""Holiday Station"":7,""ARCO"":7,""Stinker Stores"":7,""QuikTrip"":6,""Common Cents"":5,""Loaf 'N Jug"":5,""Kroger Fuel Center"":4,""Yesway Convenience"":4,""Sheetz"":4}","{""McDonald's"":19,""Phillips 66"":5,""Exxon Mobil"":5,""Haagen Dazs"":3,""ConocoPhillips"":1,""CENEX"":1,""United States Postal Service (USPS)"":1,""Subway"":1}","{""Verizon Wireless"":28,""AT&T"":23,""T-Mobile"":11,""Disney Mobile"":3,""Cricket Wireless"":3,""Straight Talk"":2,""Sprint"":2,""U.S. Cellular"":1,""Boost Mobile"":1}","{""Netflix"":36,""Hulu"":25,""Disney Plus"":12,""Roku"":5,""Amazon Prime Video"":5,""Youtube"":4,""Redbox"":4,""Dish Network"":3,""Crunchyroll"":3,""HBO Max"":2,""YouTube TV"":2,""Funimation"":1,""Vudu"":1,""Peacock"":1,""Amazon Prime"":1,""Youtube Premium"":1,""Starz"":1}","{""Dashpass"":7,""Uber Eats"":7,""Instacart"":5,""HelloFresh"":1}","{""Uber"":9,""Lyft"":4}","{""Affirm.com"":5,""Afterpay"":2,""Sezzle"":1,""Klarna"":1}","{""PayPal"":3,""Apple Card"":1}"
174585,zzw-222@5wg-hzm-6zf,,,2022-06-01,2022-07-01,6309.13,21,19,218.87,201.48,"{""25"":166.82,""75"":330.28}","[190.28,0.00,0.00,537.24,101.48,309.12,201.48,618.24,831.98,487.43,335.88,143.36,2552.64,0.00,0.00,0.00,0.00,0.00,0.00,0.00,0.00,0.00,0.00,0.00,0.00,0.00,0.00,0.00,0.00,0.00]","[190.28,null,null,201.48,101.48,309.12,201.48,309.12,305.82,134.28,335.88,143.36,638.16,null,null,null,null,null,null,null,null,null,null,null,null,null,null,null,null,null]","{""Monday"":2861.76,""Tuesday"":201.48,""Wednesday"":808.52,""Thursday"":831.98,""Friday"":487.43,""Saturday"":873.12,""Sunday"":244.84}","{""Wednesday"":5,""Monday"":4,""Saturday"":4,""Thursday"":5,""Tuesday"":4,""Friday"":4,""Sunday"":4}",26.0,-51.0,3,850.84,"{""No intermediary"":21}","{""No intermediary"":6309.13}","{""1"":17,""2"":2,""3"":0,""4"":0,""5-10"":0,"">10"":0}","{""1"":220.97,""2"":1276.32,""3"":null,""4"":null,""5-10"":null,"">10"":null}","{""45-60k"":3,""60-75k"":2,""75-100k"":4,""100-150k"":5,"">150k"":8}","{""45-60k"":134.28,""60-75k"":151.48,""75-100k"":224.25,""100-150k"":541.55,"">150k"":239.95}","{""Bakersfield, CA"":4,""Georgetown, KY"":3,""Saint George, UT"":2,""Woods Cross, UT"":2,""Murfreesboro, TN"":2,""Boise, ID"":2,""La Vernia, TX"":2,""Kuna, ID"":2,""Colorado Springs, CO"":2,""Antelope, CA"":2,""Blanchard, PA"":2,""Castle Rock, CO"":2,""Isle, MN"":2,""Logan, UT"":2,""Wake Forest, NC"":2}","{""Walmart"":64,""McDonald's"":64,""Chevron"":43,""Maverik"":43,""Walgreens"":43,""Costco"":37,""Exxon Mobil"":37,""WinCo Foods"":32,""Burger King"":32,""Verizon Wireless"":27,""The Home Depot"":27,""Love's Travel Stops and Country Stores"":27,""Phillips 66"":27,""Shell Oil"":27,""Subway"":27,""Target"":22,""Taco Bell"":22,""Lowe's"":22,""Starbucks"":22,""Wendy's"":22}","{""Amazon"":37,""Netflix"":37,""Apple"":32,""Comcast"":32,""Planet Fitness"":16,""Google"":16,""ExxonMobil"":16,""T-Mobile"":16,""Delta Dental"":11,""Walmart"":11,""Target"":11,""Dutch Bros. Coffee"":11,""Chewy"":11,""Consumer Cellular, Inc"":11,""Adobe Systems"":11,""Macy's"":11,""Apple Card"":11,""Kohl's"":11,""Hulu"":11,""Google Storage"":11}","{""Ramada"":11,""Super 8"":11,""Best Western"":11,""Travelodge"":6,""Hyatt Hotels & Resorts"":6,""Comfort Suites"":6,""Motel 6"":6,""Days Inn"":6,""Baymont Inn & Suites"":6,""La Quinta Inns & Suites"":6,""Quality Inn"":6}","{""Exxon Mobil"":22,""McDonald's"":11,""Chevron"":6,""Avis Rent A Car"":6,""Haagen Dazs"":6}","{""Verizon Wireless"":27,""AT&T"":16,""T-Mobile"":16,""Sprint"":6}","{""Netflix"":37,""Disney Plus"":16,""Hulu"":11,""Dish Network"":6,""DirecTV"":6,""Amazon Prime Video"":6,""Youtube Premium"":6}",{},"{""Uber"":6}","{""Afterpay"":6,""Klarna"":6}","{""Apple Card"":11}"
174639,zzy-222@5wg-hzm-9pv,,,2022-06-01,2022-07-01,1417.73,15,12,92.92,114.73,"{""25"":42.44,""75"":132.60}","[0.00,0.00,0.00,163.18,0.00,127.40,0.00,102.28,0.00,0.00,0.00,99.12,207.08,0.00,0.00,0.00,132.60,29.95,0.00,0.00,0.00,43.06,0.00,224.85,107.25,0.00,0.00,0.00,0.00,180.96]","[null,null,null,163.18,null,127.40,null,51.14,null,null,null,99.12,51.77,null,null,null,132.60,29.95,null,null,null,43.06,null,224.85,107.25,null,null,null,null,180.96]","{""Monday"":334.48,""Tuesday"":0.00,""Wednesday"":145.34,""Thursday"":180.96,""Friday"":357.45,""Saturday"":300.38,""Sunday"":99.12}","{""Wednesday"":5,""Monday"":4,""Saturday"":4,""Thursday"":5,""Tuesday"":4,""Friday"":4,""Sunday"":4}",17.0,-38.0,1,29.95,"{""Square"":14,""No intermediary"":1}","{""Square"":1387.78,""No intermediary"":29.95}","{""1"":9,""2"":3,""3"":0,""4"":0,""5-10"":0,"">10"":0}","{""1"":123.15,""2"":103.12,""3"":null,""4"":null,""5-10"":null,"">10"":null}","{""25-45k"":2,""45-60k"":2,""75-100k"":3,""100-150k"":2,"">150k"":4}","{""25-45k"":72.67,""45-60k"":84.88,""75-100k"":145.25,""100-150k"":29.95,"">150k"":144.36}","{""Overland Park, KS"":2,""Clovis, NM"":2,""Clearfield, UT"":2,""Williston, VT"":2,""Boise, ID"":2,""Orlando, FL"":2,""Breinigsville, PA"":2,""San Antonio, TX"":2,""Galveston, TX"":2,""Castle Rock, CO"":2,""Austin, TX"":2,""Wake Forest, NC"":2}","{""Walmart"":50,""Chevron"":50,""Exxon Mobil"":50,""McDonald's"":42,""Target"":34,""Maverik"":34,""Albertsons"":25,""Taco Bell"":25,""Starbucks"":25,""QuikTrip"":25,""Costco"":25,""Pilot Flying J"":25,""CVS"":25,""Kroger"":17,""Murphy USA"":17,""The Home Depot"":17,""Hobby Lobby Stores"":17,""Safeway"":17,""7-Eleven"":17,""Fred Meyer"":17}","{""Amazon"":50,""Apple"":42,""Netflix"":42,""AT&T"":42,""Hulu"":34,""Amazon Digital Services"":25,""Comcast"":25,""Walmart"":17,""Roku"":17,""YouTube TV"":17,""Ancestry.Com"":17,""Spotify"":17,""Uber Eats"":17,""Adobe Creative Cloud"":17,""Amazon Marketplace"":17,""Little Caesars"":9,""ADT Security Services"":9,""Target"":9,""Verizon Wireless"":9,""Nayax"":9}","{""McDonald's"":42,""Taco Bell"":25,""Starbucks"":25,""Chick-fil-A"":25,""Little Caesars"":17,""Wendy's"":17,""Haagen Dazs"":17,""Panera Bread"":17,""Burger King"":17,""Jimmy John's"":9,""Golden Corral"":9,""California Pizza Kitchen"":9,""Chipotle Mexican Grill"":9,""Corner Bakery Cafe"":9,""The Capital Grille"":9,""Kona Grill"":9,""Eddie V's Prime Seafood"":9,""Provino's Italian Restaurant"":9,""Spin! Neapolitan Pizza"":9,""Domino's Pizza"":9}","{""Phillips 66"":9,""Exxon Mobil"":9,""Haagen Dazs"":9}","{""AT&T"":42,""Verizon Wireless"":17,""Sprint"":9,""T-Mobile"":9}","{""Netflix"":42,""Hulu"":34,""Roku"":17,""YouTube TV"":17,""HBO Max"":9,""Disney Plus"":9,""Amazon Prime Video"":9}","{""Uber Eats"":17,""Postmates"":9}",{},{},"{""Apple Card"":9}"
174784,224-222@5wg-hzm-9pv,,,2022-06-01,2022-07-01,8729.96,154,125,47.41,54.46,"{""25"":31.80,""75"":76.76}","[395.95,147.91,339.89,30.99,65.36,314.55,369.16,152.20,307.54,261.59,165.89,200.68,942.00,683.42,270.94,78.67,188.87,275.22,39.09,329.92,905.60,43.36,150.74,73.45,372.03,275.75,400.87,77.00,140.96,730.36]","[96.85,73.96,45.38,30.99,65.36,74.68,41.44,57.00,45.74,35.48,33.59,32.79,44.14,69.19,104.00,39.34,25.64,54.46,39.09,72.63,44.67,43.36,75.37,36.73,48.33,55.30,41.77,38.50,70.48,57.41]","{""Monday"":1987.34,""Tuesday"":2035.18,""Wednesday"":1003.41,""Thursday"":1415.22,""Friday"":863.80,""Saturday"":844.13,""Sunday"":580.88}","{""Wednesday"":5,""Monday"":4,""Saturday"":4,""Thursday"":5,""Tuesday"":4,""Friday"":4,""Sunday"":4}",144.0,-3.0,1,55.3,"{""No intermediary"":154}","{""No intermediary"":8729.96}","{""1"":101,""2"":21,""3"":1,""4"":2,""5-10"":0,"">10"":0}","{""1"":58.49,""2"":112.02,""3"":35.20,""4"":217.35,""5-10"":null,"">10"":null}","{""<25k"":18,""25-45k"":16,""45-60k"":8,""60-75k"":8,""75-100k"":14,""100-150k"":18,"">150k"":39}","{""<25k"":62.17,""25-45k"":58.70,""45-60k"":66.18,""60-75k"":96.04,""75-100k"":73.13,""100-150k"":60.87,"">150k"":76.66}","{""Riverton, VA"":7,""Idaho Falls, ID"":6,""Pocatello, ID"":5,""Boise, ID"":5,""Salt Lake City, UT"":4,""Flagstaff, AZ"":4,""Madison, WI"":3,""Midvale, UT"":3,""Albertville, AL"":2,""Myrtle Beach, SC"":2,""Grayling, MT"":2,""Fort Belvoir, VA"":2,""Ponte Vedra, FL"":2,""Fort Myers, FL"":2,""Brice, OH"":2,""Island Park, ID"":2,""Roy, UT"":2,""Troy, MI"":2,""Boulder, CO"":2,""Wildomar, CA"":2,""Lebanon, NH"":2,""Southlake, TX"":2,""San Francisco, CA"":2,""Blackfoot, ID"":2,""Sahuarita, AZ"":2,""Birmingham, AL"":2,""Kingman, AZ"":2,""Moab, UT"":2,""The Woodlands, TX"":2,""Royal, AR"":2,""Charlotte, NC"":2,""Meridian, ID"":2,""Aurora, OH"":2,""Louisville, KY"":2,""New Bern, NC"":2,""Gaylord, MI"":2,""Eden, UT"":2,""Ellzey, FL"":2,""Ogden, UT"":2,""Everett, WA"":2,""Clarksville, TN"":2,""Twin Falls, ID"":2,""Denver, CO"":2,""Buena Park, CA"":2,""West Valley City, UT"":2,""Toledo, OH"":2,""Monroe, LA"":2,""Apache Junction, AZ"":2,""Centerville, OH"":2,""Cedar City, UT"":2,""San Angelo, TX"":2,""Chestertown, MD"":2,""Lake Stevens, WA"":2,""Carbonville, UT"":2,""Bakersfield, CA"":2,""Porterville, CA"":2,""Burmester, UT"":2,""Farmington, UT"":2,""Missouri City, TX"":2,""Draper, UT"":2,""Erda, UT"":2,""Kennewick, WA"":2,""Nampa, ID"":2,""San Antonio, TX"":2,""Burtonsville, MD"":2,""Newton Falls, OH"":2,""Diggins, MO"":2,""Dallas, TX"":2,""Bessemer, AL"":2,""Lakeland, FL"":2,""West Valley, UT"":2,""Mars, PA"":2,""Parker, ID"":2,""Aurora, CO"":2,""Cedar Falls, IA"":2,""Downingtown, PA"":2,""Orem, UT"":2,""Denton, TX"":2,""Herriman, UT"":2,""Glendale, AZ"":2,""Durham, CT"":2,""Lernerville, PA"":2,""Rancho Cucamonga, CA"":2,""Parker, CO"":2,""Caldwell, ID"":2,""Castle Rock, CO"":2,""Wake Forest, NC"":2}","{""Walmart"":68,""McDonald's"":59,""Maverik"":43,""Chevron"":41,""Shell Oil"":35,""Target"":32,""Wendy's"":28,""Walgreens"":28,""Starbucks"":27,""Costco"":26,""The Home Depot"":24,""Verizon Wireless"":22,""WinCo Foods"":22,""Love's Travel Stops and Country Stores"":22,""Exxon Mobil"":22,""Albertsons"":21,""Chick-fil-A"":21,""Pilot Flying J"":20,""Subway"":20,""Lowe's"":18}","{""Amazon"":64,""Netflix"":35,""Apple"":34,""Amazon Digital Services"":26,""Hulu"":20,""Amazon Marketplace"":20,""Walmart"":17,""Spotify"":16,""AT&T"":16,""Comcast"":13,""Sirius XM"":11,""Dutch Bros. Coffee"":10,""Audible"":10,""Target"":8,""Verizon Wireless"":8,""Uber"":8,""Adobe Systems"":8,""The Home Depot"":8,""Google"":8,""Maverik"":8}","{""McDonald's"":60,""Wendy's"":28,""Starbucks"":28,""Subway"":23,""Chick-fil-A"":21,""Burger King"":16,""Taco Bell"":16,""Dairy Queen"":15,""Panda Express"":13,""In-N-Out Burger"":12,""Sonic"":12,""Domino's Pizza"":12,""Arby's"":12,""Dutch Bros Coffee"":11,""Jimmy John's"":10,""Cafe Rio"":10,""Chili's Grill & Bar"":9,""Chipotle Mexican Grill"":9,""Freddy's Frozen Custard"":9,""Popeyes Louisiana Kitchen"":9}","{""McDonald's"":9,""Haagen Dazs"":5,""Exxon Mobil"":5,""Chevron"":3,""Subway"":3,""NAPA Auto Parts"":1,""ConocoPhillips"":1,""Days Inn"":1,""United States Postal Service (USPS)"":1,""Phillips 66"":1}","{""Verizon Wireless"":29,""AT&T"":24,""T-Mobile"":7,""Cricket Wireless"":3,""Google Fi"":2,""Boost Mobile"":2,""Sprint"":2}","{""Netflix"":35,""Hulu"":20,""Disney Plus"":12,""Redbox"":6,""Amazon Prime Video"":6,""Peacock"":4,""Roku"":4,""YouTube TV"":4,""Youtube"":4,""Vudu"":4,""Dish Network"":3,""Amazon Prime"":3,""DirecTV"":2,""Youtube Premium"":2,""Sling TV"":1,""HBO Max"":1,""Starz"":1}","{""Dashpass"":6,""Uber Eats"":4,""HelloFresh"":3,""DoorDash"":2,""Instacart"":2}","{""Uber"":8,""Lyft"":1}","{""Afterpay"":5,""Klarna"":4,""Affirm.com"":3}","{""Apple Card"":6,""PayPal"":4,""Apple Cash"":3,""Venmo"":2}"
174836,zzy-222@5wg-hzn-y9z,,,2022-06-01,2022-07-01,1223.88,41,34,22.78,27.17,"{""25"":5.41,""75"":43.01}","[14.56,66.37,0.00,55.85,95.68,0.00,30.58,89.60,64.65,115.75,0.00,0.00,233.60,92.60,22.78,87.30,0.00,0.00,74.57,10.61,42.12,0.00,25.07,0.00,36.74,0.00,10.74,24.45,30.26,0.00]","[7.28,25.58,null,55.85,47.84,null,30.58,44.80,64.65,115.75,null,null,58.40,35.34,22.78,87.30,null,null,74.57,10.61,4.16,null,2.99,null,36.74,null,5.37,5.62,30.26,null]","{""Monday"":254.95,""Tuesday"":189.75,""Wednesday"":157.20,""Thursday"":243.39,""Friday"":115.75,""Saturday"":92.59,""Sunday"":170.25}","{""Wednesday"":5,""Monday"":4,""Saturday"":4,""Thursday"":5,""Tuesday"":4,""Friday"":4,""Sunday"":4}",66.0,33.0,1,65.98,"{""Square"":38,""No intermediary"":3}","{""Square"":1112.83,""No intermediary"":111.05}","{""1"":27,""2"":7,""3"":0,""4"":0,""5-10"":0,"">10"":0}","{""1"":33.74,""2"":44.70,""3"":null,""4"":null,""5-10"":null,"">10"":null}","{""<25k"":6,""25-45k"":4,""45-60k"":4,""75-100k"":4,""100-150k"":3,"">150k"":12}","{""<25k"":24.30,""25-45k"":15.04,""45-60k"":35.14,""75-100k"":14.18,""100-150k"":24.80,"">150k"":60.63}","{""Greer, SC"":6,""Grayling, MT"":4,""Ammon, ID"":3,""Bozeman, MT"":3,""Cincinnati, OH"":3,""Bethlehem, PA"":2,""Island Park, ID"":2,""Charleston, TX"":2,""Pittsburgh, PA"":2,""Providence, RI"":2,""Cornelius, NC"":2,""Hayden, ID"":2,""Dothan, AL"":2,""Highland, UT"":2,""Mechanicsville, VA"":2,""Pocatello, ID"":2,""Everett, WA"":2,""Clay, CA"":2,""Ahuimanu, HI"":2,""Draper, UT"":2,""Aurora, CO"":2,""Durham, CT"":2,""Idaho Falls, ID"":2,""Castle Rock, CO"":2}","{""Walmart"":42,""McDonald's"":42,""Exxon Mobil"":39,""Shell Oil"":36,""Target"":30,""Chevron"":30,""The Home Depot"":30,""Maverik"":27,""Starbucks"":24,""Costco"":24,""Chick-fil-A"":24,""Subway"":24,""Walgreens"":21,""Burger King"":21,""CVS"":21,""Stinker Stores"":21,""Taco Bell"":18,""PetSmart"":18,""United States Postal Service (USPS)"":18,""Albertsons"":15}","{""Amazon"":59,""Apple"":45,""Netflix"":45,""Spotify"":27,""Amazon Marketplace"":21,""Sirius XM"":18,""Hulu"":18,""Amazon Digital Services"":18,""Verizon Wireless"":15,""Comcast"":12,""Uber"":9,""Dutch Bros. Coffee"":9,""Nintendo"":9,""Klarna"":9,""Google"":9,""AT&T"":9,""CVS"":9,""Affirm.com"":9,""Etsy"":6,""Walmart"":6}","{""McDonald's"":42,""Chick-fil-A"":27,""Starbucks"":24,""Subway"":24,""Burger King"":21,""Taco Bell"":18,""Panera Bread"":12,""Dairy Queen"":12,""In-N-Out Burger"":12,""Chipotle Mexican Grill"":9,""Village Inn"":9,""Wendy's"":9,""Dutch Bros Coffee"":9,""Haagen Dazs"":9,""IHOP"":6,""Jimmy John's"":6,""Chili's Grill & Bar"":6,""Olive Garden"":6,""Domino's Pizza"":6,""KFC"":6}","{""McDonald's"":21,""Phillips 66"":12,""United States Postal Service (USPS)"":9,""Subway"":9,""NAPA Auto Parts"":6,""Haagen Dazs"":6,""Exxon Mobil"":6}","{""Verizon Wireless"":24,""AT&T"":15,""T-Mobile"":6,""Disney Mobile"":3}","{""Netflix"":45,""Hulu"":18,""Disney Plus"":18,""HBO Max"":6,""Youtube"":6,""Sling TV"":3,""Roku"":3,""YouTube TV"":3,""Funimation"":3,""Dish Network"":3,""Redbox"":3,""Amazon Prime Video"":3}","{""Dashpass"":6,""Instacart"":3,""DoorDash"":3}","{""Uber"":9}","{""Affirm.com"":9,""Klarna"":9,""Sezzle"":6,""Afterpay"":3}","{""Apple Cash"":3}"
175109,224-222@5wg-hzm-9pv,,,2022-07-01,2022-08-01,14316.92,244,137,47.2,73.42,"{""25"":31.29,""75"":76.46}","[735.06,98.00,255.97,94.75,429.20,288.98,235.23,886.22,338.57,598.81,1452.70,284.64,347.22,946.26,398.96,316.84,269.66,1382.10,316.43,328.58,427.70,537.46,468.28,396.54,636.82,199.98,402.49,255.14,628.12,164.18,196.03]","[183.77,98.00,48.87,47.38,35.00,55.33,50.33,52.58,72.75,78.52,47.39,56.26,86.81,44.00,34.27,103.36,68.64,49.10,56.96,59.81,60.60,23.67,75.72,40.68,53.75,50.00,34.69,72.31,82.40,41.05,29.22]","{""Monday"":3566.37,""Tuesday"":1230.25,""Wednesday"":1367.27,""Thursday"":1864.33,""Friday"":3185.82,""Saturday"":1385.87,""Sunday"":1717.01}","{""Wednesday"":4,""Monday"":4,""Saturday"":5,""Thursday"":4,""Tuesday"":4,""Friday"":5,""Sunday"":5}",64.0,31.0,3,358.44,"{""No intermediary"":244}","{""No intermediary"":14316.92}","{""1"":59,""2"":64,""3"":5,""4"":8,""5-10"":1,"">10"":0}","{""1"":61.71,""2"":118.79,""3"":211.31,""4"":217.78,""5-10"":275.17,"">10"":null}","{""<25k"":14,""25-45k"":12,""45-60k"":15,""60-75k"":3,""75-100k"":20,""100-150k"":22,"">150k"":42}","{""<25k"":80.44,""25-45k"":81.51,""45-60k"":91.43,""60-75k"":68.43,""75-100k"":99.09,""100-150k"":115.48,"">150k"":126.03}","{""Grayling, MT"":6,""Edmond, OK"":5,""Pocatello, ID"":5,""West Jordan, UT"":4,""Salt Lake City, UT"":4,""Centerville, UT"":4,""Ogden, UT"":4,""Twin Falls, ID"":4,""Boise, ID"":4,""Erda, UT"":4,""Burley, ID"":4,""Doral, FL"":3,""Bluffton, SC"":3,""Bakersfield, CA"":3,""Rexburg, ID"":3,""Helena, MT"":3,""Idaho Falls, ID"":3,""Tacoma, WA"":2,""Hawthorne, CA"":2,""Buckeye, AZ"":2,""Vega, TX"":2,""Macedonia, OH"":2,""West Bountiful, UT"":2,""Amalga, UT"":2,""Highgrove, CA"":2,""Buhl, ID"":2,""Medford, NJ"":2,""Roy, UT"":2,""Sandy, UT"":2,""Harker Heights, TX"":2,""Bairdford, PA"":2,""Plymouth Meeting, PA"":2,""Arlington, WA"":2,""Pittsburgh, PA"":2,""El Paso, TX"":2,""Annex, OR"":2,""Hoback, WY"":2,""Blackfoot, ID"":2,""Lincolnton, NC"":2,""Lebanon, TN"":2,""Manti, UT"":2,""Murrysville, PA"":2,""Gilbert, AZ"":2,""Benjamin, UT"":2,""Buford, GA"":2,""Big Sky, MT"":2,""South Salt Lake, UT"":2,""Harrisville, UT"":2,""Eden, UT"":2,""Lester, WA"":2,""Clearfield, UT"":2,""Sloughhouse, CA"":2,""Cockeysville, MD"":2,""Las Vegas, NV"":2,""Jacksonville, FL"":2,""New York, NY"":2,""Seattle, WA"":2,""Findlay, OH"":2,""San Pablo, CA"":2,""Circleville, TX"":2,""Colorado Springs, CO"":2,""Burmester, UT"":2,""Grant, ID"":2,""Grand Rapids, MI"":2,""Carrollton, TX"":2,""Athens, OH"":2,""Waterloo, IA"":2,""Cleveland, OH"":2,""Layton, UT"":2,""Nampa, ID"":2,""Billings, MT"":2,""Greer, SC"":2,""Riverside, CA"":2,""Eagle, ID"":2,""Arlington Heights, IL"":2,""Conata, SD"":2,""Caldwell, ID"":2,""Austin, TX"":2,""Logan, UT"":2,""Wake Forest, NC"":2}","{""Walmart"":73,""McDonald's"":60,""Maverik"":46,""Chevron"":40,""Shell Oil"":32,""Taco Bell"":30,""Costco"":30,""Subway"":29,""Exxon Mobil"":28,""Albertsons"":26,""The Home Depot"":25,""ConocoPhillips"":25,""Walgreens"":25,""Pilot Flying J"":24,""Chick-fil-A"":23,""Dollar Tree"":23,""Wendy's"":22,""Phillips 66"":22,""Target"":19,""Lowe's"":19}","{""Amazon"":60,""Apple"":36,""Netflix"":32,""Walmart"":22,""Spotify"":17,""Amazon Marketplace"":16,""Hulu"":15,""Maverik"":13,""Amazon Digital Services"":13,""AT&T"":12,""Target"":10,""Comcast"":10,""Verizon Wireless"":9,""Uber"":9,""T-Mobile"":9,""Sirius XM"":8,""Panda Express"":6,""McDonald's"":6,""Chevron"":6,""Steam"":6}","{""McDonald's"":61,""Taco Bell"":31,""Subway"":30,""Wendy's"":23,""Chick-fil-A"":23,""Domino's Pizza"":19,""Jack in the Box"":17,""Starbucks"":16,""Panda Express"":16,""Burger King"":15,""Little Caesars"":14,""Arby's"":14,""Sonic"":13,""Jimmy John's"":12,""KFC"":10,""Chipotle Mexican Grill"":9,""Jersey Mike's"":9,""Arctic Circle"":9,""Dairy Queen"":9,""Dunkin'"":9}","{""McDonald's"":19,""Exxon Mobil"":8,""Subway"":8,""Phillips 66"":7,""ConocoPhillips"":6,""Haagen Dazs"":6,""Chevron"":4,""NAPA Auto Parts"":2,""CENEX"":2,""United States Postal Service (USPS)"":1}","{""Verizon Wireless"":19,""AT&T"":16,""T-Mobile"":14,""Straight Talk"":3,""Cricket Wireless"":2,""Sprint"":2,""Disney Mobile"":1,""MetroPCS"":1,""U.S. Cellular"":1,""TracFone Wireless"":1}","{""Netflix"":32,""Hulu"":15,""Dish Network"":6,""Disney Plus"":6,""Redbox"":5,""Roku"":3,""Peacock"":3,""Amazon Prime Video"":3,""Sling TV"":2,""HBO Max"":2,""Amazon Prime"":2,""YouTube TV"":1,""Youtube"":1,""Crunchyroll"":1,""Youtube Premium"":1}","{""Dashpass"":5,""Uber Eats"":4,""DoorDash"":2,""Postmates"":1,""Instacart"":1}","{""Uber"":9}","{""Afterpay"":3,""Affirm.com"":3,""Klarna"":1}","{""Apple Card"":3,""Venmo"":3,""Apple Cash"":2,""PayPal"":1}"
175395,zzy-224@5wg-hzm-9mk,,,2022-07-01,2022-08-01,74.58,6,4,14.51,15.55,"{""25"":7.23,""75"":15.55}","[0.00,0.00,15.55,0.00,0.00,0.00,0.00,0.00,0.00,0.00,0.00,0.00,0.00,29.02,0.00,0.00,0.00,0.00,0.00,0.00,14.46,0.00,15.55,0.00,0.00,0.00,0.00,0.00,0.00,0.00,0.00]","[null,null,15.55,null,null,null,null,null,null,null,null,null,null,14.51,null,null,null,null,null,null,7.23,null,15.55,null,null,null,null,null,null,null,null]","{""Monday"":0.00,""Tuesday"":0.00,""Wednesday"":0.00,""Thursday"":43.48,""Friday"":0.00,""Saturday"":15.55,""Sunday"":15.55}","{""Wednesday"":4,""Monday"":4,""Saturday"":5,""Thursday"":4,""Tuesday"":4,""Friday"":5,""Sunday"":5}",,,0,0.0,"{""No intermediary"":6}","{""No intermediary"":74.58}","{""1"":2,""2"":2,""3"":0,""4"":0,""5-10"":0,"">10"":0}","{""1"":15.55,""2"":21.74,""3"":null,""4"":null,""5-10"":null,"">10"":null}","{""<25k"":2,""25-45k"":2,""75-100k"":2,"">150k"":2}","{""<25k"":29.02,""25-45k"":15.55,""75-100k"":14.46,"">150k"":15.55}","{""Logan, UT"":2,""Roy, UT"":2,""Mantua, UT"":2}","{""Walmart"":100,""Wendy's"":100,""Maverik"":75,""WinCo Foods"":50,""The Home Depot"":50,""Pilot Flying J"":50,""Panda Express"":50,""Phillips 66"":50,""Little Caesars"":25,""Jimmy John's"":25,""Target"":25,""Chipotle Mexican Grill"":25,""Chevron"":25,""Apria"":25,""Harbor Freight Tools"":25,""Taco Bell"":25,""Macey's"":25,""Apple Retail Store"":25,""PetSmart"":25,""7-Eleven"":25}","{""Walmart"":75,""Maverik"":75,""Apple"":50,""Amazon"":25,""Sirius XM"":25,""Ross Stores"":25,""Jamba Juice"":25,""Google"":25,""Netflix"":25,""Chick-fil-A"":25,""McDonald's"":25,""Comcast"":25,""Pizza Hut"":25,""Cafe Zupas"":25,""Xbox"":25}","{""Big 5 Sporting Goods"":25}",{},{},"{""Netflix"":25}",{},{},{},"{""Apple Cash"":25}"
175530,zzy-225@5wg-jfw-p5f,,,2022-07-01,2022-08-01,2683.24,7,5,363.88,559.76,"{""25"":279.88,""75"":412.38}","[0.00,0.00,285.48,0.00,0.00,0.00,649.36,0.00,0.00,0.00,0.00,0.00,0.00,0.00,0.00,0.00,0.00,0.00,0.00,0.00,0.00,0.00,0.00,0.00,824.76,559.76,0.00,0.00,0.00,0.00,363.88]","[null,null,285.48,null,null,null,649.36,null,null,null,null,null,null,null,null,null,null,null,null,null,null,null,null,null,412.38,279.88,null,null,null,null,363.88]","{""Monday"":824.76,""Tuesday"":559.76,""Wednesday"":0.00,""Thursday"":649.36,""Friday"":0.00,""Saturday"":0.00,""Sunday"":649.36}","{""Wednesday"":4,""Monday"":4,""Saturday"":5,""Thursday"":4,""Tuesday"":4,""Friday"":5,""Sunday"":5}",29.0,-20.0,0,0.0,"{""No intermediary"":7}","{""No intermediary"":2683.24}","{""1"":3,""2"":2,""3"":0,""4"":0,""5-10"":0,"">10"":0}","{""1"":432.91,""2"":692.26,""3"":null,""4"":null,""5-10"":null,"">10"":null}","{""<25k"":2,""60-75k"":2,""75-100k"":2,"">150k"":2}","{""<25k"":461.82,""60-75k"":649.36,""75-100k"":824.76,"">150k"":285.48}","{""Boise, ID"":3,""Idaho Falls, ID"":3,""Salt Lake City, UT"":2,""Holyoke, MA"":2,""Seattle, WA"":2}","{""Walmart"":60,""Albertsons"":60,""Taco Bell"":60,""Costco"":60,""McDonald's"":60,""Shell Oil"":60,""Verizon Wireless"":40,""Fred Meyer"":40,""Maverik"":40,""Pilot Flying J"":40,""Burger King"":40,""Texas Roadhouse"":40,""Stinker Stores"":40,""Exxon Mobil"":40,""Petco"":20,""Sonic"":20,""Corner Bakery Cafe"":20,""Papa Murphy's"":20,""Chevron"":20,""Olive Garden"":20}","{""Amazon"":40,""Netflix"":40,""Petco"":20,""Walmart"":20,""Lyft"":20,""DoorDash"":20,""Dutch Bros. Coffee"":20,""Nintendo"":20,""Ring"":20,""Apple"":20,""Afterpay"":20,""Maverik"":20,""ExxonMobil"":20,""Dashpass"":20,""Crunchyroll"":20,""Hulu"":20,""Spotify"":20,""Microsoft Ultimate"":20,""McDonald's"":20,""AT&T"":20}",{},"{""Phillips 66"":20,""McDonald's"":20}","{""Verizon Wireless"":40,""AT&T"":20}","{""Netflix"":40,""Hulu"":20,""Crunchyroll"":20}","{""Dashpass"":20,""DoorDash"":20}","{""Lyft"":20}","{""Afterpay"":20}",{}
175544,227-222@5wg-hzm-9mk,,,2022-07-01,2022-08-01,559.94,7,3,55.5,38.5,"{""25"":38.50,""75"":119.25}","[0.00,0.00,0.00,0.00,0.00,36.50,0.00,0.00,0.00,0.00,0.00,0.00,0.00,0.00,0.00,0.00,0.00,0.00,0.00,38.50,0.00,0.00,0.00,0.00,0.00,0.00,0.00,135.44,349.50,0.00,0.00]","[null,null,null,null,null,36.50,null,null,null,null,null,null,null,null,null,null,null,null,null,38.50,null,null,null,null,null,null,null,135.44,87.38,null,null]","{""Monday"":0.00,""Tuesday"":0.00,""Wednesday"":75.00,""Thursday"":135.44,""Friday"":349.50,""Saturday"":0.00,""Sunday"":0.00}","{""Wednesday"":4,""Monday"":4,""Saturday"":5,""Thursday"":4,""Tuesday"":4,""Friday"":5,""Sunday"":5}",,137.0,0,0.0,"{""No intermediary"":7}","{""No intermediary"":559.94}","{""1"":2,""2"":0,""3"":0,""4"":0,""5-10"":1,"">10"":0}","{""1"":37.50,""2"":null,""3"":null,""4"":null,""5-10"":484.94,"">10"":null}","{"">150k"":2}","{"">150k"":260.72}","{""Tokeland, WA"":2,""Carrolls, WA"":2}","{""Walmart"":100,""Chevron"":100,""Taco Bell"":100,""Safeway"":100,""Fred Meyer"":67,""Ace Hardware"":67,""Love's Travel Stops and Country Stores"":67,""Maverik"":67,""ARCO"":67,""McDonald's"":67,""Shell Oil"":67,""Subway"":67,""Brooklyn Fare"":34,""Trader Joe's"":34,""WinCo Foods"":34,""Alice and Olivia"":34,""The Home Depot"":34,""The Old Spaghetti Factory"":34,""PetSmart"":34,""7-Eleven"":34}","{""Amazon"":100,""The Home Depot"":67,""Netflix"":67,""Amazon Digital Services"":67,""Lyft"":34,""Papa Murphy's"":34,""Chevron"":34,""Uber"":34,""Sirius XM"":34,""Adobe Systems"":34,""Kaiser Permanente"":34,""Safeway"":34,""PetSmart"":34,""Dish Network"":34,""Apple"":34,""Wendy's"":34,""Facebook"":34,""Dashpass"":34,""Hulu"":34,""OnStar"":34}",{},"{""McDonald's"":34}","{""AT&T"":34}","{""Netflix"":67,""Dish Network"":34,""Redbox"":34,""Hulu"":34,""Amazon Prime"":34}","{""Dashpass"":34}","{""Lyft"":34,""Uber"":34}",{},{}
175590,228-224@5wg-hzm-9mk,SG_BRAND_0a1e9bfcb49a6541809c358da5cb205c,Chevron,2022-07-01,2022-08-01,12089.33,236,213,45.75,52.19,"{""25"":29.08,""75"":67.12}","[100.89,50.16,552.86,306.63,818.96,232.45,560.21,499.35,135.60,138.51,879.00,346.88,135.96,110.60,339.33,110.34,458.47,576.85,845.98,344.74,341.87,216.90,429.59,497.47,575.38,240.64,116.03,671.67,452.02,626.51,377.48]","[31.93,50.16,30.01,45.27,56.57,49.87,44.00,46.75,22.15,58.45,43.52,71.12,25.23,55.30,57.88,44.15,45.66,63.33,63.96,65.89,49.75,38.74,69.68,36.71,34.42,41.55,29.24,39.41,48.51,65.39,45.84]","{""Monday"":2337.86,""Tuesday"":2252.46,""Wednesday"":829.18,""Thursday"":1684.35,""Friday"":1608.49,""Saturday"":1352.20,""Sunday"":2024.79}","{""Wednesday"":4,""Monday"":4,""Saturday"":5,""Thursday"":4,""Tuesday"":4,""Friday"":5,""Sunday"":5}",89.0,-25.0,16,926.23,"{""No intermediary"":236}","{""No intermediary"":12089.33}","{""1"":195,""2"":14,""3"":3,""4"":1,""5-10"":0,"">10"":0}","{""1"":52.09,""2"":98.40,""3"":164.29,""4"":61.68,""5-10"":null,"">10"":null}","{""<25k"":10,""25-45k"":24,""45-60k"":13,""60-75k"":9,""75-100k"":15,""100-150k"":38,"">150k"":89}","{""<25k"":38.22,""25-45k"":43.82,""45-60k"":61.05,""60-75k"":51.75,""75-100k"":63.50,""100-150k"":51.22,"">150k"":62.97}","{""Salt Lake City, UT"":10,""Boise, ID"":6,""West Bountiful, UT"":4,""Schertz, TX"":3,""San Diego, CA"":3,""North Salt Lake, UT"":3,""Billerica, MA"":3,""Meridian, ID"":3,""Twin Falls, ID"":3,""Fishers, IN"":3,""Rapid City, SD"":3,""Toledo, OH"":3,""Herriman, UT"":3,""Logan, UT"":3,""Tacoma, WA"":2,""Renton, WA"":2,""Lake Elsinore, CA"":2,""Eureka, CA"":2,""Inverness, FL"":2,""Phenix City, AL"":2,""Kennesaw, GA"":2,""Amalga, UT"":2,""Marathon, FL"":2,""Santee, CA"":2,""South Jordan, UT"":2,""Whittier, CA"":2,""Grayling, MT"":2,""Bountiful, UT"":2,""Payette, ID"":2,""Scott Air Force Base, IL"":2,""Syracuse, UT"":2,""Island Park, ID"":2,""Sandy, UT"":2,""Troy, MI"":2,""Villa Rica, GA"":2,""Prosser, WA"":2,""Redmond, WA"":2,""Dallasburg, OH"":2,""Taylorsville, UT"":2,""Liberty Lake, WA"":2,""Manitou Springs, CO"":2,""Concordville, PA"":2,""Pittsburgh, PA"":2,""Limestone, OK"":2,""Carmel, IN"":2,""Peoria, IL"":2,""Vernal, UT"":2,""Ellicott City, MD"":2,""Chandler, AZ"":2,""Yukon, OK"":2,""Morton, IL"":2,""Lincolnton, NC"":2,""Flagstaff, AZ"":2,""Lebanon, TN"":2,""Gainesville, VA"":2,""Windsor, CO"":2,""Mesa, AZ"":2,""Fort Myers Beach, FL"":2,""Edmond, OK"":2,""Charlotte, NC"":2,""Crouch, ID"":2,""Virginia Beach, VA"":2,""Woodridge, IL"":2,""Phoenix, AZ"":2,""Big Sky, MT"":2,""Ballwin, MO"":2,""Pleasant Grove, UT"":2,""Sherwood, IA"":2,""Cody, WY"":2,""Belgrade, MT"":2,""Issaquah, WA"":2,""Fort Wayne, IN"":2,""Madisonburg, OH"":2,""Clovis, NM"":2,""Pocatello, ID"":2,""Zephyrhills, FL"":2,""Omaha, NE"":2,""Burbank, CA"":2,""Guthrie, OK"":2,""Littleton, CO"":2,""Edler, CO"":2,""Cary, NC"":2,""Snohomish, WA"":2,""Charleston, SC"":2,""Solana Beach, CA"":2,""Coeur D Alene, ID"":2,""Monroe, NC"":2,""Denver, CO"":2,""Amber, IA"":2,""Great Falls, MT"":2,""West Valley City, UT"":2,""Saint Louis, MO"":2,""Daytona Beach, FL"":2,""Las Vegas, NV"":2,""Cougar, WA"":2,""Seattle, WA"":2,""Fayetteville, NC"":2,""Riverton, UT"":2,""Columbus, OH"":2,""Friendswood, TX"":2,""Mustang, OK"":2,""Spokane, WA"":2,""Gunnison, UT"":2,""Cleator, AZ"":2,""Evergreen, CO"":2,""Hermitage, PA"":2,""Bakersfield, CA"":2,""Chubbuck, ID"":2,""Sunnyvale, CA"":2,""Burmester, UT"":2,""Farmington, UT"":2,""Kailua, HI"":2,""Draper, UT"":2,""Kodiak, AK"":2,""Rexburg, ID"":2,""Bozeman, MT"":2,""Layton, UT"":2,""Nampa, ID"":2,""San Antonio, TX"":2,""Lehi, UT"":2,""Pennington, NJ"":2,""Kalispell, MT"":2,""Englewood, CO"":2,""Fe Warren Afb, WY"":2,""Helena, MT"":2,""Anchorage, AK"":2,""Lynchburg, VA"":2,""Featherville, ID"":2,""Burley, ID"":2,""Lacey, WA"":2,""Orem, UT"":2,""River Falls, WI"":2,""Woodland, WA"":2,""Eagle, ID"":2,""Bethesda, MD"":2,""Glendale, AZ"":2,""Bend, OR"":2,""Daniels, ID"":2,""Fairland, TX"":2,""Idaho Falls, ID"":2,""Jackson, WY"":2,""Caldwell, ID"":2,""Ocean City, MD"":2,""Columbia, SC"":2}","{""Walmart"":65,""McDonald's"":55,""Shell Oil"":43,""Maverik"":40,""Exxon Mobil"":38,""Target"":35,""Costco"":32,""Starbucks"":31,""ConocoPhillips"":29,""Chick-fil-A"":27,""The Home Depot"":26,""Taco Bell"":25,""Subway"":25,""Walgreens"":25,""Albertsons"":23,""Lowe's"":23,""Pilot Flying J"":22,""Wendy's"":22,""Verizon Wireless"":20,""Smith's Food & Drug Stores"":19}","{""Amazon"":66,""Apple"":51,""Netflix"":35,""Amazon Digital Services"":24,""Hulu"":23,""Spotify"":22,""Amazon Marketplace"":22,""Walmart"":17,""Target"":15,""Comcast"":14,""AT&T"":13,""Google"":12,""Audible"":12,""Amazon Prime Video"":11,""Maverik"":10,""Sirius XM"":9,""McDonald's"":8,""Uber"":8,""Verizon Wireless"":8,""T-Mobile"":8}","{""Shell Oil"":43,""Exxon Mobil"":39,""ConocoPhillips"":31,""Pilot Flying J"":23,""Phillips 66"":18,""Stinker Stores"":13,""Love's Travel Stops and Country Stores"":12,""Speedway"":10,""BP"":9,""Kum & Go"":9,""Holiday Station"":8,""Marathon"":8,""Murphy USA"":7,""Loaf 'N Jug"":6,""ARCO"":6,""Safeway Fuel Station"":4,""QuikTrip"":4,""Texaco"":4,""Sunoco"":4,""Common Cents"":3}","{""McDonald's"":19,""Haagen Dazs"":6,""Exxon Mobil"":6,""Phillips 66"":4,""Subway"":4,""ConocoPhillips"":2,""NAPA Auto Parts"":1,""Avis Rent A Car"":1,""Days Inn"":1,""United States Postal Service (USPS)"":1}","{""Verizon Wireless"":26,""AT&T"":17,""T-Mobile"":13,""Sprint"":3,""Google Fi"":1,""Disney Mobile"":1,""Cricket Wireless"":1,""Straight Talk"":1,""MetroPCS"":1,""U.S. Cellular"":1,""TracFone Wireless"":1}","{""Netflix"":35,""Hulu"":23,""Amazon Prime Video"":11,""Disney Plus"":9,""Youtube"":5,""Youtube Premium"":4,""Peacock"":3,""HBO Max"":2,""YouTube TV"":2,""Dish Network"":2,""Amazon Prime"":2,""Redbox"":2,""Sling TV"":1,""Fubo"":1,""Crunchyroll"":1,""DirecTV"":1,""Starz"":1}","{""Dashpass"":6,""DoorDash"":5,""Instacart"":5,""Uber Eats"":5,""HelloFresh"":1,""Postmates"":1,""Go Puff"":1}","{""Uber"":8,""Lyft"":4}","{""Afterpay"":3,""Sezzle"":1,""Acima Credit"":1,""Klarna"":1,""Affirm.com"":1,""Progressive Leasing"":1}","{""Apple Cash"":3,""Apple Card"":2,""Venmo"":2,""PayPal"":1}"
175676,zzy-224@5wg-hzm-9s5,,,2022-07-01,2022-08-01,10013.8,250,132,18.15,34.28,"{""25"":7.80,""75"":44.70}","[96.20,53.53,230.80,515.91,292.34,134.03,122.98,610.62,274.30,0.00,522.76,39.52,350.88,219.00,2129.30,173.04,18.16,24.72,48.31,129.58,1466.84,423.96,215.97,7.80,181.92,653.92,144.55,122.19,190.18,290.58,329.91]","[14.30,5.97,43.66,33.80,9.31,3.09,9.61,15.00,18.63,null,35.34,9.88,10.29,18.71,38.47,39.51,18.16,6.18,20.78,20.77,47.82,20.66,15.59,7.80,12.48,57.24,14.81,31.20,38.47,51.98,19.75]","{""Monday"":1245.31,""Tuesday"":1034.09,""Wednesday"":759.04,""Thursday"":1931.01,""Friday"":3450.26,""Saturday"":1007.42,""Sunday"":586.67}","{""Wednesday"":4,""Monday"":4,""Saturday"":5,""Thursday"":4,""Tuesday"":4,""Friday"":5,""Sunday"":5}",,,0,0.0,"{""No intermediary"":250}","{""No intermediary"":10013.80}","{""1"":51,""2"":65,""3"":5,""4"":5,""5-10"":6,"">10"":0}","{""1"":38.89,""2"":87.96,""3"":47.28,""4"":113.10,""5-10"":251.86,"">10"":null}","{""<25k"":16,""25-45k"":16,""45-60k"":17,""60-75k"":5,""75-100k"":16,""100-150k"":23,"">150k"":40}","{""<25k"":25.50,""25-45k"":56.13,""45-60k"":101.33,""60-75k"":82.76,""75-100k"":60.59,""100-150k"":92.72,"">150k"":92.66}","{""Idaho Falls, ID"":11,""Rexburg, ID"":6,""Salt Lake City, UT"":5,""Burmester, UT"":5,""Logan, UT"":5,""Gilbert, AZ"":4,""Pocatello, ID"":4,""West Jordan, UT"":3,""San Diego, CA"":3,""Goodyear, AZ"":3,""Woods Cross, UT"":3,""Blackfoot, ID"":3,""Gardiner, MT"":3,""Portland, OR"":3,""Twin Falls, ID"":3,""Hamburg, NY"":3,""Lehi, UT"":3,""Tremonton, UT"":2,""Los Angeles, CA"":2,""Saint George, UT"":2,""West Bountiful, UT"":2,""Grayling, MT"":2,""Brigham City, UT"":2,""Island Park, ID"":2,""Blakeslee, OH"":2,""Cora, WY"":2,""Sandy, UT"":2,""Taylorsville, UT"":2,""Ballard, UT"":2,""Arlington, WA"":2,""Centerville, UT"":2,""King Hill, ID"":2,""Provo, UT"":2,""Pleasant Grove, UT"":2,""Meridian, ID"":2,""Ogden, UT"":2,""Clearfield, UT"":2,""Magna, UT"":2,""Boise, ID"":2,""Riverton, UT"":2,""Ammon, ID"":2,""Chubbuck, ID"":2,""Acequia, ID"":2,""Grant, ID"":2,""Athens, OH"":2,""Draper, UT"":2,""Chugwater, WY"":2,""Avon Lake, OH"":2,""Erda, UT"":2,""Bozeman, MT"":2,""Layton, UT"":2,""Nampa, ID"":2,""Salem, OR"":2,""Gladstone, OR"":2,""Charleston, UT"":2,""West Valley, UT"":2,""Saratoga Springs, UT"":2,""Tallahassee, FL"":2,""Rivesville, WV"":2,""Herriman, UT"":2,""Daniels, ID"":2,""Caldwell, ID"":2,""Wake Forest, NC"":2}","{""Walmart"":76,""Maverik"":72,""McDonald's"":69,""Costco"":48,""Chevron"":47,""Wendy's"":37,""Smith's Food & Drug Stores"":36,""Chick-fil-A"":30,""Subway"":29,""Target"":28,""Shell Oil"":24,""Taco Bell"":23,""The Home Depot"":23,""Albertsons"":20,""WinCo Foods"":19,""Walgreens"":19,""Panda Express"":19,""Arby's"":19,""Lowe's"":18,""Dollar Tree"":17}","{""Amazon"":63,""Apple"":40,""Walmart"":31,""Netflix"":25,""Amazon Digital Services"":22,""Spotify"":21,""Comcast"":18,""Costa Vida"":17,""Maverik"":15,""Hulu"":13,""Amazon Marketplace"":12,""Verizon Wireless"":10,""Costco"":10,""McDonald's"":9,""Amazon Prime Video"":9,""Target"":8,""Sirius XM"":8,""Google"":8,""Chick-fil-A"":8,""ExxonMobil"":8}",{},"{""McDonald's"":23,""Subway"":8,""Haagen Dazs"":6,""Phillips 66"":5,""NAPA Auto Parts"":3,""United States Postal Service (USPS)"":2,""Exxon Mobil"":2,""CENEX"":1,""Budget Rent A Car"":1}","{""Verizon Wireless"":18,""T-Mobile"":10,""AT&T"":7,""Sprint"":4,""MetroPCS"":3,""Straight Talk"":2}","{""Netflix"":25,""Hulu"":13,""Amazon Prime Video"":9,""Disney Plus"":7,""Redbox"":4,""Dish Network"":4,""YouTube TV"":3,""HBO Max"":2,""Starz"":2,""Roku"":1,""Fubo"":1,""Youtube"":1,""Peacock"":1,""Youtube Premium"":1}","{""Dashpass"":5,""Uber Eats"":4,""Postmates"":1,""DoorDash"":1}","{""Uber"":3,""Lyft"":2}","{""Sezzle"":2,""Affirm.com"":2,""Zip Company"":1}","{""Apple Card"":3,""Apple Cash"":3,""PayPal"":1,""Venmo"":1}"
175682,229-222@5wg-hzm-7h5,,,2022-07-01,2022-08-01,3330.35,40,24,77.6,82.71,"{""25"":36.40,""75"":123.10}","[508.78,0.00,80.92,3.62,1069.14,0.00,0.00,0.00,0.00,441.25,0.00,0.00,0.00,72.80,472.66,0.00,107.52,0.00,19.72,106.80,10.00,0.00,0.00,0.00,206.16,0.00,74.28,0.00,0.00,0.00,156.70]","[127.20,null,80.92,3.62,137.46,null,null,null,null,77.25,null,null,null,36.40,118.16,null,53.76,null,19.72,40.40,5.00,null,null,null,28.08,null,74.28,null,null,null,156.70]","{""Monday"":209.78,""Tuesday"":1088.86,""Wednesday"":181.08,""Thursday"":82.80,""Friday"":981.44,""Saturday"":0.00,""Sunday"":786.39}","{""Wednesday"":4,""Monday"":4,""Saturday"":5,""Thursday"":4,""Tuesday"":4,""Friday"":5,""Sunday"":5}",85.0,17.0,0,0.0,"{""No intermediary"":40}","{""No intermediary"":3330.35}","{""1"":11,""2"":11,""3"":1,""4"":1,""5-10"":0,"">10"":0}","{""1"":76.72,""2"":192.82,""3"":36.00,""4"":329.38,""5-10"":null,"">10"":null}","{""<25k"":3,""25-45k"":4,""45-60k"":2,""60-75k"":4,""100-150k"":6,"">150k"":6}","{""<25k"":196.28,""25-45k"":74.27,""45-60k"":28.08,""60-75k"":50.78,""100-150k"":88.21,"">150k"":221.38}","{""Grayling, MT"":4,""George, WA"":4,""Bountiful, UT"":2,""Island Park, ID"":2,""Tucson, AZ"":2,""Sandy, UT"":2,""Maple Grove, MN"":2,""Denver, CO"":2,""East Lansing, MI"":2,""Boise, ID"":2,""Fayetteville, NC"":2,""Sylvania, OH"":2,""Rexburg, ID"":2,""Lewes, DE"":2,""Ephraim, UT"":2,""Ashton, ID"":2,""Peoria, AZ"":2}","{""McDonald's"":50,""Subway"":50,""Chevron"":46,""Walmart"":42,""Target"":38,""Maverik"":38,""Taco Bell"":34,""Exxon Mobil"":34,""Dollar Tree"":34,""Walgreens"":30,""Pilot Flying J"":30,""Costco"":25,""Stinker Stores"":25,""Phillips 66"":25,""Ross Stores"":21,""Sam's Club"":21,""Shell Oil"":21,""Sonic"":17,""Jimmy John's"":17,""Olive Garden"":17}","{""Amazon"":42,""Apple"":34,""Xbox"":30,""Hulu"":25,""Spotify"":21,""Google"":17,""Amazon Digital Services"":17,""AT&T"":17,""DoorDash"":13,""Netflix"":13,""Maverik"":13,""Dashpass"":13,""Costa Vida"":13,""Comcast"":13,""Etsy"":9,""Lyft"":9,""Target"":9,""Dropbox"":9,""Chevron"":9,""Dutch Bros. Coffee"":9}","{""McDonald's"":50,""Subway"":50,""Taco Bell"":34,""Arby's"":21,""Sonic"":17,""Jimmy John's"":17,""Olive Garden"":17,""Jersey Mike's"":17,""Wendy's"":17,""Haagen Dazs"":17,""Panda Express"":17,""Burger King"":17,""Starbucks"":13,""Panera Bread"":13,""Costa Vida"":13,""Old Chicago Pizza and Taproom"":9,""Chili's Grill & Bar"":9,""Jamba"":9,""KFC"":9,""Buffalo Wild Wings"":9}","{""McDonald's"":25,""Haagen Dazs"":17,""Phillips 66"":17,""Chevron"":9,""CENEX"":9,""Exxon Mobil"":9,""Subway"":9,""NAPA Auto Parts"":5,""ConocoPhillips"":5}","{""AT&T"":17,""Verizon Wireless"":17,""T-Mobile"":5}","{""Hulu"":25,""Netflix"":13,""Youtube"":9,""Disney Plus"":9,""Amazon Prime Video"":9,""Sling TV"":5,""Roku"":5,""HBO Max"":5,""Fubo"":5,""Peacock"":5,""Amazon Prime"":5}","{""DoorDash"":13,""Dashpass"":13,""HelloFresh"":5,""Instacart"":5,""Shipt"":5}","{""Lyft"":9,""Uber"":5}","{""Afterpay"":5,""Affirm.com"":5}","{""Apple Cash"":9,""Venmo"":5}"
175781,zzy-223@5wg-jfw-rzf,SG_BRAND_27ee73cd1fb6f5e432852fea401eacce,United States Postal Service (USPS),2022-07-01,2022-08-01,408.68,32,30,9.72,10.08,"{""25"":4.58,""75"":16.10}","[19.43,0.00,0.00,0.00,0.00,39.25,25.88,10.15,0.00,0.00,8.80,0.00,17.52,0.00,18.80,0.00,0.00,10.94,0.60,35.62,0.00,7.85,0.00,0.00,10.00,149.32,0.00,14.02,40.50,0.00,0.00]","[9.72,null,null,null,null,19.63,12.94,10.15,null,null,8.80,null,8.76,null,9.40,null,null,10.94,0.60,6.59,null,7.85,null,null,4.40,19.23,null,3.99,20.25,null,null]","{""Monday"":29.74,""Tuesday"":149.92,""Wednesday"":92.39,""Thursday"":39.90,""Friday"":96.73,""Saturday"":0.00,""Sunday"":0.00}","{""Wednesday"":4,""Monday"":4,""Saturday"":5,""Thursday"":4,""Tuesday"":4,""Friday"":5,""Sunday"":5}",-8.0,-64.0,0,0.0,"{""No intermediary"":32}","{""No intermediary"":408.68}","{""1"":28,""2"":2,""3"":0,""4"":0,""5-10"":0,"">10"":0}","{""1"":13.09,""2"":21.03,""3"":null,""4"":null,""5-10"":null,"">10"":null}","{""<25k"":3,""25-45k"":2,""45-60k"":4,""60-75k"":2,""75-100k"":2,""100-150k"":5,"">150k"":9}","{""<25k"":5.77,""25-45k"":13.97,""45-60k"":38.97,""60-75k"":3.99,""75-100k"":6.77,""100-150k"":13.44,"">150k"":15.04}","{""Grayling, MT"":5,""Acoma, NV"":2,""Anthem, AZ"":2,""Kingston, NY"":2,""Durango, CO"":2,""Salt Lake City, UT"":2,""Devon, KY"":2,""Phoenix, AZ"":2,""Folsom, CA"":2,""Missoula, MT"":2,""Portland, OR"":2,""Honolulu, HI"":2,""Ammon, ID"":2,""Sutherlin, OR"":2,""Erda, UT"":2,""Aurora, CO"":2,""Bend, OR"":2}","{""Walmart"":64,""McDonald's"":47,""Costco"":30,""Albertsons"":27,""Pilot Flying J"":27,""Chevron"":24,""The Home Depot"":24,""Maverik"":24,""Exxon Mobil"":24,""Verizon Wireless"":20,""Safeway"":20,""Shell Oil"":20,""Phillips 66"":17,""Arby's"":17,""Target"":14,""WinCo Foods"":14,""Fred Meyer"":14,""Ace Hardware"":14,""Chick-fil-A"":14,""Jimmy John's"":10}","{""Amazon"":57,""Apple"":37,""Amazon Digital Services"":30,""Spotify"":27,""Verizon Wireless"":24,""Walmart"":20,""Netflix"":20,""Google Storage"":20,""Sirius XM"":17,""Amazon Kindle"":17,""Hulu"":14,""Amazon Marketplace"":14,""Target"":10,""Steam"":10,""Youtube"":10,""Costco"":10,""Audible"":10,""OptumRx"":7,""Dish Network"":7,""Google"":7}",{},"{""McDonald's"":30,""Chevron"":4,""NAPA Auto Parts"":4,""Holiday Inn"":4,""Haagen Dazs"":4,""Phillips 66"":4,""Subway"":4}","{""Verizon Wireless"":44,""T-Mobile"":14,""AT&T"":7,""Google Fi"":4}","{""Netflix"":20,""Hulu"":14,""Youtube"":10,""Disney Plus"":10,""Dish Network"":7,""Redbox"":7,""Youtube Premium"":7,""Starz"":7,""Sling TV"":4,""Roku"":4,""Fubo"":4}","{""Instacart"":4,""Uber Eats"":4}","{""Uber"":4}","{""Afterpay"":4,""Affirm.com"":4,""Klarna"":4}","{""PayPal"":4}"
175880,222-222@5wg-hzm-7dv,,,2022-07-01,2022-08-01,2518.56,4,2,629.64,1259.28,"{""25"":366.12,""75"":893.16}","[0.00,0.00,0.00,0.00,0.00,0.00,0.00,0.00,0.00,0.00,0.00,0.00,1786.32,0.00,0.00,0.00,0.00,0.00,0.00,0.00,0.00,0.00,0.00,0.00,0.00,732.24,0.00,0.00,0.00,0.00,0.00]","[null,null,null,null,null,null,null,null,null,null,null,null,893.16,null,null,null,null,null,null,null,null,null,null,null,null,366.12,null,null,null,null,null]","{""Monday"":0.00,""Tuesday"":732.24,""Wednesday"":1786.32,""Thursday"":0.00,""Friday"":0.00,""Saturday"":0.00,""Sunday"":0.00}","{""Wednesday"":4,""Monday"":4,""Saturday"":5,""Thursday"":4,""Tuesday"":4,""Friday"":5,""Sunday"":5}",,110.0,0,0.0,"{""No intermediary"":4}","{""No intermediary"":2518.56}","{""1"":0,""2"":2,""3"":0,""4"":0,""5-10"":0,"">10"":0}","{""1"":null,""2"":1259.28,""3"":null,""4"":null,""5-10"":null,"">10"":null}","{"">150k"":4}","{"">150k"":1259.28}","{""Van Buren, MO"":3}","{""Chevron"":100,""Shell Oil"":100,""Food Rite"":50,""Belk"":50,""Walmart"":50,""ULTA Beauty"":50,""California Pizza Kitchen"":50,""Target"":50,""10Box Cost-Plus"":50,""Verizon Wireless"":50,""Casey's General Stores"":50,""Barnes and Noble"":50,""Kroger"":50,""Once Upon a Child"":50,""T.J. Maxx"":50,""The Home Depot"":50,""Hobby Lobby Stores"":50,""Huddle House"":50,""Buc-ee's"":50,""Buffalo Wild Wings"":50}","{""Walmart"":50,""Verizon Wireless"":50,""Amazon"":50,""Sirius XM"":50,""The Home Depot"":50,""Apple"":50,""Netflix"":50,""Hulu"":50,""Amazon Digital Services"":50,""Suddenlink Communications"":50,""Comcast"":50,""Amazon Marketplace"":50,""Express Scripts"":50,""Simplisafe"":50}",{},"{""Avis Rent A Car"":50}","{""Verizon Wireless"":50}","{""Hulu"":50,""Netflix"":50}",{},{},{},{}
175956,223-222@5wg-hzm-9zz,,,2022-07-01,2022-08-01,8209.74,142,87,52.4,80.38,"{""25"":33.39,""75"":69.05}","[268.52,127.67,230.74,114.28,761.84,120.28,58.61,248.20,0.00,0.00,294.54,245.60,1287.44,398.46,296.78,312.69,309.91,479.82,221.99,383.74,21.32,626.10,33.19,234.78,342.78,276.08,201.20,131.72,160.94,0.00,20.52]","[41.02,44.47,63.44,57.14,52.40,26.92,58.61,124.10,null,null,46.76,61.40,53.38,40.19,28.67,106.02,97.60,42.19,110.99,58.57,10.66,67.58,33.19,39.40,61.73,41.73,81.08,65.86,40.24,null,20.52]","{""Monday"":1231.42,""Tuesday"":1505.51,""Wednesday"":1992.66,""Thursday"":610.11,""Friday"":1600.54,""Saturday"":473.55,""Sunday"":795.95}","{""Wednesday"":4,""Monday"":4,""Saturday"":5,""Thursday"":4,""Tuesday"":4,""Friday"":5,""Sunday"":5}",34.0,47.0,140,8038.0,"{""No intermediary"":142}","{""No intermediary"":8209.74}","{""1"":35,""2"":50,""3"":1,""4"":1,""5-10"":0,"">10"":0}","{""1"":64.91,""2"":108.70,""3"":346.17,""4"":156.48,""5-10"":null,"">10"":null}","{""<25k"":11,""25-45k"":9,""45-60k"":4,""60-75k"":3,""75-100k"":15,""100-150k"":17,"">150k"":30}","{""<25k"":54.22,""25-45k"":82.24,""45-60k"":60.78,""60-75k"":65.32,""75-100k"":66.25,""100-150k"":103.83,"">150k"":122.20}","{""Herriman, UT"":10,""Grayling, MT"":5,""Altoona, IA"":4,""Sierra Vista, AZ"":3,""Phoenix, AZ"":3,""Meridian, ID"":3,""East Syracuse, NY"":3,""Boise, ID"":3,""Renton, WA"":2,""West Jordan, UT"":2,""Saint George, UT"":2,""Mount Vernon, WA"":2,""South Jordan, UT"":2,""Bountiful, UT"":2,""Scott Air Force Base, IL"":2,""Woods Cross, UT"":2,""Troy, MI"":2,""Dallasburg, OH"":2,""Salt Lake City, UT"":2,""Cedar Rapids, IA"":2,""Manitou Springs, CO"":2,""Bristol, TN"":2,""Murfreesboro, TN"":2,""Centennial, CO"":2,""Kimberton, PA"":2,""Fayetteville, NY"":2,""Mesa, AZ"":2,""Kingman, AZ"":2,""Gilbert, AZ"":2,""Provo, UT"":2,""Pleasant Grove, UT"":2,""Highland, UT"":2,""Harrisville, UT"":2,""Hyrum, UT"":2,""Ogden, UT"":2,""New Braunfels, TX"":2,""Winston Salem, NC"":2,""Clearfield, UT"":2,""Portland, ND"":2,""Denver, CO"":2,""Queensbury, NY"":2,""Ankeny, IA"":2,""Columbus, OH"":2,""Ammon, ID"":2,""Walstonburg, NC"":2,""Akron, OH"":2,""Grant, ID"":2,""Flower Mound, TX"":2,""Rexburg, ID"":2,""Erda, UT"":2,""Knoxville, TN"":2,""Eagle Mountain, UT"":2,""Salem, OR"":2,""Charleston, UT"":2,""Fe Warren Afb, WY"":2,""Aurora, CO"":2,""River Falls, WI"":2,""Scottsdale, AZ"":2,""Cave Creek, AZ"":2,""Idaho Falls, ID"":2,""Logan, UT"":2}","{""Walmart"":71,""Maverik"":52,""McDonald's"":51,""Chevron"":45,""Costco"":40,""Target"":37,""Shell Oil"":35,""Exxon Mobil"":34,""Taco Bell"":30,""The Home Depot"":30,""Wendy's"":30,""Walgreens"":29,""Starbucks"":28,""Smith's Food & Drug Stores"":27,""Phillips 66"":26,""Pilot Flying J"":25,""ConocoPhillips"":23,""Subway"":23,""Albertsons"":21,""Burger King"":21}","{""Amazon"":58,""Apple"":46,""Netflix"":32,""Amazon Digital Services"":23,""Amazon Marketplace"":19,""Hulu"":18,""Spotify"":18,""Comcast"":18,""Verizon Wireless"":17,""Maverik"":15,""Walmart"":14,""Target"":14,""Sirius XM"":12,""AT&T"":11,""Amazon Prime Video"":11,""Costa Vida"":10,""Amazon Kindle"":10,""The Home Depot"":9,""Audible"":9,""Phillips 66"":9}","{""McDonald's"":51,""Taco Bell"":33,""Wendy's"":33,""Starbucks"":28,""Subway"":26,""Chick-fil-A"":23,""Burger King"":21,""Panda Express"":19,""Arby's"":18,""Little Caesars"":17,""Dairy Queen"":15,""Olive Garden"":14,""Panera Bread"":13,""Domino's Pizza"":12,""KFC"":12,""Carl's Jr."":12,""Café Zupas"":11,""Culver's"":11,""Jimmy John's"":10,""Costa Vida"":10}","{""McDonald's"":17,""Exxon Mobil"":17,""Chevron"":9,""Phillips 66"":9,""Haagen Dazs"":5,""Subway"":5,""ConocoPhillips"":3,""NAPA Auto Parts"":2,""United States Postal Service (USPS)"":2}","{""Verizon Wireless"":36,""AT&T"":13,""T-Mobile"":10,""Sprint"":7,""Straight Talk"":5,""Disney Mobile"":3}","{""Netflix"":32,""Hulu"":18,""Disney Plus"":13,""Amazon Prime Video"":11,""Dish Network"":7,""Redbox"":6,""Roku"":4,""Youtube Premium"":3,""HBO Max"":2,""YouTube TV"":2,""Youtube"":2,""Vudu"":2,""Peacock"":2,""Time Warner Cable"":2,""DirecTV"":2,""Starz"":2}","{""Dashpass"":5,""Uber Eats"":5,""Instacart"":2,""Shipt"":2}","{""Uber"":3,""Lyft"":2}","{""Affirm.com"":5,""Afterpay"":4,""Klarna"":3,""Zip Company"":2}","{""Apple Card"":7,""PayPal"":5,""Apple Cash"":5,""Venmo"":2}"
175969,225-222@5wg-hzm-7dv,SG_BRAND_a0ccd5fb65a3df0d5a340321693f0a16,ConocoPhillips,2022-07-01,2022-08-01,6601.8,208,161,25.16,32.6,"{""25"":7.09,""75"":49.82}","[357.88,60.05,106.30,123.30,299.42,341.15,46.45,234.13,292.41,400.42,97.96,316.92,79.35,125.08,221.91,209.87,236.95,221.29,155.62,314.15,207.56,111.36,200.09,352.49,378.28,278.64,28.17,259.11,455.21,55.28,35.00]","[27.52,10.69,53.15,31.16,19.87,62.80,9.98,29.28,36.47,9.13,7.78,51.35,39.68,14.54,31.20,50.00,31.26,13.83,11.67,37.78,38.46,21.59,64.00,57.61,10.50,60.42,7.86,23.04,46.18,27.64,35.00]","{""Monday"":820.83,""Tuesday"":1050.60,""Wednesday"":762.82,""Thursday"":638.20,""Friday"":1380.49,""Saturday"":817.70,""Sunday"":1131.16}","{""Wednesday"":4,""Monday"":4,""Saturday"":5,""Thursday"":4,""Tuesday"":4,""Friday"":5,""Sunday"":5}",32.0,50.0,86,3280.95,"{""No intermediary"":208}","{""No intermediary"":6601.80}","{""1"":129,""2"":23,""3"":5,""4"":2,""5-10"":2,"">10"":0}","{""1"":32.45,""2"":59.74,""3"":102.19,""4"":128.20,""5-10"":137.27,"">10"":null}","{""<25k"":17,""25-45k"":17,""45-60k"":9,""60-75k"":14,""75-100k"":16,""100-150k"":36,"">150k"":48}","{""<25k"":31.14,""25-45k"":38.36,""45-60k"":18.71,""60-75k"":38.15,""75-100k"":35.94,""100-150k"":34.00,"">150k"":57.58}","{""Salt Lake City, UT"":15,""South Jordan, UT"":10,""Hyrum, UT"":7,""West Valley City, UT"":7,""Logan, UT"":6,""Harrisville, UT"":5,""Blackfoot, ID"":4,""Mesa, AZ"":4,""Ogden, UT"":4,""Draper, UT"":4,""Lynchburg, VA"":4,""Phoenix, AZ"":3,""Ammon, ID"":3,""Reno, NV"":3,""Herriman, UT"":3,""Renton, WA"":2,""Vega, TX"":2,""Saint George, UT"":2,""Seaside Heights, NJ"":2,""Amalga, UT"":2,""Lancaster, PA"":2,""Grayling, MT"":2,""Island Park, ID"":2,""Roy, UT"":2,""Troy, MI"":2,""Nashville, TN"":2,""College Station, TX"":2,""Carnot, PA"":2,""Gallatin Gateway, MT"":2,""Vernal, UT"":2,""Morgan, UT"":2,""Woodside, UT"":2,""Benjamin, UT"":2,""Big Sky, MT"":2,""Provo, UT"":2,""Hershey, PA"":2,""Cottonwood Heights, UT"":2,""Eden, UT"":2,""Cantwell, AK"":2,""Pocatello, ID"":2,""Clearfield, UT"":2,""Kenly, NC"":2,""Lamont, WY"":2,""Sulphur, LA"":2,""Sidney, MT"":2,""Bliss, ID"":2,""Boise, ID"":2,""Basalt, ID"":2,""Countryside, IL"":2,""Riverton, UT"":2,""Greenwich, NY"":2,""Columbus, OH"":2,""Friendswood, TX"":2,""Northport, AL"":2,""Campbelltown, PA"":2,""Carbonville, UT"":2,""Chantilly, VA"":2,""Burien, WA"":2,""Shiremanstown, PA"":2,""Burlington, WI"":2,""Rexburg, ID"":2,""Erda, UT"":2,""Carrolls, WA"":2,""Bozeman, MT"":2,""Layton, UT"":2,""Hopkinsville, OH"":2,""Canton, GA"":2,""Charleston, UT"":2,""Billings, MT"":2,""Helena, MT"":2,""Brecksville, OH"":2,""West Valley, UT"":2,""Parker, ID"":2,""Orem, UT"":2,""Ashton, ID"":2,""Atlanta, GA"":2,""Bend, OR"":2,""Willow Grove, PA"":2,""Conata, SD"":2,""Idaho Falls, ID"":2,""Jackson, WY"":2,""Caldwell, ID"":2,""Hinckley, MN"":2,""Eastlake, OH"":2,""Wake Forest, NC"":2}","{""Walmart"":66,""Maverik"":57,""McDonald's"":53,""Chevron"":31,""Target"":30,""Exxon Mobil"":30,""Shell Oil"":28,""The Home Depot"":25,""Costco"":24,""Wendy's"":22,""Phillips 66"":22,""7-Eleven"":21,""Subway"":20,""WinCo Foods"":19,""Starbucks"":19,""Chick-fil-A"":19,""Walgreens"":19,""Pilot Flying J"":17,""Smith's Food & Drug Stores"":17,""Taco Bell"":15}","{""Amazon"":57,""Apple"":28,""Netflix"":26,""Comcast"":23,""Maverik"":21,""Spotify"":17,""Hulu"":15,""Target"":14,""Phillips 66"":14,""Google"":13,""Amazon Digital Services"":13,""Walmart"":12,""Verizon Wireless"":12,""AT&T"":12,""Costa Vida"":12,""iTunes"":11,""The Home Depot"":10,""Google Storage"":10,""McDonald's"":10,""Costco"":10}","{""Phillips 66"":34,""Exxon Mobil"":34,""Chevron"":32,""Shell Oil"":28,""Pilot Flying J"":18,""Speedway"":12,""Love's Travel Stops and Country Stores"":10,""BP"":7,""Sheetz"":6,""Holiday Station"":5,""Holiday Oil"":5,""Sunoco"":5,""Loaf 'N Jug"":5,""Good 2 Go Stores"":5,""ARCO"":4,""Marathon"":4,""QuikTrip"":4,""Kum & Go"":4,""Stinker Stores"":4,""Common Cents"":2}","{""McDonald's"":12,""Exxon Mobil"":7,""Phillips 66"":5,""Haagen Dazs"":4,""Subway"":3,""Chevron"":2,""NAPA Auto Parts"":2,""Avis Rent A Car"":1}","{""Verizon Wireless"":19,""AT&T"":15,""T-Mobile"":8,""Sprint"":2,""Straight Talk"":1,""U.S. Cellular"":1}","{""Netflix"":26,""Hulu"":15,""Disney Plus"":7,""Youtube"":4,""Dish Network"":4,""Redbox"":4,""Amazon Prime Video"":4,""Youtube Premium"":3,""Sling TV"":2,""YouTube TV"":2,""Vudu"":2,""Roku"":1,""HBO Max"":1,""Fubo"":1,""Funimation"":1,""Peacock"":1}","{""Instacart"":2,""Dashpass"":2,""Uber Eats"":2,""DoorDash"":2}","{""Uber"":6,""Lyft"":4}","{""Affirm.com"":2,""Klarna"":2,""Afterpay"":2,""Progressive Leasing"":1}","{""PayPal"":3,""Apple Cash"":3,""Apple Card"":2,""Venmo"":2}"
175987,zzw-222@5wg-j3d-26k,,,2022-07-01,2022-08-01,344.55,29,9,9.75,23.75,"{""25"":5.29,""75"":15.75}","[0.00,0.00,0.00,36.82,134.66,12.68,17.04,16.10,0.00,3.00,0.00,0.00,0.00,0.00,0.00,0.00,3.50,0.00,0.00,0.00,0.00,25.50,0.00,0.00,71.50,0.00,0.00,0.00,0.00,0.00,23.75]","[null,null,null,18.41,15.27,6.34,8.52,8.05,null,3.00,null,null,null,null,null,null,3.50,null,null,null,null,6.38,null,null,10.00,null,null,null,null,null,23.75]","{""Monday"":108.32,""Tuesday"":134.66,""Wednesday"":12.68,""Thursday"":17.04,""Friday"":41.60,""Saturday"":0.00,""Sunday"":30.25}","{""Wednesday"":4,""Monday"":4,""Saturday"":5,""Thursday"":4,""Tuesday"":4,""Friday"":5,""Sunday"":5}",-13.0,-44.0,0,0.0,"{""No intermediary"":29}","{""No intermediary"":344.55}","{""1"":4,""2"":1,""3"":0,""4"":2,""5-10"":2,"">10"":0}","{""1"":8.50,""2"":5.50,""3"":null,""4"":45.75,""5-10"":106.78,"">10"":null}","{""<25k"":2,""25-45k"":3,""45-60k"":2,""100-150k"":2}","{""<25k"":5.50,""25-45k"":15.75,""45-60k"":62.61,""100-150k"":55.53}","{""River Falls, WI"":8,""Salt Lake City, UT"":3,""Cottonwood Heights, UT"":3,""Grants Pass, OR"":2,""Erda, UT"":2}","{""Maverik"":89,""Walmart"":67,""Panda Express"":56,""The Home Depot"":45,""Costco"":45,""In-N-Out Burger"":45,""Jimmy John's"":34,""Chevron"":34,""Apollo Burgers"":34,""7-Eleven"":34,""Five Below"":34,""Wendy's"":34,""Smith's Food & Drug Stores"":34,""McDonald's"":34,""Subway"":34,""Little Caesars"":23,""Target"":23,""Chipotle Mexican Grill"":23,""Domino's Pizza"":23,""Taco Bell"":23}","{""Amazon"":78,""Walmart"":45,""Apple"":45,""Comcast"":45,""Spotify"":34,""Target"":23,""Netflix"":23,""Maverik"":23,""Costco"":23,""Cinemark Theatres"":23,""Xbox"":23,""Little Caesars"":12,""Verizon Wireless"":12,""Olive Garden"":12,""CenturyLink"":12,""Shutterfly"":12,""Adobe Systems"":12,""The Home Depot"":12,""Del Taco"":12,""Wendy's"":12}","{""Topgolf"":12}","{""Subway"":23}","{""AT&T"":12,""Verizon Wireless"":12}","{""Netflix"":23,""Hulu"":12,""Youtube Premium"":12}",{},{},{},"{""Apple Cash"":12}"
176000,zzw-222@5wg-hzf-hqz,,,2022-07-01,2022-08-01,248.19,7,5,27.0,54.0,"{""25"":7.50,""75"":54.69}","[0.00,0.00,0.00,0.00,0.00,0.00,0.00,0.00,0.00,0.00,15.00,0.00,0.00,0.00,0.00,0.00,0.00,54.00,0.00,0.00,0.00,0.00,135.69,43.50,0.00,0.00,0.00,0.00,0.00,0.00,0.00]","[null,null,null,null,null,null,null,null,null,null,7.50,null,null,null,null,null,null,27.00,null,null,null,null,67.85,43.50,null,null,null,null,null,null,null]","{""Monday"":69.00,""Tuesday"":0.00,""Wednesday"":0.00,""Thursday"":0.00,""Friday"":0.00,""Saturday"":135.69,""Sunday"":43.50}","{""Wednesday"":4,""Monday"":4,""Saturday"":5,""Thursday"":4,""Tuesday"":4,""Friday"":5,""Sunday"":5}",-41.0,-35.0,0,0.0,"{""Square"":5,""No intermediary"":2}","{""Square"":150.00,""No intermediary"":98.19}","{""1"":3,""2"":2,""3"":0,""4"":0,""5-10"":0,"">10"":0}","{""1"":59.73,""2"":34.50,""3"":null,""4"":null,""5-10"":null,"">10"":null}","{""60-75k"":5,""75-100k"":2,"">150k"":2}","{""60-75k"":54.69,""75-100k"":43.50,"">150k"":34.50}","{""North Salt Lake, UT"":2,""Pocatello, ID"":2,""Midvale, UT"":2,""Lehi, UT"":2,""Gulfport, MS"":2}","{""Walmart"":80,""Lowe's"":80,""Costco"":80,""The Home Depot"":60,""Maverik"":60,""Burger King"":60,""McDonald's"":60,""ULTA Beauty"":40,""Target"":40,""Chevron"":40,""WinCo Foods"":40,""Wendy's"":40,""Smith's Food & Drug Stores"":40,""Walgreens"":40,""Dairy Queen"":40,""Pilot Flying J"":40,""Sam's Club"":40,""Exxon Mobil"":40,""Big 5 Sporting Goods"":40,""Petco"":20}","{""Apple"":60,""Amazon"":40,""Spotify"":40,""Etsy"":20,""Toyota"":20,""Michaels"":20,""Steam"":20,""Ipsy"":20,""Expedia"":20,""Delta Air Lines"":20,""Starbucks"":20,""Ace Hardware"":20,""Netflix"":20,""Costco"":20,""Chick-fil-A"":20,""Applebee's"":20,""Under Armour"":20,""Microsoft"":20,""Hulu"":20,""Panda Express"":20}","{""Burger King"":60,""McDonald's"":60,""Wendy's"":40,""Chick-fil-A"":40,""Dairy Queen"":40,""IHOP"":20,""Sonic"":20,""Chili's Grill & Bar"":20,""California Pizza Kitchen"":20,""Papa Murphy's"":20,""Cook Out"":20,""Olive Garden"":20,""Taco Bell"":20,""KFC"":20,""The Original Mel's Diner"":20,""Popeyes Louisiana Kitchen"":20,""Del Taco"":20,""Papa John's"":20,""Starbucks"":20,""Jack in the Box"":20}","{""McDonald's"":60,""Phillips 66"":20}","{""Verizon Wireless"":20}","{""Hulu"":20,""Disney Plus"":20,""Netflix"":20}",{},{},{},{}
176217,223-222@5wg-jfw-rzf,,,2022-07-01,2022-08-01,4.5,3,2,1.5,2.25,"{""25"":1.50,""75"":1.50}","[0.00,0.00,0.00,0.00,0.00,0.00,0.00,0.00,0.00,0.00,0.00,3.00,0.00,0.00,0.00,0.00,0.00,0.00,0.00,0.00,0.00,0.00,0.00,0.00,0.00,0.00,1.50,0.00,0.00,0.00,0.00]","[null,null,null,null,null,null,null,null,null,null,null,1.50,null,null,null,null,null,null,null,null,null,null,null,null,null,null,1.50,null,null,null,null]","{""Monday"":0.00,""Tuesday"":3.00,""Wednesday"":1.50,""Thursday"":0.00,""Friday"":0.00,""Saturday"":0.00,""Sunday"":0.00}","{""Wednesday"":4,""Monday"":4,""Saturday"":5,""Thursday"":4,""Tuesday"":4,""Friday"":5,""Sunday"":5}",0.0,-98.0,0,0.0,"{""No intermediary"":3}","{""No intermediary"":4.50}","{""1"":1,""2"":1,""3"":0,""4"":0,""5-10"":0,"">10"":0}","{""1"":1.50,""2"":3.00,""3"":null,""4"":null,""5-10"":null,"">10"":null}","{"">150k"":4}","{"">150k"":2.25}","{""Rexburg, ID"":3,""Erda, UT"":2}","{""Walmart"":100,""Little Caesars"":100,""Domino's Pizza"":100,""Taco Bell"":100,""Maverik"":100,""McDonald's"":100,""Phillips 66"":100,""Shell Oil"":100,""Family Dollar Stores"":100,""ULTA Beauty"":50,""SmartStyle Family Hair Salons"":50,""Target"":50,""Verizon Wireless"":50,""C-A-L Ranch Stores"":50,""CenturyLink"":50,""Albertsons"":50,""Harbor Freight Tools"":50,""KFC"":50,""Whataburger"":50,""Soelberg's Market"":50}","{""Amazon"":100,""Ross Stores"":50,""Lids"":50,""Apple"":50,""Jamba Juice"":50,""Google"":50,""Netflix"":50,""Pandora"":50,""Norton AntiVirus"":50,""Hulu"":50,""Panda Express"":50,""Time Warner Cable"":50,""Tractor Supply Co."":50,""Comcast"":50,""Jo-Ann Fabric and Craft Stores"":50,""AutoZone"":50,""Amazon Marketplace"":50,""Sam's Club"":50,""T-Mobile"":50,""Amazon Kindle"":50}",{},"{""Phillips 66"":50,""McDonald's"":50}","{""T-Mobile"":50,""Verizon Wireless"":50}","{""Hulu"":50,""Netflix"":50,""Time Warner Cable"":50}",{},{},{},{}
176232,227-223@5wg-hzm-9mk,,,2022-07-01,2022-08-01,2608.55,228,120,9.58,18.25,"{""25"":6.72,""75"":14.82}","[165.10,32.12,0.00,0.00,357.40,104.48,0.00,0.00,0.00,48.67,243.76,229.60,0.00,58.00,259.44,0.00,0.00,225.20,91.98,117.66,157.84,135.82,0.00,0.00,181.64,0.00,0.00,27.36,62.76,19.16,90.56]","[9.32,8.80,null,null,10.36,8.84,null,null,null,13.75,9.28,11.96,null,10.84,9.52,null,null,8.28,8.39,10.32,14.98,7.24,null,null,11.42,null,null,5.94,15.69,19.16,9.80]","{""Monday"":650.60,""Tuesday"":678.98,""Wednesday"":222.14,""Thursday"":243.20,""Friday"":623.12,""Saturday"":51.28,""Sunday"":139.23}","{""Wednesday"":4,""Monday"":4,""Saturday"":5,""Thursday"":4,""Tuesday"":4,""Friday"":5,""Sunday"":5}",112.0,16.0,9,130.46,"{""Square"":150,""No intermediary"":78}","{""Square"":1685.80,""No intermediary"":922.75}","{""1"":37,""2"":71,""3"":3,""4"":7,""5-10"":2,"">10"":0}","{""1"":10.55,""2"":24.61,""3"":34.30,""4"":36.29,""5-10"":56.82,"">10"":null}","{""<25k"":11,""25-45k"":16,""45-60k"":21,""60-75k"":10,""75-100k"":12,""100-150k"":14,"">150k"":38}","{""<25k"":17.32,""25-45k"":15.17,""45-60k"":14.17,""60-75k"":22.85,""75-100k"":20.09,""100-150k"":24.58,"">150k"":28.16}","{""Salt Lake City, UT"":9,""Grayling, MT"":6,""Riverton, UT"":6,""Blackfoot, ID"":4,""Provo, UT"":4,""Pleasant Grove, UT"":4,""Portland, OR"":4,""Brigham City, UT"":3,""Liberty Lake, WA"":3,""Grant, ID"":3,""Draper, UT"":3,""Layton, UT"":3,""Herriman, UT"":3,""Idaho Falls, ID"":3,""Saint George, UT"":2,""Matthews, NC"":2,""Simi Valley, CA"":2,""South Jordan, UT"":2,""San Diego, CA"":2,""Sandy, UT"":2,""Round Rock, TX"":2,""Clover, SC"":2,""New Rochelle, NY"":2,""Lincoln, NE"":2,""Seeley, CA"":2,""Hardin, MT"":2,""Big Timber, MT"":2,""Doylestown, PA"":2,""Carville, LA"":2,""Houston, TX"":2,""Phoenix, AZ"":2,""Bonne Terre, MO"":2,""Pocatello, ID"":2,""Everett, WA"":2,""Clearfield, UT"":2,""Portsmouth, VA"":2,""Bryan, TX"":2,""Peyton, CO"":2,""Spring, TX"":2,""Fredericksburg, VA"":2,""Cockeysville, MD"":2,""Broomfield, CO"":2,""Silverdale, WA"":2,""Las Vegas, NV"":2,""Seattle, WA"":2,""Carbondale, IL"":2,""Boise, ID"":2,""Ankeny, IA"":2,""Gibsonville, NC"":2,""Emigrant, MT"":2,""Midvale, UT"":2,""Spokane, WA"":2,""Gunnison, UT"":2,""Derby, KS"":2,""Spokane Valley, WA"":2,""Bulverde, TX"":2,""Erda, UT"":2,""Bozeman, MT"":2,""Lehi, UT"":2,""Reno, NV"":2,""Indianapolis, IN"":2,""Saratoga Springs, UT"":2,""Norcross, GA"":2,""Lynchburg, VA"":2,""Clayton, WA"":2,""Orem, UT"":2,""Bethany, IN"":2,""Eagle, ID"":2,""Plymouth, MI"":2,""Mebane, NC"":2}","{""Walmart"":70,""McDonald's"":70,""Maverik"":45,""Costco"":43,""Chevron"":41,""Target"":40,""Shell Oil"":35,""Taco Bell"":33,""Starbucks"":32,""Chick-fil-A"":31,""Wendy's"":24,""Subway"":24,""Walgreens"":23,""Phillips 66"":22,""Lowe's"":20,""The Home Depot"":20,""Love's Travel Stops and Country Stores"":20,""Exxon Mobil"":20,""ConocoPhillips"":18,""Smith's Food & Drug Stores"":18}","{""Amazon"":64,""Apple"":58,""Netflix"":35,""Spotify"":30,""Amazon Marketplace"":27,""Amazon Digital Services"":21,""Comcast"":20,""Hulu"":17,""Walmart"":16,""Target"":15,""Maverik"":15,""Etsy"":12,""Verizon Wireless"":12,""Audible"":12,""Costa Vida"":11,""AT&T"":11,""Google"":10,""McDonald's"":10,""Sirius XM"":10,""Chick-fil-A"":10}","{""McDonald's"":71,""Chick-fil-A"":38,""Taco Bell"":34,""Starbucks"":32,""Wendy's"":25,""Subway"":25,""Panda Express"":18,""Arby's"":17,""Burger King"":15,""Little Caesars"":14,""Domino's Pizza"":13,""KFC"":12,""Dairy Queen"":12,""Costa Vida"":12,""In-N-Out Burger"":11,""Cafe Rio"":11,""Dutch Bros Coffee"":10,""Chipotle Mexican Grill"":10,""Sonic"":9,""Jimmy John's"":9}","{""McDonald's"":26,""Phillips 66"":8,""Chevron"":5,""Haagen Dazs"":3,""Subway"":3,""United States Postal Service (USPS)"":2,""Exxon Mobil"":2,""NAPA Auto Parts"":1}","{""Verizon Wireless"":22,""AT&T"":12,""T-Mobile"":9,""Sprint"":4,""Disney Mobile"":2,""U.S. Cellular"":2,""Straight Talk"":1}","{""Netflix"":35,""Hulu"":17,""Disney Plus"":8,""YouTube TV"":5,""Redbox"":4,""Amazon Prime Video"":3,""HBO Max"":2,""Youtube"":2,""Amazon Prime"":2,""Starz"":2,""Sling TV"":1,""Roku"":1,""Dish Network"":1,""Peacock"":1,""Youtube Premium"":1}","{""Uber Eats"":9,""Dashpass"":7,""HelloFresh"":4,""Grubhub"":2,""Instacart"":1}","{""Lyft"":4,""Uber"":4}","{""Afterpay"":5,""Affirm.com"":5,""Klarna"":3}","{""Apple Card"":6,""Apple Cash"":5,""PayPal"":2}"
176303,228-222@5wg-hzm-9mk,,,2022-07-01,2022-08-01,107.96,6,4,9.04,27.22,"{""25"":2.34,""75"":39.48}","[0.00,0.00,0.00,0.00,0.00,0.00,18.07,0.00,0.00,0.00,0.00,0.00,0.00,0.00,0.00,36.36,48.85,0.00,0.00,0.00,0.00,0.00,0.00,0.00,0.00,4.68,0.00,0.00,0.00,0.00,0.00]","[null,null,null,null,null,null,9.04,null,null,null,null,null,null,null,null,36.36,48.85,null,null,null,null,null,null,null,null,2.34,null,null,null,null,null]","{""Monday"":0.00,""Tuesday"":4.68,""Wednesday"":0.00,""Thursday"":18.07,""Friday"":0.00,""Saturday"":36.36,""Sunday"":48.85}","{""Wednesday"":4,""Monday"":4,""Saturday"":5,""Thursday"":4,""Tuesday"":4,""Friday"":5,""Sunday"":5}",,,0,0.0,"{""No intermediary"":6}","{""No intermediary"":107.96}","{""1"":2,""2"":2,""3"":0,""4"":0,""5-10"":0,"">10"":0}","{""1"":42.61,""2"":11.38,""3"":null,""4"":null,""5-10"":null,"">10"":null}","{""25-45k"":2,""60-75k"":2,""75-100k"":2,"">150k"":2}","{""25-45k"":4.68,""60-75k"":36.36,""75-100k"":48.85,"">150k"":18.07}","{""Bakersfield, CA"":2,""Tokeland, WA"":2,""Highgrove, CA"":2}","{""Walmart"":75,""McDonald's"":75,""Chevron"":50,""Taco Bell"":50,""The Home Depot"":50,""7-Eleven"":50,""Del Taco"":50,""Jack in the Box"":50,""Maverik"":50,""Rite Aid"":50,""ARCO"":50,""Shell Oil"":50,""dd's DISCOUNTS"":25,""Little Caesars"":25,""Trader Joe's"":25,""Target"":25,""Gas Mart"":25,""Tacos El Gordo"":25,""Cardenas Markets"":25,""Olive Garden"":25}","{""Amazon"":50,""Target"":25,""Papa Murphy's"":25,""Dutch Bros. Coffee"":25,""Sirius XM"":25,""The Home Depot"":25,""Buffalo Wild Wings"":25,""Macy's"":25,""Dish Network"":25,""Apple"":25,""Netflix"":25,""Facebook"":25,""Maverik"":25,""Microsoft"":25,""TJX Companies"":25,""Banfield Pet Hospital"":25,""Spotify"":25,""Spectrum"":25,""AT&T"":25,""iTunes"":25}","{""Forever 21"":25,""dd's DISCOUNTS"":25}","{""McDonald's"":25}","{""AT&T"":50,""T-Mobile"":25}","{""Dish Network"":25,""Netflix"":25,""Redbox"":25}",{},{},{},{}
176523,zzy-222@5wg-jfw-rp9,,,2022-07-01,2022-08-01,1746.12,9,5,179.08,358.16,"{""25"":179.08,""75"":223.88}","[0.00,0.00,0.00,0.00,0.00,0.00,0.00,0.00,0.00,223.88,447.76,0.00,0.00,0.00,0.00,0.00,0.00,0.00,358.16,0.00,0.00,358.16,0.00,0.00,0.00,358.16,0.00,0.00,0.00,0.00,0.00]","[null,null,null,null,null,null,null,null,null,223.88,223.88,null,null,null,null,null,null,null,179.08,null,null,179.08,null,null,null,179.08,null,null,null,null,null]","{""Monday"":447.76,""Tuesday"":716.32,""Wednesday"":0.00,""Thursday"":0.00,""Friday"":358.16,""Saturday"":0.00,""Sunday"":223.88}","{""Wednesday"":4,""Monday"":4,""Saturday"":5,""Thursday"":4,""Tuesday"":4,""Friday"":5,""Sunday"":5}",,,2,358.16,"{""No intermediary"":9}","{""No intermediary"":1746.12}","{""1"":2,""2"":2,""3"":1,""4"":0,""5-10"":0,"">10"":0}","{""1"":179.08,""2"":358.16,""3"":671.64,""4"":null,""5-10"":null,"">10"":null}","{""<25k"":2,""60-75k"":2,""100-150k"":3}","{""<25k"":179.08,""60-75k"":358.16,""100-150k"":402.96}","{""North Palm Beach, FL"":3,""Pueblo, CO"":2,""Glen Allen, VA"":2}","{""McDonald's"":100,""ConocoPhillips"":80,""Target"":60,""Chevron"":60,""BP"":60,""Dairy Queen"":60,""Walmart"":40,""Lowe's"":40,""Mackenzie River"":40,""Holiday Inn"":40,""Maverik"":40,""Burger King"":40,""Publix Super Markets"":40,""Shell Oil"":40,""Outback Steakhouse"":40,""Sonic"":20,""Big D"":20,""L.L.Bean"":20,""Econo Lodge"":20,""Olive Garden"":20}","{""Amazon"":60,""Apple"":60,""Walmart"":40,""Spotify"":40,""Etsy"":20,""Lyft"":20,""Target"":20,""Verizon Wireless"":20,""Planet Fitness"":20,""HBO Max"":20,""Ipsy"":20,""Chewy"":20,""LA Fitness"":20,""eBay"":20,""Costco"":20,""xfinity"":20,""Spirit Airlines"":20,""McDonald's"":20,""Costa Vida"":20,""AT&T"":20}","{""Holiday Inn"":40,""Econo Lodge"":20,""Quality Inn"":20,""Super 8"":20}","{""McDonald's"":20}","{""AT&T"":20,""Verizon Wireless"":20}","{""Disney Plus"":20,""HBO Max"":20}",{},"{""Lyft"":20}",{},{}
176544,zzy-222@5wg-hzm-9vf,,,2022-07-01,2022-08-01,100.76,12,7,7.54,15.08,"{""25"":5.42,""75"":11.89}","[0.00,7.76,0.00,0.00,30.16,13.26,0.00,0.00,0.00,0.00,0.00,0.00,0.00,0.00,10.84,0.00,0.00,0.00,0.00,0.00,0.00,0.00,7.54,0.00,0.00,31.20,0.00,0.00,0.00,0.00,0.00]","[null,7.76,null,null,7.54,13.26,null,null,null,null,null,null,null,null,5.42,null,null,null,null,null,null,null,3.77,null,null,15.60,null,null,null,null,null]","{""Monday"":0.00,""Tuesday"":61.36,""Wednesday"":13.26,""Thursday"":0.00,""Friday"":10.84,""Saturday"":15.30,""Sunday"":0.00}","{""Wednesday"":4,""Monday"":4,""Saturday"":5,""Thursday"":4,""Tuesday"":4,""Friday"":5,""Sunday"":5}",74.0,-68.0,0,0.0,"{""No intermediary"":8,""Square"":4}","{""No intermediary"":70.60,""Square"":30.16}","{""1"":3,""2"":3,""3"":1,""4"":0,""5-10"":0,"">10"":0}","{""1"":5.10,""2"":20.45,""3"":24.10,""4"":null,""5-10"":null,"">10"":null}","{""<25k"":2,""25-45k"":2,""75-100k"":2,"">150k"":2}","{""<25k"":14.26,""25-45k"":31.20,""75-100k"":12.64,"">150k"":3.12}","{""Charleston, UT"":4,""Meridian, ID"":2,""Park City, UT"":2,""Erda, UT"":2,""West Valley, UT"":2,""Burley, ID"":2}","{""Maverik"":100,""Walmart"":72,""Exxon Mobil"":72,""WinCo Foods"":58,""Smith's Food & Drug Stores"":58,""McDonald's"":58,""Subway"":58,""Chevron"":43,""Love's Travel Stops and Country Stores"":43,""Costco"":43,""Phillips 66"":43,""Shell Oil"":43,""Little Caesars"":29,""C-A-L Ranch Stores"":29,""Mr Gas"":29,""Ross Stores"":29,""KFC"":29,""The Home Depot"":29,""Starbucks"":29,""Ford Motor Company"":29}","{""Apple"":72,""Amazon"":58,""Netflix"":58,""Verizon Wireless"":43,""Klarna"":43,""Hulu"":43,""Steam"":29,""King"":29,""Sirius XM"":29,""Afterpay"":29,""eBay"":29,""Maverik"":29,""Chick-fil-A"":29,""ExxonMobil"":29,""Spotify"":29,""Amazon Marketplace"":29,""Affirm.com"":29,""American Eagle Outfitters"":29,""Cafe Rio"":29,""Etsy"":15}","{""McDonald's"":58,""Subway"":58,""Little Caesars"":29,""KFC"":29,""Starbucks"":29,""Chick-fil-A"":29,""Cafe Rio"":29,""Jimmy John's"":15,""Jersey Mike's"":15,""Taco Bell"":15,""MOD Pizza"":15,""Teri Yaki Grill"":15,""Baskin Robbins"":15,""Wingstop"":15,""El Pollo Loco"":15,""Del Taco"":15,""Wendy's"":15,""Killer Burger"":15,""Krispy Kreme Doughnuts"":15,""Port of Subs"":15}","{""United States Postal Service (USPS)"":15,""McDonald's"":15}","{""Verizon Wireless"":43,""T-Mobile"":15,""Straight Talk"":15}","{""Netflix"":58,""Hulu"":43,""Disney Plus"":29,""Roku"":15,""YouTube TV"":15,""Youtube"":15,""Peacock"":15}",{},"{""Lyft"":15,""Uber"":15}","{""Affirm.com"":43,""Klarna"":43,""Afterpay"":29}",{}
176639,222-222@5wg-hzm-9cq,,,2022-07-01,2022-08-01,3541.2,112,44,23.91,65.2,"{""25"":13.48,""75"":43.89}","[125.40,0.00,0.00,0.00,397.16,0.00,146.92,22.84,25.38,0.00,545.90,300.24,240.56,105.36,155.92,111.75,0.00,122.16,72.50,33.01,20.78,131.56,93.56,0.00,312.22,452.68,20.54,10.66,0.00,94.10,0.00]","[31.35,null,null,null,31.19,null,73.46,11.42,25.38,null,30.94,13.78,37.42,13.48,38.98,111.75,null,13.39,72.50,7.54,10.39,32.89,46.78,null,25.84,71.84,20.54,10.66,null,47.05,null]","{""Monday"":980.28,""Tuesday"":1222.58,""Wednesday"":294.11,""Thursday"":283.72,""Friday"":435.72,""Saturday"":324.79,""Sunday"":0.00}","{""Wednesday"":4,""Monday"":4,""Saturday"":5,""Thursday"":4,""Tuesday"":4,""Friday"":5,""Sunday"":5}",,,8,478.6,"{""No intermediary"":104,""Visa"":8}","{""No intermediary"":3062.60,""Visa"":478.60}","{""1"":8,""2"":25,""3"":2,""4"":6,""5-10"":2,"">10"":1}","{""1"":51.17,""2"":66.82,""3"":63.95,""4"":160.05,""5-10"":97.18,"">10"":178.80}","{""<25k"":2,""25-45k"":2,""75-100k"":2,""100-150k"":6,"">150k"":27}","{""<25k"":108.12,""25-45k"":177.08,""75-100k"":24.53,""100-150k"":78.29,"">150k"":76.64}","{""Salt Lake City, UT"":3,""Lebanon, NH"":3,""Doylestown, PA"":3,""Carlos, MD"":3,""Ogden, UT"":3,""Sun Valley, CA"":2,""Clancy, MT"":2,""Wilmette, IL"":2,""Abilene, TX"":2,""Cedar Rapids, IA"":2,""Limestone, OK"":2,""Glencoe, CA"":2,""Windsor, CO"":2,""Roanoke, TX"":2,""Edmond, OK"":2,""Issaquah, WA"":2,""Missoula, MT"":2,""Everett, WA"":2,""Tracy, CA"":2,""Denver, CO"":2,""Great Falls, MT"":2,""Parsippany, NJ"":2,""Englewood, FL"":2,""Lake, WY"":2,""Colorado Springs, CO"":2,""Kailua, HI"":2,""Montgomeryville, PA"":2,""San Antonio, TX"":2,""Dallas, TX"":2,""Salem, VA"":2,""Lacey, WA"":2,""Lakewood, WA"":2,""Islamorada, FL"":2,""Rivesville, WV"":2,""Mililani, HI"":2,""Fairfax, VA"":2,""Suffolk, VA"":2,""Frederick, MD"":2}","{""Walmart"":75,""McDonald's"":64,""Target"":60,""Exxon Mobil"":53,""Chevron"":41,""Shell Oil"":39,""Chick-fil-A"":37,""Starbucks"":35,""Costco"":35,""ConocoPhillips"":32,""Lowe's"":30,""Safeway"":30,""CVS"":30,""Subway"":28,""7-Eleven"":25,""IMAX"":25,""Maverik"":25,""Walgreens"":25,""Phillips 66"":25,""Taco Bell"":23}","{""Apple"":71,""Amazon"":69,""Netflix"":44,""Amazon Marketplace"":41,""Amazon Digital Services"":37,""Amazon Prime Video"":23,""Target"":21,""Hulu"":21,""Audible"":21,""Comcast"":19,""T-Mobile"":19,""Etsy"":16,""Spotify"":16,""Amazon Kindle"":16,""Walmart"":14,""Verizon Wireless"":14,""YouTube TV"":14,""Chick-fil-A"":14,""Google Storage"":14,""AT&T"":14}","{""IMAX"":25,""Cinemark Theatres"":10,""AMC Entertainment"":7,""Regal Entertainment Group"":7,""Cinema Cafe"":3}","{""McDonald's"":37,""Chevron"":12,""Haagen Dazs"":12,""Exxon Mobil"":12,""Phillips 66"":7}","{""AT&T"":28,""Verizon Wireless"":25,""T-Mobile"":23,""Sprint"":7}","{""Netflix"":44,""Disney Plus"":30,""Amazon Prime Video"":23,""Hulu"":21,""YouTube TV"":14,""Roku"":5,""DirecTV"":5,""Dish Network"":3,""Time Warner Cable"":3,""Youtube Premium"":3}","{""Dashpass"":5,""Instacart"":5,""Uber Eats"":5,""DoorDash"":3}","{""Uber"":7,""Lyft"":5}","{""Afterpay"":3,""Affirm.com"":3,""Klarna"":3}","{""PayPal"":10,""Apple Card"":3}"
176771,226-222@5wg-hzn-zmk,,,2022-07-01,2022-08-01,9462.78,80,39,50.55,103.96,"{""25"":30.19,""75"":112.33}","[159.24,1243.82,328.77,0.00,809.94,20.30,0.00,823.22,27.82,0.00,1408.82,0.00,316.08,18.66,153.72,0.00,0.00,141.66,384.32,96.88,443.94,0.00,0.00,1845.85,192.06,0.00,0.00,410.70,636.98,0.00,0.00]","[39.81,1243.82,105.14,null,157.26,10.15,null,82.90,27.82,null,29.11,null,79.02,9.33,38.43,null,null,35.42,46.72,31.15,110.99,null,null,283.94,48.02,null,null,205.35,47.74,null,null]","{""Monday"":1742.54,""Tuesday"":1194.26,""Wednesday"":433.26,""Thursday"":873.30,""Friday"":1773.16,""Saturday"":1271.64,""Sunday"":2174.62}","{""Wednesday"":4,""Monday"":4,""Saturday"":5,""Thursday"":4,""Tuesday"":4,""Friday"":5,""Sunday"":5}",930.0,75.0,2,24.88,"{""No intermediary"":80}","{""No intermediary"":9462.78}","{""1"":14,""2"":19,""3"":0,""4"":5,""5-10"":1,"">10"":0}","{""1"":156.75,""2"":203.32,""3"":null,""4"":589.96,""5-10"":455.36,"">10"":null}","{""<25k"":3,""25-45k"":3,""45-60k"":3,""60-75k"":3,""75-100k"":4,""100-150k"":3,"">150k"":18}","{""<25k"":130.49,""25-45k"":238.41,""45-60k"":14.81,""60-75k"":68.79,""75-100k"":614.20,""100-150k"":230.92,"">150k"":265.37}","{""Billings, MT"":4,""Bozeman, MT"":3,""West Jordan, UT"":2,""Driggs, ID"":2,""Grayling, MT"":2,""Durango, CO"":2,""Centerville, UT"":2,""Brentwood, TN"":2,""Houston, TX"":2,""Hyrum, UT"":2,""Pocatello, ID"":2,""Columbia, IL"":2,""Peyton, CO"":2,""Arvada, CO"":2,""Charleston, SC"":2,""Martin, TN"":2,""Twin Falls, ID"":2,""Seattle, WA"":2,""Boise, ID"":2,""Layton, UT"":2,""Kaysville, UT"":2,""Ashburn, VA"":2,""Lehi, UT"":2,""Salem, OR"":2,""Buffalo, PA"":2,""West Valley, UT"":2,""Parker, ID"":2,""Mclean, VA"":2,""Rivesville, WV"":2,""Campbell, CA"":2,""Whippany, NJ"":2}","{""Walmart"":70,""McDonald's"":67,""Maverik"":47,""Target"":39,""Costco"":39,""The Home Depot"":36,""Exxon Mobil"":36,""Chevron"":34,""Shell Oil"":34,""Smith's Food & Drug Stores"":31,""Subway"":31,""ConocoPhillips"":29,""Walgreens"":29,""Wendy's"":24,""Phillips 66"":24,""WinCo Foods"":21,""Safeway"":21,""Albertsons"":18,""Ace Hardware"":18,""Pilot Flying J"":18}","{""Apple"":62,""Amazon"":47,""Netflix"":24,""Spotify"":24,""Amazon Digital Services"":24,""Target"":18,""Amazon Marketplace"":18,""Verizon Wireless"":16,""YouTube TV"":13,""Maverik"":13,""AT&T"":13,""Audible"":13,""Comcast"":13,""Sirius XM"":11,""Google"":11,""Amazon Prime Video"":11,""Walmart"":8,""The Home Depot"":8,""Delta Air Lines"":8,""Fred Meyer"":8}","{""Sportsman's Warehouse"":18,""Cabela's"":13,""REI"":13,""Dick's Sporting Goods"":11,""Scheels"":8,""Hobby Lobby Stores"":8,""Orvis"":6,""Michaels Stores"":3,""GameStop"":3,""Academy Sports + Outdoors"":3,""uinta golf"":3}","{""McDonald's"":21,""NAPA Auto Parts"":8,""Exxon Mobil"":8,""ConocoPhillips"":6,""Phillips 66"":6,""Subway"":6,""Haagen Dazs"":3,""United States Postal Service (USPS)"":3,""Budget Rent A Car"":3}","{""Verizon Wireless"":31,""AT&T"":21,""T-Mobile"":13,""Sprint"":3}","{""Netflix"":24,""YouTube TV"":13,""Disney Plus"":13,""Amazon Prime Video"":11,""Sling TV"":6,""Roku"":6,""Amazon Prime"":6,""Dish Network"":3,""Peacock"":3}","{""Uber Eats"":6,""Dashpass"":3,""Instacart"":3}","{""Uber"":6,""Lyft"":3}","{""Affirm.com"":6}","{""Apple Card"":6,""Apple Cash"":3}"
176914,222-222@5wg-hzm-789,SG_BRAND_a144a8c10e1fe8006125571afd1a1e80,Exxon Mobil,2022-07-01,2022-08-01,22717.19,506,408,40.36,48.13,"{""25"":16.31,""75"":64.73}","[828.94,912.54,543.63,673.20,1274.62,351.31,564.55,689.23,849.01,870.62,1296.47,440.17,814.00,1155.78,798.54,385.44,671.26,769.85,136.74,479.88,696.55,704.89,545.47,1094.81,1256.58,670.95,719.93,617.21,707.23,442.27,755.52]","[43.11,69.26,50.62,48.21,41.00,40.01,17.17,27.49,31.78,44.65,45.66,31.03,31.61,43.43,45.82,24.24,56.08,43.90,27.80,54.04,25.81,31.10,23.40,41.62,33.48,48.14,29.35,49.89,45.64,60.71,31.56]","{""Monday"":3996.10,""Tuesday"":2522.48,""Wednesday"":2365.12,""Thursday"":3034.09,""Friday"":3728.83,""Saturday"":3134.73,""Sunday"":3935.84}","{""Wednesday"":4,""Monday"":4,""Saturday"":5,""Thursday"":4,""Tuesday"":4,""Friday"":5,""Sunday"":5}",64.0,-6.0,103,4847.99,"{""No intermediary"":506}","{""No intermediary"":22717.19}","{""1"":333,""2"":60,""3"":9,""4"":4,""5-10"":2,"">10"":0}","{""1"":46.76,""2"":89.73,""3"":97.98,""4"":170.51,""5-10"":98.54,"">10"":null}","{""<25k"":35,""25-45k"":41,""45-60k"":23,""60-75k"":22,""75-100k"":44,""100-150k"":63,"">150k"":158}","{""<25k"":49.38,""25-45k"":46.14,""45-60k"":48.46,""60-75k"":69.14,""75-100k"":58.85,""100-150k"":52.83,"">150k"":57.30}","{""Grayling, MT"":14,""Pocatello, ID"":10,""Bozeman, MT"":10,""Salt Lake City, UT"":9,""Logan, UT"":7,""Idaho Falls, ID"":6,""Monument, CO"":5,""Danville, KY"":4,""Steamboat Springs, CO"":4,""Vernal, UT"":4,""Blackfoot, ID"":4,""Fountain Hills, AZ"":4,""Queen Creek, AZ"":4,""Phoenix, AZ"":4,""Camargo, KY"":4,""Moran, WY"":4,""Lake, WY"":4,""Weatherford, TX"":4,""Orlando, FL"":4,""Draper, UT"":4,""Orem, UT"":4,""Asheville, NC"":4,""Tacoma, WA"":3,""Island Park, ID"":3,""Lechee, AZ"":3,""Rockville, MD"":3,""Moab, UT"":3,""Pleasant Grove, UT"":3,""Clearfield, UT"":3,""Daytona Beach, FL"":3,""Van Buren, MO"":3,""Apache Junction, AZ"":3,""Chantilly, VA"":3,""Colorado Springs, CO"":3,""Peoria, AZ"":3,""Renton, WA"":2,""Hauser, ID"":2,""Brookfield, WI"":2,""West Wendover, NV"":2,""Holland, OH"":2,""West Jordan, UT"":2,""Enterprise, AL"":2,""Arlington, VA"":2,""Saint George, UT"":2,""Wexford, PA"":2,""Mesquite, NV"":2,""South Jordan, UT"":2,""Driggs, ID"":2,""Malden, MA"":2,""Frisco, TX"":2,""Bountiful, UT"":2,""Brigham City, UT"":2,""Huntsville, AL"":2,""Roy, UT"":2,""Sandy, UT"":2,""Harker Heights, TX"":2,""Round Rock, TX"":2,""Benson, UT"":2,""Chicago, IL"":2,""Nashville, TN"":2,""San Rafael, CA"":2,""Santa Clara, UT"":2,""Boulder, CO"":2,""Maple Grove, MN"":2,""San Jose, CA"":2,""Cedar Rapids, IA"":2,""Manitou Springs, CO"":2,""Currie, NV"":2,""North Salt Lake, UT"":2,""Carnot, PA"":2,""Bristol, TN"":2,""Southlake, TX"":2,""Garden City, ID"":2,""Williston, ND"":2,""Pelham, AL"":2,""Middletown, OH"":2,""Rolling Meadows, IL"":2,""Lewisville, NC"":2,""Ocala, FL"":2,""Hayden, ID"":2,""Hoback, WY"":2,""Newburg, WI"":2,""Burnside, PA"":2,""Lincolnton, NC"":2,""Glencoe, CA"":2,""Kansas City, MO"":2,""Fort Greely, AK"":2,""Mesa, AZ"":2,""Bartlesville, OK"":2,""Chapel Hill, NC"":2,""Hall, KY"":2,""Oak Harbor, WA"":2,""Highlands Ranch, CO"":2,""Ketchum, ID"":2,""Kingman, AZ"":2,""Gold Canyon, AZ"":2,""Chiles, KS"":2,""Evesboro, NJ"":2,""Gilbert, AZ"":2,""Houston, TX"":2,""Baltimore, MD"":2,""Crouch, ID"":2,""Virginia Beach, VA"":2,""Venice, CA"":2,""Big Sky, MT"":2,""Provo, UT"":2,""Hershey, PA"":2,""Meridian, ID"":2,""Olympia, WA"":2,""Highland, UT"":2,""Belgrade, MT"":2,""Park City, UT"":2,""Tampa, FL"":2,""Harrisville, UT"":2,""Sanford, ME"":2,""Eden, UT"":2,""East Syracuse, NY"":2,""Ogden, UT"":2,""Westminster, MD"":2,""Hurricane, UT"":2,""Zephyrhills, FL"":2,""Damascus, OH"":2,""Redwood City, CA"":2,""Arvada, CO"":2,""Fullerton, CA"":2,""Fairview, TX"":2,""Cary, NC"":2,""Snohomish, WA"":2,""Charleston, SC"":2,""Manhattan Beach, CA"":2,""Roswell, NM"":2,""Charleston Afb, SC"":2,""Martin, TN"":2,""Germantown, WI"":2,""Lewisville, TX"":2,""Altamont, UT"":2,""Somerville, TN"":2,""Denver, CO"":2,""Gulf Breeze, FL"":2,""Hungry Horse, MT"":2,""Great Falls, MT"":2,""Broomfield, CO"":2,""Black Eagle, MT"":2,""Andover, MA"":2,""West Valley City, UT"":2,""Las Vegas, NV"":2,""New York, NY"":2,""Oakton, VA"":2,""Worth, IL"":2,""Boise, ID"":2,""Queensbury, NY"":2,""Honolulu, HI"":2,""Fayetteville, NC"":2,""Findlay, OH"":2,""Deer Park, TX"":2,""Emigrant, MT"":2,""Cedarburg, WI"":2,""Spokane, WA"":2,""Lewisville, WA"":2,""Evergreen, CO"":2,""Brookhurst, WY"":2,""Bloomington, IL"":2,""Chubbuck, ID"":2,""Acequia, ID"":2,""Fort Worth, TX"":2,""Minot, ND"":2,""Rincon, GA"":2,""Bellevue, WA"":2,""Grant, ID"":2,""Dickinson, ND"":2,""Custer, SD"":2,""Kummer, WA"":2,""Kodiak, AK"":2,""Montgomeryville, PA"":2,""Rexburg, ID"":2,""Carrolls, WA"":2,""Cleveland, OH"":2,""Cincinnati, OH"":2,""Ashburn, VA"":2,""Burtonsville, MD"":2,""Harleysville, PA"":2,""Cupertino, CA"":2,""Bellville, OH"":2,""Mansfield, TX"":2,""Billings, MT"":2,""Maplewood, MN"":2,""Dallas, TX"":2,""Helena, MT"":2,""Oro Valley, AZ"":2,""Eugene, OR"":2,""Greer, SC"":2,""Saratoga Springs, UT"":2,""Sacramento, CA"":2,""Cuyahoga Falls, OH"":2,""Syracuse, NY"":2,""Ashton, ID"":2,""Bremerton, WA"":2,""Frederika, IA"":2,""Newbury Park, CA"":2,""Ennis, MT"":2,""Denton, TX"":2,""Glendale, AZ"":2,""Hattiesburg, MS"":2,""Hollywood, SC"":2,""Campbell, CA"":2,""Buxton, ME"":2,""Blackhawk, SD"":2,""Fort Collins, CO"":2,""Bowie, MD"":2,""Jackson, WY"":2,""Caldwell, ID"":2,""New Castle, DE"":2,""Mission Viejo, CA"":2,""Boston, MA"":2,""Austin, TX"":2,""Custer, WA"":2,""Gulfport, MS"":2,""Maury, NC"":2,""Denver, IA"":2,""Hendersonville, TN"":2,""Wake Forest, NC"":2,""Richland, WA"":2}","{""Walmart"":62,""McDonald's"":51,""Maverik"":41,""ConocoPhillips"":39,""Shell Oil"":35,""Chevron"":33,""Target"":32,""Costco"":29,""Phillips 66"":26,""The Home Depot"":25,""Chick-fil-A"":24,""Walgreens"":23,""Wendy's"":22,""Pilot Flying J"":21,""Albertsons"":21,""Taco Bell"":19,""Starbucks"":19,""7-Eleven"":17,""Love's Travel Stops and Country Stores"":17,""Lowe's"":17}","{""Amazon"":61,""Apple"":40,""Netflix"":30,""Spotify"":20,""Amazon Digital Services"":15,""Comcast"":14,""Amazon Marketplace"":14,""Verizon Wireless"":13,""Walmart"":13,""Hulu"":12,""AT&T"":12,""Target"":12,""Sirius XM"":11,""ConocoPhillips"":11,""Maverik"":10,""Uber"":10,""Google"":10,""Audible"":8,""T-Mobile"":8,""Planet Fitness"":7}","{""ConocoPhillips"":45,""Shell Oil"":35,""Chevron"":33,""Phillips 66"":29,""Pilot Flying J"":22,""Love's Travel Stops and Country Stores"":17,""BP"":11,""Holiday Station"":8,""Speedway"":8,""QuikTrip"":7,""Kum & Go"":7,""Stinker Stores"":7,""Marathon"":7,""Sunoco"":6,""Loaf 'N Jug"":6,""Sheetz"":4,""76"":4,""Murphy USA"":3,""ARCO"":3,""Buc-ee's"":3}","{""McDonald's"":11,""Phillips 66"":6,""Chevron"":3,""ConocoPhillips"":3,""Haagen Dazs"":3,""NAPA Auto Parts"":2,""Subway"":2,""Avis Rent A Car"":1,""CENEX"":1,""Budget Rent A Car"":1,""Best Western"":1}","{""Verizon Wireless"":27,""AT&T"":17,""T-Mobile"":9,""Straight Talk"":2,""Sprint"":2,""Boost Mobile"":1,""Google Fi"":1,""Disney Mobile"":1,""Cricket Wireless"":1,""U.S. Cellular"":1}","{""Netflix"":30,""Hulu"":12,""Disney Plus"":12,""Amazon Prime Video"":6,""YouTube TV"":5,""Redbox"":4,""Dish Network"":4,""Peacock"":3,""HBO Max"":2,""Amazon Prime"":2,""Youtube Premium"":2,""Roku"":2,""Crunchyroll"":2,""Sling TV"":1,""Youtube"":1,""Vudu"":1,""Starz"":1,""Fubo"":1,""DirecTV"":1,""Funimation"":1}","{""Uber Eats"":5,""Instacart"":3,""HelloFresh"":2,""Dashpass"":2,""DoorDash"":1,""Grubhub"":1,""Postmates"":1,""Go Puff"":1,""Shipt"":1}","{""Uber"":10,""Lyft"":5}","{""Affirm.com"":2,""Afterpay"":2,""Klarna"":2,""Sezzle"":1}","{""Apple Card"":4,""PayPal"":2,""Apple Cash"":2,""Venmo"":1}"
176935,222-222@5wg-jfw-p5f,SG_BRAND_dddd21f70594bf6e,NAPA Auto Parts,2022-07-01,2022-08-01,5689.7,67,55,45.15,50.32,"{""25"":19.63,""75"":109.18}","[690.66,110.02,0.00,0.00,34.40,403.98,730.36,339.05,27.52,55.19,274.48,7.19,64.20,345.10,128.96,138.10,380.79,0.00,0.00,54.06,71.23,469.07,189.38,24.01,80.12,80.68,108.10,454.48,310.25,0.00,118.32]","[324.99,110.02,null,null,34.40,201.99,60.38,70.13,13.76,55.19,137.24,7.19,16.13,36.54,128.96,138.10,190.40,null,null,54.06,35.62,37.60,94.69,24.01,40.06,17.56,17.18,227.24,34.51,null,59.16]","{""Monday"":354.60,""Tuesday"":122.27,""Wednesday"":630.34,""Thursday"":1601.17,""Friday"":1937.99,""Saturday"":465.02,""Sunday"":578.31}","{""Wednesday"":4,""Monday"":4,""Saturday"":5,""Thursday"":4,""Tuesday"":4,""Friday"":5,""Sunday"":5}",61.0,40.0,0,0.0,"{""No intermediary"":67}","{""No intermediary"":5689.70}","{""1"":47,""2"":7,""3"":0,""4"":0,""5-10"":1,"">10"":0}","{""1"":83.29,""2"":176.62,""3"":null,""4"":null,""5-10"":538.77,"">10"":null}","{""<25k"":5,""25-45k"":2,""45-60k"":2,""60-75k"":4,""75-100k"":5,""100-150k"":9,"">150k"":21}","{""<25k"":35.03,""25-45k"":143.62,""45-60k"":51.56,""60-75k"":254.92,""75-100k"":70.27,""100-150k"":80.33,"">150k"":118.83}","{""Grayling, MT"":12,""Pocatello, ID"":3,""Bozeman, MT"":3,""Vega, TX"":2,""Lancaster, PA"":2,""Durango, CO"":2,""Island Park, ID"":2,""Salt Lake City, UT"":2,""Shelley, ID"":2,""Blackfoot, ID"":2,""Santa Fe, NM"":2,""Mesa, AZ"":2,""Folsom, CA"":2,""Belgrade, MT"":2,""Ogden, UT"":2,""Black Eagle, MT"":2,""Bliss, ID"":2,""Boise, ID"":2,""Lava Hot Springs, ID"":2,""Cedar City, UT"":2,""Columbus, OH"":2,""Midvale, UT"":2,""Lamoni, IA"":2,""Burmester, UT"":2,""Grant, ID"":2,""Chugwater, WY"":2,""Nampa, ID"":2,""Estero, FL"":2,""Eugene, OR"":2,""Burley, ID"":2,""Orem, UT"":2,""Ashton, ID"":2,""Monolith, CA"":2,""Idaho Falls, ID"":2,""Jackson, WY"":2,""Gulfport, MS"":2}","{""Walmart"":73,""Maverik"":55,""McDonald's"":46,""Chevron"":40,""The Home Depot"":39,""Costco"":39,""ConocoPhillips"":35,""Lowe's"":31,""Exxon Mobil"":31,""Shell Oil"":31,""WinCo Foods"":28,""Ace Hardware"":28,""Pilot Flying J"":26,""Phillips 66"":24,""Wendy's"":22,""O'Reilly Auto Parts"":20,""Target"":19,""Albertsons"":19,""Love's Travel Stops and Country Stores"":19,""Subway"":19}","{""Amazon"":57,""Apple"":40,""Netflix"":24,""Amazon Digital Services"":20,""Amazon Marketplace"":17,""Comcast"":15,""Hulu"":13,""T-Mobile"":13,""Spotify"":11,""Audible"":11,""Walmart"":10,""Target"":10,""Verizon Wireless"":10,""Planet Fitness"":10,""Sirius XM"":10,""The Home Depot"":10,""Google"":10,""ExxonMobil"":10,""AT&T"":10,""Experian"":8}","{""O'Reilly Auto Parts"":22,""AutoZone"":17,""Advance Auto Parts"":4,""Big O Tires"":4,""Discount Tire"":4,""CARQUEST Auto Parts"":2,""Batteries Plus Bulbs"":2}","{""McDonald's"":19,""Phillips 66"":13,""Exxon Mobil"":13,""Subway"":8,""ConocoPhillips"":6,""Haagen Dazs"":6,""Chevron"":4,""United States Postal Service (USPS)"":2}","{""Verizon Wireless"":26,""T-Mobile"":15,""AT&T"":10,""Disney Mobile"":6,""Cricket Wireless"":6,""Google Fi"":4}","{""Netflix"":24,""Hulu"":13,""Disney Plus"":13,""Amazon Prime Video"":8,""Dish Network"":6,""Redbox"":4,""Sling TV"":2,""Roku"":2,""HBO Max"":2,""YouTube TV"":2,""Fubo"":2,""Youtube"":2,""Funimation"":2,""Peacock"":2,""Amazon Prime"":2}","{""Dashpass"":8,""HelloFresh"":4,""DoorDash"":2,""Instacart"":2,""Uber Eats"":2}","{""Uber"":4,""Lyft"":2}",{},"{""PayPal"":4,""Cash App"":4,""Apple Card"":2,""Apple Cash"":2}"
177018,zzw-222@5wg-hzn-y5f,,,2022-07-01,2022-08-01,526.18,14,5,16.75,100.34,"{""25"":9.76,""75"":50.17}","[0.00,0.00,0.00,0.00,200.68,0.00,0.00,0.00,0.00,0.00,0.00,0.00,0.00,33.50,33.50,16.75,16.75,0.00,0.00,222.76,0.00,0.00,0.00,0.00,0.00,0.00,0.00,2.24,0.00,0.00,0.00]","[null,null,null,null,50.17,null,null,null,null,null,null,null,null,8.38,16.75,16.75,16.75,null,null,222.76,null,null,null,null,null,null,null,2.24,null,null,null]","{""Monday"":0.00,""Tuesday"":200.68,""Wednesday"":222.76,""Thursday"":35.74,""Friday"":33.50,""Saturday"":16.75,""Sunday"":16.75}","{""Wednesday"":4,""Monday"":4,""Saturday"":5,""Thursday"":4,""Tuesday"":4,""Friday"":5,""Sunday"":5}",,-95.0,0,0.0,"{""Square"":12,""No intermediary"":2}","{""Square"":301.18,""No intermediary"":225.00}","{""1"":2,""2"":2,""3"":0,""4"":0,""5-10"":1,"">10"":0}","{""1"":112.50,""2"":100.34,""3"":null,""4"":null,""5-10"":100.50,"">10"":null}","{""100-150k"":2,"">150k"":4}","{""100-150k"":2.24,"">150k"":130.99}","{""Mililani, HI"":2,""Kingston, NY"":2,""Ogden, UT"":2,""Herriman, UT"":2}","{""Target"":100,""McDonald's"":100,""Walmart"":80,""Wendy's"":80,""Old Navy"":60,""Taco Bell"":60,""Starbucks"":60,""Walgreens"":60,""Pilot Flying J"":60,""Vasa Fitness"":40,""Chevron"":40,""Scheels"":40,""Lowe's"":40,""Kaiser Permanente"":40,""T.J. Maxx"":40,""7-Eleven"":40,""Charley's"":40,""Thriftway"":40,""Dillard's"":40,""Smith's Food & Drug Stores"":40}","{""Amazon"":80,""Hulu"":60,""Venmo"":40,""Walmart"":40,""Dollar Shave Club"":40,""Disney Mobile"":40,""Fingerhut"":40,""Ring"":40,""Klarna"":40,""Apple"":40,""Afterpay"":40,""Netflix"":40,""Maverik"":40,""Chick-fil-A"":40,""Discord"":40,""Dashpass"":40,""Xsolla"":40,""Zaxby's"":40,""Spotify"":40,""Amazon Digital Services"":40}",{},"{""United States Postal Service (USPS)"":20,""McDonald's"":20}","{""Disney Mobile"":40,""T-Mobile"":20,""Verizon Wireless"":20}","{""Hulu"":60,""Netflix"":40,""Youtube Premium"":40}","{""Dashpass"":40,""Instacart"":20,""Uber Eats"":20}","{""Uber"":20}","{""Afterpay"":40,""Affirm.com"":40,""Klarna"":40}","{""Venmo"":40}"
177307,222-222@5wg-jfw-qmk,,,2022-07-01,2022-08-01,3283.91,45,17,33.54,61.86,"{""25"":17.34,""75"":64.35}","[47.92,0.00,71.18,0.00,0.00,0.00,0.00,212.88,34.02,0.00,0.00,0.00,171.94,62.48,183.46,51.23,39.54,122.88,0.00,731.29,0.00,808.36,0.00,29.11,79.98,447.80,52.99,8.99,81.90,45.96,0.00]","[23.96,null,35.59,null,null,null,null,106.44,34.02,null,null,null,42.99,9.50,45.87,25.62,19.77,61.44,null,365.65,null,404.18,null,29.11,39.99,30.93,52.99,8.99,40.95,45.96,null]","{""Monday"":202.86,""Tuesday"":447.80,""Wednesday"":956.22,""Thursday"":71.47,""Friday"":1334.52,""Saturday"":131.21,""Sunday"":139.83}","{""Wednesday"":4,""Monday"":4,""Saturday"":5,""Thursday"":4,""Tuesday"":4,""Friday"":5,""Sunday"":5}",62.0,-38.0,0,0.0,"{""No intermediary"":45}","{""No intermediary"":3283.91}","{""1"":5,""2"":5,""3"":3,""4"":2,""5-10"":2,"">10"":0}","{""1"":27.15,""2"":101.04,""3"":88.05,""4"":86.13,""5-10"":1103.26,"">10"":null}","{""<25k"":2,""25-45k"":2,""75-100k"":2,""100-150k"":3,"">150k"":9}","{""<25k"":8.99,""25-45k"":28.50,""75-100k"":35.84,""100-150k"":382.19,"">150k"":144.41}","{""Vega, TX"":2,""Grayling, MT"":2,""Salt Lake City, UT"":2,""Moab, UT"":2,""Gilbert, AZ"":2,""Edmond, OK"":2,""Big Sky, MT"":2,""Hammond, OR"":2,""Bloomington, IL"":2,""Rexburg, ID"":2,""Bozeman, MT"":2,""Encinitas, CA"":2,""Ennis, MT"":2,""Bend, OR"":2,""Albuquerque, NM"":2,""Mineral, CA"":2}","{""Exxon Mobil"":59,""Walmart"":53,""Costco"":53,""ConocoPhillips"":48,""Chevron"":42,""The Home Depot"":42,""McDonald's"":42,""Lowe's"":36,""Love's Travel Stops and Country Stores"":36,""Phillips 66"":30,""Target"":24,""Verizon Wireless"":24,""Starbucks"":24,""O'Reilly Auto Parts"":24,""Albertsons"":18,""T.J. Maxx"":18,""Hobby Lobby Stores"":18,""Safeway"":18,""PetSmart"":18,""Pilot Flying J"":18}","{""Amazon"":83,""Apple"":48,""Amazon Marketplace"":42,""Amazon Digital Services"":30,""Sirius XM"":24,""Netflix"":24,""Google Storage"":24,""Amazon Kindle"":24,""Audible"":18,""Comcast"":18,""Walmart"":12,""Target"":12,""ConocoPhillips"":12,""Google"":12,""Hulu"":12,""Adobe Creative Cloud"":12,""PayPal"":12,""Amazon Prime Video"":12,""T-Mobile"":12,""Etsy"":6}","{""The Home Depot"":42,""Lowe's"":36,""Harbor Freight Tools"":12,""Tractor Supply Co."":12,""Woodcraft"":6,""Ace Hardware"":6}","{""Exxon Mobil"":24,""ConocoPhillips"":12,""McDonald's"":12,""Phillips 66"":12,""Chevron"":6,""NAPA Auto Parts"":6,""Haagen Dazs"":6}","{""Verizon Wireless"":24,""AT&T"":12,""T-Mobile"":12,""Sprint"":6}","{""Netflix"":24,""Hulu"":12,""Amazon Prime Video"":12,""Dish Network"":6,""Redbox"":6}","{""DoorDash"":6}",{},{},"{""PayPal"":12}"
177349,zzw-222@5wg-hzm-6zf,,,2022-07-01,2022-08-01,4036.92,21,14,208.65,261.4,"{""25"":64.51,""75"":319.08}","[0.00,313.48,0.00,0.00,417.30,777.16,386.40,0.00,0.00,145.48,0.00,671.76,0.00,129.02,0.00,0.00,649.36,469.68,0.00,77.28,0.00,0.00,0.00,0.00,0.00,0.00,0.00,0.00,0.00,0.00,0.00]","[null,313.48,null,null,208.65,231.84,386.40,null,null,145.48,null,335.88,null,64.51,null,null,324.68,44.68,null,77.28,null,null,null,null,null,null,null,null,null,null,null]","{""Monday"":469.68,""Tuesday"":1089.06,""Wednesday"":854.44,""Thursday"":515.42,""Friday"":0.00,""Saturday"":313.48,""Sunday"":794.84}","{""Wednesday"":4,""Monday"":4,""Saturday"":5,""Thursday"":4,""Tuesday"":4,""Friday"":5,""Sunday"":5}",-36.0,-53.0,2,417.3,"{""No intermediary"":21}","{""No intermediary"":4036.92}","{""1"":7,""2"":7,""3"":0,""4"":0,""5-10"":0,"">10"":0}","{""1"":242.83,""2"":333.87,""3"":null,""4"":null,""5-10"":null,"">10"":null}","{""25-45k"":2,""45-60k"":2,""60-75k"":2,""75-100k"":2,""100-150k"":2,"">150k"":6}","{""25-45k"":290.96,""45-60k"":89.36,""60-75k"":281.39,""75-100k"":89.36,""100-150k"":389.19,"">150k"":259.05}","{""Grovetown, GA"":4,""Sioux City, IA"":2,""Murfreesboro, TN"":2,""Blackfoot, ID"":2,""Pocatello, ID"":2,""Twin Falls, ID"":2,""Jacksonville, FL"":2,""Boise, ID"":2,""Ammon, ID"":2,""Cumming, GA"":2}","{""Walmart"":86,""McDonald's"":72,""Shell Oil"":72,""Chevron"":58,""Exxon Mobil"":58,""Maverik"":50,""Stinker Stores"":43,""Target"":36,""Taco Bell"":36,""The Home Depot"":36,""Costco"":36,""Chick-fil-A"":36,""Verizon Wireless"":29,""Buffalo Wild Wings"":29,""Smith's Food & Drug Stores"":29,""O'Reilly Auto Parts"":29,""Redbox"":29,""Subway"":29,""Little Caesars"":22,""Ross Stores"":22}","{""Apple"":72,""Netflix"":43,""Spotify"":43,""Amazon"":29,""T-Mobile"":29,""Verizon Wireless"":22,""Sirius XM"":22,""Fred Meyer"":22,""Hulu"":22,""American Eagle Outfitters"":22,""Ticketmaster"":15,""Zara"":15,""Target"":15,""Gold's Gym"":15,""Nintendo"":15,""Shein"":15,""Dish Network"":15,""IKEA"":15,""Amazon Digital Services"":15,""McDonald's"":15}","{""Sheraton Hotels & Resorts"":15,""Econo Lodge"":8,""Howard Johnson (HoJo)"":8,""Hampton"":8,""Super 8"":8,""Marriott Hotels"":8}","{""McDonald's"":15,""Exxon Mobil"":8}","{""Verizon Wireless"":43,""T-Mobile"":29,""AT&T"":8,""Disney Mobile"":8}","{""Netflix"":43,""Redbox"":29,""Hulu"":22,""Dish Network"":15,""Disney Plus"":15,""Amazon Prime Video"":15}","{""Instacart"":8}","{""Lyft"":8}","{""Affirm.com"":8}","{""Apple Cash"":22,""Zelle"":8}"
177375,zzw-222@5wg-hzm-6rk,,,2022-07-01,2022-08-01,1092.93,8,5,169.0,179.3,"{""25"":44.57,""75"":195.94}","[0.00,0.00,0.00,0.00,414.16,0.00,0.00,0.00,0.00,0.00,0.00,0.00,0.00,0.00,0.00,0.00,0.00,0.00,0.00,340.77,0.00,338.00,0.00,0.00,0.00,0.00,0.00,0.00,0.00,0.00,0.00]","[null,null,null,null,103.54,null,null,null,null,null,null,null,null,null,null,null,null,null,null,170.39,null,169.00,null,null,null,null,null,null,null,null,null]","{""Monday"":0.00,""Tuesday"":414.16,""Wednesday"":340.77,""Thursday"":0.00,""Friday"":338.00,""Saturday"":0.00,""Sunday"":0.00}","{""Wednesday"":4,""Monday"":4,""Saturday"":5,""Thursday"":4,""Tuesday"":4,""Friday"":5,""Sunday"":5}",54.0,165.0,0,0.0,"{""No intermediary"":8}","{""No intermediary"":1092.93}","{""1"":2,""2"":3,""3"":0,""4"":0,""5-10"":0,"">10"":0}","{""1"":170.39,""2"":250.72,""3"":null,""4"":null,""5-10"":null,"">10"":null}","{""<25k"":2,""45-60k"":2,""75-100k"":2,""100-150k"":2}","{""<25k"":11.20,""45-60k"":338.00,""75-100k"":179.30,""100-150k"":282.22}","{""Boise, ID"":4,""Idaho Falls, ID"":2,""Holland, OH"":2,""Amsterdam, NY"":2}","{""Walmart"":100,""McDonald's"":80,""Maverik"":60,""Exxon Mobil"":60,""Lowe's"":40,""WinCo Foods"":40,""Fred Meyer"":40,""Starbucks"":40,""ConocoPhillips"":40,""Costco"":40,""Panera Bread"":40,""Dairy Queen"":40,""Carl's Jr."":40,""Phillips 66"":40,""Jimmy John's"":20,""Chili's Grill & Bar"":20,""Target"":20,""Verizon Wireless"":20,""Chipotle Mexican Grill"":20,""CenturyLink"":20}","{""Amazon"":100,""Apple"":60,""Netflix"":60,""Amazon Digital Services"":40,""Amazon Marketplace"":40,""Petco"":20,""Walmart"":20,""GNC"":20,""Chipotle Mexican Grill"":20,""Planet Fitness"":20,""YouTube TV"":20,""Sirius XM"":20,""Barclaycard US"":20,""Kohl's"":20,""ExxonMobil"":20,""Norton AntiVirus"":20,""Hulu"":20,""Spotify"":20,""Microsoft Ultimate"":20,""AT&T"":20}","{""Country Inn & Suites By Radisson"":20,""Days Inn"":20}","{""NAPA Auto Parts"":20,""Haagen Dazs"":20,""CENEX"":20,""McDonald's"":20,""Exxon Mobil"":20}","{""AT&T"":20,""T-Mobile"":20,""Verizon Wireless"":20}","{""Netflix"":60,""YouTube TV"":20,""Hulu"":20,""Amazon Prime Video"":20}",{},{},{},"{""Apple Card"":20}"
177473,222-223@5wg-hzf-hqz,SG_BRAND_f35a8740b65be2b1aa45f588f2809377,Avis Rent A Car,2022-07-01,2022-08-01,4720.23,6,6,809.25,809.25,"{""25"":188.54,""75"":1355.62}","[0.00,0.00,0.00,200.39,0.00,0.00,0.00,0.00,0.00,0.00,1411.28,0.00,0.00,0.00,0.00,0.00,0.00,0.00,0.00,0.00,0.00,786.17,0.00,0.00,1337.06,0.00,0.00,0.00,832.33,153.00,0.00]","[null,null,null,200.39,null,null,null,null,null,null,1411.28,null,null,null,null,null,null,null,null,null,null,786.17,null,null,1337.06,null,null,null,832.33,153.00,null]","{""Monday"":2948.73,""Tuesday"":0.00,""Wednesday"":0.00,""Thursday"":0.00,""Friday"":1618.50,""Saturday"":153.00,""Sunday"":0.00}","{""Wednesday"":4,""Monday"":4,""Saturday"":5,""Thursday"":4,""Tuesday"":4,""Friday"":5,""Sunday"":5}",-2.0,-26.0,2,1537.45,"{""No intermediary"":6}","{""No intermediary"":4720.23}","{""1"":6,""2"":0,""3"":0,""4"":0,""5-10"":0,"">10"":0}","{""1"":786.71,""2"":null,""3"":null,""4"":null,""5-10"":null,"">10"":null}","{""25-45k"":2,"">150k"":3}","{""25-45k"":786.17,"">150k"":786.81}","{""Rochester, NY"":2,""Littleton, CO"":2,""Van Buren, MO"":2,""Stafford, VA"":2,""Eastlake, OH"":2}","{""Walmart"":84,""Costco"":67,""McDonald's"":67,""Target"":50,""Verizon Wireless"":50,""ConocoPhillips"":50,""Maverik"":50,""CVS"":50,""Chevron"":34,""Kroger"":34,""T.J. Maxx"":34,""The Home Depot"":34,""Dollar General"":34,""Qdoba Mexican Grill"":34,""O'Reilly Auto Parts"":34,""Natural Grocers"":34,""Panera Bread"":34,""United States Postal Service (USPS)"":34,""Marshalls"":34,""Phillips 66"":34}","{""Amazon"":84,""Apple"":67,""Sirius XM"":50,""Walmart"":34,""Verizon Wireless"":34,""Netflix"":34,""Costco"":34,""Amazon Digital Services"":34,""Amazon Marketplace"":34,""Etsy"":17,""Chili's"":17,""L.L.Bean"":17,""Google Fi"":17,""Jimmy John's"":17,""Anytime Fitness"":17,""Honda"":17,""Target"":17,""Steam"":17,""DoorDash"":17,""Ipsy"":17}","{""Budget Rent A Car"":17,""Enterprise Rent-A-Car"":17}","{""Chevron"":17,""ConocoPhillips"":17,""McDonald's"":17,""Phillips 66"":17,""Exxon Mobil"":17}","{""Verizon Wireless"":67,""T-Mobile"":17,""Google Fi"":17}","{""Netflix"":34,""Hulu"":17,""Amazon Prime"":17,""Disney Plus"":17,""Amazon Prime Video"":17}","{""Dashpass"":17,""DoorDash"":17}",{},{},"{""PayPal"":17}"
177503,zzy-222@5wg-hzm-9pv,,,2022-07-01,2022-08-01,1732.24,21,14,75.19,98.59,"{""25"":56.28,""75"":104.99}","[0.00,0.00,0.00,0.00,0.00,190.32,0.00,0.00,52.03,0.00,138.72,0.00,0.00,121.06,0.00,0.00,0.00,212.16,73.63,0.00,0.00,286.00,0.00,102.02,207.80,140.40,132.91,0.00,0.00,75.19,0.00]","[null,null,null,null,null,95.16,null,null,52.03,null,34.68,null,null,60.53,null,null,null,106.08,73.63,null,null,143.00,null,102.02,103.90,70.20,132.91,null,null,75.19,null]","{""Monday"":558.68,""Tuesday"":214.03,""Wednesday"":323.23,""Thursday"":121.06,""Friday"":286.00,""Saturday"":127.22,""Sunday"":102.02}","{""Wednesday"":4,""Monday"":4,""Saturday"":5,""Thursday"":4,""Tuesday"":4,""Friday"":5,""Sunday"":5}",22.0,-22.0,0,0.0,"{""Square"":18,""No intermediary"":3}","{""Square"":1394.21,""No intermediary"":338.03}","{""1"":7,""2"":7,""3"":0,""4"":0,""5-10"":0,"">10"":0}","{""1"":89.44,""2"":158.02,""3"":null,""4"":null,""5-10"":null,"">10"":null}","{""<25k"":2,""25-45k"":2,""45-60k"":2,""75-100k"":3,""100-150k"":2,"">150k"":10}","{""<25k"":69.36,""25-45k"":286.00,""45-60k"":75.19,""75-100k"":207.80,""100-150k"":157.09,"">150k"":96.24}","{""Westminster, MD"":4,""Idaho Falls, ID"":4,""Highgrove, CA"":2,""Aquilla, OH"":2,""Salt Lake City, UT"":2,""Charlotte, NC"":2,""Robbinsville, NJ"":2,""Englewood, FL"":2,""Evergreen, CO"":2,""Burnt Hills, NY"":2,""Frederick, MD"":2}","{""Walmart"":50,""McDonald's"":50,""7-Eleven"":43,""CVS"":43,""Shell Oil"":43,""The Home Depot"":36,""Wendy's"":36,""Phillips 66"":36,""Target"":29,""Chevron"":29,""ALDI"":29,""Starbucks"":29,""Exxon Mobil"":29,""Safeway"":22,""IMAX"":22,""Costco"":22,""Walgreens"":22,""ARCO"":22,""United States Postal Service (USPS)"":22,""Verizon Wireless"":15}","{""Amazon"":65,""Apple"":43,""Uber"":29,""Amazon Marketplace"":29,""Comcast"":22,""Etsy"":15,""Verizon Wireless"":15,""Adobe Systems"":15,""The Home Depot"":15,""Royal Farms"":15,""ConocoPhillips"":15,""Netflix"":15,""E-ZPass"":15,""Audible"":15,""IHOP"":8,""Walmart"":8,""Southwest Airlines"":8,""Snack & Soda"":8,""Disney Mobile"":8,""Lyft"":8}","{""McDonald's"":50,""Wendy's"":36,""Starbucks"":29,""Chipotle Mexican Grill"":15,""Auntie Anne's"":15,""Buffalo Wild Wings"":15,""Haagen Dazs"":15,""Subway"":15,""IHOP"":8,""Lou Malnati's Pizzeria"":8,""Schlotzsky's"":8,""Jimmy John's"":8,""Chili's Grill & Bar"":8,""Metro Diner"":8,""Uno Chicago Grill"":8,""Ruth's Chris Steak House"":8,""Jersey Mike's"":8,""Temple Coffee"":8,""The Cheesecake Factory"":8,""WaBa Grill"":8}","{""McDonald's"":15,""Phillips 66"":8,""Exxon Mobil"":8,""Haagen Dazs"":8}","{""Verizon Wireless"":29,""AT&T"":22,""Disney Mobile"":8}","{""Netflix"":15,""Roku"":8,""Hulu"":8,""Time Warner Cable"":8,""Amazon Prime Video"":8}","{""Uber Eats"":8}","{""Uber"":29,""Lyft"":8}","{""Affirm.com"":8}","{""PayPal"":8}"
177618,225-222@5wg-hzm-6zf,,,2022-07-01,2022-08-01,30702.24,362,207,74.96,117.38,"{""25"":48.40,""75"":104.81}","[1381.00,244.52,301.24,551.34,4127.52,207.74,345.04,2088.62,281.68,938.03,1498.32,0.00,876.44,1187.48,2010.88,299.15,438.72,3001.12,125.16,522.39,2123.50,1637.10,235.89,752.42,1225.84,60.00,644.44,674.54,1770.12,128.64,1023.36]","[61.88,55.00,63.79,61.26,77.81,207.74,84.22,85.84,85.56,89.72,76.64,null,70.12,80.19,80.00,299.15,85.50,53.72,62.58,54.54,76.38,131.00,117.95,35.12,81.98,30.00,66.16,100.00,73.10,128.64,39.44]","{""Monday"":6276.62,""Tuesday"":4312.68,""Wednesday"":2251.01,""Thursday"":4330.56,""Friday"":8887.72,""Saturday"":1189.88,""Sunday"":3453.77}","{""Wednesday"":4,""Monday"":4,""Saturday"":5,""Thursday"":4,""Tuesday"":4,""Friday"":5,""Sunday"":5}",122.0,73.0,0,0.0,"{""No intermediary"":362}","{""No intermediary"":30702.24}","{""1"":78,""2"":120,""3"":2,""4"":5,""5-10"":2,"">10"":0}","{""1"":83.22,""2"":163.77,""3"":196.34,""4"":338.09,""5-10"":1237.64,"">10"":null}","{""<25k"":11,""25-45k"":22,""45-60k"":9,""60-75k"":10,""75-100k"":27,""100-150k"":51,"">150k"":74}","{""<25k"":53.14,""25-45k"":202.24,""45-60k"":106.76,""60-75k"":116.97,""75-100k"":157.19,""100-150k"":137.37,"">150k"":159.20}","{""Star, ID"":9,""Idaho Falls, ID"":8,""Brazil, IN"":7,""Nampa, ID"":7,""Grayling, MT"":6,""Salt Lake City, UT"":5,""Colorado Springs, CO"":5,""Philadelphia, PA"":5,""San Antonio, TX"":5,""Worley, ID"":5,""Chattanooga, TN"":4,""West Jordan, UT"":4,""Satellite Beach, FL"":4,""Ammon, ID"":4,""Islington, MA"":4,""Poquoson, VA"":3,""Wendell, ID"":3,""South Jordan, UT"":3,""Pocatello, ID"":3,""Branch, MN"":3,""Layton, UT"":3,""Lehi, UT"":3,""Deadwood, SD"":3,""Herriman, UT"":3,""Minneapolis, MN"":2,""Arlington, VA"":2,""Amalga, UT"":2,""Lancaster, PA"":2,""East Olympia, WA"":2,""Buhl, ID"":2,""Bountiful, UT"":2,""Beaufort, NC"":2,""Syracuse, UT"":2,""Durango, CO"":2,""Island Park, ID"":2,""Virginia City, MT"":2,""Sandy, UT"":2,""Troy, MI"":2,""Liberty Lake, WA"":2,""Savage, MD"":2,""North Salt Lake, UT"":2,""Rochester, NY"":2,""Murfreesboro, TN"":2,""Vernal, UT"":2,""Livingston, NY"":2,""Falling Waters, WV"":2,""Cornelius, NC"":2,""Abington, PA"":2,""Grosse Pointe, MI"":2,""Fayetteville, NY"":2,""Puyallup, WA"":2,""Shelley, ID"":2,""Blackfoot, ID"":2,""Springville, UT"":2,""Windsor, CO"":2,""Clearwater, FL"":2,""Mesa, AZ"":2,""Lemoore, CA"":2,""Chapel Hill, NC"":2,""Carville, LA"":2,""Moab, UT"":2,""Gilbert, AZ"":2,""Crouch, ID"":2,""Montezuma, NC"":2,""Folsom, CA"":2,""Highland, UT"":2,""Clarion, PA"":2,""Park City, UT"":2,""Dundee, MI"":2,""Basin, WY"":2,""Jerome, ID"":2,""Missoula, MT"":2,""Ogden, UT"":2,""Loveland, CO"":2,""Swormville, NY"":2,""Everett, WA"":2,""Clarksville, TN"":2,""North Chesterfield, VA"":2,""Snohomish, WA"":2,""Saint Louis, MO"":2,""Cocoa Beach, FL"":2,""Seattle, WA"":2,""Centerville, OH"":2,""Boise, ID"":2,""Muskego, WI"":2,""Brandywine, MD"":2,""Sutherlin, OR"":2,""Phillipsburg, KS"":2,""Weatherford, TX"":2,""Emigrant, MT"":2,""Spokane, WA"":2,""North Little Rock, AR"":2,""Kuna, ID"":2,""Lexington, KY"":2,""Chantilly, VA"":2,""Burmester, UT"":2,""Kailua, HI"":2,""Grant, ID"":2,""Rexburg, ID"":2,""Carrolls, WA"":2,""Bozeman, MT"":2,""Cincinnati, OH"":2,""Burtonsville, MD"":2,""Allamuchy, NJ"":2,""Charleston, UT"":2,""East Greenbush, NY"":2,""Burley, ID"":2,""Mankato, MN"":2,""Syracuse, NY"":2,""Scottsdale, AZ"":2,""Bethany, IN"":2,""Eagle, ID"":2,""Glendale, AZ"":2,""Asheville, NC"":2,""Barstow, CA"":2,""Auburn, AL"":2,""Peachtree City, GA"":2,""Peoria, AZ"":2,""New Castle, DE"":2,""Moraine, OH"":2,""Austin, TX"":2,""Logan, UT"":2,""Miami Beach, FL"":2,""Ponte Vedra Beach, FL"":2,""Wake Forest, NC"":2}","{""Walmart"":67,""McDonald's"":62,""Maverik"":48,""Shell Oil"":45,""Chevron"":43,""Costco"":36,""Wendy's"":29,""Subway"":29,""Exxon Mobil"":29,""Target"":28,""ConocoPhillips"":28,""Chick-fil-A"":27,""Starbucks"":25,""Taco Bell"":24,""Lowe's"":24,""The Home Depot"":24,""Walgreens"":23,""Albertsons"":22,""WinCo Foods"":22,""Verizon Wireless"":21}","{""Amazon"":60,""Apple"":51,""Netflix"":34,""Amazon Digital Services"":24,""Hulu"":19,""Spotify"":18,""Comcast"":18,""Amazon Marketplace"":16,""Walmart"":14,""Sirius XM"":14,""Verizon Wireless"":14,""Target"":12,""AT&T"":12,""Audible"":11,""Maverik"":10,""Kohl's"":10,""Amazon Prime Video"":10,""Google Storage"":9,""Costa Vida"":8,""Etsy"":8}","{""McDonald's"":62,""Wendy's"":31,""Chick-fil-A"":30,""Subway"":30,""Taco Bell"":25,""Starbucks"":25,""Burger King"":22,""Dairy Queen"":15,""Domino's Pizza"":14,""Sonic"":13,""Panera Bread"":13,""Little Caesars"":13,""Chipotle Mexican Grill"":12,""Panda Express"":11,""Arby's"":11,""Jimmy John's"":11,""Arctic Circle"":9,""Culver's"":9,""Costa Vida"":8,""Cafe Rio"":8}","{""McDonald's"":16,""Chevron"":6,""Exxon Mobil"":6,""Haagen Dazs"":5,""Phillips 66"":5,""Subway"":3,""CENEX"":2,""United States Postal Service (USPS)"":2,""NAPA Auto Parts"":1,""ConocoPhillips"":1}","{""Verizon Wireless"":33,""AT&T"":19,""T-Mobile"":14,""Sprint"":3,""MetroPCS"":2,""Google Fi"":1,""Cricket Wireless"":1}","{""Netflix"":34,""Hulu"":19,""Disney Plus"":15,""Amazon Prime Video"":10,""Roku"":5,""Dish Network"":4,""Peacock"":4,""Redbox"":4,""Youtube"":4,""YouTube TV"":3,""Sling TV"":2,""Vudu"":2,""Funimation"":1,""Crunchyroll"":1,""Amazon Prime"":1,""Youtube Premium"":1,""Starz"":1,""Fubo"":1,""Time Warner Cable"":1}","{""Dashpass"":5,""DoorDash"":3,""Uber Eats"":3,""Instacart"":2,""Shipt"":2,""Postmates"":1}","{""Uber"":6,""Lyft"":4}","{""Affirm.com"":7,""Afterpay"":5,""Klarna"":3,""Acima Credit"":1,""Zip Company"":1,""Progressive Leasing"":1}","{""Apple Card"":5,""PayPal"":3,""Apple Cash"":3,""Venmo"":2}"
177767,222-222@5wg-jfw-p7q,,,2022-07-01,2022-08-01,13150.88,315,175,26.98,41.5,"{""25"":17.30,""75"":44.54}","[367.48,385.66,317.81,318.37,516.26,766.94,98.14,252.30,457.48,28.71,932.52,415.08,480.86,1567.36,295.46,175.94,300.93,175.52,31.19,246.87,991.64,645.76,248.00,176.59,366.00,832.78,196.72,445.80,541.42,269.22,306.07]","[25.05,31.04,35.58,30.40,26.30,39.72,19.80,32.03,37.00,28.71,27.22,28.77,37.75,19.45,22.44,70.34,36.77,17.30,15.59,21.38,22.01,35.72,32.29,28.76,23.83,60.59,14.55,24.96,135.36,31.31,30.01]","{""Monday"":1792.41,""Tuesday"":1795.31,""Wednesday"":1691.39,""Thursday"":3102.94,""Friday"":2102.42,""Saturday"":1536.30,""Sunday"":1130.11}","{""Wednesday"":4,""Monday"":4,""Saturday"":5,""Thursday"":4,""Tuesday"":4,""Friday"":5,""Sunday"":5}",86.0,53.0,0,0.0,"{""No intermediary"":315}","{""No intermediary"":13150.88}","{""1"":82,""2"":75,""3"":8,""4"":4,""5-10"":6,"">10"":0}","{""1"":38.64,""2"":83.35,""3"":200.29,""4"":119.07,""5-10"":275.43,"">10"":null}","{""<25k"":17,""25-45k"":14,""45-60k"":18,""60-75k"":8,""75-100k"":23,""100-150k"":32,"">150k"":56}","{""<25k"":47.50,""25-45k"":95.94,""45-60k"":98.30,""60-75k"":45.36,""75-100k"":46.59,""100-150k"":71.80,"">150k"":89.47}","{""Salt Lake City, UT"":12,""Idaho Falls, ID"":11,""Grayling, MT"":10,""Island Park, ID"":9,""Moab, UT"":7,""Nampa, ID"":7,""Saint George, UT"":6,""Meridian, ID"":6,""Charleston, UT"":6,""Chubbuck, ID"":5,""South Jordan, UT"":4,""Blackfoot, ID"":4,""Jerome, ID"":4,""Erda, UT"":4,""Layton, UT"":4,""Billings, MT"":4,""West Jordan, UT"":3,""Vernal, UT"":3,""Provo, UT"":3,""Sterling, VA"":3,""Boise, ID"":3,""Bozeman, MT"":3,""Herriman, UT"":3,""Wendell, ID"":2,""Driggs, ID"":2,""Kent, WA"":2,""Sandy, UT"":2,""Victor, ID"":2,""Clarendon, AR"":2,""Benjamin, UT"":2,""Emmett, ID"":2,""Herndon, VA"":2,""Hurricane, UT"":2,""Pocatello, ID"":2,""Little America, WY"":2,""Clearfield, UT"":2,""Twin Falls, ID"":2,""Coeur D Alene, ID"":2,""La Habra, CA"":2,""Placerville, ID"":2,""Cedar City, UT"":2,""Riverton, UT"":2,""Ammon, ID"":2,""Emigrant, MT"":2,""Midvale, UT"":2,""Chantilly, VA"":2,""Mechanicsburg, PA"":2,""Burmester, UT"":2,""Farmington, UT"":2,""Draper, UT"":2,""Rexburg, ID"":2,""Kaysville, UT"":2,""West Valley, UT"":2,""Albany, NY"":2,""Roswell, GA"":2,""River Falls, WI"":2,""Eagle, ID"":2,""Saint Johns, FL"":2,""Star, ID"":2,""Jackson, WY"":2,""Mission Viejo, CA"":2,""Logan, UT"":2,""Wake Forest, NC"":2}","{""Walmart"":74,""Maverik"":63,""McDonald's"":63,""Chevron"":54,""Costco"":46,""WinCo Foods"":32,""Target"":32,""Subway"":28,""Wendy's"":28,""Albertsons"":27,""Smith's Food & Drug Stores"":26,""Walgreens"":24,""The Home Depot"":23,""Shell Oil"":23,""Exxon Mobil"":22,""Taco Bell"":20,""Chick-fil-A"":20,""Lowe's"":18,""Stinker Stores"":18,""Dollar Tree"":18}","{""Amazon"":65,""Apple"":40,""Netflix"":35,""Hulu"":21,""Walmart"":18,""Spotify"":16,""Maverik"":16,""Amazon Digital Services"":14,""Costa Vida"":14,""Amazon Marketplace"":13,""Target"":12,""Verizon Wireless"":12,""The Home Depot"":11,""McDonald's"":11,""Comcast"":11,""T-Mobile"":11,""AT&T"":11,""Chick-fil-A"":10,""Dutch Bros. Coffee"":8,""Etsy"":7}","{""WinCo Foods"":32,""Albertsons"":30,""Smith's Food & Drug Stores"":26,""7-Eleven"":18,""Fred Meyer"":16,""Trader Joe's"":9,""Harmons"":9,""Broulim's"":7,""Safeway"":5,""Grocery Outlet"":5,""Circle K"":4,""Fast Stop"":4,""The Fresh Market"":4,""Natural Grocers"":4,""Whole Foods Market"":4,""Ridley's"":4,""SHOP 'n SAVE Supermarkets"":3,""Smart Foodservice"":3,""Key Food"":3,""Casey's General Stores"":3}","{""McDonald's"":19,""Subway"":10,""Chevron"":4,""Haagen Dazs"":4,""Phillips 66"":3,""NAPA Auto Parts"":2,""Exxon Mobil"":2,""ConocoPhillips"":1}","{""Verizon Wireless"":28,""AT&T"":15,""T-Mobile"":14,""Sprint"":3,""Cricket Wireless"":2,""Disney Mobile"":2,""Straight Talk"":2,""MetroPCS"":1}","{""Netflix"":35,""Hulu"":21,""Disney Plus"":14,""Redbox"":8,""Amazon Prime Video"":7,""Youtube Premium"":5,""Youtube"":4,""Dish Network"":4,""Peacock"":4,""Roku"":3,""Sling TV"":2,""HBO Max"":2,""YouTube TV"":2,""Vudu"":2,""Fubo"":2,""DirecTV"":2}","{""Dashpass"":6,""Uber Eats"":5,""Instacart"":2,""DoorDash"":1,""Postmates"":1}","{""Uber"":6,""Lyft"":2}","{""Affirm.com"":6,""Klarna"":4,""Afterpay"":3,""Sezzle"":1,""Acima Credit"":1}","{""Apple Card"":5,""PayPal"":3,""Apple Cash"":2,""Venmo"":2}"
177810,222-222@5wg-hzm-9zz,,,2022-07-01,2022-08-01,10447.54,239,139,27.82,44.69,"{""25"":17.66,""75"":46.79}","[166.38,62.43,108.07,186.01,370.06,66.52,96.62,188.10,281.24,98.22,236.90,583.96,167.48,1124.60,519.70,47.55,114.35,1401.72,213.59,46.61,582.00,415.80,1148.08,25.99,739.80,351.30,388.62,117.42,388.76,152.66,57.00]","[41.60,15.06,54.04,16.64,25.99,25.99,48.31,17.67,281.24,17.94,42.11,52.14,21.31,28.06,25.98,11.41,28.59,50.43,23.39,8.75,28.59,85.23,49.89,25.99,31.16,47.81,25.99,20.78,36.38,36.40,17.67]","{""Monday"":2564.43,""Tuesday"":1518.91,""Wednesday"":669.23,""Thursday"":1920.64,""Friday"":1678.74,""Saturday"":1691.96,""Sunday"":403.63}","{""Wednesday"":4,""Monday"":4,""Saturday"":5,""Thursday"":4,""Tuesday"":4,""Friday"":5,""Sunday"":5}",35.0,5.0,7,218.29,"{""No intermediary"":239}","{""No intermediary"":10447.54}","{""1"":56,""2"":75,""3"":3,""4"":3,""5-10"":2,"">10"":0}","{""1"":31.09,""2"":104.76,""3"":106.72,""4"":60.80,""5-10"":173.59,"">10"":null}","{""<25k"":13,""25-45k"":16,""45-60k"":3,""60-75k"":8,""75-100k"":10,""100-150k"":31,"">150k"":52}","{""<25k"":70.76,""25-45k"":44.42,""45-60k"":35.04,""60-75k"":26.80,""75-100k"":64.16,""100-150k"":101.36,"">150k"":87.26}","{""Dunwoody, GA"":4,""Grayling, MT"":4,""Woods Cross, UT"":4,""Salt Lake City, UT"":4,""Pocatello, ID"":4,""Navarre, FL"":4,""Lehi, UT"":4,""Logan, UT"":4,""Lebanon, NH"":3,""Vernal, UT"":3,""Ankeny, IA"":3,""Spokane, WA"":3,""Estes Park, CO"":3,""Layton, UT"":3,""San Antonio, TX"":3,""Encinitas, CA"":3,""Idaho Falls, ID"":3,""Austin, TX"":3,""Elizabethtown, KY"":3,""Tremonton, UT"":2,""West Jordan, UT"":2,""Wilmette, IL"":2,""Pittston, PA"":2,""West Bountiful, UT"":2,""Malibu, CA"":2,""South Jordan, UT"":2,""Altoona, IA"":2,""San Diego, CA"":2,""Beaufort, NC"":2,""Brigham City, UT"":2,""Troy, MI"":2,""Taylorsville, UT"":2,""Glendale, CA"":2,""Casa Grande, AZ"":2,""San Francisco, CA"":2,""Rochester, MI"":2,""Chandler, AZ"":2,""Shelley, ID"":2,""Blackfoot, ID"":2,""Mesa, AZ"":2,""Clayton, DE"":2,""Eagle, CO"":2,""Tuscola, TX"":2,""Richmond, VA"":2,""Provo, UT"":2,""Meridian, ID"":2,""Oakland, CA"":2,""Folsom, CA"":2,""Highland, UT"":2,""Harrisville, UT"":2,""Indian Trail, NC"":2,""Missoula, MT"":2,""Ogden, UT"":2,""Sarasota, FL"":2,""Clearfield, UT"":2,""Magna, UT"":2,""Santa Rosa, CA"":2,""Little Elm, TX"":2,""Portland, ND"":2,""California, MD"":2,""Seattle, WA"":2,""Englewood, FL"":2,""Coppell, TX"":2,""New Orleans, LA"":2,""Boise, ID"":2,""Princeton, SC"":2,""Cedar City, UT"":2,""Victoria, TX"":2,""Muskego, WI"":2,""Emigrant, MT"":2,""Anderson, IN"":2,""Draper, UT"":2,""Rexburg, ID"":2,""Erda, UT"":2,""Carrolls, WA"":2,""Bozeman, MT"":2,""Early, IA"":2,""Fond Du Lac, WI"":2,""Kaysville, UT"":2,""Pearland, TX"":2,""Hillsboro, VA"":2,""Saratoga Springs, UT"":2,""Featherville, ID"":2,""Eagan, MN"":2,""Eagle, ID"":2,""Herriman, UT"":2,""Fruita, CO"":2,""Beryl, UT"":2,""Caldwell, ID"":2,""Castle Rock, CO"":2,""Wausau, WI"":2}","{""Walmart"":75,""McDonald's"":62,""Maverik"":43,""Chevron"":40,""Costco"":39,""Target"":37,""Shell Oil"":35,""Subway"":32,""Walgreens"":31,""Starbucks"":29,""Smith's Food & Drug Stores"":26,""Chick-fil-A"":26,""Albertsons"":23,""The Home Depot"":23,""Taco Bell"":22,""Exxon Mobil"":22,""ConocoPhillips"":21,""Lowe's"":20,""Wendy's"":20,""7-Eleven"":19}","{""Amazon"":70,""Apple"":47,""Netflix"":28,""Amazon Digital Services"":23,""Amazon Marketplace"":21,""Spotify"":18,""Hulu"":16,""Walmart"":15,""AT&T"":14,""Comcast"":13,""T-Mobile"":12,""Target"":11,""Sirius XM"":11,""Maverik"":11,""Chick-fil-A"":11,""Costa Vida"":11,""Verizon Wireless"":10,""Audible"":10,""Google Storage"":9,""Amazon Kindle"":8}","{""Staples"":4,""Hallmark Cards"":2,""Office Depot"":2,""Edible Arrangements"":2}","{""McDonald's"":12,""Haagen Dazs"":6,""Subway"":6,""Phillips 66"":3,""Exxon Mobil"":3,""Chevron"":3,""ConocoPhillips"":3,""United States Postal Service (USPS)"":3}","{""Verizon Wireless"":20,""AT&T"":17,""T-Mobile"":15,""Sprint"":4,""Straight Talk"":3,""Cricket Wireless"":2}","{""Netflix"":28,""Hulu"":16,""Disney Plus"":16,""YouTube TV"":6,""Redbox"":6,""Amazon Prime Video"":6,""Youtube"":5,""Roku"":4,""Peacock"":4,""Dish Network"":3,""HBO Max"":3,""Sling TV"":2,""Funimation"":1,""Time Warner Cable"":1,""Starz"":1}","{""DoorDash"":6,""Dashpass"":6,""Uber Eats"":6,""Instacart"":4,""HelloFresh"":1}","{""Uber"":6,""Lyft"":3}","{""Affirm.com"":3,""Afterpay"":3,""Klarna"":3,""Zip Company"":1}","{""Apple Cash"":5,""PayPal"":3,""Apple Card"":3}"
177883,zzy-222@5wg-hzm-7dv,,,2022-07-01,2022-08-01,6021.27,211,103,22.62,43.14,"{""25"":14.30,""75"":37.96}","[146.00,0.00,41.42,84.75,373.70,101.74,0.00,0.00,216.03,70.39,797.52,247.82,387.16,191.26,187.20,24.95,86.62,540.44,169.68,130.25,240.52,85.24,141.93,152.94,662.64,57.54,302.01,31.24,246.10,66.14,238.04]","[73.00,null,41.42,25.22,20.73,19.71,null,null,28.17,35.20,19.55,30.64,22.36,13.52,36.92,6.76,13.99,26.71,20.63,28.34,33.14,21.31,15.47,36.79,27.54,14.39,60.00,15.62,33.59,33.07,18.58]","{""Monday"":2085.35,""Tuesday"":848.74,""Wednesday"":921.16,""Thursday"":463.02,""Friday"":664.54,""Saturday"":449.05,""Sunday"":589.41}","{""Wednesday"":4,""Monday"":4,""Saturday"":5,""Thursday"":4,""Tuesday"":4,""Friday"":5,""Sunday"":5}",69.0,49.0,0,0.0,"{""No intermediary"":211}","{""No intermediary"":6021.27}","{""1"":34,""2"":56,""3"":2,""4"":7,""5-10"":4,"">10"":0}","{""1"":34.15,""2"":60.94,""3"":55.65,""4"":89.07,""5-10"":178.11,"">10"":null}","{""<25k"":15,""25-45k"":17,""45-60k"":6,""60-75k"":6,""75-100k"":11,""100-150k"":14,"">150k"":33}","{""<25k"":38.25,""25-45k"":57.53,""45-60k"":39.26,""60-75k"":46.42,""75-100k"":48.47,""100-150k"":76.95,"">150k"":70.87}","{""Grayling, MT"":12,""Salt Lake City, UT"":5,""Bozeman, MT"":5,""Roxboro, NC"":3,""Driggs, ID"":3,""Scott Air Force Base, IL"":3,""Wilmington, OH"":3,""Parker, ID"":3,""Idaho Falls, ID"":3,""Jamestown, ND"":2,""Island Park, ID"":2,""Roy, UT"":2,""Sandy, UT"":2,""Gresham, OR"":2,""Chandler, AZ"":2,""Springfield, PA"":2,""Queen Creek, AZ"":2,""Richmond, VA"":2,""Oakland, CA"":2,""Champaign, IL"":2,""Ogden, UT"":2,""Wind Gap, PA"":2,""Pocatello, ID"":2,""Clearfield, UT"":2,""Twin Falls, ID"":2,""Coeur D Alene, ID"":2,""Las Vegas, NV"":2,""Van Buren, MO"":2,""Bliss, ID"":2,""Worth, IL"":2,""Boise, ID"":2,""San Pablo, CA"":2,""Ammon, ID"":2,""Troutdale, OR"":2,""Alpharetta, GA"":2,""Derby, KS"":2,""Magnet, TX"":2,""Philadelphia, PA"":2,""Grant, ID"":2,""Carrollton, TX"":2,""Wendte, SD"":2,""Montgomeryville, PA"":2,""Rexburg, ID"":2,""Carrolls, WA"":2,""Charleston, UT"":2,""Reno, NV"":2,""Fe Warren Afb, WY"":2,""Eugene, OR"":2,""Henderson, NV"":2,""Albany, NY"":2,""Orem, UT"":2,""Ashton, ID"":2,""Cherryville, PA"":2,""Carnegie, PA"":2,""Yuma, AZ"":2,""Eagle, ID"":2,""Bend, OR"":2,""Conata, SD"":2,""Saint Johns, FL"":2,""Caldwell, ID"":2}","{""Walmart"":62,""McDonald's"":52,""Chevron"":43,""Maverik"":40,""Shell Oil"":40,""Target"":34,""Costco"":34,""The Home Depot"":29,""Subway"":27,""Chick-fil-A"":26,""Starbucks"":24,""Exxon Mobil"":22,""Smith's Food & Drug Stores"":21,""Pilot Flying J"":21,""Albertsons"":20,""Walgreens"":20,""Wendy's"":19,""Love's Travel Stops and Country Stores"":19,""WinCo Foods"":18,""Taco Bell"":17}","{""Amazon"":58,""Apple"":49,""Netflix"":34,""Spotify"":32,""Hulu"":22,""Amazon Marketplace"":16,""Walmart"":15,""Comcast"":15,""Verizon Wireless"":13,""Google Storage"":13,""Amazon Digital Services"":12,""AT&T"":12,""Audible"":10,""Etsy"":8,""Nintendo"":8,""Maverik"":8,""Target"":7,""Planet Fitness"":7,""Airbnb"":7,""Adobe Systems"":7}","{""McDonald's"":53,""Subway"":33,""Chick-fil-A"":29,""Starbucks"":24,""Wendy's"":19,""Burger King"":19,""Taco Bell"":18,""Panda Express"":15,""Arby's"":14,""Jimmy John's"":10,""Chipotle Mexican Grill"":10,""Domino's Pizza"":9,""Jack in the Box"":9,""Dairy Queen"":9,""Sonic"":8,""Jersey Mike's"":8,""Buffalo Wild Wings"":8,""Pizza Hut"":8,""Dunkin'"":8,""Little Caesars"":7}","{""McDonald's"":21,""Subway"":12,""Haagen Dazs"":7,""Exxon Mobil"":7,""Chevron"":5,""Phillips 66"":5,""United States Postal Service (USPS)"":2,""ConocoPhillips"":1}","{""Verizon Wireless"":23,""T-Mobile"":17,""AT&T"":14,""Disney Mobile"":3,""Sprint"":3,""Cricket Wireless"":2,""Google Fi"":1}","{""Netflix"":34,""Hulu"":22,""Disney Plus"":12,""Youtube Premium"":6,""Amazon Prime Video"":5,""Youtube"":4,""Crunchyroll"":3,""Roku"":2,""HBO Max"":2,""Fubo"":1,""Dish Network"":1,""Vudu"":1,""Peacock"":1,""DirecTV"":1,""Starz"":1}","{""Dashpass"":7,""Uber Eats"":5,""DoorDash"":1,""Grubhub"":1}","{""Uber"":4,""Lyft"":1}","{""Affirm.com"":7,""Klarna"":6,""Afterpay"":6,""Acima Credit"":2,""Sezzle"":1}","{""Apple Card"":3,""Venmo"":2,""PayPal"":1,""Apple Cash"":1}"
177923,226-222@5wg-hzm-9zz,,,2022-07-01,2022-08-01,7579.13,147,89,44.22,68.12,"{""25"":30.58,""75"":64.70}","[202.84,0.00,72.54,174.48,524.10,117.36,130.02,341.98,0.00,129.31,848.60,84.24,81.84,164.04,658.26,0.00,73.84,391.92,175.10,349.48,606.56,385.42,129.40,65.13,382.64,444.14,104.92,149.73,370.08,141.57,279.59]","[25.84,null,24.82,25.83,35.68,28.83,17.26,34.68,null,44.22,39.48,42.12,40.92,82.02,58.62,null,73.84,27.49,62.08,54.42,90.84,42.68,64.70,32.57,63.12,59.56,52.46,74.87,56.84,44.87,95.03]","{""Monday"":1797.64,""Tuesday"":1227.58,""Wednesday"":653.60,""Thursday"":1050.35,""Friday"":1958.58,""Saturday"":270.97,""Sunday"":620.41}","{""Wednesday"":4,""Monday"":4,""Saturday"":5,""Thursday"":4,""Tuesday"":4,""Friday"":5,""Sunday"":5}",53.0,-10.0,1,44.22,"{""No intermediary"":147}","{""No intermediary"":7579.13}","{""1"":35,""2"":51,""3"":2,""4"":1,""5-10"":0,"">10"":0}","{""1"":56.29,""2"":98.99,""3"":111.76,""4"":336.88,""5-10"":null,"">10"":null}","{""<25k"":2,""25-45k"":14,""45-60k"":6,""60-75k"":5,""75-100k"":7,""100-150k"":13,"">150k"":29}","{""<25k"":101.27,""25-45k"":92.91,""45-60k"":59.45,""60-75k"":95.76,""75-100k"":80.20,""100-150k"":66.65,"">150k"":91.42}","{""San Francisco, CA"":4,""North Salt Lake, UT"":3,""Louisville, KY"":3,""Portland, ND"":3,""Idaho Falls, ID"":3,""Loomis, SD"":2,""Renton, WA"":2,""Rockford, IL"":2,""West Bountiful, UT"":2,""Grayling, MT"":2,""San Diego, CA"":2,""Frisco, TX"":2,""Brigham City, UT"":2,""Scott Air Force Base, IL"":2,""Kingston, NY"":2,""Sandy, UT"":2,""Oceanside, CA"":2,""Surprise, AZ"":2,""Taylorsville, UT"":2,""Fort Wainwright, AK"":2,""Salt Lake City, UT"":2,""Arlington, WA"":2,""Clarksville, IN"":2,""Fresno, CA"":2,""Mulino, OR"":2,""Carmel, IN"":2,""Chandler, AZ"":2,""Cedar Park, TX"":2,""Blackfoot, ID"":2,""Monroe, UT"":2,""Clearwater, FL"":2,""Moab, UT"":2,""Crouch, ID"":2,""Meridian, ID"":2,""Highland, UT"":2,""Belgrade, MT"":2,""Mechanicsville, VA"":2,""Harrisville, UT"":2,""Ogden, UT"":2,""Lester, WA"":2,""Pocatello, ID"":2,""Peyton, CO"":2,""Charleston, SC"":2,""Cockeysville, MD"":2,""Reston, VA"":2,""Seattle, WA"":2,""Coppell, TX"":2,""Boise, ID"":2,""Cedar City, UT"":2,""Landrum, SC"":2,""Alpharetta, GA"":2,""Glen Burnie, MD"":2,""Lexington, KY"":2,""Minot, ND"":2,""Parma, OH"":2,""Carlsbad, CA"":2,""San Antonio, TX"":2,""Lehi, UT"":2,""Jefferson, WV"":2,""Fe Warren Afb, WY"":2,""Salado, TX"":2,""Dfw Airport, TX"":2,""Newbury Park, CA"":2,""Ennis, MT"":2,""Glendale, AZ"":2,""Greenacres, WA"":2,""Elizabethtown, KY"":2,""Logan, UT"":2,""Wake Forest, NC"":2}","{""Walmart"":72,""McDonald's"":57,""Chevron"":45,""Target"":41,""Maverik"":41,""Costco"":41,""Wendy's"":34,""Albertsons"":30,""Starbucks"":30,""Chick-fil-A"":30,""Shell Oil"":30,""Exxon Mobil"":26,""Lowe's"":25,""Subway"":25,""The Home Depot"":24,""Phillips 66"":24,""Verizon Wireless"":23,""Taco Bell"":23,""Burger King"":23,""Pilot Flying J"":21}","{""Amazon"":71,""Apple"":47,""Netflix"":33,""Spotify"":30,""Amazon Digital Services"":29,""Hulu"":21,""Comcast"":17,""Amazon Marketplace"":16,""Google"":15,""Target"":14,""AT&T"":13,""Amazon Prime Video"":13,""Walmart"":12,""Uber"":12,""Sirius XM"":11,""Maverik"":11,""McDonald's"":11,""Xbox"":9,""Costa Vida"":8,""T-Mobile"":8}","{""McDonald's"":57,""Wendy's"":34,""Chick-fil-A"":33,""Starbucks"":30,""Subway"":27,""Burger King"":25,""Taco Bell"":23,""Sonic"":16,""Panda Express"":16,""Little Caesars"":14,""Arby's"":14,""Texas Roadhouse"":13,""Olive Garden"":12,""Jack in the Box"":12,""Carl's Jr."":12,""Chipotle Mexican Grill"":11,""Domino's Pizza"":11,""Dairy Queen"":11,""Dunkin'"":11,""Chili's Grill & Bar"":9}","{""McDonald's"":17,""Haagen Dazs"":7,""Chevron"":6,""Phillips 66"":6,""Exxon Mobil"":6,""Subway"":4,""ConocoPhillips"":2,""CENEX"":2,""United States Postal Service (USPS)"":2}","{""Verizon Wireless"":30,""AT&T"":14,""T-Mobile"":12,""Sprint"":3,""MetroPCS"":2,""Boost Mobile"":2}","{""Netflix"":33,""Hulu"":21,""Amazon Prime Video"":13,""Disney Plus"":8,""YouTube TV"":6,""Redbox"":5,""HBO Max"":4,""Youtube"":4,""Starz"":4,""Sling TV"":2,""Roku"":2,""Fubo"":2,""Funimation"":2,""Dish Network"":2,""Peacock"":2,""Youtube Premium"":2}","{""Uber Eats"":7,""Dashpass"":4,""Instacart"":3}","{""Uber"":12,""Lyft"":3}","{""Afterpay"":2}","{""Apple Card"":5,""Apple Cash"":4,""PayPal"":2,""Venmo"":2}"
177980,zzw-222@5wg-jfw-pgk,SG_BRAND_f0f5c15118ea292fadac17e2fc7d4ead,Days Inn,2022-07-01,2022-08-01,5660.51,11,11,348.19,348.19,"{""25"":292.19,""75"":696.38}","[673.98,0.00,0.00,348.19,0.00,0.00,661.66,0.00,0.00,0.00,696.38,584.38,1078.17,0.00,0.00,0.00,0.00,0.00,1142.01,0.00,0.00,0.00,242.91,0.00,0.00,0.00,0.00,0.00,0.00,232.83,0.00]","[673.98,null,null,348.19,null,null,661.66,null,null,null,696.38,292.19,1078.17,null,null,null,null,null,571.01,null,null,null,242.91,null,null,null,null,null,null,232.83,null]","{""Monday"":1044.57,""Tuesday"":1726.39,""Wednesday"":1078.17,""Thursday"":661.66,""Friday"":673.98,""Saturday"":475.74,""Sunday"":0.00}","{""Wednesday"":4,""Monday"":4,""Saturday"":5,""Thursday"":4,""Tuesday"":4,""Friday"":5,""Sunday"":5}",-67.0,-69.0,0,0.0,"{""No intermediary"":11}","{""No intermediary"":5660.51}","{""1"":11,""2"":0,""3"":0,""4"":0,""5-10"":0,"">10"":0}","{""1"":514.59,""2"":null,""3"":null,""4"":null,""5-10"":null,"">10"":null}","{""60-75k"":4,""75-100k"":2,""100-150k"":2,"">150k"":5}","{""60-75k"":672.49,""75-100k"":808.38,""100-150k"":483.09,"">150k"":373.70}","{""Nampa, ID"":3,""Altair, TX"":3,""West Jordan, UT"":2,""Schertz, TX"":2,""San Diego, CA"":2,""Woodbridge, VA"":2,""Salt Lake City, UT"":2,""Bliss, ID"":2,""Cincinnati, OH"":2,""Groton, CT"":2,""Versailles, OH"":2}","{""Walmart"":82,""Shell Oil"":64,""Target"":46,""Chevron"":46,""Costco"":46,""Dairy Queen"":46,""McDonald's"":46,""ConocoPhillips"":37,""Phillips 66"":37,""Subway"":37,""Verizon Wireless"":28,""Domino's Pizza"":28,""7-Eleven"":28,""Circle K"":28,""Love's Travel Stops and Country Stores"":28,""Kohl's"":28,""Maverik"":28,""Chick-fil-A"":28,""Exxon Mobil"":28,""Trader Joe's"":19}","{""Amazon"":55,""Netflix"":55,""Apple"":37,""AT&T"":28,""Petco"":19,""Sling TV"":19,""Target"":19,""Uber"":19,""Expedia"":19,""Maverik"":19,""Costco"":19,""Hulu"":19,""Google Storage"":19,""Spotify"":19,""Amazon Digital Services"":19,""Comcast"":19,""Amazon Marketplace"":19,""Walmart"":10,""Michaels"":10,""Verizon Wireless"":10}","{""Super 8"":28,""Fairfield Inn & Suites by Marriott"":19,""Holiday Inn"":19,""Hampton"":19,""Best Western"":19,""Comfort Suites"":10,""Residence Inn by Marriott"":10,""Hilton International"":10,""Baymont Inn & Suites"":10,""SpringHill Suites by Marriott"":10,""Courtyard by Marriott"":10,""La Quinta Inns & Suites"":10}","{""Subway"":28,""Haagen Dazs"":19,""Chevron"":10}","{""Verizon Wireless"":37,""AT&T"":28}","{""Netflix"":55,""Sling TV"":19,""Hulu"":19,""YouTube TV"":10,""Fubo"":10,""Dish Network"":10,""Disney Plus"":10,""Amazon Prime Video"":10}",{},"{""Uber"":19}",{},{}
178006,zzy-224@5wg-hzm-7dv,,,2022-07-01,2022-08-01,1862.98,43,27,28.07,45.47,"{""25"":15.59,""75"":56.11}","[0.00,35.10,61.71,75.87,0.00,0.00,0.00,255.12,0.00,0.00,16.62,396.50,49.84,0.00,24.92,72.98,0.00,247.26,0.00,0.00,0.00,0.00,47.56,84.18,137.20,0.00,0.00,0.00,197.22,34.53,126.37]","[null,17.55,30.85,37.94,null,null,null,127.56,null,null,8.31,198.25,24.92,null,12.46,23.67,null,56.11,null,null,null,null,47.56,30.11,34.30,null,null,null,49.31,17.27,28.98]","{""Monday"":476.95,""Tuesday"":396.50,""Wednesday"":49.84,""Thursday"":0.00,""Friday"":477.26,""Saturday"":190.17,""Sunday"":272.26}","{""Wednesday"":4,""Monday"":4,""Saturday"":5,""Thursday"":4,""Tuesday"":4,""Friday"":5,""Sunday"":5}",461.0,33.0,0,0.0,"{""No intermediary"":43}","{""No intermediary"":1862.98}","{""1"":13,""2"":12,""3"":2,""4"":0,""5-10"":0,"">10"":0}","{""1"":32.10,""2"":112.59,""3"":47.30,""4"":null,""5-10"":null,"">10"":null}","{""<25k"":3,""25-45k"":2,""45-60k"":3,""60-75k"":2,""75-100k"":2,""100-150k"":2,"">150k"":10}","{""<25k"":22.36,""25-45k"":95.38,""45-60k"":41.84,""60-75k"":24.95,""75-100k"":160.89,""100-150k"":29.03,"">150k"":68.84}","{""Salt Lake City, UT"":4,""Park City, UT"":3,""Pocatello, ID"":3,""Rexburg, ID"":3,""Renton, WA"":2,""West Bountiful, UT"":2,""Woods Cross, UT"":2,""Island Park, ID"":2,""Roy, UT"":2,""Sandy, UT"":2,""Provo, UT"":2,""Missoula, MT"":2,""Portsmouth, NH"":2,""Midvale, UT"":2,""Chubbuck, ID"":2,""Erda, UT"":2,""Lehi, UT"":2,""Idaho Falls, ID"":2,""Logan, UT"":2}","{""Walmart"":82,""McDonald's"":67,""Maverik"":56,""Chevron"":45,""Smith's Food & Drug Stores"":38,""Subway"":38,""7-Eleven"":34,""Costco"":34,""Exxon Mobil"":30,""Target"":23,""Albertsons"":23,""Taco Bell"":23,""Lowe's"":23,""Wendy's"":23,""Walgreens"":23,""Phillips 66"":23,""WinCo Foods"":19,""The Home Depot"":19,""United States Postal Service (USPS)"":19,""Sam's Club"":19}","{""Amazon"":67,""Apple"":49,""Netflix"":34,""Amazon Digital Services"":26,""Walmart"":19,""Verizon Wireless"":19,""Maverik"":19,""Spotify"":19,""Google Storage"":15,""Comcast"":15,""Etsy"":12,""Costco"":12,""Chick-fil-A"":12,""ExxonMobil"":12,""Noodles & Company"":12,""Costa Vida"":12,""Amazon Prime Video"":12,""Planet Fitness"":8,""Uber"":8,""HBO Max"":8}","{""Sportsman's Warehouse"":15,""Cabela's"":8,""Scheels"":8,""Hobby Lobby Stores"":4,""Gander Outdoors"":4,""GameStop"":4,""Dick's Sporting Goods"":4,""REI"":4}","{""McDonald's"":19,""Subway"":12,""Haagen Dazs"":8,""United States Postal Service (USPS)"":8,""Phillips 66"":8,""Exxon Mobil"":4}","{""Verizon Wireless"":34,""T-Mobile"":12,""AT&T"":8,""Disney Mobile"":4,""Cricket Wireless"":4,""Sprint"":4}","{""Netflix"":34,""Amazon Prime Video"":12,""HBO Max"":8,""Youtube"":8,""Disney Plus"":8,""Sling TV"":4,""Peacock"":4,""Redbox"":4,""Hulu"":4,""Youtube Premium"":4}","{""Dashpass"":8,""Uber Eats"":4,""DoorDash"":4,""Grubhub"":4}","{""Uber"":8}","{""Afterpay"":4,""Affirm.com"":4,""Klarna"":4}","{""Apple Card"":4}"
178081,224-222@5wg-hzm-9mk,,,2022-07-01,2022-08-01,1245.2,99,66,9.8,14.42,"{""25"":6.68,""75"":14.98}","[0.00,0.00,153.52,19.16,0.00,0.00,120.51,285.46,103.66,0.00,0.00,0.00,78.72,0.00,0.00,14.35,131.59,0.00,0.00,0.00,0.00,0.00,17.34,36.35,0.00,233.42,51.12,0.00,0.00,0.00,0.00]","[null,null,11.84,6.24,null,null,9.84,10.58,17.55,null,null,null,8.84,null,null,14.35,8.30,null,null,null,null,null,17.34,15.29,null,11.88,9.80,null,null,null,null]","{""Monday"":19.16,""Tuesday"":233.42,""Wednesday"":129.84,""Thursday"":120.51,""Friday"":285.46,""Saturday"":135.35,""Sunday"":321.46}","{""Wednesday"":4,""Monday"":4,""Saturday"":5,""Thursday"":4,""Tuesday"":4,""Friday"":5,""Sunday"":5}",32.0,32.0,14,162.81,"{""Square"":54,""No intermediary"":45}","{""Square"":627.66,""No intermediary"":617.54}","{""1"":42,""2"":18,""3"":4,""4"":1,""5-10"":1,"">10"":0}","{""1"":13.17,""2"":24.10,""3"":43.14,""4"":18.64,""5-10"":67.24,"">10"":null}","{""<25k"":6,""25-45k"":6,""45-60k"":2,""60-75k"":3,""75-100k"":3,""100-150k"":15,"">150k"":25}","{""<25k"":21.84,""25-45k"":7.11,""45-60k"":10.90,""60-75k"":25.31,""75-100k"":15.78,""100-150k"":21.95,"">150k"":19.40}","{""Washington, UT"":6,""Benjamin, UT"":4,""Woods Cross, UT"":3,""Swormville, NY"":3,""Flower Mound, TX"":3,""Orem, UT"":3,""West Bountiful, UT"":2,""South Jordan, UT"":2,""Celina, TX"":2,""Island Park, ID"":2,""Roy, UT"":2,""Sandy, UT"":2,""New Rochelle, NY"":2,""Salt Lake City, UT"":2,""Pittsburgh, PA"":2,""Morgan, UT"":2,""El Dorado Hills, CA"":2,""Blackfoot, ID"":2,""Lebanon, TN"":2,""Highlands Ranch, CO"":2,""Huntington Beach, CA"":2,""Queen Creek, AZ"":2,""Fort Myers Beach, FL"":2,""Gilbert, AZ"":2,""Fillmore, UT"":2,""Edmond, OK"":2,""Virginia Beach, VA"":2,""Provo, UT"":2,""Highland, UT"":2,""Park City, UT"":2,""Pocatello, ID"":2,""Clearfield, UT"":2,""Jacksonville, FL"":2,""Englewood, FL"":2,""Boise, ID"":2,""Ankeny, IA"":2,""Honolulu, HI"":2,""Ammon, ID"":2,""Colorado Springs, CO"":2,""Early, IA"":2,""Carlsbad, CA"":2,""Groton, CT"":2,""Lehi, UT"":2,""Burleson, TX"":2,""Indianapolis, IN"":2,""Lafayette, IN"":2,""River Falls, WI"":2,""Eagan, MN"":2,""Monolith, CA"":2,""Newbury Park, CA"":2,""Idaho Falls, ID"":2,""Castle Rock, CO"":2}","{""Walmart"":63,""McDonald's"":57,""Starbucks"":46,""Maverik"":43,""Target"":41,""Shell Oil"":41,""Chevron"":37,""Costco"":37,""Exxon Mobil"":31,""Smith's Food & Drug Stores"":29,""Walgreens"":29,""Chick-fil-A"":28,""The Home Depot"":26,""Phillips 66"":26,""Lowe's"":22,""Wendy's"":22,""Albertsons"":20,""ConocoPhillips"":19,""Subway"":19,""Taco Bell"":17}","{""Amazon"":73,""Apple"":49,""Netflix"":31,""Spotify"":28,""Walmart"":20,""Target"":19,""Hulu"":19,""AT&T"":19,""Amazon Marketplace"":19,""Amazon Digital Services"":17,""Comcast"":17,""Maverik"":14,""T-Mobile"":14,""McDonald's"":13,""Google Storage"":11,""Costa Vida"":11,""Google"":10,""Amazon Prime Video"":10,""Etsy"":8,""Steam"":8}","{""Dave & Buster's"":2}","{""McDonald's"":25,""Exxon Mobil"":11,""Phillips 66"":10,""Chevron"":8,""NAPA Auto Parts"":2,""Haagen Dazs"":2,""CENEX"":2,""United States Postal Service (USPS)"":2}","{""AT&T"":20,""T-Mobile"":19,""Verizon Wireless"":16,""Cricket Wireless"":5,""U.S. Cellular"":4,""Google Fi"":2,""Disney Mobile"":2,""Straight Talk"":2,""Sprint"":2}","{""Netflix"":31,""Hulu"":19,""Amazon Prime Video"":10,""Disney Plus"":7,""Dish Network"":5,""Redbox"":5,""Sling TV"":2,""Roku"":2,""HBO Max"":2,""YouTube TV"":2,""Peacock"":2,""Time Warner Cable"":2,""Youtube Premium"":2}","{""Instacart"":7,""DoorDash"":7,""Dashpass"":5,""Uber Eats"":5}","{""Uber"":8,""Lyft"":2}","{""Affirm.com"":5,""Afterpay"":2,""Klarna"":2}","{""Apple Card"":7,""PayPal"":4}"
178112,zzy-222@5wg-hzn-y9z,,,2022-07-01,2022-08-01,1932.41,56,30,29.6,40.92,"{""25"":15.60,""75"":46.49}","[166.56,73.00,0.00,0.00,158.96,0.00,143.33,131.16,0.00,0.00,0.00,0.00,82.36,0.00,555.70,0.00,25.00,119.00,0.00,0.00,72.38,0.00,20.90,40.66,55.94,0.00,49.93,61.46,27.46,69.52,79.09]","[15.60,36.50,null,null,29.60,null,71.67,14.30,null,null,null,null,20.59,null,65.83,null,25.00,59.50,null,null,36.19,null,20.90,40.66,13.99,null,49.93,61.46,13.73,69.52,39.55]","{""Monday"":174.94,""Tuesday"":158.96,""Wednesday"":132.29,""Thursday"":277.17,""Friday"":880.88,""Saturday"":163.42,""Sunday"":144.75}","{""Wednesday"":4,""Monday"":4,""Saturday"":5,""Thursday"":4,""Tuesday"":4,""Friday"":5,""Sunday"":5}",58.0,103.0,3,113.66,"{""Square"":47,""No intermediary"":9}","{""Square"":1734.65,""No intermediary"":197.76}","{""1"":10,""2"":17,""3"":0,""4"":3,""5-10"":0,"">10"":0}","{""1"":45.15,""2"":50.47,""3"":null,""4"":207.63,""5-10"":null,"">10"":null}","{""<25k"":5,""25-45k"":3,""45-60k"":5,""60-75k"":2,""75-100k"":2,""100-150k"":2,"">150k"":10}","{""<25k"":33.50,""25-45k"":40.29,""45-60k"":46.66,""60-75k"":89.69,""75-100k"":29.30,""100-150k"":72.96,"">150k"":103.52}","{""Grayling, MT"":7,""San Francisco, CA"":5,""Salt Lake City, UT"":4,""Eagle, ID"":3,""Shorewood, IL"":2,""Calimesa, CA"":2,""Clearfield, UT"":2,""Moran, WY"":2,""Orlando, FL"":2,""Chubbuck, ID"":2,""Flower Mound, TX"":2,""Layton, UT"":2,""Bentonville, AR"":2,""Ashton, ID"":2,""Idaho Falls, ID"":2,""Jackson, WY"":2}","{""McDonald's"":54,""Walmart"":50,""Subway"":34,""Target"":30,""Maverik"":30,""Walgreens"":30,""Chevron"":27,""7-Eleven"":27,""Wendy's"":24,""Smith's Food & Drug Stores"":24,""Costco"":24,""Chick-fil-A"":24,""Phillips 66"":24,""Exxon Mobil"":24,""Barnes and Noble"":20,""Albertsons"":20,""Starbucks"":20,""United States Postal Service (USPS)"":20,""Dollar Tree"":20,""Taco Bell"":17}","{""Amazon"":64,""Apple"":57,""Spotify"":27,""Walmart"":24,""Netflix"":24,""Amazon Digital Services"":20,""Sirius XM"":17,""Dutch Bros. Coffee"":14,""Adobe Systems"":14,""Google"":14,""Microsoft"":14,""Audible"":14,""Amazon Prime Video"":14,""Youtube"":10,""Delta Air Lines"":10,""Patreon"":10,""Chick-fil-A"":10,""Hulu"":10,""AT&T"":10,""Sony Playstation Networks"":10}","{""McDonald's"":57,""Subway"":37,""Wendy's"":27,""Chick-fil-A"":24,""Starbucks"":20,""Taco Bell"":17,""Panda Express"":17,""Sonic"":14,""Jimmy John's"":14,""Dutch Bros Coffee"":14,""Panera Bread"":14,""Burger King"":14,""Chipotle Mexican Grill"":10,""Domino's Pizza"":10,""MOD Pizza"":10,""Papa John's"":10,""Culver's"":10,""Noodles & Company"":10,""Cafe Rio"":10,""Arby's"":10}","{""McDonald's"":37,""Subway"":20,""Phillips 66"":14,""NAPA Auto Parts"":7,""Exxon Mobil"":7,""Chevron"":4,""ConocoPhillips"":4,""CENEX"":4,""United States Postal Service (USPS)"":4}","{""Verizon Wireless"":17,""AT&T"":10,""T-Mobile"":10,""Disney Mobile"":4,""MetroPCS"":4}","{""Netflix"":24,""Amazon Prime Video"":14,""Youtube"":10,""Hulu"":10,""Disney Plus"":7,""Youtube Premium"":7,""HBO Max"":4,""YouTube TV"":4,""Funimation"":4,""Dish Network"":4,""Redbox"":4,""Amazon Prime"":4}","{""Dashpass"":7,""Instacart"":4,""Uber Eats"":4,""DoorDash"":4}","{""Uber"":4}","{""Affirm.com"":10,""Afterpay"":7,""Klarna"":7}","{""Apple Cash"":7,""PayPal"":4,""Venmo"":4}"
178226,zzy-223@5wg-hzm-9xq,SG_BRAND_5179b21fc1d50950b99b4eecaa48c614,McDonald's,2022-07-01,2022-08-01,25128.9,1448,1035,14.14,19.08,"{""25"":8.84,""75"":23.19}","[569.18,332.24,408.56,395.54,1705.46,710.26,948.21,886.45,672.67,666.49,1520.53,1159.25,603.84,717.16,835.02,538.05,474.94,1340.36,632.71,941.03,996.94,1049.50,691.43,691.46,1205.66,839.73,578.50,694.89,808.25,682.12,832.47]","[9.93,12.48,22.47,17.32,13.24,12.53,22.49,12.31,20.28,13.47,14.09,14.65,13.94,13.52,13.36,10.82,15.18,14.80,13.47,14.14,13.81,13.16,12.48,15.32,14.35,16.02,11.34,14.46,15.08,16.54,20.54]","{""Monday"":4462.09,""Tuesday"":4337.15,""Wednesday"":2833.63,""Thursday"":3357.20,""Friday"":4148.40,""Saturday"":2916.51,""Sunday"":3073.92}","{""Wednesday"":4,""Monday"":4,""Saturday"":5,""Thursday"":4,""Tuesday"":4,""Friday"":5,""Sunday"":5}",18.0,-25.0,100,1898.6,"{""No intermediary"":1445,""Visa"":3}","{""No intermediary"":25094.52,""Visa"":34.38}","{""1"":821,""2"":143,""3"":34,""4"":10,""5-10"":22,"">10"":5}","{""1"":19.08,""2"":36.49,""3"":50.28,""4"":47.52,""5-10"":70.49,"">10"":101.44}","{""<25k"":135,""25-45k"":124,""45-60k"":90,""60-75k"":53,""75-100k"":128,""100-150k"":177,"">150k"":292}","{""<25k"":21.22,""25-45k"":20.52,""45-60k"":20.37,""60-75k"":24.03,""75-100k"":22.76,""100-150k"":27.15,"">150k"":27.46}","{""Idaho Falls, ID"":43,""Grayling, MT"":32,""Salt Lake City, UT"":28,""Bozeman, MT"":27,""Boise, ID"":20,""Rexburg, ID"":20,""Island Park, ID"":19,""Ammon, ID"":19,""Pocatello, ID"":14,""Wake Forest, NC"":14,""Ogden, UT"":13,""Blackfoot, ID"":12,""Chubbuck, ID"":12,""Phoenix, AZ"":11,""Logan, UT"":9,""Troy, MI"":8,""Provo, UT"":8,""Meridian, ID"":8,""Layton, UT"":8,""Lehi, UT"":8,""Parker, ID"":8,""Beaverton, OR"":8,""Renton, WA"":7,""Clearfield, UT"":7,""San Antonio, TX"":7,""Ashton, ID"":7,""Saint George, UT"":6,""South Jordan, UT"":6,""Sandy, UT"":6,""Pittsburgh, PA"":6,""Shelley, ID"":6,""Mesa, AZ"":6,""Seeley, CA"":6,""Grand Junction, CO"":6,""Herriman, UT"":6,""Jackson, WY"":6,""Roy, UT"":5,""Pleasant Grove, UT"":5,""Conroe, TX"":5,""Adamsville, TX"":5,""Grant, ID"":5,""Aurora, CO"":5,""Raleigh, NC"":4,""Houston, TX"":4,""Keller, TX"":4,""Great Falls, MT"":4,""Seattle, WA"":4,""Placerville, ID"":4,""Riverton, UT"":4,""Kerrville, TX"":4,""Bellevue, WA"":4,""Buckner, KY"":4,""Nampa, ID"":4,""Encampment, WY"":4,""Longmont, CO"":3,""Tacoma, WA"":3,""Eielson Afb, AK"":3,""West Jordan, UT"":3,""Wendell, ID"":3,""Mesquite, NV"":3,""Rio Rancho, NM"":3,""Lancaster, CA"":3,""Washington, RI"":3,""Ballard, UT"":3,""Dover, DE"":3,""Hayden, ID"":3,""Springville, UT"":3,""Gainesville, VA"":3,""Ballwin, MO"":3,""Gladwin, MI"":3,""Cody, WY"":3,""Big Bend, WI"":3,""Strongsville, OH"":3,""Moran, WY"":3,""Twin Falls, ID"":3,""Rapid City, SD"":3,""Cedar City, UT"":3,""Emigrant, MT"":3,""Lexington, KY"":3,""Burmester, UT"":3,""Naples, FL"":3,""Edmonds, WA"":3,""Erda, UT"":3,""Helena, MT"":3,""Acme, WY"":3,""Orem, UT"":3,""Ennis, MT"":3,""Glendale, AZ"":3,""Minorca, LA"":3,""Denver, IA"":3,""Tremonton, UT"":2,""Sneads Ferry, NC"":2,""Sun Valley, CA"":2,""Buckeye, AZ"":2,""Loomis, SD"":2,""Clayton, OH"":2,""Dallas, GA"":2,""Anacortes, WA"":2,""Lake Elsinore, CA"":2,""Saint Paul, MN"":2,""Chattanooga, TN"":2,""West Wendover, NV"":2,""Los Angeles, CA"":2,""Ada, MI"":2,""Greensboro, NC"":2,""Arlington, VA"":2,""West Bountiful, UT"":2,""Anthem, AZ"":2,""Collierville, TN"":2,""Aldora, GA"":2,""Amalga, UT"":2,""Matthews, NC"":2,""Malibu, CA"":2,""Whittier, CA"":2,""Driggs, ID"":2,""Manchester, CT"":2,""Seymour, TN"":2,""Tucker, GA"":2,""Stafford, OR"":2,""San Diego, CA"":2,""Ore City, TX"":2,""Clifton Forge, VA"":2,""Frisco, TX"":2,""Bountiful, UT"":2,""Kingston, NY"":2,""Fort Myers, FL"":2,""Woods Cross, UT"":2,""Durango, CO"":2,""Huntsville, AL"":2,""Brookline, MA"":2,""Tucson, AZ"":2,""Mcmurray, PA"":2,""Decatur, IL"":2,""Chicago, IL"":2,""Redmond, WA"":2,""Easton, PA"":2,""Dallasburg, OH"":2,""Rosalia, KS"":2,""Minetto, NY"":2,""Iona, ID"":2,""Lechee, AZ"":2,""Pensacola, FL"":2,""Ogden, KS"":2,""Riverview, FL"":2,""Millsboro, DE"":2,""Saint Petersburg, FL"":2,""Arlington, WA"":2,""Morrisville, NC"":2,""North Salt Lake, UT"":2,""Centerville, UT"":2,""Fresno, CA"":2,""Gallatin Gateway, MT"":2,""Williston, ND"":2,""Ripley, WV"":2,""Hailey, ID"":2,""Granville, OH"":2,""Oak Park, IL"":2,""Durham, NC"":2,""Limestone, OK"":2,""Carmel, IN"":2,""Peoria, IL"":2,""Vernal, UT"":2,""Ellicott City, MD"":2,""Collinsburg, PA"":2,""San Francisco, CA"":2,""Aberdeen, KY"":2,""Newberry, SC"":2,""Chico, CA"":2,""Leesburg, FL"":2,""El Dorado Hills, CA"":2,""Puyallup, WA"":2,""Morton, IL"":2,""Glencoe, CA"":2,""Bailey, CO"":2,""Annabella, UT"":2,""Bryan, WY"":2,""Victor, ID"":2,""Mahomet, IL"":2,""Windsor, CO"":2,""Buellton, CA"":2,""Chadwicks, NY"":2,""Raymore, MO"":2,""Highlands Ranch, CO"":2,""Elyria, OH"":2,""Roanoke, TX"":2,""Huntington Beach, CA"":2,""Darbydale, OH"":2,""Rockwall, TX"":2,""Manti, UT"":2,""Oakwood, GA"":2,""Moab, UT"":2,""Gilbert, AZ"":2,""Fillmore, UT"":2,""Richmond, VA"":2,""Edmond, OK"":2,""East Rutherford, NJ"":2,""Charlotte, NC"":2,""Virginia Beach, VA"":2,""Carlos, MD"":2,""Big Sky, MT"":2,""Benson, AZ"":2,""Pueblo, CO"":2,""Woodinville, WA"":2,""Dawsonville, GA"":2,""Fairfield, ID"":2,""Olympia, WA"":2,""Tully, NY"":2,""Palo Alto, CA"":2,""Wilmington, OH"":2,""Prescott Valley, AZ"":2,""South Ogden, UT"":2,""Folsom, CA"":2,""Highland, UT"":2,""Belgrade, MT"":2,""Issaquah, WA"":2,""Park City, UT"":2,""Tampa, FL"":2,""Harrisville, UT"":2,""Hyrum, UT"":2,""Esperance, NY"":2,""Magnolia, TX"":2,""Fort Wayne, IN"":2,""Herndon, VA"":2,""Wind Gap, PA"":2,""Kahului, HI"":2,""Cantwell, AK"":2,""Red Hook, NY"":2,""Winston Salem, NC"":2,""Zephyrhills, FL"":2,""Omaha, NE"":2,""Sarasota, FL"":2,""Magna, UT"":2,""Nottingham, MD"":2,""Midlothian, VA"":2,""Tracy, CA"":2,""Peyton, CO"":2,""Arvada, CO"":2,""North Las Vegas, NV"":2,""Littleton, CO"":2,""Lamont, WY"":2,""Rancho Santa Fe, CA"":2,""Charleston, SC"":2,""Grovetown, GA"":2,""Manhattan Beach, CA"":2,""Fredericksburg, VA"":2,""Banida, ID"":2,""Largo, FL"":2,""Lewisville, TX"":2,""Coeur D Alene, ID"":2,""Cockeysville, MD"":2,""La Puente, CA"":2,""Sulphur, LA"":2,""Salem, UT"":2,""Black Eagle, MT"":2,""West Valley City, UT"":2,""Summerville, SC"":2,""Las Vegas, NV"":2,""Bismarck, ND"":2,""New York, NY"":2,""Toledo, OH"":2,""Willis, TX"":2,""San Clemente, CA"":2,""Cocoa Beach, FL"":2,""Frisco, CO"":2,""Monroe, LA"":2,""Bliss, ID"":2,""Gray, TN"":2,""Bier, MD"":2,""Hemet, CA"":2,""Lake, WY"":2,""Columbus, MT"":2,""Newport Beach, CA"":2,""Manchester, MD"":2,""Midvale, UT"":2,""Leadville, CO"":2,""Spokane, WA"":2,""Estes Park, CO"":2,""Circleville, TX"":2,""San Leandro, CA"":2,""Gunnison, UT"":2,""Hermiston, OR"":2,""Alpharetta, GA"":2,""Kuna, ID"":2,""Lamoni, IA"":2,""Elbe, WA"":2,""Worland, WY"":2,""Evergreen, CO"":2,""Bloomington, IL"":2,""Eustis, MT"":2,""Chantilly, VA"":2,""Greenwood, IL"":2,""Bakersfield, CA"":2,""Colorado Springs, CO"":2,""Monument, CO"":2,""Fargo, ND"":2,""Sunnyvale, CA"":2,""Francis, UT"":2,""Chilly, ID"":2,""Port Charlotte, FL"":2,""Philadelphia, PA"":2,""Spokane Valley, WA"":2,""Sylvania, OH"":2,""Fort Worth, TX"":2,""Anderson, IN"":2,""Minot, ND"":2,""Fairhope, AL"":2,""Athens, OH"":2,""Draper, UT"":2,""Flower Mound, TX"":2,""Chugwater, WY"":2,""Pullman, WA"":2,""Stafford, VA"":2,""Bucyrus, ND"":2,""Alma, TX"":2,""Goshen, OH"":2,""Knoxville, TN"":2,""Snoqualmie, WA"":2,""Ashburn, VA"":2,""Cookeville, TN"":2,""Clifton Park, NY"":2,""Charleston, UT"":2,""Lancaster, WI"":2,""Billings, MT"":2,""Pottstown, PA"":2,""Elida, NM"":2,""Dallas, TX"":2,""Indianapolis, IN"":2,""Anchorage, AK"":2,""Ashtabula, OH"":2,""East Greenbush, NY"":2,""Morro Bay, CA"":2,""Thomasville, GA"":2,""Saratoga Springs, UT"":2,""Lafayette, IN"":2,""Manchester, KY"":2,""Encinitas, CA"":2,""Westford, MA"":2,""Carrollton, GA"":2,""Norcross, GA"":2,""Schaumburg, IL"":2,""Pray, MT"":2,""Featherville, ID"":2,""Burley, ID"":2,""Lacey, WA"":2,""Albany, NY"":2,""Brookfield, IL"":2,""Tallahassee, FL"":2,""Cullman, AL"":2,""Pablo, MT"":2,""Grass Valley, CA"":2,""Clayton, WA"":2,""Lancaster, OH"":2,""Scottsdale, AZ"":2,""Oklahoma City, OK"":2,""Cherryville, PA"":2,""Palm Coast, FL"":2,""Butte, AK"":2,""Newbury Park, CA"":2,""Fort Pierce, FL"":2,""Groveport, OH"":2,""Eagle, ID"":2,""Bethesda, MD"":2,""Hattiesburg, MS"":2,""Bend, OR"":2,""Arlington Heights, IL"":2,""Cantonment, FL"":2,""Conata, SD"":2,""Beryl, UT"":2,""Buxton, ME"":2,""Daniels, ID"":2,""Saint Johns, FL"":2,""Coronado, CA"":2,""Irving, TX"":2,""Auburn, AL"":2,""Fairfax, VA"":2,""Bedford, PA"":2,""Suffolk, VA"":2,""Peoria, AZ"":2,""Star, ID"":2,""Caldwell, ID"":2,""Aberdeen, ID"":2,""Mission Viejo, CA"":2,""Brunswick, OH"":2,""Middletown, KY"":2,""Fort Hall, ID"":2,""Castle Rock, CO"":2,""Alpena, MI"":2,""Austin, TX"":2,""Morrisville, PA"":2,""Albuquerque, NM"":2,""Columbus, GA"":2,""Tokeland, WA"":2,""Gulfport, MS"":2,""Wausau, WI"":2,""Columbia, SC"":2,""Lincoln, WA"":2}","{""Walmart"":73,""Maverik"":49,""Chevron"":37,""Target"":35,""Costco"":33,""Shell Oil"":32,""Wendy's"":30,""Exxon Mobil"":29,""Taco Bell"":28,""Chick-fil-A"":27,""Subway"":27,""Albertsons"":24,""Walgreens"":24,""Starbucks"":23,""The Home Depot"":21,""ConocoPhillips"":20,""WinCo Foods"":19,""Phillips 66"":19,""Burger King"":18,""Pilot Flying J"":18}","{""Amazon"":62,""Apple"":46,""Netflix"":28,""Spotify"":23,""Walmart"":18,""Amazon Digital Services"":18,""Hulu"":18,""Amazon Marketplace"":16,""Target"":14,""AT&T"":12,""Maverik"":11,""Comcast"":11,""Verizon Wireless"":10,""Google"":10,""Costa Vida"":9,""Sirius XM"":9,""Audible"":8,""McDonald's"":8,""T-Mobile"":7,""Uber"":7}","{""Wendy's"":32,""Taco Bell"":30,""Chick-fil-A"":29,""Subway"":29,""Starbucks"":24,""Burger King"":19,""Dairy Queen"":17,""Panda Express"":16,""Arby's"":15,""Domino's Pizza"":14,""Sonic"":14,""Little Caesars"":13,""Jimmy John's"":10,""Chipotle Mexican Grill"":10,""Costa Vida"":9,""Jack in the Box"":8,""In-N-Out Burger"":8,""KFC"":8,""Carl's Jr."":8,""Dunkin'"":8}","{""Exxon Mobil"":5,""Haagen Dazs"":4,""Phillips 66"":4,""Chevron"":4,""Subway"":3,""ConocoPhillips"":2,""NAPA Auto Parts"":1,""CENEX"":1,""United States Postal Service (USPS)"":1,""Mobil"":1,""Avis Rent A Car"":1,""Budget Rent A Car"":1}","{""Verizon Wireless"":24,""AT&T"":15,""T-Mobile"":11,""Straight Talk"":2,""Sprint"":2,""Cricket Wireless"":2,""Disney Mobile"":2,""MetroPCS"":1,""Boost Mobile"":1,""Google Fi"":1,""TracFone Wireless"":1}","{""Netflix"":28,""Hulu"":18,""Disney Plus"":12,""Amazon Prime Video"":7,""Redbox"":5,""YouTube TV"":3,""Dish Network"":3,""Roku"":3,""Peacock"":3,""Youtube Premium"":3,""HBO Max"":2,""Youtube"":2,""Vudu"":2,""Amazon Prime"":2,""Fubo"":1,""Starz"":1,""Sling TV"":1,""DirecTV"":1,""Funimation"":1,""Crunchyroll"":1}","{""Uber Eats"":5,""Dashpass"":3,""Instacart"":3,""DoorDash"":3,""HelloFresh"":1,""Postmates"":1,""Shipt"":1,""Go Puff"":1,""Grubhub"":1}","{""Uber"":7,""Lyft"":3}","{""Affirm.com"":5,""Afterpay"":4,""Klarna"":3,""Sezzle"":1,""Acima Credit"":1,""Zip Company"":1,""Progressive Leasing"":1}","{""Apple Card"":5,""PayPal"":3,""Apple Cash"":2,""Venmo"":1,""Cash App"":1}"
178255,zzy-225@5wg-jfw-pvz,,,2022-07-01,2022-08-01,34933.08,534,279,53.93,106.84,"{""25"":28.46,""75"":81.19}","[878.60,421.61,554.50,914.17,4184.92,882.52,657.53,662.26,801.55,99.72,2327.92,1311.62,1115.18,2471.92,1290.74,602.44,338.32,2281.12,1180.83,550.62,2059.08,886.00,324.86,216.28,2692.90,1379.46,966.59,217.71,1604.78,572.26,485.07]","[40.74,51.84,43.13,137.68,59.55,35.30,57.07,79.35,35.21,25.49,60.55,61.70,80.00,69.04,60.51,77.35,50.35,47.00,76.91,107.67,81.44,48.84,60.00,71.72,32.14,44.65,57.53,37.28,69.11,41.24,60.88]","{""Monday"":8216.11,""Tuesday"":8056.83,""Wednesday"":3514.91,""Thursday"":5406.24,""Friday"":5322.38,""Saturday"":2722.72,""Sunday"":1693.89}","{""Wednesday"":4,""Monday"":4,""Saturday"":5,""Thursday"":4,""Tuesday"":4,""Friday"":5,""Sunday"":5}",63.0,38.0,1,23.21,"{""No intermediary"":534}","{""No intermediary"":34933.08}","{""1"":101,""2"":146,""3"":10,""4"":15,""5-10"":5,"">10"":2}","{""1"":70.88,""2"":148.56,""3"":175.57,""4"":174.13,""5-10"":269.85,"">10"":183.95}","{""<25k"":26,""25-45k"":44,""45-60k"":30,""60-75k"":24,""75-100k"":34,""100-150k"":39,"">150k"":70}","{""<25k"":92.67,""25-45k"":100.37,""45-60k"":89.16,""60-75k"":106.46,""75-100k"":101.34,""100-150k"":140.52,"">150k"":178.06}","{""Grayling, MT"":17,""Salt Lake City, UT"":13,""Bozeman, MT"":9,""Boise, ID"":7,""Folsom, CA"":6,""Pocatello, ID"":6,""Minorca, LA"":6,""Bloomington, IN"":5,""Island Park, ID"":5,""Rexburg, ID"":5,""Charleston, WV"":5,""Idaho Falls, ID"":5,""Lancaster, PA"":4,""Boulder, CO"":4,""Maple Grove, MN"":4,""Glenpool, OK"":4,""Tacoma, WA"":3,""Amalga, UT"":3,""Bountiful, UT"":3,""Shorewood, IL"":3,""Phoenix, AZ"":3,""Twin Falls, ID"":3,""Columbus, OH"":3,""Salem, OR"":3,""West Deptford, NJ"":3,""Bethesda, MD"":3,""Monell, WY"":2,""Lake Elsinore, CA"":2,""Holland, OH"":2,""West Jordan, UT"":2,""Echo, AL"":2,""Saint George, UT"":2,""South Jordan, UT"":2,""Corinth, TX"":2,""Driggs, ID"":2,""San Diego, CA"":2,""Goodyear, AZ"":2,""Huntsville, AL"":2,""Roy, UT"":2,""Fort Irwin, CA"":2,""Sandy, UT"":2,""Troy, MI"":2,""Green, OH"":2,""Bethel Park, PA"":2,""Ogden, KS"":2,""Fayetteville, AR"":2,""Cedar Rapids, IA"":2,""Pittsburgh, PA"":2,""Rochester, NY"":2,""Murfreesboro, TN"":2,""Limestone, OK"":2,""El Paso, TX"":2,""Wichita, KS"":2,""Ocala, FL"":2,""Providence, RI"":2,""Warren, OH"":2,""Blackfoot, ID"":2,""Montrose, CO"":2,""Mesa, AZ"":2,""Tempe, AZ"":2,""Carville, LA"":2,""Moab, UT"":2,""Clayton, DE"":2,""Gilbert, AZ"":2,""Houston, TX"":2,""Edmond, OK"":2,""Crouch, ID"":2,""Virginia Beach, VA"":2,""Big Sky, MT"":2,""Meridian, ID"":2,""Bonne Terre, MO"":2,""Cody, WY"":2,""Mount Dora, FL"":2,""Harrisville, UT"":2,""Fort Wayne, IN"":2,""Herndon, VA"":2,""Jerome, ID"":2,""Ogden, UT"":2,""West Chester, PA"":2,""Everett, WA"":2,""Sarasota, FL"":2,""Santa Rosa, CA"":2,""Peyton, CO"":2,""Grovetown, GA"":2,""Fredericksburg, VA"":2,""Largo, FL"":2,""Portsmouth, NH"":2,""Black Eagle, MT"":2,""Reston, VA"":2,""West Valley City, UT"":2,""Jacksonville, FL"":2,""Van Buren, MO"":2,""Tybee Island, GA"":2,""New York, NY"":2,""Seattle, WA"":2,""Frisco, CO"":2,""Monroe, LA"":2,""Queensbury, NY"":2,""Ammon, ID"":2,""La Vernia, TX"":2,""Silver Spring, MD"":2,""Phillipsburg, KS"":2,""Aiken, SC"":2,""Emigrant, MT"":2,""Glen Burnie, MD"":2,""Chester, NY"":2,""Colorado Springs, CO"":2,""Chubbuck, ID"":2,""Douglasville, GA"":2,""Acequia, ID"":2,""Shiremanstown, PA"":2,""Branch, MN"":2,""Draper, UT"":2,""Flower Mound, TX"":2,""Brownsville, PA"":2,""Erda, UT"":2,""San Antonio, TX"":2,""Lehi, UT"":2,""North Palm Beach, FL"":2,""Lexington, SC"":2,""Canyon Country, CA"":2,""Reno, NV"":2,""Gastonia, NC"":2,""George, WA"":2,""Deadwood, SD"":2,""Helena, MT"":2,""Bellevue, ID"":2,""Leesburg, VA"":2,""Eugene, OR"":2,""Salem, VA"":2,""Parker, ID"":2,""Miramar Beach, FL"":2,""Braddock, NJ"":2,""Carrollton, GA"":2,""Orem, UT"":2,""Bethany, IN"":2,""Ashton, ID"":2,""Wellesley, MA"":2,""Altair, TX"":2,""Kalamazoo, MI"":2,""Rivesville, WV"":2,""Groveport, OH"":2,""Ennis, MT"":2,""Eagle, ID"":2,""Herriman, UT"":2,""Weirton, WV"":2,""Bruce, MS"":2,""Bedford, NH"":2,""East Aurora, NY"":2,""Saint Johns, FL"":2,""Hooper, UT"":2,""Richmond, KY"":2,""Jackson, WY"":2,""Tumwater, WA"":2,""Logan, UT"":2,""Tokeland, WA"":2,""Wake Forest, NC"":2}","{""Walmart"":60,""McDonald's"":57,""Maverik"":38,""Shell Oil"":35,""Chevron"":31,""Exxon Mobil"":30,""Starbucks"":29,""Target"":29,""Costco"":28,""Wendy's"":25,""Taco Bell"":24,""ConocoPhillips"":23,""Chick-fil-A"":22,""Subway"":22,""Phillips 66"":21,""The Home Depot"":20,""Walgreens"":18,""Lowe's"":18,""Smith's Food & Drug Stores"":17,""Pilot Flying J"":16}","{""Amazon"":60,""Apple"":40,""Netflix"":30,""Spotify"":25,""Hulu"":19,""Amazon Digital Services"":19,""Verizon Wireless"":17,""AT&T"":16,""Amazon Marketplace"":16,""Comcast"":12,""Target"":11,""Sirius XM"":11,""Walmart"":11,""Etsy"":10,""Planet Fitness"":8,""Uber"":8,""Google"":7,""Maverik"":7,""Audible"":7,""Amazon Prime Video"":7}","{""McDonald's"":57,""Starbucks"":29,""Wendy's"":25,""Taco Bell"":24,""Chick-fil-A"":24,""Subway"":23,""Burger King"":15,""Dairy Queen"":12,""Panda Express"":11,""Dunkin'"":11,""Sonic"":10,""Domino's Pizza"":10,""Arby's"":10,""Jimmy John's"":9,""Chili's Grill & Bar"":8,""Chipotle Mexican Grill"":8,""Buffalo Wild Wings"":8,""Panera Bread"":8,""Papa John's"":8,""Little Caesars"":7}","{""McDonald's"":19,""Exxon Mobil"":9,""Phillips 66"":8,""Haagen Dazs"":6,""Chevron"":4,""Subway"":3,""NAPA Auto Parts"":2,""ConocoPhillips"":2,""CENEX"":2,""United States Postal Service (USPS)"":1,""Avis Rent A Car"":1,""Days Inn"":1,""Budget Rent A Car"":1}","{""Verizon Wireless"":28,""AT&T"":18,""T-Mobile"":10,""Cricket Wireless"":2,""Straight Talk"":2,""Sprint"":2,""MetroPCS"":1,""Google Fi"":1,""Disney Mobile"":1,""U.S. Cellular"":1}","{""Netflix"":30,""Hulu"":19,""Disney Plus"":11,""Amazon Prime Video"":7,""Dish Network"":4,""YouTube TV"":3,""Youtube"":3,""Peacock"":3,""Youtube Premium"":2,""Roku"":2,""HBO Max"":2,""Fubo"":2,""Amazon Prime"":2,""Sling TV"":2,""Starz"":2,""Redbox"":1,""Time Warner Cable"":1,""Funimation"":1,""DirecTV"":1}","{""Uber Eats"":4,""Dashpass"":3,""DoorDash"":3,""Instacart"":2,""HelloFresh"":1,""Postmates"":1,""Go Puff"":1,""Shipt"":1}","{""Uber"":8,""Lyft"":4}","{""Affirm.com"":5,""Afterpay"":3,""Klarna"":3}","{""Apple Card"":3,""PayPal"":3,""Apple Cash"":3,""Venmo"":1}"
178293,22c-222@5wg-hzm-9vf,,,2022-07-01,2022-08-01,145.44,9,5,15.46,30.92,"{""25"":15.39,""75"":17.69}","[0.00,0.00,0.00,0.00,37.88,0.00,0.00,0.00,0.00,0.00,0.00,0.00,30.78,0.00,0.00,0.00,0.00,0.00,0.00,12.98,30.92,0.00,0.00,0.00,0.00,32.88,0.00,0.00,0.00,0.00,0.00]","[null,null,null,null,18.94,null,null,null,null,null,null,null,15.39,null,null,null,null,null,null,12.98,15.46,null,null,null,null,16.44,null,null,null,null,null]","{""Monday"":0.00,""Tuesday"":70.76,""Wednesday"":43.76,""Thursday"":30.92,""Friday"":0.00,""Saturday"":0.00,""Sunday"":0.00}","{""Wednesday"":4,""Monday"":4,""Saturday"":5,""Thursday"":4,""Tuesday"":4,""Friday"":5,""Sunday"":5}",,,0,0.0,"{""Square"":9}","{""Square"":145.44}","{""1"":1,""2"":4,""3"":0,""4"":0,""5-10"":0,"">10"":0}","{""1"":12.98,""2"":33.12,""3"":null,""4"":null,""5-10"":null,"">10"":null}","{""<25k"":2,""25-45k"":3,""45-60k"":2,"">150k"":2}","{""<25k"":30.78,""25-45k"":12.98,""45-60k"":31.90,"">150k"":37.88}","{""Satellite Beach, FL"":2,""Moran, WY"":2,""West Palm Beach, FL"":2,""Bier, MD"":2,""Early, IA"":2}","{""McDonald's"":60,""Walmart"":40,""Taco Bell"":40,""T.J. Maxx"":40,""Dairy Queen"":40,""Publix Super Markets"":40,""Exxon Mobil"":40,""Little Caesars"":20,""Martin's Foods"":20,""ULTA Beauty"":20,""BP"":20,""PDQ"":20,""The Cheesecake Factory"":20,""Albertsons"":20,""Kroger"":20,""KFC"":20,""PetSmart"":20,""Starbucks"":20,""Kroger Fuel Center"":20,""Wendy's"":20}","{""Amazon"":80,""Apple"":40,""Lyft"":20,""Target"":20,""Planet Fitness"":20,""HBO Max"":20,""Goodwill"":20,""Poshmark"":20,""Amazon Digital Services"":20,""Spectrum"":20,""Comcast"":20,""Amazon Prime Video"":20}","{""McDonald's"":60,""Taco Bell"":40,""Dairy Queen"":40,""Little Caesars"":20,""PDQ"":20,""The Cheesecake Factory"":20,""KFC"":20,""Starbucks"":20,""Wendy's"":20,""Chick-fil-A"":20,""Haagen Dazs"":20,""Burger King"":20,""Bojangles'"":20,""In-N-Out Burger"":20,""Subway"":20,""Dunkin'"":20,""Arby's"":20}","{""McDonald's"":20}",{},"{""Amazon Prime Video"":20,""HBO Max"":20}",{},"{""Lyft"":20}",{},{}
178298,222-223@5wg-jfw-s5z,,,2022-07-01,2022-08-01,954.21,9,5,22.75,45.5,"{""25"":8.50,""75"":200.14}","[0.00,0.00,0.00,0.00,0.00,0.00,462.68,0.00,0.00,0.00,0.00,0.00,0.00,0.00,0.00,0.00,28.75,0.00,0.00,0.00,62.50,400.28,0.00,0.00,0.00,0.00,0.00,0.00,0.00,0.00,0.00]","[null,null,null,null,null,null,462.68,null,null,null,null,null,null,null,null,null,14.38,null,null,null,15.63,200.14,null,null,null,null,null,null,null,null,null]","{""Monday"":0.00,""Tuesday"":0.00,""Wednesday"":0.00,""Thursday"":525.18,""Friday"":400.28,""Saturday"":0.00,""Sunday"":28.75}","{""Wednesday"":4,""Monday"":4,""Saturday"":5,""Thursday"":4,""Tuesday"":4,""Friday"":5,""Sunday"":5}",387.0,182.0,0,0.0,"{""No intermediary"":9}","{""No intermediary"":954.21}","{""1"":1,""2"":4,""3"":0,""4"":0,""5-10"":0,"">10"":0}","{""1"":462.68,""2"":122.88,""3"":null,""4"":null,""5-10"":null,"">10"":null}","{""25-45k"":2,""75-100k"":2,""100-150k"":2}","{""25-45k"":45.50,""75-100k"":400.28,""100-150k"":245.72}","{""Buena Park, CA"":3,""Vancouver, WA"":2,""Carrolls, WA"":2,""Ankeny, IA"":2}","{""Walmart"":100,""Chevron"":60,""Safeway"":60,""Costco"":60,""Microsoft Store"":60,""Casey's General Stores"":40,""Taco Bell"":40,""WinCo Foods"":40,""Ace Hardware"":40,""Love's Travel Stops and Country Stores"":40,""Maverik"":40,""Walgreens"":40,""CENEX"":40,""Kum & Go"":40,""McDonald's"":40,""Shell Oil"":40,""IHOP"":20,""Big D"":20,""Brooklyn Fare"":20,""Target"":20}","{""Comcast"":60,""Amazon"":40,""The Home Depot"":40,""Apple"":40,""Amazon Digital Services"":40,""Lyft"":20,""Verizon Wireless"":20,""Chevron"":20,""Uber"":20,""Adobe Systems"":20,""PetSmart"":20,""Dish Network"":20,""Netflix"":20,""Facebook"":20,""Dashpass"":20,""Windstream Holdings"":20,""Hulu"":20,""OnStar"":20,""Spotify"":20,""Amazon Prime"":20}",{},{},"{""AT&T"":20,""Verizon Wireless"":20}","{""Amazon Prime"":20,""Hulu"":20,""Netflix"":20,""Dish Network"":20}","{""Dashpass"":20}","{""Lyft"":20,""Uber"":20}",{},{}
178332,222-222@5wg-hzf-hqz,SG_BRAND_33fdab5dc995faeef38615470f3999f7,Budget Rent A Car,2022-07-01,2022-08-01,3214.47,5,5,193.63,193.63,"{""25"":43.75,""75"":1466.67}","[0.00,193.63,0.00,0.00,0.00,2297.86,0.00,0.00,0.00,0.00,0.00,0.00,0.00,0.00,13.41,0.00,0.00,0.00,0.00,0.00,0.00,0.00,0.00,0.00,635.47,0.00,74.10,0.00,0.00,0.00,0.00]","[null,193.63,null,null,null,2297.86,null,null,null,null,null,null,null,null,13.41,null,null,null,null,null,null,null,null,null,635.47,null,74.10,null,null,null,null]","{""Monday"":635.47,""Tuesday"":0.00,""Wednesday"":2371.96,""Thursday"":0.00,""Friday"":13.41,""Saturday"":193.63,""Sunday"":0.00}","{""Wednesday"":4,""Monday"":4,""Saturday"":5,""Thursday"":4,""Tuesday"":4,""Friday"":5,""Sunday"":5}",46.0,34.0,1,193.63,"{""No intermediary"":5}","{""No intermediary"":3214.47}","{""1"":5,""2"":0,""3"":0,""4"":0,""5-10"":0,"">10"":0}","{""1"":642.89,""2"":null,""3"":null,""4"":null,""5-10"":null,"">10"":null}","{""<25k"":2,""100-150k"":2,"">150k"":2}","{""<25k"":13.41,""100-150k"":74.10,"">150k"":1042.32}","{""Peoria, AZ"":4,""Salem, OR"":2,""Kahului, HI"":2,""Hershey, PA"":2}","{""Love's Travel Stops and Country Stores"":80,""Dick's Sporting Goods"":60,""Pilot Flying J"":60,""McDonald's"":60,""Shell Oil"":60,""Sonic"":40,""Walmart"":40,""Chili's Grill & Bar"":40,""Chevron"":40,""Freddy's Frozen Custard"":40,""Taco Bell"":40,""GameStop"":40,""Starbucks"":40,""Wendy's"":40,""Ace Hardware"":40,""Circle K"":40,""Smith's Food & Drug Stores"":40,""Maverik"":40,""O'Reilly Auto Parts"":40,""Chick-fil-A"":40}","{""Amazon"":60,""Apple"":60,""Chipotle Mexican Grill"":40,""Amazon Digital Services"":40,""Amazon Marketplace"":40,""Etsy"":20,""Bank of America Merchant Services"":20,""Dollar Shave Club"":20,""Target"":20,""Verizon Wireless"":20,""Steam"":20,""Roku"":20,""Uber"":20,""DoorDash"":20,""Ipsy"":20,""Nintendo"":20,""Shein"":20,""Taco Bell"":20,""Adobe Systems"":20,""Cricut"":20}","{""Dollar Rent A Car"":20,""Avis Rent A Car"":20}","{""Exxon Mobil"":20,""McDonald's"":20,""Haagen Dazs"":20}","{""Verizon Wireless"":40,""AT&T"":20}","{""Roku"":20,""Disney Plus"":20,""Netflix"":20}","{""Uber Eats"":20,""DoorDash"":20}","{""Uber"":20}",{},{}
178534,223-222@5wg-hzn-y9z,SG_BRAND_73ec7f2366612562515e7201b08b9d0b,Phillips 66,2022-07-01,2022-08-01,11633.22,349,225,27.6,39.73,"{""25"":8.36,""75"":52.74}","[250.11,246.98,419.24,409.69,448.45,307.20,359.20,526.66,542.71,290.14,258.85,547.30,343.38,281.74,377.85,156.86,226.96,528.80,712.12,560.56,291.26,557.14,250.27,264.49,211.26,449.92,826.58,262.35,73.85,404.63,246.67]","[49.44,37.51,14.54,24.90,11.97,22.64,20.57,30.64,40.70,29.08,44.52,19.25,19.73,19.25,44.11,16.92,18.71,33.60,30.14,41.65,22.22,31.26,19.96,22.17,13.28,34.19,30.06,22.39,12.88,32.21,19.83]","{""Monday"":1408.60,""Tuesday"":2157.79,""Wednesday"":2037.72,""Thursday"":1194.55,""Friday"":1785.61,""Saturday"":1601.45,""Sunday"":1447.50}","{""Wednesday"":4,""Monday"":4,""Saturday"":5,""Thursday"":4,""Tuesday"":4,""Friday"":5,""Sunday"":5}",68.0,23.0,61,2193.98,"{""No intermediary"":349}","{""No intermediary"":11633.22}","{""1"":165,""2"":35,""3"":11,""4"":7,""5-10"":7,"">10"":0}","{""1"":36.45,""2"":59.68,""3"":93.82,""4"":114.00,""5-10"":242.90,"">10"":null}","{""<25k"":22,""25-45k"":27,""45-60k"":20,""60-75k"":12,""75-100k"":28,""100-150k"":38,"">150k"":70}","{""<25k"":37.27,""25-45k"":55.96,""45-60k"":36.26,""60-75k"":33.44,""75-100k"":64.76,""100-150k"":47.15,"">150k"":60.07}","{""Salt Lake City, UT"":15,""Grayling, MT"":10,""Layton, UT"":7,""Lechee, AZ"":5,""Cedar City, UT"":5,""West Valley, UT"":5,""Idaho Falls, ID"":5,""Framingham, MA"":4,""Blackfoot, ID"":4,""Queen Creek, AZ"":4,""Billings, MT"":4,""Island Park, ID"":3,""Tucson, AZ"":3,""Sandy, UT"":3,""Tyler, TX"":3,""Boulder City, NV"":3,""Mesa, AZ"":3,""Virginia Beach, VA"":3,""Fairborn, OH"":3,""Pocatello, ID"":3,""Estes Park, CO"":3,""Lehi, UT"":3,""Charleston, NV"":3,""Estero, FL"":3,""Henderson, NV"":3,""Cullman, AL"":3,""Tremonton, UT"":2,""Saint George, UT"":2,""Mount Vernon, WA"":2,""Schertz, TX"":2,""South Jordan, UT"":2,""Carlisle, PA"":2,""Lancaster, PA"":2,""Driggs, ID"":2,""San Diego, CA"":2,""Syracuse, UT"":2,""Hamorton, PA"":2,""Roy, UT"":2,""Troy, MI"":2,""Washington, RI"":2,""Doral, FL"":2,""North Salt Lake, UT"":2,""Limestone, OK"":2,""Vernal, UT"":2,""Morgan, UT"":2,""Puyallup, WA"":2,""Annabella, UT"":2,""Monroe, UT"":2,""Oakdale, MN"":2,""Chapel Hill, NC"":2,""Hall, KY"":2,""Roanoke, TX"":2,""Clarendon, AR"":2,""Gilbert, AZ"":2,""Houston, TX"":2,""Benjamin, UT"":2,""Charlotte, NC"":2,""Big Sky, MT"":2,""Provo, UT"":2,""Pleasant Grove, UT"":2,""Cottonwood Heights, UT"":2,""Folsom, CA"":2,""Highland, UT"":2,""Mount Dora, FL"":2,""Louisville, KY"":2,""Brockport, NY"":2,""Ogden, UT"":2,""Winston Salem, NC"":2,""Clearfield, UT"":2,""Midlothian, VA"":2,""Chanute, KS"":2,""Littleton, CO"":2,""Portland, ND"":2,""Edler, CO"":2,""East Helena, MT"":2,""Portland, OR"":2,""Banida, ID"":2,""Twin Falls, ID"":2,""Great Falls, MT"":2,""Broomfield, CO"":2,""Black Eagle, MT"":2,""West Valley City, UT"":2,""Saint Louis, MO"":2,""Canandaigua, NY"":2,""Las Vegas, NV"":2,""Cocoa Beach, FL"":2,""Seattle, WA"":2,""Boise, ID"":2,""Corpus Christi, TX"":2,""Fort Huachuca, AZ"":2,""Ammon, ID"":2,""Hockessin, DE"":2,""Russellville, AR"":2,""Orderville, UT"":2,""San Mateo, CA"":2,""Bloomington, IL"":2,""Chubbuck, ID"":2,""Burmester, UT"":2,""Francis, UT"":2,""Philadelphia, PA"":2,""Farmington, UT"":2,""Bellevue, WA"":2,""Branch, MN"":2,""New Castle, PA"":2,""Flower Mound, TX"":2,""Chugwater, WY"":2,""Berkeley, CA"":2,""Rexburg, ID"":2,""Cleveland, OH"":2,""Bozeman, MT"":2,""Kennewick, WA"":2,""Branson, MO"":2,""Gastonia, NC"":2,""Eugene, OR"":2,""Parker, ID"":2,""Greer, SC"":2,""Escalante, UT"":2,""Orem, UT"":2,""Vancouver, WA"":2,""Ashton, ID"":2,""Atlanta, GA"":2,""Herriman, UT"":2,""Hooper, UT"":2,""Auburn, AL"":2,""Mount Pleasant, UT"":2,""Tuscaloosa, AL"":2,""Austin, TX"":2,""Yulee, FL"":2,""Albuquerque, NM"":2,""Burnt Hills, NY"":2,""Glenpool, OK"":2,""Eastlake, OH"":2,""Wake Forest, NC"":2}","{""Walmart"":72,""McDonald's"":55,""Maverik"":53,""Chevron"":46,""Exxon Mobil"":38,""Costco"":36,""ConocoPhillips"":30,""Shell Oil"":29,""Target"":28,""Wendy's"":28,""Subway"":28,""Chick-fil-A"":24,""Taco Bell"":24,""Lowe's"":20,""Smith's Food & Drug Stores"":20,""Walgreens"":20,""Pilot Flying J"":20,""The Home Depot"":19,""7-Eleven"":18,""Love's Travel Stops and Country Stores"":18}","{""Amazon"":67,""Apple"":37,""Netflix"":26,""Walmart"":18,""Spotify"":18,""Hulu"":18,""Maverik"":16,""Amazon Digital Services"":16,""Comcast"":15,""Google"":14,""AT&T"":13,""Sirius XM"":13,""Amazon Marketplace"":12,""Target"":12,""Verizon Wireless"":12,""Phillips 66"":12,""ExxonMobil"":10,""Costa Vida"":10,""Amazon Prime Video"":8,""Panda Express"":8}","{""Chevron"":48,""Exxon Mobil"":44,""ConocoPhillips"":34,""Shell Oil"":29,""Pilot Flying J"":20,""Love's Travel Stops and Country Stores"":18,""Speedway"":10,""QuikTrip"":8,""Stinker Stores"":7,""Holiday Station"":6,""Holiday Oil"":5,""Marathon"":5,""Texaco"":4,""BP"":4,""Good 2 Go Stores"":4,""Loaf 'N Jug"":4,""Murphy USA"":4,""Sheetz"":4,""ARCO"":4,""Kum & Go"":3}","{""McDonald's"":18,""Exxon Mobil"":10,""Subway"":5,""Haagen Dazs"":4,""Chevron"":4,""NAPA Auto Parts"":4,""ConocoPhillips"":4,""Avis Rent A Car"":1,""CENEX"":1,""United States Postal Service (USPS)"":1}","{""Verizon Wireless"":23,""AT&T"":16,""T-Mobile"":10,""Straight Talk"":3,""Sprint"":2,""Disney Mobile"":1,""Google Fi"":1,""MetroPCS"":1,""U.S. Cellular"":1,""TracFone Wireless"":1}","{""Netflix"":26,""Hulu"":18,""Disney Plus"":8,""Amazon Prime Video"":8,""Redbox"":4,""Dish Network"":4,""YouTube TV"":3,""Peacock"":3,""Youtube"":3,""Sling TV"":1,""HBO Max"":1,""Time Warner Cable"":1,""Amazon Prime"":1,""Youtube Premium"":1,""Fubo"":1,""Funimation"":1,""Vudu"":1,""Crunchyroll"":1,""Starz"":1}","{""Uber Eats"":6,""Dashpass"":4,""DoorDash"":3,""Instacart"":2,""HelloFresh"":1,""Postmates"":1}","{""Uber"":7,""Lyft"":5}","{""Afterpay"":6,""Klarna"":4,""Affirm.com"":3,""Sezzle"":1}","{""Apple Card"":3,""Apple Cash"":2,""PayPal"":2,""Venmo"":1}"
178722,zzy-227@5wg-hzm-9pv,SG_BRAND_cec86c6d3aff8dec59ed81b51073cd5e,Haagen Dazs,2022-07-01,2022-08-01,5304.34,274,257,16.79,17.34,"{""25"":9.29,""75"":24.81}","[106.66,20.27,158.18,95.84,397.23,427.51,64.36,143.40,134.32,202.28,138.16,164.15,185.60,139.77,132.76,19.28,9.20,190.55,164.60,178.97,292.55,207.96,181.39,74.35,242.93,28.85,194.82,166.08,168.35,152.21,521.76]","[17.39,10.14,19.28,14.88,18.13,17.19,27.00,11.30,18.75,29.14,10.14,17.39,17.19,20.52,12.42,19.28,9.20,14.98,12.29,10.14,24.10,10.14,19.57,14.42,12.42,8.48,11.14,13.02,12.14,19.91,24.60]","{""Monday"":667.48,""Tuesday"":754.83,""Wednesday"":986.90,""Thursday"":662.76,""Friday"":759.13,""Saturday"":507.47,""Sunday"":965.77}","{""Wednesday"":4,""Monday"":4,""Saturday"":5,""Thursday"":4,""Tuesday"":4,""Friday"":5,""Sunday"":5}",58.0,-20.0,26,426.73,"{""No intermediary"":274}","{""No intermediary"":5304.34}","{""1"":243,""2"":12,""3"":1,""4"":1,""5-10"":0,"">10"":0}","{""1"":20.06,""2"":28.60,""3"":50.77,""4"":35.36,""5-10"":null,"">10"":null}","{""<25k"":32,""25-45k"":28,""45-60k"":19,""60-75k"":21,""75-100k"":26,""100-150k"":30,"">150k"":88}","{""<25k"":17.10,""25-45k"":15.81,""45-60k"":22.57,""60-75k"":21.82,""75-100k"":22.44,""100-150k"":19.31,"">150k"":23.14}","{""Salt Lake City, UT"":16,""Idaho Falls, ID"":9,""Meridian, ID"":7,""Boise, ID"":5,""San Dimas, CA"":5,""Wake Forest, NC"":5,""Driggs, ID"":4,""Monroe, OH"":4,""Pittsburgh, PA"":4,""Pocatello, ID"":4,""East Lansing, MI"":4,""Bozeman, MT"":4,""Renton, WA"":3,""West Jordan, UT"":3,""Saint George, UT"":3,""South Jordan, UT"":3,""League City, TX"":3,""Quinton, VA"":3,""Centennial, CO"":3,""Edmond, OK"":3,""Buford, GA"":3,""Avon, IN"":3,""Buffalo, NY"":3,""Lake, WY"":3,""Ammon, ID"":3,""Alpharetta, GA"":3,""Grand Junction, CO"":3,""Chubbuck, ID"":3,""Erda, UT"":3,""Nampa, ID"":3,""Whippany, NJ"":3,""Tremonton, UT"":2,""Tacoma, WA"":2,""Saint Paul, MN"":2,""La Mirada, CA"":2,""Armona, CA"":2,""West Bountiful, UT"":2,""Schertz, TX"":2,""Collierville, TN"":2,""Amalga, UT"":2,""Grayling, MT"":2,""San Diego, CA"":2,""Fort Mill, SC"":2,""Bountiful, UT"":2,""Brigham City, UT"":2,""Syracuse, UT"":2,""Port Orchard, WA"":2,""Roy, UT"":2,""Sandy, UT"":2,""Vienna, VA"":2,""Taylorsville, UT"":2,""Liberty Lake, WA"":2,""Grant, MN"":2,""Kenosha, WI"":2,""Limestone, OK"":2,""San Francisco, CA"":2,""Annex, OR"":2,""Hardeeville, SC"":2,""Puyallup, WA"":2,""Annapolis, MD"":2,""Glencoe, CA"":2,""Truckee, CA"":2,""Windsor, CO"":2,""Clearwater, FL"":2,""Mesa, AZ"":2,""Springfield, PA"":2,""Hardin, MT"":2,""Huntington Beach, CA"":2,""Queen Creek, AZ"":2,""Ajo, AZ"":2,""Level, MD"":2,""Baltimore, MD"":2,""Phoenix, AZ"":2,""Provo, UT"":2,""Pleasant Grove, UT"":2,""South Salt Lake, UT"":2,""South Ogden, UT"":2,""Highland, UT"":2,""Louisville, KY"":2,""Fort Wayne, IN"":2,""Ogden, UT"":2,""Lester, WA"":2,""Kahului, HI"":2,""Hurricane, UT"":2,""Sebring, FL"":2,""Burbank, CA"":2,""Clearfield, UT"":2,""Snohomish, WA"":2,""Wixom, MI"":2,""Lolo, MT"":2,""Twin Falls, ID"":2,""Denver, CO"":2,""Munising, MI"":2,""Black Eagle, MT"":2,""Haleiwa, HI"":2,""Cocoa Beach, FL"":2,""Seattle, WA"":2,""Hemet, CA"":2,""Honolulu, HI"":2,""Cedar City, UT"":2,""Fayetteville, NC"":2,""Muskego, WI"":2,""Brandywine, MD"":2,""Riverton, UT"":2,""Newport Beach, CA"":2,""Midvale, UT"":2,""Lexington, KY"":2,""Bakersfield, CA"":2,""Philadelphia, PA"":2,""Nunica, MI"":2,""Draper, UT"":2,""Chugwater, WY"":2,""Naples, FL"":2,""Avon Lake, OH"":2,""Rexburg, ID"":2,""Layton, UT"":2,""Ashburn, VA"":2,""Lehi, UT"":2,""Kalispell, MT"":2,""Charleston, UT"":2,""Deadwood, SD"":2,""Helena, MT"":2,""Parker, ID"":2,""Saratoga Springs, UT"":2,""Clemson, SC"":2,""Orem, UT"":2,""Groveport, OH"":2,""Eagle, ID"":2,""Lexington Park, MD"":2,""Beaverton, OR"":2,""Elk Grove, CA"":2,""Daniels, ID"":2,""Lambertville, MI"":2,""Mount Pleasant, UT"":2,""Star, ID"":2,""Milwaukee, WI"":2,""Logan, UT"":2,""Myton, UT"":2,""Bonneauville, PA"":2}","{""Walmart"":64,""McDonald's"":62,""Maverik"":51,""Chevron"":49,""Target"":46,""Costco"":41,""Shell Oil"":34,""Starbucks"":32,""Chick-fil-A"":30,""Exxon Mobil"":30,""Walgreens"":29,""The Home Depot"":26,""Wendy's"":26,""Subway"":26,""Albertsons"":22,""ConocoPhillips"":21,""Lowe's"":20,""Smith's Food & Drug Stores"":20,""WinCo Foods"":20,""Love's Travel Stops and Country Stores"":19}","{""Amazon"":57,""Apple"":45,""Netflix"":30,""Spotify"":25,""Hulu"":19,""Amazon Digital Services"":18,""Amazon Marketplace"":18,""Maverik"":13,""Walmart"":11,""AT&T"":11,""Comcast"":11,""Audible"":11,""Target"":11,""Costa Vida"":9,""Verizon Wireless"":9,""Planet Fitness"":9,""Amazon Prime Video"":9,""Etsy"":8,""Sirius XM"":8,""McDonald's"":8}","{""McDonald's"":63,""Chick-fil-A"":34,""Starbucks"":33,""Subway"":28,""Wendy's"":28,""Taco Bell"":21,""Burger King"":20,""Panda Express"":18,""Arby's"":16,""Dairy Queen"":16,""Chipotle Mexican Grill"":15,""Jimmy John's"":14,""In-N-Out Burger"":13,""Little Caesars"":12,""Domino's Pizza"":11,""Sonic"":11,""Jack in the Box"":11,""Texas Roadhouse"":10,""KFC"":9,""Panera Bread"":9}","{""McDonald's"":16,""Chevron"":5,""Exxon Mobil"":4,""Phillips 66"":4,""Subway"":3,""ConocoPhillips"":2,""NAPA Auto Parts"":2,""CENEX"":2,""Days Inn"":1,""United States Postal Service (USPS)"":1,""Budget Rent A Car"":1}","{""Verizon Wireless"":21,""AT&T"":14,""T-Mobile"":11,""Straight Talk"":2,""Sprint"":2,""Cricket Wireless"":1,""Disney Mobile"":1,""MetroPCS"":1}","{""Netflix"":30,""Hulu"":19,""Disney Plus"":11,""Amazon Prime Video"":9,""Redbox"":7,""Dish Network"":4,""YouTube TV"":4,""Youtube"":3,""Peacock"":2,""Sling TV"":2,""Roku"":2,""HBO Max"":2,""Funimation"":2,""Amazon Prime"":2,""Vudu"":1,""Youtube Premium"":1,""Fubo"":1,""Starz"":1}","{""Uber Eats"":6,""Dashpass"":6,""DoorDash"":3,""Instacart"":3,""HelloFresh"":2,""Grubhub"":1,""Shipt"":1,""Go Puff"":1}","{""Uber"":5,""Lyft"":3}","{""Afterpay"":4,""Affirm.com"":4,""Klarna"":2,""Zip Company"":1,""Acima Credit"":1}","{""Apple Cash"":4,""Apple Card"":4,""Venmo"":3,""PayPal"":2}"
